-0.022493,-0.000765,0.784626,0.004161,-0.022527,0.012890,0.999654,0.067686,0.036163,0.097681,0.135098,-0.149179,-0.062673,0.108048,-0.002365,-0.155457,0.124168,-0.197047,0.026657,0.141983,0.083488,0.140200,-0.006414,0.191519,-0.639204,1.087299,-0.111057,0.145454,0.079692,-0.068545,-0.198564,0.538352,1.211270,-0.254641,0.068901,-0.040836
-0.022970,-0.000950,0.784529,0.004378,-0.025178,0.012378,0.999597,0.072307,0.036343,0.098439,0.137224,-0.150172,-0.061878,0.112324,-0.002477,-0.154469,0.126297,-0.198509,0.025863,0.142266,0.083593,0.142116,-0.003634,0.193646,-0.635601,1.083979,-0.119219,0.147041,0.082369,-0.069224,-0.199920,0.544941,1.207636,-0.249260,0.069409,-0.042534
-0.023621,-0.001185,0.784562,0.004531,-0.027282,0.011296,0.999554,0.076625,0.036753,0.100823,0.137315,-0.150557,-0.062620,0.115441,-0.002291,-0.152570,0.127187,-0.198419,0.026150,0.143074,0.083512,0.143254,-0.001358,0.195040,-0.632366,1.081603,-0.121310,0.146733,0.082222,-0.070288,-0.201281,0.549047,1.203357,-0.244774,0.068737,-0.038271
-0.024296,-0.001509,0.784631,0.004423,-0.028192,0.010351,0.999539,0.077940,0.037785,0.102371,0.137451,-0.149638,-0.063647,0.115713,-0.001351,-0.150630,0.127896,-0.197383,0.025424,0.144123,0.083428,0.142496,0.000365,0.195981,-0.630902,1.080362,-0.122071,0.145645,0.081672,-0.070907,-0.202455,0.555620,1.199907,-0.242154,0.068935,-0.037999
-0.025209,-0.001775,0.784633,0.004593,-0.028973,0.010044,0.999519,0.078049,0.037943,0.102630,0.138457,-0.148818,-0.062991,0.115656,-0.001384,-0.150442,0.128774,-0.196817,0.024810,0.143539,0.082191,0.142840,0.000800,0.196688,-0.630428,1.080455,-0.124347,0.145283,0.081686,-0.071726,-0.203409,0.557490,1.196620,-0.241513,0.067619,-0.034020
-0.026219,-0.002099,0.784804,0.004656,-0.028857,0.009815,0.999525,0.076395,0.038355,0.103477,0.138175,-0.147611,-0.062981,0.113866,-0.000960,-0.149787,0.128409,-0.195133,0.024848,0.143256,0.080888,0.142633,0.000775,0.197265,-0.629654,1.080936,-0.128547,0.144485,0.082276,-0.071986,-0.204060,0.553720,1.193348,-0.239770,0.068258,-0.030350
-0.027223,-0.002389,0.784910,0.004676,-0.028098,0.009405,0.999550,0.073769,0.038718,0.103470,0.136875,-0.144651,-0.064610,0.110391,-0.000557,-0.148930,0.128244,-0.192911,0.024183,0.143813,0.079657,0.141728,0.000424,0.197625,-0.630124,1.082449,-0.126836,0.144819,0.081384,-0.072020,-0.204376,0.551212,1.193070,-0.238647,0.066751,-0.030411
-0.028490,-0.002827,0.785025,0.004589,-0.027669,0.009913,0.999557,0.070734,0.039421,0.102555,0.136630,-0.142898,-0.065203,0.107800,0.000196,-0.149760,0.127887,-0.191257,0.023059,0.143634,0.078345,0.142316,-0.001061,0.197869,-0.628422,1.084687,-0.133176,0.146491,0.082169,-0.072190,-0.204482,0.550359,1.193266,-0.236665,0.067379,-0.030799
-0.029627,-0.003222,0.785281,0.004779,-0.026871,0.010255,0.999575,0.067099,0.039421,0.102042,0.136364,-0.140667,-0.064868,0.104589,0.000254,-0.150224,0.127119,-0.188843,0.023151,0.143215,0.076702,0.141860,-0.001667,0.198276,-0.626952,1.087173,-0.135784,0.145228,0.081040,-0.072442,-0.204322,0.547886,1.196124,-0.238165,0.067439,-0.027622
-0.030788,-0.003440,0.785362,0.004791,-0.026571,0.010884,0.999576,0.064045,0.039482,0.100492,0.136932,-0.138396,-0.064506,0.102280,0.000349,-0.151107,0.127047,-0.186904,0.022587,0.142892,0.075930,0.142015,-0.001407,0.198899,-0.624271,1.086911,-0.134834,0.146312,0.079849,-0.071995,-0.204146,0.545320,1.197873,-0.238861,0.068624,-0.028569
-0.031733,-0.003607,0.785486,0.004702,-0.026706,0.011138,0.999570,0.063127,0.039800,0.100643,0.136083,-0.136855,-0.065698,0.101417,0.000768,-0.151896,0.126430,-0.185446,0.022361,0.142953,0.075897,0.142081,-0.000345,0.199623,-0.620339,1.085154,-0.134715,0.145611,0.080120,-0.070069,-0.204053,0.539223,1.198745,-0.238010,0.068777,-0.030772
-0.032515,-0.003586,0.785564,0.004792,-0.027839,0.011427,0.999536,0.063383,0.039548,0.100310,0.138468,-0.137096,-0.063674,0.102507,0.000408,-0.151879,0.127470,-0.185387,0.022605,0.143162,0.076353,0.142839,0.000687,0.200203,-0.619171,1.082443,-0.133350,0.143851,0.080419,-0.067606,-0.204318,0.537806,1.198323,-0.234903,0.068789,-0.034715
-0.032927,-0.003274,0.785456,0.004628,-0.030417,0.011193,0.999464,0.067807,0.039800,0.100916,0.140696,-0.138714,-0.063194,0.107026,0.000330,-0.151735,0.129159,-0.186909,0.022706,0.142922,0.078341,0.145584,0.002800,0.200472,-0.617699,1.078043,-0.129572,0.144410,0.080361,-0.064734,-0.204881,0.534327,1.196383,-0.239633,0.069721,-0.032440
-0.033032,-0.002916,0.785317,0.004806,-0.033727,0.011523,0.999353,0.074052,0.038793,0.100866,0.143074,-0.141473,-0.062141,0.113528,-0.000863,-0.152240,0.131633,-0.189773,0.023076,0.142470,0.080292,0.149642,0.004884,0.200540,-0.617410,1.072404,-0.124475,0.144613,0.081500,-0.059498,-0.206055,0.530384,1.192500,-0.241286,0.069992,-0.035387
-0.032962,-0.002386,0.785029,0.004853,-0.037427,0.012217,0.999213,0.081016,0.037908,0.099381,0.146236,-0.143416,-0.061648,0.121237,-0.002019,-0.153320,0.134369,-0.192684,0.023457,0.141576,0.083146,0.154999,0.005072,0.200109,-0.622694,1.068772,-0.121719,0.146327,0.083085,-0.052130,-0.208096,0.520929,1.186123,-0.246243,0.070561,-0.037314
-0.032755,-0.001850,0.784740,0.005047,-0.041651,0.013601,0.999027,0.089339,0.036451,0.097083,0.148875,-0.147475,-0.061115,0.130714,-0.003631,-0.155954,0.137060,-0.196858,0.023854,0.138732,0.085667,0.161745,0.005088,0.199211,-0.625821,1.066938,-0.119525,0.145123,0.082444,-0.046696,-0.208635,0.513476,1.183503,-0.246531,0.071865,-0.042881
-0.032366,-0.001083,0.784507,0.005248,-0.044550,0.014466,0.998889,0.094964,0.034708,0.095524,0.151780,-0.150325,-0.059528,0.137208,-0.005520,-0.157305,0.139648,-0.199860,0.025082,0.137489,0.087482,0.165214,0.003628,0.197077,-0.628823,1.067647,-0.116139,0.146606,0.080253,-0.040770,-0.207910,0.504227,1.184350,-0.247737,0.073535,-0.048675
-0.031636,-0.000155,0.784175,0.005189,-0.047329,0.014970,0.998754,0.101961,0.033418,0.094733,0.152583,-0.152998,-0.060633,0.143930,-0.007013,-0.158299,0.142010,-0.203369,0.025573,0.138152,0.089380,0.167296,-0.000213,0.193651,-0.633264,1.070832,-0.110221,0.150272,0.079530,-0.035834,-0.206167,0.490724,1.190120,-0.246755,0.074930,-0.046695
-0.030959,0.000990,0.783843,0.005010,-0.050141,0.014814,0.998620,0.109346,0.032401,0.095124,0.153545,-0.157087,-0.060450,0.150883,-0.008274,-0.157949,0.143644,-0.206570,0.027395,0.139621,0.091304,0.169500,-0.003719,0.190002,-0.635454,1.075148,-0.105475,0.151372,0.079969,-0.032108,-0.204311,0.477047,1.196667,-0.244391,0.077431,-0.044636
-0.030144,0.002132,0.783578,0.004811,-0.052478,0.014079,0.998511,0.116120,0.031451,0.096034,0.154362,-0.160145,-0.060124,0.156714,-0.009391,-0.155806,0.145046,-0.209303,0.029204,0.142360,0.093493,0.171118,-0.005125,0.186275,-0.633084,1.078431,-0.099355,0.153718,0.084320,-0.029872,-0.203939,0.472851,1.201656,-0.242744,0.079077,-0.046396
-0.029682,0.003157,0.783345,0.003805,-0.052892,0.013631,0.998500,0.118873,0.032438,0.096181,0.152753,-0.161871,-0.063373,0.158210,-0.008378,-0.154882,0.145050,-0.209815,0.028973,0.145006,0.096975,0.169574,-0.006850,0.180805,-0.625612,1.083132,-0.091094,0.156021,0.083144,-0.030276,-0.205411,0.477678,1.205016,-0.246087,0.080062,-0.048422
-0.029668,0.003988,0.783355,0.003523,-0.051752,0.013902,0.998557,0.116688,0.031663,0.094943,0.151683,-0.162378,-0.063487,0.156256,-0.008895,-0.155157,0.143978,-0.209258,0.030532,0.145277,0.099414,0.167428,-0.009674,0.174172,-0.618369,1.087029,-0.089352,0.155982,0.085852,-0.033016,-0.208770,0.487372,1.205460,-0.254481,0.081633,-0.051074
-0.029863,0.004605,0.783423,0.003450,-0.049170,0.014115,0.998685,0.111734,0.030354,0.093588,0.149181,-0.161676,-0.063958,0.151039,-0.009867,-0.155201,0.142443,-0.208506,0.031795,0.145201,0.100718,0.163964,-0.010586,0.171435,-0.616306,1.085642,-0.085070,0.153368,0.087893,-0.036498,-0.211521,0.493189,1.203033,-0.265066,0.081856,-0.051406
-0.030223,0.005254,0.783559,0.003049,-0.045060,0.014037,0.998881,0.104458,0.030055,0.093047,0.143199,-0.159818,-0.068238,0.142359,-0.009368,-0.154356,0.139652,-0.206877,0.032106,0.145393,0.102170,0.159616,-0.012281,0.170646,-0.618343,1.081892,-0.084786,0.151465,0.090251,-0.040816,-0.213455,0.495764,1.198624,-0.271658,0.081726,-0.055153
-0.030486,0.005543,0.783525,0.003831,-0.040546,0.013211,0.999083,0.097994,0.027326,0.094442,0.135633,-0.158573,-0.070400,0.117623,-0.013625,-0.151517,0.169460,-0.220711,0.032279,0.146216,0.101259,0.155289,-0.012847,0.171106,-0.622978,1.077159,-0.080599,0.149508,0.092973,-0.044289,-0.214979,0.490575,1.194263,-0.269408,0.078787,-0.056268
-0.029985,0.005392,0.783253,0.004383,-0.036272,0.013303,0.999244,0.094912,0.025937,0.095016,0.124127,-0.157484,-0.078429,0.096537,-0.016480,-0.151036,0.195972,-0.235860,0.031627,0.145982,0.098632,0.151560,-0.011747,0.173503,-0.628657,1.072900,-0.077230,0.149449,0.094562,-0.045085,-0.214991,0.483400,1.189786,-0.269152,0.076523,-0.059382
-0.028562,0.004831,0.782915,0.004977,-0.032609,0.015166,0.999341,0.090142,0.024809,0.091758,0.120421,-0.161069,-0.084604,0.087203,-0.017948,-0.153416,0.204937,-0.245094,0.033707,0.141890,0.094417,0.148200,-0.009753,0.177331,-0.635242,1.071556,-0.079110,0.147400,0.093379,-0.044040,-0.212929,0.469260,1.185939,-0.268134,0.078096,-0.058452
-0.026362,0.003837,0.782729,0.005270,-0.028270,0.016547,0.999449,0.083437,0.025281,0.089352,0.120347,-0.165982,-0.089738,0.079209,-0.017513,-0.155085,0.209348,-0.252042,0.033449,0.138887,0.089873,0.143670,-0.004995,0.181484,-0.636588,1.069033,-0.079768,0.147031,0.089779,-0.041728,-0.209442,0.451488,1.182699,-0.264512,0.079025,-0.058809
-0.023638,0.002878,0.782450,0.006019,-0.023348,0.016703,0.999570,0.076290,0.025061,0.089283,0.120297,-0.168274,-0.091103,0.067526,-0.018012,-0.153795,0.218997,-0.259416,0.030613,0.136830,0.085245,0.139592,0.001183,0.182783,-0.630703,1.068202,-0.081029,0.148030,0.089931,-0.040012,-0.207071,0.438838,1.179368,-0.259445,0.080726,-0.058159
-0.020213,0.001689,0.782191,0.006822,-0.019026,0.014287,0.999694,0.072321,0.025508,0.093457,0.120574,-0.170984,-0.085404,0.055407,-0.017700,-0.147300,0.232374,-0.267382,0.024989,0.137097,0.081466,0.137584,0.010743,0.181732,-0.615300,1.067024,-0.085060,0.151046,0.093237,-0.039232,-0.204954,0.432780,1.176828,-0.258733,0.081791,-0.057237
-0.016096,0.000232,0.781867,0.007822,-0.015232,0.010433,0.999799,0.071079,0.026206,0.099750,0.120765,-0.173753,-0.082035,0.043758,-0.016904,-0.138551,0.248112,-0.275509,0.015432,0.136530,0.078134,0.137777,0.020324,0.178209,-0.599019,1.069184,-0.095152,0.154260,0.095999,-0.040744,-0.203887,0.432888,1.175272,-0.253373,0.081300,-0.055511
-0.011364,-0.001513,0.781314,0.008756,-0.012521,0.005463,0.999868,0.074220,0.028330,0.109238,0.121068,-0.180078,-0.080403,0.037824,-0.015014,-0.128283,0.258603,-0.283349,0.010533,0.137731,0.075047,0.140049,0.027628,0.173714,-0.583243,1.073898,-0.111239,0.158950,0.094811,-0.041484,-0.203833,0.436053,1.173790,-0.247543,0.079789,-0.056255
-0.006357,-0.003612,0.780987,0.010601,-0.008756,0.000971,0.999905,0.074975,0.028064,0.118319,0.121263,-0.184261,-0.075562,0.033419,-0.015390,-0.119974,0.262595,-0.289817,0.012514,0.137428,0.069856,0.141402,0.032438,0.168807,-0.569818,1.078452,-0.119687,0.162339,0.094139,-0.044685,-0.204371,0.444926,1.175052,-0.246294,0.079861,-0.058361
-0.001767,-0.005817,0.780951,0.011339,-0.000675,-0.000936,0.999935,0.054714,0.030608,0.121033,0.140198,-0.191833,-0.068334,0.023828,-0.013326,-0.117030,0.256835,-0.290845,0.011630,0.134322,0.065678,0.136796,0.033189,0.165165,-0.559809,1.080795,-0.123564,0.160135,0.093049,-0.050766,-0.205209,0.458828,1.178883,-0.250179,0.083957,-0.062758
0.002057,-0.007693,0.779078,0.005185,0.008210,0.003210,0.999948,-0.050259,0.055709,0.105553,0.327079,-0.269129,-0.053859,0.017467,0.003464,-0.127403,0.242742,-0.290577,0.010194,0.126286,0.075696,0.131705,0.027599,0.162772,-0.552685,1.079696,-0.119960,0.157008,0.091427,-0.055771,-0.205568,0.466435,1.180881,-0.258938,0.091337,-0.062592
0.007360,-0.008905,0.777286,0.000188,0.007298,0.007938,0.999942,-0.139572,0.080270,0.105344,0.526588,-0.303951,-0.055605,0.038214,0.016609,-0.137109,0.224416,-0.292666,0.009919,0.120876,0.087337,0.145545,0.021023,0.160819,-0.545838,1.072996,-0.119125,0.152943,0.086292,-0.055335,-0.208066,0.465934,1.175091,-0.263928,0.095091,-0.050067
0.014477,-0.009184,0.776316,-0.000233,0.003765,0.009466,0.999948,-0.210535,0.098579,0.132671,0.690645,-0.304672,-0.044957,0.066309,0.019007,-0.140065,0.206957,-0.296438,0.012921,0.127240,0.091715,0.163589,0.014340,0.160639,-0.543528,1.064544,-0.163004,0.136660,0.091525,-0.050306,-0.216671,0.476631,1.165871,-0.236772,0.089207,-0.042222
0.023054,-0.008839,0.776392,0.003861,0.003566,0.007898,0.999955,-0.268140,0.093643,0.151957,0.762840,-0.284020,-0.052734,0.086745,0.009871,-0.136719,0.192511,-0.300500,0.019537,0.142583,0.087048,0.174566,0.014487,0.161309,-0.520322,1.046208,-0.201716,0.129680,0.081361,-0.049351,-0.224573,0.493225,1.171556,-0.215630,0.084640,-0.039477
0.032871,-0.007814,0.776489,0.008396,0.007256,0.006327,0.999918,-0.319125,0.078637,0.164904,0.746178,-0.259100,-0.069433,0.100794,-0.001509,-0.133912,0.177044,-0.304512,0.026080,0.155734,0.079758,0.178646,0.019266,0.161901,-0.487202,1.023836,-0.204076,0.129549,0.073188,-0.053240,-0.226763,0.498316,1.187408,-0.231727,0.092277,-0.038601
0.044187,-0.006186,0.776003,0.012465,0.011343,0.006189,0.999839,-0.360562,0.066357,0.183661,0.666198,-0.199379,-0.081201,0.119481,-0.012899,-0.135017,0.155328,-0.308162,0.034039,0.166140,0.071293,0.182926,0.021035,0.164312,-0.469100,1.005898,-0.180946,0.125652,0.074084,-0.057568,-0.222894,0.486492,1.197316,-0.259590,0.110491,-0.038052
0.056806,-0.004008,0.774311,0.014230,0.014325,0.007384,0.999769,-0.389894,0.056448,0.196316,0.544573,-0.113678,-0.101842,0.143265,-0.019435,-0.137914,0.134642,-0.315977,0.039781,0.173538,0.066690,0.190550,0.019309,0.169169,-0.464316,0.993607,-0.183051,0.112679,0.081239,-0.064043,-0.218156,0.474215,1.198107,-0.260771,0.121348,-0.037822
0.071385,-0.001092,0.770813,0.013320,0.015982,0.008902,0.999744,-0.409061,0.044756,0.185195,0.405942,-0.047642,-0.118363,0.165819,-0.021652,-0.142846,0.130406,-0.337393,0.048313,0.181024,0.067229,0.199366,0.016192,0.174114,-0.464976,0.989825,-0.205757,0.091592,0.086015,-0.070660,-0.216590,0.473942,1.193241,-0.239229,0.115369,-0.037118
0.088127,0.002687,0.765759,0.009808,0.014716,0.009399,0.999799,-0.415006,0.036800,0.153630,0.267616,-0.005723,-0.126244,0.195923,-0.018709,-0.146139,0.131153,-0.363824,0.056324,0.191651,0.072412,0.211351,0.014138,0.175823,-0.460071,0.998013,-0.239858,0.062066,0.086738,-0.075980,-0.216986,0.481550,1.182396,-0.227731,0.107897,-0.028865
0.107478,0.007312,0.759906,0.005261,0.011229,0.007720,0.999893,-0.410683,0.036805,0.113263,0.147741,0.040131,-0.133644,0.234497,-0.014730,-0.146143,0.131695,-0.387854,0.063863,0.205136,0.079749,0.223818,0.018129,0.174296,-0.446677,1.007409,-0.268522,0.042529,0.084076,-0.081807,-0.216769,0.491921,1.175450,-0.225638,0.102372,-0.028585
0.129957,0.012858,0.754038,0.002484,0.006039,0.006361,0.999958,-0.421084,0.040521,0.078125,0.114562,0.052289,-0.129653,0.282695,-0.016923,-0.149607,0.131299,-0.405679,0.075740,0.218801,0.083083,0.233118,0.025998,0.170012,-0.434076,1.020888,-0.291329,0.032559,0.084772,-0.084890,-0.213912,0.496924,1.172987,-0.229778,0.102044,-0.027859
0.155552,0.019592,0.749244,0.000773,0.002790,0.006840,0.999972,-0.422899,0.043546,0.077014,0.115336,0.054709,-0.114701,0.331279,-0.024081,-0.157093,0.131431,-0.405407,0.095563,0.226329,0.083134,0.230464,0.041546,0.164090,-0.424137,1.031111,-0.301951,0.026060,0.089395,-0.087500,-0.207201,0.501059,1.178868,-0.234626,0.100965,-0.030681
0.183631,0.028578,0.746721,0.002457,0.007882,0.008949,0.999926,-0.457707,0.039779,0.110604,0.206198,0.053271,-0.086973,0.361739,-0.043792,-0.161083,0.134197,-0.379230,0.126383,0.228406,0.074652,0.207263,0.060320,0.156262,-0.424381,1.042629,-0.306058,0.017447,0.087735,-0.089164,-0.201459,0.502217,1.187487,-0.250156,0.095255,-0.032944
0.214614,0.040430,0.745681,0.007194,0.014909,0.012750,0.999782,-0.505934,0.022379,0.130781,0.345383,0.122365,-0.020304,0.361250,-0.078801,-0.157165,0.201217,-0.359638,0.165759,0.225758,0.062082,0.173114,0.084978,0.145088,-0.429101,1.055362,-0.302550,0.018969,0.081229,-0.079212,-0.199529,0.469763,1.188923,-0.278329,0.088905,-0.020678
0.247045,0.053507,0.746134,0.012578,0.016281,0.022702,0.999531,-0.526917,-0.015102,0.128327,0.477763,0.014632,0.045319,0.364624,-0.113485,-0.150055,0.289006,-0.313934,0.210317,0.215758,0.051781,0.149732,0.100128,0.134133,-0.442466,1.074082,-0.292503,0.030411,0.073188,-0.065302,-0.199348,0.406304,1.185387,-0.260952,0.091954,-0.014220
0.279424,0.066901,0.747865,0.012498,0.011117,0.034391,0.999268,-0.501913,-0.044529,0.115932,0.550991,-0.068500,0.057458,0.348656,-0.132943,-0.135562,0.433941,-0.245796,0.234894,0.207183,0.057441,0.138139,0.101924,0.125389,-0.464544,1.101640,-0.275653,0.055584,0.058346,-0.051245,-0.200242,0.336235,1.186764,-0.219554,0.089323,-0.036849
0.311206,0.080356,0.750500,0.014647,0.003889,0.040248,0.999075,-0.447747,-0.073141,0.115378,0.579388,-0.136479,0.079468,0.287943,-0.158719,-0.100957,0.655544,-0.166863,0.254779,0.206911,0.058821,0.133634,0.101197,0.119279,-0.476569,1.110193,-0.214564,0.106885,0.049066,-0.042856,-0.204457,0.280652,1.189753,-0.207327,0.081494,-0.053109
0.341434,0.093429,0.753649,0.017877,-0.001728,0.045492,0.998803,-0.380544,-0.104001,0.114638,0.569744,-0.184651,0.098235,0.187567,-0.185117,-0.063478,0.910087,-0.063923,0.234841,0.204412,0.056336,0.131271,0.095381,0.117935,-0.479846,1.094139,-0.131770,0.173027,0.033230,-0.048241,-0.214169,0.260273,1.199986,-0.193751,0.075400,-0.064955
0.369394,0.105184,0.757427,0.023889,-0.009356,0.054485,0.998185,-0.293080,-0.143152,0.103747,0.518575,-0.207147,0.107351,0.069354,-0.204384,-0.020184,1.141923,0.069803,0.178208,0.191531,0.045259,0.141855,0.077809,0.127861,-0.499699,1.074746,-0.081910,0.194892,0.029618,-0.062380,-0.222186,0.245968,1.205258,-0.200927,0.077174,-0.069896
0.395885,0.115331,0.761629,0.026053,-0.018942,0.063914,0.997435,-0.195792,-0.170352,0.082229,0.452076,-0.218368,0.107531,-0.024776,-0.159038,0.058472,1.284474,0.006307,0.165114,0.173518,0.038529,0.157883,0.056472,0.148397,-0.526402,1.062187,-0.067923,0.173933,0.037122,-0.078043,-0.223902,0.223026,1.202410,-0.225115,0.080542,-0.076945
0.421904,0.125037,0.766362,0.022667,-0.031070,0.072653,0.996615,-0.085496,-0.181143,0.051357,0.370203,-0.222212,0.100301,-0.111500,-0.120735,0.094372,1.357509,-0.102121,0.133943,0.150485,0.042025,0.177428,0.038093,0.172640,-0.543068,1.053591,-0.083348,0.140703,0.062571,-0.093438,-0.221811,0.202722,1.194130,-0.232104,0.080882,-0.088086
0.447396,0.134211,0.770614,0.016629,-0.042408,0.082761,0.995528,0.028044,-0.180009,0.015212,0.274298,-0.213979,0.074579,-0.197007,-0.144197,0.051842,1.367309,-0.191116,0.050130,0.124383,0.046700,0.196637,0.018066,0.195789,-0.548152,1.051125,-0.093867,0.123962,0.098124,-0.103008,-0.218001,0.185345,1.172840,-0.221647,0.075713,-0.088947
0.472206,0.141998,0.773207,0.009038,-0.048535,0.098304,0.993931,0.125128,-0.169580,-0.028007,0.182216,-0.202322,0.032346,-0.274043,-0.178342,-0.023883,1.312323,-0.289459,-0.036514,0.091040,0.047599,0.210859,-0.007211,0.217874,-0.537865,1.043925,-0.092914,0.141726,0.119820,-0.106555,-0.212747,0.161544,1.140546,-0.208799,0.059926,-0.073695
0.496756,0.149101,0.774341,0.002817,-0.051061,0.116564,0.991866,0.197910,-0.156329,-0.067023,0.122542,-0.199060,0.001879,-0.339389,-0.161479,-0.058402,1.191926,-0.329475,-0.082051,0.057314,0.042303,0.222633,-0.036153,0.240405,-0.533331,1.035972,-0.080121,0.154366,0.130049,-0.104161,-0.206084,0.135780,1.104956,-0.194755,0.045550,-0.064596
0.521269,0.156262,0.773335,-0.002472,-0.051688,0.133873,0.989647,0.237900,-0.145127,-0.100134,0.121538,-0.225805,-0.021564,-0.387037,-0.099693,-0.041669,1.010100,-0.295265,-0.047345,0.029448,0.035776,0.231808,-0.069683,0.264709,-0.556735,1.034502,-0.083590,0.145034,0.132667,-0.096191,-0.199299,0.111944,1.072212,-0.180639,0.040972,-0.069346
0.546828,0.163923,0.770571,-0.004185,-0.051816,0.150440,0.987251,0.278707,-0.141416,-0.131440,0.122544,-0.250236,-0.033238,-0.401727,-0.039710,-0.011520,0.773139,-0.210096,-0.003307,0.006255,0.023375,0.239302,-0.101781,0.289289,-0.590441,1.032320,-0.101095,0.131456,0.121937,-0.082405,-0.192725,0.093891,1.046685,-0.179284,0.046247,-0.080032
0.573854,0.172686,0.765920,0.000689,-0.050578,0.167305,0.984607,0.321465,-0.152359,-0.159918,0.123288,-0.266249,-0.023070,-0.383026,-0.012200,-0.001064,0.490009,-0.055796,0.057832,-0.014131,-0.000929,0.241200,-0.128250,0.310663,-0.623841,1.029897,-0.111491,0.120778,0.104771,-0.059864,-0.186849,0.085591,1.029957,-0.183576,0.050729,-0.090171
0.602465,0.182947,0.758916,0.016964,-0.048020,0.187662,0.980912,0.369912,-0.187459,-0.195353,0.122486,-0.269272,0.002109,-0.319873,-0.026405,-0.005389,0.157989,0.115833,0.187040,-0.036285,-0.045077,0.239676,-0.148676,0.326477,-0.652215,1.029122,-0.113269,0.111437,0.088680,-0.028176,-0.182876,0.083906,1.022408,-0.188318,0.052028,-0.093371
0.632538,0.193704,0.751796,0.035933,-0.045685,0.208694,0.976252,0.423788,-0.223135,-0.240974,0.120512,-0.258715,0.022083,-0.354814,-0.058242,-0.024556,0.104697,0.068445,0.260514,-0.055739,-0.090625,0.240649,-0.167188,0.335943,-0.672273,1.028621,-0.101470,0.111120,0.074334,0.007533,-0.178746,0.080572,1.026589,-0.189278,0.050910,-0.085650
0.663923,0.204984,0.746798,0.043787,-0.043776,0.219100,0.973736,0.474433,-0.231790,-0.272855,0.119370,-0.242095,0.022027,-0.368435,-0.066081,-0.078756,0.106493,-0.023772,0.261800,-0.056257,-0.107929,0.239667,-0.174879,0.338477,-0.675087,1.025989,-0.095655,0.110831,0.069444,0.037014,-0.176413,0.083357,1.053624,-0.184317,0.048965,-0.077810
0.696530,0.217660,0.744602,0.038140,-0.039251,0.219667,0.974039,0.511158,-0.214728,-0.286581,0.118682,-0.212228,-0.000876,-0.348753,-0.028634,-0.053422,0.107630,0.043078,0.233358,-0.045677,-0.095468,0.226803,-0.162647,0.337108,-0.659843,1.018657,-0.099734,0.109015,0.078543,0.055412,-0.174780,0.093419,1.102959,-0.191682,0.053518,-0.068814
0.730978,0.230465,0.745787,0.016836,-0.034783,0.215163,0.975813,0.528265,-0.166750,-0.287393,0.139213,-0.173292,-0.055188,-0.344443,0.053490,0.006115,0.132152,0.161249,0.099260,-0.027496,-0.047959,0.209853,-0.142473,0.329446,-0.638051,1.011402,-0.106579,0.104426,0.089925,0.068283,-0.172672,0.100119,1.149415,-0.212954,0.072611,-0.072557
0.766949,0.243871,0.747766,-0.001301,-0.035500,0.216285,0.975684,0.502102,-0.139581,-0.309137,0.274047,-0.144921,-0.142197,-0.378964,0.096343,-0.021458,0.287494,0.141693,0.002623,-0.019352,-0.005275,0.195838,-0.114588,0.318675,-0.618542,1.018453,-0.121525,0.094207,0.090815,0.085106,-0.170231,0.111720,1.183642,-0.206817,0.094168,-0.083591
0.800607,0.257808,0.750768,-0.009653,-0.037628,0.218550,0.975052,0.453995,-0.151990,-0.346057,0.455743,-0.086665,-0.261800,-0.377274,0.118713,-0.030643,0.399795,0.041505,-0.027082,-0.018306,0.018034,0.192918,-0.079015,0.306104,-0.585667,1.030365,-0.135946,0.089050,0.097959,0.087205,-0.169571,0.140687,1.216673,-0.203747,0.101386,-0.091815
0.830364,0.273702,0.753578,-0.000749,-0.037054,0.221185,0.974527,0.391803,-0.205392,-0.321205,0.630241,0.039850,-0.261800,-0.366393,0.098028,-0.023214,0.499431,-0.064024,-0.028762,-0.010150,0.008532,0.197720,-0.054414,0.292783,-0.562598,1.045394,-0.153896,0.092902,0.102653,0.085850,-0.168199,0.159454,1.219790,-0.234138,0.111581,-0.083451
0.858807,0.287167,0.757653,0.000647,-0.036667,0.229476,0.972623,0.262991,-0.225041,-0.284155,0.874819,0.075814,-0.261800,-0.321383,0.087852,-0.033856,0.517975,-0.131110,-0.033746,-0.000963,0.012554,0.202413,-0.047328,0.284165,-0.567408,1.066070,-0.176726,0.097852,0.094917,0.089608,-0.165433,0.157167,1.190338,-0.239924,0.111862,-0.069704
0.885813,0.298719,0.762712,-0.006733,-0.036601,0.234920,0.971302,0.114780,-0.205158,-0.258246,1.083919,-0.029525,-0.261800,-0.255004,0.102458,-0.045303,0.472373,-0.155556,-0.034794,0.019772,0.034507,0.205295,-0.044260,0.277610,-0.577267,1.078343,-0.171233,0.107938,0.085084,0.085327,-0.168912,0.166525,1.159568,-0.192783,0.087297,-0.066363
0.912226,0.310365,0.768596,-0.013499,-0.037116,0.235328,0.971113,-0.032746,-0.129406,-0.194791,1.212112,-0.129672,-0.261800,-0.170774,0.121644,-0.044541,0.387898,-0.157407,-0.024845,0.050539,0.058672,0.204908,-0.029810,0.267605,-0.570318,1.080137,-0.157157,0.112850,0.087557,0.069627,-0.180733,0.189604,1.146339,-0.168687,0.062562,-0.060061
0.937220,0.324277,0.773806,-0.011169,-0.038376,0.230067,0.972354,-0.152232,0.007206,-0.042342,1.248755,-0.210521,-0.132901,-0.086148,0.120148,-0.026438,0.314545,-0.164617,0.004000,0.088541,0.070459,0.209349,-0.007122,0.254301,-0.548702,1.072702,-0.155134,0.117818,0.099070,0.037065,-0.198020,0.219352,1.151852,-0.184508,0.061911,-0.054699
0.961302,0.339401,0.777579,-0.006317,-0.037315,0.223251,0.974026,-0.232128,0.120834,0.105727,1.203618,-0.283095,0.009670,-0.011659,0.107584,-0.003715,0.251735,-0.174151,0.038608,0.125309,0.077509,0.210736,0.022394,0.240131,-0.517260,1.056355,-0.141966,0.125461,0.099605,-0.004282,-0.217811,0.249444,1.158496,-0.218640,0.079573,-0.052317
0.984655,0.354901,0.779348,-0.002430,-0.032882,0.214800,0.976101,-0.293551,0.161453,0.191968,1.079955,-0.304262,0.060972,0.047512,0.092867,0.018936,0.200417,-0.188979,0.061760,0.161055,0.083238,0.207778,0.053872,0.226862,-0.482006,1.033052,-0.132079,0.130672,0.094694,-0.051187,-0.241099,0.287054,1.162141,-0.249653,0.089954,-0.052513
1.008111,0.370710,0.778585,-0.002675,-0.028122,0.207415,0.977845,-0.347131,0.141070,0.196562,0.891420,-0.264022,0.041260,0.093669,0.086552,0.035544,0.170461,-0.210431,0.052051,0.191130,0.095102,0.202450,0.083216,0.214289,-0.455982,1.012459,-0.125723,0.135176,0.090271,-0.097038,-0.265969,0.322316,1.158293,-0.263170,0.089745,-0.060791
1.032493,0.387143,0.775361,-0.007524,-0.028087,0.202649,0.978820,-0.366733,0.097319,0.137055,0.637327,-0.176239,-0.028191,0.145014,0.092245,0.044506,0.151921,-0.236118,0.028120,0.214808,0.116594,0.200819,0.111007,0.201092,-0.429292,1.001703,-0.116441,0.133976,0.084429,-0.136484,-0.288725,0.341591,1.148629,-0.266238,0.086537,-0.070419
1.058374,0.404792,0.769585,-0.017498,-0.034295,0.198452,0.979354,-0.329801,0.080292,0.073813,0.315572,-0.033402,-0.129381,0.214466,0.109904,0.050026,0.126057,-0.258798,0.015057,0.234410,0.149899,0.200776,0.137406,0.186653,-0.406649,1.004604,-0.127529,0.135826,0.089218,-0.169443,-0.306110,0.344563,1.141028,-0.260566,0.085751,-0.076771
1.085511,0.423315,0.762246,-0.029636,-0.043160,0.195614,0.979282,-0.321240,0.095049,0.022455,0.109118,0.046545,-0.135418,0.280183,0.131945,0.055320,0.124449,-0.285812,0.013054,0.247831,0.185871,0.200270,0.158001,0.171446,-0.391169,1.024158,-0.139047,0.144548,0.099115,-0.197754,-0.315902,0.338659,1.139199,-0.253499,0.083429,-0.084992
1.113345,0.443473,0.755020,-0.038638,-0.050686,0.192023,0.979319,-0.367577,0.125117,0.077957,0.110856,-0.044128,-0.147239,0.343806,0.142310,0.069244,0.126812,-0.301908,0.020889,0.260137,0.212204,0.197462,0.171810,0.156214,-0.385249,1.049613,-0.143806,0.163071,0.111334,-0.221085,-0.319263,0.330014,1.140594,-0.252285,0.083669,-0.089778
1.141663,0.464321,0.749461,-0.043966,-0.055333,0.192811,0.978687,-0.358724,0.146339,0.173604,0.112663,-0.092380,-0.168101,0.397361,0.142249,0.079948,0.140861,-0.299092,0.036735,0.263384,0.225486,0.190109,0.178329,0.143227,-0.390754,1.078352,-0.146338,0.186502,0.117734,-0.233595,-0.313682,0.308130,1.143378,-0.248194,0.081096,-0.096092
1.170111,0.485706,0.749024,-0.030979,-0.047388,0.203262,0.977486,-0.329088,0.099609,0.209739,0.109300,0.043531,-0.086568,0.373907,0.100843,0.066502,0.275657,-0.324367,0.072884,0.249878,0.189844,0.178968,0.175296,0.134830,-0.405706,1.108477,-0.149761,0.197699,0.115879,-0.232693,-0.294715,0.251911,1.140443,-0.249750,0.077379,-0.100466
1.200133,0.509480,0.749973,-0.009708,-0.035750,0.209177,0.977176,-0.351408,0.041755,0.238390,0.202847,0.158584,0.024455,0.326980,0.038690,0.074922,0.449395,-0.313904,0.138297,0.243269,0.132401,0.161188,0.182921,0.130276,-0.411138,1.117244,-0.139629,0.206628,0.107954,-0.216729,-0.268613,0.196880,1.133881,-0.228961,0.070425,-0.102538
1.229290,0.534383,0.751618,0.007955,-0.031652,0.217454,0.975525,-0.381281,-0.010730,0.239735,0.370415,0.047518,0.149296,0.275435,0.001528,0.116787,0.643952,-0.225787,0.252382,0.231508,0.088172,0.150025,0.186680,0.130153,-0.423576,1.119680,-0.152334,0.200577,0.091149,-0.194306,-0.244795,0.163648,1.141853,-0.194013,0.048644,-0.100546
1.257058,0.556116,0.753720,0.008797,-0.042395,0.233031,0.971505,-0.357285,-0.029824,0.209693,0.475327,-0.049303,0.149200,0.226219,0.031613,0.147209,0.849018,-0.094752,0.261800,0.212810,0.086690,0.158543,0.168018,0.137792,-0.453449,1.135485,-0.153686,0.166897,0.062390,-0.167758,-0.225118,0.138462,1.152963,-0.192514,0.036894,-0.088346
1.282261,0.576245,0.754915,0.009236,-0.054554,0.244323,0.968114,-0.309037,-0.044699,0.190430,0.532995,-0.131031,0.157186,0.139488,0.057691,0.162211,1.081788,0.033002,0.261800,0.203937,0.090360,0.178483,0.143844,0.147851,-0.463533,1.123212,-0.117955,0.160926,0.036905,-0.145013,-0.218307,0.147990,1.160458,-0.212587,0.041540,-0.063834
1.305317,0.596074,0.756634,0.015767,-0.063441,0.253191,0.965205,-0.239401,-0.074797,0.180860,0.533708,-0.184493,0.166283,0.036696,0.032917,0.151723,1.275878,0.085075,0.261800,0.197559,0.084742,0.202411,0.119138,0.158347,-0.468930,1.086396,-0.120209,0.161954,0.035547,-0.129729,-0.225669,0.199198,1.179298,-0.201918,0.034599,-0.040574
1.327099,0.616098,0.759417,0.028035,-0.070930,0.270092,0.959809,-0.150164,-0.128689,0.156789,0.485471,-0.203428,0.180025,-0.052518,-0.002851,0.162250,1.403508,-0.010024,0.261800,0.176966,0.069627,0.228743,0.093945,0.172101,-0.491145,1.043296,-0.134028,0.141951,0.064900,-0.112359,-0.235251,0.242542,1.200658,-0.212740,0.036439,-0.028779
1.348529,0.635340,0.762778,0.033130,-0.079415,0.291860,0.952583,-0.063008,-0.165455,0.109867,0.438454,-0.217685,0.189044,-0.140563,-0.054570,0.137689,1.456573,-0.062689,0.220152,0.150355,0.066897,0.248041,0.069519,0.188786,-0.517791,0.999914,-0.122896,0.116563,0.108596,-0.084953,-0.238839,0.257837,1.217477,-0.250189,0.051576,-0.038152
1.370157,0.653743,0.766294,0.032877,-0.086683,0.313505,0.945050,0.019744,-0.182593,0.057384,0.392464,-0.232296,0.193898,-0.224024,-0.116693,0.082622,1.442477,-0.115254,0.098925,0.128598,0.070350,0.260281,0.046896,0.205035,-0.534391,0.955995,-0.077772,0.109671,0.142900,-0.049729,-0.236872,0.252967,1.227608,-0.265739,0.070987,-0.065517
1.391489,0.671724,0.768847,0.031134,-0.089979,0.335220,0.937316,0.093357,-0.191444,0.003472,0.345008,-0.242873,0.192103,-0.295422,-0.160955,0.026077,1.366300,-0.172666,-0.007917,0.109942,0.071495,0.266567,0.024371,0.219571,-0.536883,0.911845,-0.030338,0.114576,0.145901,-0.011560,-0.233434,0.248709,1.226764,-0.253431,0.087558,-0.085695
1.412755,0.689347,0.770065,0.029196,-0.090091,0.358851,0.928578,0.154641,-0.196286,-0.054516,0.307337,-0.254291,0.190871,-0.341951,-0.180536,-0.031533,1.225213,-0.205930,-0.067278,0.089803,0.067208,0.270403,-0.000870,0.233694,-0.537944,0.877100,-0.018594,0.116320,0.138035,0.029349,-0.228416,0.252313,1.212457,-0.239432,0.091573,-0.091706
1.434339,0.707570,0.769542,0.028002,-0.088112,0.383688,0.918823,0.208888,-0.199410,-0.113793,0.279711,-0.271258,0.189522,-0.358341,-0.169769,-0.076094,1.016216,-0.191622,-0.056112,0.068178,0.057025,0.270593,-0.027783,0.247806,-0.550412,0.863522,-0.035092,0.103151,0.132503,0.071029,-0.220327,0.263576,1.194754,-0.244797,0.086333,-0.082176
1.456022,0.726934,0.766936,0.028928,-0.082754,0.402241,0.911327,0.258395,-0.205079,-0.158976,0.253445,-0.292267,0.192152,-0.360411,-0.122419,-0.068971,0.751707,-0.116297,-0.006444,0.053708,0.040193,0.265812,-0.051592,0.258844,-0.562194,0.869219,-0.052130,0.092262,0.119589,0.104742,-0.209295,0.279712,1.184446,-0.249850,0.081579,-0.072446
1.477640,0.747826,0.761691,0.035217,-0.074573,0.414905,0.906119,0.311516,-0.221547,-0.192254,0.220311,-0.306310,0.195215,-0.346875,-0.071534,-0.019650,0.454602,0.006085,0.065799,0.043895,0.011741,0.260085,-0.073398,0.266343,-0.576131,0.893799,-0.056309,0.094428,0.102417,0.129428,-0.194989,0.285280,1.182468,-0.265505,0.081142,-0.058469
1.499427,0.770576,0.754128,0.049415,-0.066057,0.429424,0.899327,0.378641,-0.251346,-0.226384,0.179418,-0.306588,0.199238,-0.300593,-0.053186,0.033366,0.146590,0.127974,0.169930,0.026082,-0.031044,0.260031,-0.093043,0.271744,-0.597199,0.932202,-0.058001,0.105868,0.090689,0.150493,-0.177306,0.274093,1.182443,-0.274618,0.084554,-0.050930
1.522007,0.794278,0.746448,0.067531,-0.060935,0.444999,0.890900,0.462007,-0.278746,-0.266682,0.133555,-0.287087,0.201932,-0.334722,-0.054801,0.085237,0.103322,0.065161,0.261800,0.004608,-0.076733,0.272616,-0.114377,0.277482,-0.627031,0.978826,-0.062870,0.117841,0.080931,0.166870,-0.157657,0.250753,1.179422,-0.273041,0.086839,-0.050817
1.544409,0.818711,0.741624,0.073522,-0.059085,0.448641,0.888721,0.513488,-0.284684,-0.277711,0.139195,-0.280352,0.197808,-0.338626,-0.040597,0.059470,0.106561,-0.009364,0.261800,0.001472,-0.092384,0.278942,-0.124222,0.279061,-0.647352,1.025319,-0.054281,0.132745,0.070649,0.172524,-0.143563,0.237619,1.184107,-0.261472,0.086231,-0.053097
1.566717,0.845320,0.740581,0.063981,-0.056154,0.445508,0.891222,0.520645,-0.270888,-0.263091,0.195433,-0.275373,0.178350,-0.310784,-0.002586,0.038232,0.107477,0.092121,0.251049,0.005516,-0.078608,0.260959,-0.111985,0.275498,-0.652123,1.062763,-0.047264,0.147933,0.073443,0.163683,-0.132330,0.242780,1.209468,-0.249240,0.083123,-0.047698
1.590454,0.873684,0.742313,0.043215,-0.054960,0.445866,0.892365,0.494622,-0.235484,-0.246168,0.302863,-0.269133,0.131729,-0.320090,0.073258,0.096890,0.172430,0.178904,0.172611,0.000346,-0.040048,0.232810,-0.084506,0.268212,-0.637686,1.079163,-0.027235,0.168435,0.073320,0.157203,-0.124915,0.232984,1.218732,-0.277015,0.096821,-0.035223
1.615455,0.903345,0.746190,0.023557,-0.055483,0.456186,0.887841,0.452964,-0.199010,-0.261313,0.442860,-0.215594,0.030370,-0.341420,0.116520,0.074978,0.281798,0.160023,0.089798,-0.014339,-0.000611,0.202834,-0.054088,0.264302,-0.636274,1.087283,-0.033407,0.170134,0.073733,0.163889,-0.118243,0.202581,1.210217,-0.290649,0.104631,-0.028760
1.637894,0.932111,0.751584,0.012386,-0.059255,0.464346,0.883583,0.395221,-0.197050,-0.300434,0.618172,-0.107193,-0.129815,-0.321324,0.138315,0.052245,0.351459,0.075411,0.066451,-0.016086,0.029905,0.190703,-0.023779,0.261931,-0.630773,1.100697,-0.070235,0.132963,0.080494,0.157337,-0.117905,0.194466,1.214293,-0.253173,0.092985,-0.043836
1.656860,0.959254,0.757236,0.009111,-0.058452,0.472055,0.879582,0.310967,-0.234729,-0.331478,0.816462,0.027102,-0.261800,-0.281409,0.136000,0.036255,0.373601,0.004768,0.071371,-0.003577,0.045266,0.187091,-0.001874,0.256597,-0.601976,1.101272,-0.075519,0.120783,0.082093,0.140387,-0.124287,0.195598,1.209871,-0.247922,0.094461,-0.050725
1.673620,0.984162,0.762660,0.008323,-0.058623,0.479062,0.875782,0.182786,-0.264092,-0.315720,1.042744,0.110621,-0.261800,-0.223839,0.129751,0.023604,0.359310,-0.046458,0.084754,0.023540,0.059758,0.193626,0.001154,0.252685,-0.582379,1.093775,-0.098487,0.137916,0.071965,0.119031,-0.138680,0.206310,1.186504,-0.260114,0.105088,-0.048894
1.690154,1.006469,0.768011,0.004697,-0.059707,0.484255,0.872875,0.040888,-0.220645,-0.256612,1.215657,0.025466,-0.261800,-0.151468,0.135366,0.016302,0.300596,-0.066034,0.096335,0.058229,0.078604,0.199231,0.000796,0.252889,-0.570964,1.086006,-0.112777,0.136366,0.064398,0.089323,-0.163184,0.252525,1.169044,-0.250048,0.094414,-0.060145
1.705771,1.029004,0.773185,0.007091,-0.059414,0.483953,0.873046,-0.093535,-0.124070,-0.151865,1.303535,-0.061155,-0.217779,-0.079795,0.132869,0.026479,0.248242,-0.084263,0.105357,0.097856,0.086929,0.205796,0.014060,0.254145,-0.552609,1.068526,-0.115067,0.126556,0.075220,0.047240,-0.196676,0.330341,1.170843,-0.243042,0.074548,-0.078708
1.720043,1.052532,0.777365,0.012808,-0.059399,0.482420,0.873830,-0.196605,0.006744,-0.016924,1.313561,-0.148955,-0.066753,-0.008072,0.121529,0.037922,0.204000,-0.104533,0.113918,0.130594,0.090991,0.215150,0.035638,0.254964,-0.535384,1.049555,-0.120812,0.118252,0.097424,-0.007738,-0.231582,0.411334,1.194199,-0.257298,0.066228,-0.076978
1.733478,1.075961,0.779689,0.017272,-0.059650,0.480483,0.874803,-0.265707,0.111795,0.094270,1.251302,-0.227959,0.048187,0.061656,0.110418,0.049480,0.158280,-0.122275,0.129346,0.158228,0.095710,0.224733,0.058731,0.255964,-0.519346,1.030753,-0.112763,0.119692,0.112163,-0.067236,-0.262886,0.476303,1.212572,-0.286712,0.081932,-0.060906
1.746319,1.099716,0.780615,0.020253,-0.059553,0.477118,0.876585,-0.305833,0.164053,0.171791,1.107922,-0.255913,0.087933,0.123662,0.100224,0.060895,0.122768,-0.143248,0.154412,0.183038,0.101366,0.232788,0.083734,0.256989,-0.505896,1.011210,-0.113501,0.124270,0.116073,-0.123538,-0.291221,0.512940,1.218978,-0.321158,0.094596,-0.043140
1.758762,1.124025,0.779926,0.021205,-0.059637,0.473721,0.878398,-0.328125,0.154678,0.185953,0.895663,-0.213773,0.058521,0.168583,0.092805,0.067027,0.119714,-0.181291,0.181862,0.205287,0.109375,0.238237,0.108706,0.256801,-0.496670,0.998247,-0.117319,0.122487,0.117641,-0.171044,-0.316295,0.514664,1.214702,-0.322968,0.093568,-0.046721
1.771024,1.149518,0.777279,0.018691,-0.059620,0.471405,0.879701,-0.327819,0.116822,0.149775,0.621800,-0.123312,-0.009224,0.210591,0.091179,0.072372,0.117265,-0.217321,0.194871,0.225209,0.121553,0.236455,0.134975,0.253233,-0.484680,0.991588,-0.109850,0.128512,0.108876,-0.205621,-0.335678,0.478633,1.201307,-0.303953,0.087650,-0.069357
1.783432,1.176805,0.772139,0.008234,-0.061313,0.467028,0.882076,-0.290122,0.106809,0.124399,0.293129,-0.019591,-0.116192,0.247981,0.108076,0.084564,0.117466,-0.248918,0.187428,0.248704,0.147865,0.219051,0.167964,0.244806,-0.466967,0.986105,-0.107880,0.137301,0.101245,-0.227728,-0.348201,0.423688,1.184586,-0.287643,0.084179,-0.092329
1.795332,1.205108,0.765982,-0.009512,-0.064801,0.458595,0.886229,-0.299876,0.140730,0.134302,0.110583,-0.002467,-0.146212,0.280827,0.141532,0.108079,0.118350,-0.268249,0.147016,0.276291,0.187542,0.193147,0.205240,0.230270,-0.442090,0.980100,-0.109196,0.145592,0.099189,-0.247084,-0.355319,0.373906,1.169980,-0.252740,0.075613,-0.114171
1.806059,1.234210,0.760736,-0.021748,-0.066534,0.452567,0.888979,-0.349472,0.182231,0.241314,0.112383,-0.087456,-0.155021,0.314977,0.158593,0.124998,0.123017,-0.281188,0.103544,0.292797,0.214531,0.176459,0.239789,0.210527,-0.414980,0.979850,-0.118314,0.144332,0.099096,-0.264768,-0.356402,0.322649,1.155869,-0.239065,0.067438,-0.114000
1.816903,1.263724,0.756980,-0.025181,-0.067990,0.455371,0.887345,-0.337502,0.189718,0.362722,0.113111,-0.094938,-0.130664,0.358839,0.156567,0.123396,0.128733,-0.282511,0.076133,0.287959,0.223441,0.173465,0.261572,0.192146,-0.400865,0.996962,-0.136467,0.140515,0.095606,-0.273033,-0.348486,0.265782,1.144586,-0.221959,0.056941,-0.106515
1.828487,1.294429,0.754944,-0.022081,-0.064015,0.463426,0.883544,-0.297129,0.152783,0.389868,0.113752,-0.027359,-0.063190,0.363265,0.139360,0.109563,0.212127,-0.302015,0.083598,0.276059,0.209125,0.167736,0.269156,0.182629,-0.409562,1.029614,-0.145486,0.149057,0.081736,-0.264944,-0.331394,0.210767,1.141538,-0.195903,0.036939,-0.100922
1.839189,1.327258,0.755057,-0.010772,-0.046813,0.469464,0.881644,-0.325838,0.101082,0.379512,0.213131,0.030942,0.051283,0.309431,0.090919,0.106898,0.380073,-0.327340,0.127832,0.268249,0.162025,0.155147,0.274628,0.175075,-0.408438,1.048754,-0.119055,0.175174,0.055609,-0.247895,-0.311392,0.161945,1.142297,-0.187916,0.025378,-0.089934
1.849076,1.361717,0.755648,0.004198,-0.032204,0.474694,0.879552,-0.355321,0.056253,0.390081,0.339252,0.019227,0.182432,0.250213,0.045141,0.138009,0.570798,-0.291775,0.219639,0.258913,0.112321,0.145806,0.278844,0.170437,-0.418903,1.066055,-0.114993,0.187319,0.044666,-0.223204,-0.291610,0.125312,1.158494,-0.194554,0.022071,-0.078690
1.859836,1.394224,0.756446,0.010016,-0.034060,0.490011,0.870993,-0.351725,0.029288,0.359371,0.449208,-0.069341,0.207854,0.207744,0.061391,0.172560,0.753193,-0.177454,0.261800,0.236838,0.094500,0.150630,0.259695,0.177142,-0.454679,1.098619,-0.129386,0.177559,0.040545,-0.188633,-0.269730,0.088498,1.180046,-0.194913,0.031334,-0.084469
1.870484,1.423960,0.757069,0.012648,-0.044998,0.508215,0.859961,-0.319298,0.011884,0.320303,0.522789,-0.147828,0.213561,0.144449,0.099773,0.187853,0.966725,-0.046971,0.261800,0.215545,0.094108,0.172025,0.231459,0.190710,-0.471185,1.097688,-0.085433,0.193460,0.033935,-0.149274,-0.252120,0.061609,1.196052,-0.222816,0.050307,-0.082030
1.879213,1.452890,0.758314,0.017796,-0.054927,0.522333,0.850785,-0.259141,-0.012815,0.294170,0.542135,-0.207769,0.218206,0.056845,0.126736,0.203782,1.165692,0.087233,0.261800,0.202695,0.094921,0.197179,0.207964,0.202622,-0.473441,1.056599,-0.063448,0.212319,0.049257,-0.111266,-0.247335,0.074336,1.214937,-0.222421,0.058285,-0.070923
1.885785,1.481438,0.760996,0.027532,-0.057262,0.538747,0.840068,-0.184467,-0.064143,0.267226,0.503664,-0.231096,0.227782,-0.034314,0.089826,0.194332,1.301725,0.050204,0.261800,0.184836,0.084076,0.216214,0.185730,0.212509,-0.479983,1.009819,-0.091517,0.180409,0.082183,-0.076469,-0.250140,0.112680,1.242092,-0.218526,0.057300,-0.055752
1.891663,1.509411,0.764201,0.038423,-0.059859,0.561729,0.824258,-0.096989,-0.122191,0.219551,0.439521,-0.234069,0.235849,-0.117145,0.022592,0.172479,1.368629,-0.018524,0.261800,0.155556,0.070992,0.235547,0.161323,0.223231,-0.488528,0.970324,-0.111198,0.123840,0.116393,-0.037505,-0.247599,0.130674,1.257894,-0.251947,0.071650,-0.042670
1.897886,1.536696,0.767534,0.042578,-0.063270,0.587146,0.805881,-0.016093,-0.159225,0.154155,0.379996,-0.235499,0.236740,-0.196909,-0.063520,0.117691,1.366489,-0.075620,0.201577,0.123858,0.065396,0.246879,0.132322,0.232838,-0.491939,0.933326,-0.105384,0.098596,0.135462,0.003808,-0.236746,0.133203,1.263316,-0.269435,0.092514,-0.047398
1.904626,1.563535,0.770051,0.043189,-0.067366,0.610828,0.787709,0.059854,-0.176599,0.088983,0.329071,-0.241311,0.228881,-0.261963,-0.139738,0.045457,1.305876,-0.154479,0.056323,0.098730,0.064245,0.255963,0.093771,0.239751,-0.499046,0.903726,-0.084522,0.109222,0.132168,0.046580,-0.222277,0.132223,1.255112,-0.262915,0.105539,-0.060685
1.911083,1.589943,0.771297,0.043472,-0.067887,0.633846,0.769247,0.124556,-0.189680,0.024037,0.286911,-0.245781,0.222318,-0.310478,-0.183204,-0.014119,1.194517,-0.220992,-0.054769,0.076873,0.057764,0.262582,0.047015,0.244775,-0.514745,0.888465,-0.069075,0.118106,0.120244,0.087749,-0.206705,0.132318,1.235932,-0.254075,0.102682,-0.067018
1.917431,1.616316,0.771057,0.042980,-0.065335,0.658264,0.748714,0.174533,-0.198864,-0.042188,0.263984,-0.258336,0.219613,-0.334967,-0.192307,-0.063567,1.022688,-0.224946,-0.065195,0.051720,0.045816,0.265803,-0.006463,0.249631,-0.545949,0.896138,-0.071350,0.109302,0.113270,0.121924,-0.188151,0.137195,1.216290,-0.246336,0.094322,-0.067042
1.922810,1.643470,0.769236,0.042579,-0.060944,0.677994,0.731298,0.222679,-0.205196,-0.094865,0.241360,-0.274674,0.213270,-0.342956,-0.159473,-0.069408,0.797525,-0.154393,-0.009459,0.032866,0.031948,0.265489,-0.055474,0.250956,-0.580559,0.915569,-0.074778,0.103656,0.109095,0.143047,-0.170041,0.157046,1.207570,-0.239590,0.087936,-0.065200
1.927270,1.671826,0.765450,0.044910,-0.053224,0.690434,0.720036,0.275200,-0.216920,-0.128710,0.209373,-0.284892,0.209229,-0.338936,-0.108637,-0.026578,0.534468,-0.027309,0.077007,0.024757,0.011009,0.262219,-0.096490,0.246495,-0.611163,0.947518,-0.074066,0.102364,0.103447,0.149630,-0.156801,0.188941,1.209418,-0.258428,0.086956,-0.046574
1.930568,1.701531,0.759546,0.050739,-0.043797,0.698578,0.712387,0.328061,-0.236642,-0.153239,0.187222,-0.294556,0.206295,-0.322778,-0.071687,0.025271,0.268219,0.130395,0.157001,0.018779,-0.015449,0.258959,-0.128109,0.237572,-0.636630,0.983741,-0.049667,0.117803,0.094727,0.147346,-0.148142,0.218184,1.212568,-0.286349,0.089192,-0.024018
1.933403,1.732550,0.752592,0.062117,-0.034048,0.707092,0.703564,0.404980,-0.260390,-0.184069,0.137443,-0.279956,0.195158,-0.318828,-0.062623,0.058323,0.099887,0.204888,0.259673,0.004614,-0.049576,0.263734,-0.153691,0.229842,-0.661840,1.019228,-0.041738,0.127560,0.077370,0.137947,-0.142148,0.237131,1.211597,-0.305234,0.092705,-0.006916
1.936738,1.765010,0.746485,0.070356,-0.026577,0.713879,0.696219,0.465086,-0.273976,-0.214592,0.123488,-0.272734,0.184160,-0.352357,-0.058213,0.037228,0.103188,0.072724,0.261800,-0.011163,-0.076195,0.266864,-0.172320,0.227344,-0.690440,1.051260,-0.035636,0.136202,0.057208,0.122992,-0.137647,0.246613,1.206496,-0.300235,0.091516,-0.004760
1.939045,1.798322,0.742712,0.070616,-0.021779,0.716945,0.693202,0.508981,-0.272294,-0.230542,0.122127,-0.256164,0.165925,-0.344765,-0.048002,-0.031725,0.105629,0.025344,0.261800,-0.018855,-0.085580,0.258942,-0.178287,0.226677,-0.713066,1.076302,-0.033257,0.139734,0.043219,0.105202,-0.135898,0.261743,1.199693,-0.280562,0.084117,-0.019481
1.940717,1.833254,0.743587,0.052716,-0.027345,0.713907,0.697718,0.513859,-0.233344,-0.212016,0.168783,-0.244572,0.123559,-0.330659,0.026359,0.019062,0.107832,0.152765,0.142689,-0.011254,-0.048922,0.240222,-0.170047,0.225064,-0.716225,1.085769,-0.019470,0.145185,0.036692,0.088979,-0.139170,0.269234,1.183817,-0.280147,0.075950,-0.036695
1.942559,1.870464,0.746170,0.034988,-0.034367,0.717647,0.694678,0.487039,-0.194240,-0.215516,0.284590,-0.226428,0.053662,-0.357539,0.075817,0.017874,0.213184,0.207760,0.080445,-0.015046,-0.006963,0.218884,-0.151921,0.224173,-0.711882,1.081876,-0.008097,0.151998,0.039008,0.087782,-0.145309,0.251882,1.152205,-0.290461,0.074167,-0.048164
1.943128,1.907461,0.750916,0.024704,-0.042352,0.722400,0.689734,0.447516,-0.174231,-0.239337,0.434240,-0.150175,-0.060694,-0.357347,0.099439,-0.004631,0.319423,0.128826,0.057982,-0.017461,0.028828,0.205911,-0.123493,0.223612,-0.700208,1.077226,-0.027170,0.134658,0.060168,0.079991,-0.156102,0.251229,1.144853,-0.248491,0.064084,-0.067009
1.943012,1.941684,0.756562,0.019592,-0.045662,0.725118,0.686830,0.378248,-0.190798,-0.279948,0.622711,-0.042223,-0.242216,-0.332594,0.112943,-0.013034,0.372594,0.059809,0.035367,-0.005649,0.050333,0.201400,-0.096615,0.222548,-0.665533,1.073312,-0.025655,0.116060,0.080548,0.060445,-0.169556,0.261771,1.152574,-0.227296,0.060093,-0.075125
1.941613,1.973723,0.761120,0.022441,-0.042698,0.726905,0.685041,0.279751,-0.238278,-0.281509,0.833301,0.093430,-0.261800,-0.308125,0.106676,-0.010600,0.431126,-0.018852,-0.004867,0.021240,0.051694,0.204761,-0.084717,0.224985,-0.633569,1.062338,-0.044023,0.122457,0.080426,0.038922,-0.183416,0.266742,1.146974,-0.266012,0.082380,-0.067680
1.941355,2.003791,0.765116,0.020755,-0.044112,0.728194,0.683635,0.155288,-0.267824,-0.289215,1.043687,0.113745,-0.261800,-0.265386,0.115145,-0.013453,0.441772,-0.071391,-0.036504,0.053490,0.063790,0.209910,-0.082723,0.233211,-0.612128,1.050521,-0.087277,0.123986,0.070250,0.012319,-0.202825,0.289825,1.139928,-0.272902,0.091820,-0.059314
1.941391,2.032612,0.768907,0.017799,-0.047555,0.729303,0.682304,0.023406,-0.227636,-0.249447,1.191313,0.015521,-0.261800,-0.209744,0.128950,-0.016213,0.423310,-0.106207,-0.049972,0.083523,0.079439,0.217370,-0.075260,0.242662,-0.584851,1.040648,-0.111167,0.112063,0.074431,-0.022552,-0.228275,0.336862,1.142989,-0.248237,0.080498,-0.065225
1.941493,2.061177,0.772660,0.016993,-0.051444,0.729984,0.681313,-0.108881,-0.145213,-0.196685,1.274047,-0.065425,-0.249029,-0.141664,0.141275,-0.013747,0.386212,-0.131104,-0.057355,0.106414,0.090943,0.225966,-0.056761,0.250360,-0.551631,1.032793,-0.130352,0.103374,0.101994,-0.065943,-0.252854,0.392302,1.162636,-0.249643,0.069194,-0.067238
1.939872,2.089739,0.775547,0.020367,-0.053221,0.730500,0.680531,-0.221864,-0.001561,-0.067459,1.277211,-0.162653,-0.067654,-0.069357,0.140816,-0.008606,0.350345,-0.157770,-0.053784,0.124674,0.094891,0.236231,-0.035933,0.255622,-0.527655,1.028854,-0.139573,0.110418,0.139692,-0.112622,-0.270454,0.436019,1.187207,-0.277198,0.079950,-0.069016
1.936986,2.118512,0.777790,0.023511,-0.052344,0.728133,0.683029,-0.290365,0.109355,0.053774,1.190663,-0.252028,0.047874,0.000532,0.134947,0.004531,0.307371,-0.177369,-0.037417,0.145926,0.097053,0.240809,-0.013571,0.258489,-0.514510,1.025343,-0.130597,0.134246,0.163015,-0.154746,-0.281489,0.446387,1.196583,-0.323963,0.107462,-0.065228
1.933040,2.147042,0.779054,0.025025,-0.049510,0.722949,0.688671,-0.329599,0.154657,0.137653,1.025771,-0.249362,0.073245,0.063978,0.125776,0.024118,0.263282,-0.195552,-0.008691,0.171573,0.100521,0.241662,0.010430,0.257812,-0.502632,1.023888,-0.111409,0.146657,0.161920,-0.188998,-0.289793,0.428858,1.186740,-0.346327,0.123058,-0.074199
1.928499,2.176142,0.778472,0.022884,-0.048038,0.716269,0.695793,-0.351476,0.142470,0.151402,0.804323,-0.192541,0.036098,0.119470,0.123451,0.046551,0.228938,-0.212482,-0.000293,0.198177,0.111233,0.235826,0.039587,0.252960,-0.486429,1.022912,-0.104997,0.151001,0.144241,-0.212886,-0.296211,0.401363,1.166631,-0.314800,0.109134,-0.096566
1.923556,2.206576,0.775286,0.018892,-0.050399,0.709071,0.703080,-0.342715,0.119702,0.133854,0.538101,-0.129335,-0.025824,0.179711,0.128696,0.069727,0.194772,-0.232975,0.002227,0.222389,0.128534,0.226283,0.077581,0.244008,-0.461582,1.018391,-0.099967,0.155483,0.123027,-0.228284,-0.299236,0.380331,1.140456,-0.264788,0.085866,-0.111571
1.918143,2.239168,0.769595,0.012868,-0.060380,0.701407,0.710083,-0.296162,0.123420,0.118892,0.241070,-0.041118,-0.110549,0.254513,0.146357,0.091916,0.156196,-0.246619,0.001559,0.242317,0.158305,0.214000,0.124351,0.232465,-0.435775,1.011111,-0.101830,0.162956,0.107415,-0.237398,-0.297698,0.368550,1.116031,-0.240222,0.068980,-0.099268
1.911783,2.272377,0.762140,0.002362,-0.072015,0.691786,0.718498,-0.309790,0.163660,0.140047,0.110915,-0.031971,-0.166520,0.320731,0.169805,0.123045,0.127937,-0.255802,0.002602,0.262924,0.195568,0.195101,0.170575,0.218600,-0.417092,1.006912,-0.111140,0.161317,0.095820,-0.247480,-0.294034,0.366626,1.098618,-0.230338,0.058468,-0.075253
1.904162,2.306159,0.755234,-0.004596,-0.080618,0.684451,0.724574,-0.343844,0.204067,0.224328,0.112035,-0.095073,-0.214840,0.367415,0.179592,0.147490,0.144159,-0.275831,0.006658,0.275876,0.223179,0.180855,0.209229,0.201032,-0.403860,1.014216,-0.112483,0.155435,0.085682,-0.254209,-0.287841,0.359028,1.091014,-0.235501,0.049756,-0.057619
1.896880,2.340635,0.750419,-0.003277,-0.080429,0.685703,0.723416,-0.330779,0.199119,0.283846,0.113076,-0.087621,-0.167430,0.391975,0.166257,0.150009,0.207168,-0.304494,0.018559,0.272003,0.219673,0.172604,0.228463,0.186881,-0.401007,1.044846,-0.114260,0.154031,0.071759,-0.247722,-0.273193,0.332109,1.086652,-0.244684,0.046417,-0.050515
1.889518,2.376923,0.748211,0.002221,-0.071049,0.691727,0.718652,-0.294033,0.156301,0.302620,0.113819,-0.005709,-0.091490,0.397474,0.134547,0.142157,0.295218,-0.313485,0.044629,0.263883,0.189173,0.159533,0.234318,0.178373,-0.405159,1.087777,-0.102336,0.171127,0.055960,-0.224792,-0.251584,0.297432,1.085556,-0.251283,0.047992,-0.064301
1.880239,2.414436,0.748903,0.011438,-0.047001,0.693443,0.718886,-0.335753,0.115905,0.346811,0.242888,0.099022,0.042232,0.350872,0.075402,0.152602,0.448744,-0.305771,0.095044,0.262750,0.128278,0.138999,0.243089,0.168309,-0.391441,1.111406,-0.080153,0.205466,0.045763,-0.199287,-0.230794,0.269096,1.092101,-0.259970,0.048040,-0.067431
1.869638,2.451702,0.750791,0.022955,-0.028372,0.693217,0.719804,-0.355154,0.070916,0.370575,0.369032,0.038075,0.175540,0.291819,0.031330,0.193860,0.634057,-0.229431,0.190858,0.255960,0.074504,0.128779,0.249125,0.158712,-0.381120,1.129475,-0.094145,0.219729,0.048099,-0.180064,-0.215967,0.259684,1.119350,-0.255887,0.046307,-0.052466
1.860950,2.486602,0.753967,0.035923,-0.026193,0.700364,0.712400,-0.307637,0.026901,0.359397,0.415797,-0.036315,0.166601,0.243071,0.040493,0.242641,0.830387,-0.096403,0.261800,0.232416,0.043525,0.144348,0.228590,0.162020,-0.411484,1.159337,-0.125426,0.204839,0.054121,-0.162097,-0.199598,0.234815,1.161395,-0.260574,0.044673,-0.036473
1.853980,2.518269,0.756615,0.042633,-0.031973,0.710282,0.701897,-0.256054,0.001811,0.334796,0.446872,-0.103840,0.164093,0.161421,0.080511,0.261163,1.048355,0.050330,0.261800,0.208514,0.034408,0.165819,0.194989,0.174001,-0.434882,1.154385,-0.087598,0.218343,0.038068,-0.147598,-0.191422,0.219854,1.189853,-0.293375,0.075068,-0.012106
1.846117,2.548108,0.759466,0.048834,-0.037852,0.718767,0.692500,-0.188201,-0.025624,0.313312,0.439222,-0.154003,0.168949,0.061167,0.084167,0.241290,1.218872,0.157451,0.261800,0.191939,0.034354,0.188365,0.161190,0.186519,-0.442316,1.108832,-0.050150,0.235006,0.026058,-0.129067,-0.201345,0.232426,1.196801,-0.317588,0.100214,0.012531
1.836803,2.576068,0.762961,0.056680,-0.035323,0.730629,0.679501,-0.108425,-0.079773,0.287241,0.372797,-0.164529,0.179511,-0.041274,0.053617,0.235494,1.330040,0.043340,0.261800,0.175030,0.026755,0.207173,0.120537,0.200470,-0.453538,1.055824,-0.052195,0.207745,0.035964,-0.104471,-0.223115,0.255097,1.209407,-0.286843,0.074524,-0.002600
1.828070,2.603303,0.766173,0.064890,-0.036026,0.747808,0.659753,-0.020678,-0.129762,0.236559,0.298563,-0.162455,0.187414,-0.131661,-0.000337,0.208781,1.365753,-0.041059,0.261800,0.149918,0.023565,0.229821,0.078864,0.215743,-0.462980,1.001314,-0.064696,0.165073,0.081302,-0.070899,-0.242700,0.253216,1.225377,-0.256696,0.037097,-0.037978
1.820513,2.630339,0.768582,0.067281,-0.039141,0.766826,0.637118,0.048334,-0.155548,0.174391,0.255842,-0.170839,0.193065,-0.219777,-0.072606,0.145448,1.338424,-0.120692,0.162908,0.122718,0.028295,0.245373,0.038943,0.230542,-0.464315,0.938194,-0.061535,0.147062,0.128933,-0.035591,-0.252481,0.214894,1.234362,-0.263384,0.048469,-0.063577
1.813230,2.656633,0.770256,0.067477,-0.042359,0.785895,0.613205,0.104061,-0.168690,0.108930,0.235111,-0.186726,0.199150,-0.287034,-0.136297,0.069812,1.250082,-0.200315,0.030995,0.098675,0.035404,0.258599,-0.004291,0.244401,-0.471567,0.872917,-0.043526,0.139719,0.159015,-0.003929,-0.259063,0.180969,1.242985,-0.241013,0.076936,-0.083726
1.805950,2.682839,0.770746,0.064523,-0.044178,0.804003,0.589460,0.143260,-0.172109,0.048826,0.234572,-0.212739,0.204125,-0.329987,-0.168343,-0.000726,1.101411,-0.237038,-0.034791,0.078088,0.043694,0.264406,-0.043099,0.256692,-0.478971,0.808510,-0.012767,0.133148,0.164578,0.027391,-0.264992,0.160009,1.254610,-0.225938,0.085710,-0.091037
1.798215,2.709105,0.769899,0.060717,-0.043194,0.821287,0.565628,0.175937,-0.174419,-0.003902,0.237828,-0.242342,0.206101,-0.346779,-0.170595,-0.057730,0.895680,-0.197318,-0.010265,0.057321,0.047645,0.263626,-0.075757,0.265616,-0.487240,0.755372,-0.006018,0.117010,0.159404,0.056016,-0.268057,0.153587,1.266876,-0.231016,0.085564,-0.090049
1.789563,2.735627,0.767196,0.059119,-0.038652,0.834325,0.546730,0.208905,-0.184165,-0.050090,0.243173,-0.270245,0.207334,-0.343411,-0.145964,-0.075971,0.644391,-0.092996,0.057978,0.045604,0.042927,0.259889,-0.101238,0.271431,-0.497916,0.724793,-0.019510,0.092077,0.151789,0.080628,-0.267577,0.154565,1.271727,-0.237379,0.094002,-0.085458
1.779511,2.763024,0.762439,0.061934,-0.028973,0.843098,0.533396,0.255691,-0.206054,-0.080699,0.227556,-0.287505,0.207920,-0.332272,-0.119864,-0.053234,0.385660,0.047257,0.122546,0.041612,0.024128,0.254460,-0.117696,0.273067,-0.506777,0.712682,-0.028096,0.084965,0.138348,0.102424,-0.263109,0.155903,1.269689,-0.248201,0.100039,-0.080477
1.768209,2.791398,0.756906,0.070412,-0.017423,0.849318,0.522874,0.324769,-0.234128,-0.109572,0.188902,-0.282061,0.207043,-0.302676,-0.105939,-0.007998,0.142861,0.192283,0.206537,0.037844,-0.004562,0.255428,-0.128714,0.270321,-0.513870,0.718160,-0.030506,0.095345,0.124777,0.119431,-0.256205,0.158715,1.261996,-0.242369,0.095617,-0.077387
1.756880,2.820804,0.751363,0.080735,-0.006902,0.854167,0.513647,0.401423,-0.257160,-0.140661,0.148438,-0.263858,0.202328,-0.328666,-0.101089,0.039334,0.101466,0.143312,0.261800,0.031210,-0.035675,0.260479,-0.137843,0.267837,-0.526669,0.745860,-0.049423,0.100841,0.118712,0.128457,-0.244299,0.159236,1.251432,-0.233528,0.088586,-0.076891
1.745085,2.850703,0.746981,0.086741,0.000544,0.857171,0.507674,0.456430,-0.269275,-0.160917,0.142927,-0.249682,0.197976,-0.332705,-0.095528,0.037749,0.106221,0.019078,0.261800,0.025164,-0.058590,0.260264,-0.139093,0.266540,-0.542254,0.791718,-0.066678,0.099007,0.117247,0.128076,-0.230970,0.163712,1.241394,-0.232760,0.083442,-0.069081
1.732210,2.881044,0.745506,0.081156,-0.000674,0.857714,0.507680,0.466960,-0.257385,-0.155920,0.200956,-0.254012,0.188625,-0.309368,-0.060911,0.050179,0.109185,0.052430,0.225065,0.026098,-0.053530,0.245203,-0.131820,0.261838,-0.556484,0.850147,-0.069194,0.104815,0.112129,0.121238,-0.215072,0.166538,1.235630,-0.241910,0.077016,-0.061445
1.718907,2.912050,0.746582,0.064129,-0.008857,0.860306,0.505650,0.436645,-0.219729,-0.145623,0.310198,-0.263237,0.160425,-0.317018,0.005243,0.104256,0.170549,0.105957,0.149206,0.020678,-0.022742,0.219978,-0.120878,0.255138,-0.569501,0.906214,-0.064814,0.122027,0.103212,0.111981,-0.200602,0.158705,1.222825,-0.251657,0.073407,-0.053240
1.704895,2.944421,0.748722,0.049228,-0.019648,0.866276,0.496746,0.402500,-0.177387,-0.158669,0.436544,-0.238005,0.099378,-0.330238,0.050533,0.095567,0.251313,0.157373,0.097294,0.011375,0.012455,0.197189,-0.107447,0.248865,-0.590680,0.958250,-0.066108,0.141341,0.093984,0.112691,-0.187376,0.143698,1.204139,-0.239205,0.066209,-0.050018
1.690169,2.975466,0.752585,0.040790,-0.030395,0.870418,0.489678,0.358356,-0.150911,-0.181516,0.584746,-0.155823,-0.015873,-0.317128,0.079870,0.070190,0.327934,0.071623,0.070993,0.009575,0.043780,0.186145,-0.085705,0.240528,-0.601427,1.010630,-0.072622,0.140420,0.097461,0.103111,-0.181878,0.155598,1.205906,-0.204973,0.051670,-0.055276
1.675574,3.003027,0.756901,0.038551,-0.034363,0.872992,0.484992,0.284782,-0.167902,-0.222110,0.772019,-0.043471,-0.149874,-0.280717,0.086864,0.056018,0.357893,0.006036,0.077608,0.018159,0.059888,0.185890,-0.062471,0.229317,-0.585525,1.044485,-0.056909,0.155441,0.097443,0.079297,-0.183520,0.177748,1.212844,-0.214394,0.058314,-0.052684
1.661600,3.028831,0.760603,0.035682,-0.038095,0.875174,0.480984,0.183678,-0.209568,-0.270988,0.987508,0.073894,-0.261800,-0.230292,0.093708,0.041243,0.351131,-0.046087,0.082082,0.037966,0.077842,0.186732,-0.043836,0.221884,-0.556856,1.043442,-0.031307,0.190531,0.081429,0.055986,-0.190359,0.199847,1.202718,-0.255678,0.084263,-0.045047
1.647919,3.052222,0.763742,0.034367,-0.040705,0.877810,0.476037,0.071231,-0.205174,-0.244224,1.164324,0.074646,-0.261800,-0.179063,0.096376,0.031196,0.337836,-0.085181,0.090051,0.061234,0.094624,0.193030,-0.032012,0.223449,-0.544472,1.026318,-0.062480,0.188513,0.072934,0.030678,-0.205280,0.231312,1.183979,-0.256103,0.091698,-0.050972
1.634200,3.074778,0.767165,0.035485,-0.042573,0.879019,0.473554,-0.039946,-0.146242,-0.178341,1.274296,-0.041227,-0.253949,-0.115237,0.096841,0.027551,0.302967,-0.110699,0.106398,0.088184,0.108359,0.200880,-0.015726,0.230039,-0.537626,1.006468,-0.095943,0.155811,0.075570,0.002811,-0.228863,0.283941,1.174574,-0.235949,0.070611,-0.072713
1.619434,3.096188,0.770857,0.041238,-0.041178,0.878578,0.474030,-0.134353,-0.046965,-0.062336,1.306592,-0.137655,-0.144196,-0.045588,0.086078,0.034920,0.265589,-0.133411,0.129626,0.118133,0.114967,0.213980,0.005338,0.233205,-0.519611,0.987479,-0.098040,0.133624,0.085671,-0.031642,-0.255119,0.343586,1.182909,-0.228386,0.049149,-0.098094
1.604470,3.116504,0.773494,0.046207,-0.040059,0.878457,0.473892,-0.206252,0.048245,0.045611,1.273594,-0.221553,-0.037439,0.023447,0.074389,0.039557,0.223247,-0.150179,0.151777,0.140502,0.121335,0.227347,0.027161,0.232828,-0.490155,0.966835,-0.086820,0.137500,0.095315,-0.074250,-0.278220,0.398173,1.195366,-0.250284,0.060699,-0.100451
1.589074,3.136163,0.774857,0.048434,-0.038347,0.877911,0.474822,-0.256311,0.109302,0.132177,1.165079,-0.259725,0.009683,0.084840,0.063321,0.043742,0.181835,-0.165072,0.173190,0.159434,0.126436,0.236189,0.050528,0.231458,-0.457630,0.944971,-0.079635,0.146756,0.103004,-0.116373,-0.296571,0.428400,1.199135,-0.282990,0.082683,-0.080288
1.573043,3.155622,0.774891,0.048388,-0.036598,0.877383,0.475939,-0.290014,0.123911,0.179353,0.991158,-0.230230,0.006116,0.140430,0.053806,0.046844,0.142456,-0.180934,0.184591,0.175120,0.131046,0.241152,0.072942,0.231632,-0.433701,0.929323,-0.082729,0.141991,0.106765,-0.152710,-0.312008,0.441110,1.193064,-0.289620,0.090405,-0.066838
1.556227,3.175134,0.772837,0.044011,-0.037487,0.877502,0.476076,-0.311649,0.111213,0.178320,0.763850,-0.154761,-0.036368,0.177620,0.056513,0.046317,0.132105,-0.207168,0.145892,0.186322,0.140488,0.238420,0.093409,0.232034,-0.416290,0.924315,-0.090024,0.131909,0.107166,-0.180816,-0.324555,0.437115,1.179605,-0.274905,0.081488,-0.065538
1.537956,3.195502,0.768490,0.037519,-0.044837,0.878526,0.474104,-0.306877,0.108120,0.159588,0.498685,-0.066956,-0.091598,0.213663,0.077414,0.036633,0.136616,-0.240909,0.066890,0.192130,0.161171,0.231201,0.110989,0.231703,-0.405655,0.931365,-0.094642,0.128594,0.102342,-0.196317,-0.332195,0.416595,1.157177,-0.267310,0.076568,-0.073184
1.518048,3.216723,0.761846,0.033878,-0.054227,0.880669,0.469396,-0.269093,0.111622,0.147894,0.211357,0.018118,-0.135386,0.268615,0.097140,0.026851,0.126739,-0.278296,0.034707,0.191742,0.181383,0.226960,0.126306,0.230870,-0.400919,0.946972,-0.097597,0.133346,0.103193,-0.201243,-0.334083,0.391135,1.128780,-0.266648,0.078833,-0.085438
1.496340,3.237939,0.754802,0.029798,-0.060123,0.883778,0.463070,-0.299197,0.120347,0.141478,0.111961,-0.025707,-0.098625,0.315169,0.105109,0.018953,0.127911,-0.313205,0.038099,0.189380,0.195688,0.218279,0.136187,0.228558,-0.404914,0.972798,-0.103968,0.137632,0.105164,-0.197879,-0.334372,0.370211,1.103559,-0.253086,0.071958,-0.103835
1.473071,3.259279,0.748258,0.027971,-0.068604,0.885705,0.458298,-0.322655,0.141310,0.212922,0.113137,-0.091447,-0.153173,0.368814,0.113904,0.017290,0.130574,-0.327202,0.049562,0.192900,0.214633,0.211448,0.141797,0.221170,-0.414149,1.009293,-0.113726,0.139697,0.109244,-0.183529,-0.332334,0.343873,1.086696,-0.240814,0.058687,-0.111414
1.448675,3.280368,0.745244,0.029525,-0.063350,0.891190,0.448214,-0.308054,0.114724,0.228945,0.112982,-0.058751,-0.104313,0.391421,0.090494,0.001783,0.185118,-0.342829,0.071745,0.186948,0.204600,0.202627,0.144025,0.209144,-0.415227,1.046029,-0.104817,0.156557,0.102739,-0.161246,-0.322439,0.298397,1.084232,-0.238924,0.048311,-0.106004
1.422091,3.301284,0.745987,0.032041,-0.043936,0.895872,0.440972,-0.279849,0.059303,0.276573,0.111201,0.045528,-0.018894,0.367584,0.033451,-0.005010,0.310955,-0.359658,0.119012,0.186906,0.167998,0.184582,0.152386,0.193200,-0.410321,1.064764,-0.093937,0.183755,0.098945,-0.134894,-0.306711,0.252189,1.097996,-0.228302,0.050021,-0.103564
1.392716,3.322574,0.747574,0.036444,-0.022786,0.897845,0.438210,-0.292581,0.011141,0.310979,0.201626,0.095007,0.069191,0.329317,-0.029370,0.016826,0.467128,-0.337480,0.181285,0.192577,0.126887,0.163323,0.171610,0.176033,-0.398591,1.069395,-0.087415,0.197090,0.093357,-0.104904,-0.288386,0.212079,1.126261,-0.220892,0.056568,-0.101530
1.363394,3.343368,0.749625,0.041405,-0.009617,0.900605,0.432556,-0.306979,-0.026989,0.310003,0.326445,0.022409,0.142868,0.278783,-0.062362,0.062990,0.646897,-0.249746,0.259205,0.194131,0.099288,0.147398,0.181906,0.163722,-0.407843,1.083875,-0.110060,0.183033,0.086531,-0.072242,-0.267572,0.178068,1.166579,-0.222400,0.060842,-0.105955
1.336469,3.363642,0.752021,0.047246,-0.011923,0.904892,0.422842,-0.280601,-0.044729,0.289233,0.402260,-0.056393,0.154175,0.223354,-0.044406,0.107902,0.842460,-0.126699,0.261800,0.187028,0.097900,0.149498,0.179639,0.155525,-0.419520,1.096066,-0.099593,0.179839,0.073690,-0.042616,-0.245734,0.152531,1.200902,-0.237414,0.077091,-0.104023
1.310873,3.382142,0.753925,0.057520,-0.011495,0.908035,0.414768,-0.214543,-0.078436,0.276415,0.405522,-0.112157,0.155225,0.138973,-0.026100,0.162960,1.072094,-0.009462,0.261800,0.180245,0.087466,0.167067,0.172197,0.148980,-0.418875,1.084410,-0.081869,0.199321,0.066293,-0.019673,-0.228662,0.150180,1.217337,-0.252703,0.101437,-0.080154
1.286562,3.399824,0.756037,0.067042,-0.008619,0.911489,0.405732,-0.132720,-0.119946,0.259277,0.362314,-0.142563,0.149018,0.039028,0.001967,0.216394,1.265015,0.125435,0.261800,0.167713,0.071233,0.184807,0.161964,0.145886,-0.420929,1.062248,-0.085072,0.200898,0.065849,-0.002225,-0.217339,0.177068,1.229155,-0.246317,0.100101,-0.052034
1.263137,3.417123,0.758679,0.074765,-0.008650,0.917716,0.390041,-0.044549,-0.156887,0.221643,0.300310,-0.155427,0.136964,-0.040560,-0.007371,0.214613,1.374742,0.073786,0.261800,0.139440,0.057946,0.199978,0.145514,0.149386,-0.436383,1.047153,-0.102110,0.170990,0.068473,0.012984,-0.203436,0.199987,1.235423,-0.263421,0.089131,-0.030955
1.240855,3.434516,0.761670,0.078831,-0.013647,0.926619,0.367392,0.038930,-0.175597,0.165286,0.242360,-0.164176,0.117340,-0.121130,-0.041461,0.170359,1.416212,-0.005416,0.220769,0.100423,0.052085,0.210761,0.119832,0.159891,-0.464595,1.041660,-0.111300,0.140392,0.073451,0.031682,-0.183535,0.193518,1.224394,-0.288558,0.093332,-0.027925
1.219365,3.451615,0.764508,0.080436,-0.020013,0.935517,0.343421,0.121205,-0.180832,0.102397,0.178945,-0.166197,0.093063,-0.197364,-0.097380,0.099354,1.397264,-0.066172,0.132570,0.065566,0.048802,0.221313,0.083297,0.173336,-0.494037,1.037681,-0.094812,0.136595,0.074872,0.052376,-0.161788,0.162566,1.199508,-0.269225,0.098759,-0.043823
1.197976,3.468143,0.765813,0.078847,-0.024165,0.942459,0.323990,0.191297,-0.179357,0.053597,0.121776,-0.170940,0.079223,-0.270390,-0.134241,0.048511,1.329236,-0.138546,0.041018,0.045088,0.046527,0.227084,0.043656,0.185770,-0.517544,1.028690,-0.060098,0.148011,0.069242,0.076056,-0.144369,0.117603,1.163250,-0.268546,0.091269,-0.037270
1.176635,3.484215,0.765203,0.076852,-0.025802,0.948543,0.306095,0.230099,-0.177807,0.015425,0.121120,-0.198736,0.083268,-0.325721,-0.154160,0.007017,1.206038,-0.184671,-0.014050,0.030964,0.041693,0.233288,-0.000471,0.199276,-0.550545,1.019283,-0.034641,0.148959,0.068669,0.089213,-0.137525,0.102258,1.137327,-0.243184,0.084676,-0.015158
1.155585,3.500360,0.763214,0.076204,-0.024538,0.954687,0.286642,0.265174,-0.181363,-0.024191,0.131758,-0.227656,0.106239,-0.355207,-0.157963,-0.025321,1.028999,-0.188257,-0.020715,0.017229,0.030002,0.243850,-0.042836,0.217080,-0.593875,1.005988,-0.008921,0.127659,0.084069,0.090106,-0.138003,0.116830,1.127621,-0.210688,0.077721,-0.004276
1.133497,3.516725,0.759989,0.074636,-0.021361,0.958753,0.273434,0.295767,-0.187781,-0.052760,0.146981,-0.261466,0.129043,-0.366117,-0.135247,-0.031619,0.800962,-0.134209,0.013010,0.014665,0.017366,0.250975,-0.079796,0.234716,-0.624635,0.994268,0.003131,0.115534,0.085320,0.082347,-0.144166,0.151659,1.133670,-0.215826,0.072548,-0.013446
1.109698,3.533218,0.754892,0.073398,-0.015479,0.961088,0.265863,0.336948,-0.199399,-0.069791,0.144238,-0.285413,0.139934,-0.355510,-0.103289,-0.016880,0.530740,-0.032386,0.077545,0.017551,0.002509,0.254685,-0.107600,0.245043,-0.633088,0.990755,-0.008428,0.122463,0.083371,0.067722,-0.153098,0.190370,1.154017,-0.251487,0.075566,-0.032759
1.083549,3.550052,0.748223,0.074356,-0.005124,0.963022,0.258907,0.391807,-0.220326,-0.085383,0.125388,-0.294481,0.141887,-0.326201,-0.085674,-0.003490,0.253948,0.080165,0.139914,0.019453,-0.019920,0.254198,-0.126600,0.249332,-0.638096,0.999811,-0.027475,0.123793,0.080588,0.054708,-0.162683,0.225334,1.179221,-0.290641,0.085802,-0.052945
1.055848,3.567908,0.741238,0.077160,0.010054,0.966096,0.246180,0.443297,-0.248508,-0.119949,0.122696,-0.296688,0.136755,-0.326587,-0.093151,-0.003596,0.105002,0.084454,0.238270,0.007873,-0.053883,0.253714,-0.138571,0.251918,-0.638964,1.011063,-0.027316,0.127570,0.078021,0.045348,-0.167742,0.235870,1.194734,-0.317278,0.097346,-0.064160
1.027223,3.587044,0.736570,0.077069,0.018017,0.968279,0.237005,0.492805,-0.254528,-0.149120,0.120922,-0.284128,0.117671,-0.353831,-0.091146,-0.032421,0.106945,-0.023208,0.261800,-0.001454,-0.072458,0.250433,-0.142332,0.255611,-0.639662,1.022794,-0.032971,0.131125,0.081052,0.038551,-0.169950,0.229524,1.200385,-0.307895,0.099454,-0.071561
0.997465,3.606434,0.735796,0.070438,0.014790,0.968732,0.237439,0.530206,-0.234844,-0.155051,0.120878,-0.251150,0.086956,-0.333152,-0.062686,-0.076323,0.108306,0.006509,0.215306,0.006077,-0.062647,0.236443,-0.135019,0.259240,-0.640655,1.033048,-0.029665,0.134729,0.080635,0.034912,-0.170671,0.216403,1.202035,-0.284072,0.097523,-0.073649
0.966619,3.626256,0.738360,0.057241,-0.002304,0.968793,0.241159,0.518705,-0.187532,-0.143245,0.202437,-0.231773,0.028652,-0.331099,0.009152,-0.043351,0.143321,0.116006,0.072250,0.019886,-0.019275,0.218036,-0.118510,0.261413,-0.631678,1.031656,-0.030001,0.142245,0.077921,0.034267,-0.170180,0.193861,1.192841,-0.274693,0.098291,-0.071000
0.934038,3.646751,0.741143,0.050231,-0.017346,0.970065,0.236958,0.479611,-0.152225,-0.161152,0.359940,-0.194624,-0.060864,-0.348131,0.046328,-0.052901,0.263256,0.131255,0.035997,0.024925,0.018884,0.201570,-0.092612,0.262166,-0.624798,1.030473,-0.033784,0.143204,0.081358,0.042253,-0.170623,0.180351,1.181863,-0.257168,0.095786,-0.067716
0.901955,3.666087,0.744565,0.047544,-0.031216,0.970780,0.233133,0.422266,-0.139682,-0.207570,0.554062,-0.110459,-0.204422,-0.347609,0.077322,-0.065841,0.377277,0.056475,-0.022043,0.029317,0.052527,0.193908,-0.054896,0.259741,-0.593819,1.032563,-0.044253,0.130839,0.095012,0.038107,-0.175675,0.201040,1.188692,-0.230381,0.086122,-0.065879
0.871675,3.682681,0.748073,0.047917,-0.034144,0.971870,0.228050,0.336837,-0.172861,-0.248901,0.775641,0.009380,-0.261800,-0.321822,0.080577,-0.076192,0.444472,-0.029344,-0.040290,0.040696,0.062353,0.196916,-0.026265,0.255518,-0.550647,1.030444,-0.073060,0.129334,0.105912,0.024661,-0.182468,0.236075,1.187913,-0.236484,0.093597,-0.055255
0.843740,3.697699,0.752445,0.047161,-0.039419,0.973286,0.221215,0.207047,-0.214731,-0.292255,1.033561,0.106343,-0.261800,-0.266550,0.086988,-0.092921,0.443386,-0.086273,-0.041574,0.056832,0.078249,0.205716,-0.017126,0.252707,-0.533649,1.034803,-0.126889,0.126382,0.115039,0.006999,-0.192895,0.274741,1.174799,-0.252442,0.103364,-0.048331
0.817777,3.711097,0.757179,0.045745,-0.044986,0.974345,0.215721,0.079162,-0.211721,-0.287843,1.211535,0.048781,-0.261800,-0.199749,0.098322,-0.103847,0.405471,-0.117974,-0.036358,0.081010,0.096445,0.215677,-0.020689,0.250483,-0.536413,1.050878,-0.157120,0.120282,0.114412,-0.015072,-0.208090,0.320271,1.164625,-0.248081,0.094327,-0.054811
0.791780,3.724040,0.762518,0.045983,-0.047856,0.974270,0.215390,-0.049471,-0.169056,-0.248348,1.309686,-0.039104,-0.261800,-0.123169,0.110297,-0.097765,0.346919,-0.134073,-0.030388,0.112254,0.110015,0.223600,-0.015321,0.244414,-0.530001,1.063087,-0.139464,0.127791,0.112245,-0.041256,-0.225571,0.376301,1.168079,-0.244257,0.078582,-0.066869
0.765369,3.735788,0.767496,0.048552,-0.045166,0.973452,0.219073,-0.165149,-0.079872,-0.153589,1.324067,-0.119611,-0.204149,-0.048341,0.109011,-0.080169,0.295064,-0.150284,-0.024752,0.146256,0.112776,0.231008,-0.002638,0.235361,-0.517130,1.069781,-0.129613,0.138564,0.114775,-0.074774,-0.241042,0.426387,1.180592,-0.252323,0.080486,-0.061466
0.738646,3.746644,0.770847,0.049147,-0.041209,0.972706,0.223000,-0.255480,0.026260,-0.033194,1.264999,-0.202912,-0.089157,0.017671,0.102355,-0.065924,0.249491,-0.168091,-0.023445,0.173604,0.113245,0.233002,0.014472,0.226869,-0.501130,1.072279,-0.127747,0.145916,0.109118,-0.113621,-0.251756,0.465971,1.194462,-0.266958,0.091077,-0.048992
0.711899,3.756732,0.772372,0.047495,-0.037680,0.971954,0.227224,-0.315384,0.097074,0.068753,1.135548,-0.241977,-0.023531,0.074338,0.094272,-0.052840,0.211221,-0.188541,-0.013438,0.195340,0.114283,0.231974,0.033176,0.220061,-0.489835,1.070296,-0.133462,0.145776,0.104114,-0.152606,-0.257997,0.479473,1.198308,-0.291690,0.100551,-0.038355
0.684983,3.766359,0.771669,0.044745,-0.036611,0.970907,0.232373,-0.347308,0.129278,0.141287,0.946096,-0.218750,-0.021048,0.127308,0.090262,-0.042397,0.177362,-0.211034,-0.005345,0.213863,0.119941,0.229798,0.053144,0.214112,-0.478064,1.067999,-0.130490,0.143768,0.091079,-0.188129,-0.260999,0.471849,1.190401,-0.300220,0.102196,-0.038874
0.657358,3.775624,0.768539,0.041979,-0.039557,0.969855,0.236760,-0.354652,0.134384,0.178763,0.707580,-0.156446,-0.061793,0.181015,0.094141,-0.031406,0.149382,-0.235565,-0.003926,0.227988,0.133229,0.226876,0.073828,0.205815,-0.461617,1.066663,-0.127396,0.144138,0.079040,-0.218323,-0.262764,0.455126,1.173880,-0.279761,0.095724,-0.052087
0.628154,3.784917,0.762952,0.042977,-0.047680,0.968846,0.239201,-0.324529,0.135023,0.189241,0.432192,-0.092952,-0.116091,0.246583,0.104561,-0.025498,0.125492,-0.264808,0.003442,0.236021,0.154835,0.226995,0.097131,0.196178,-0.445281,1.068649,-0.129362,0.147579,0.079937,-0.240643,-0.262676,0.437777,1.155353,-0.263429,0.081812,-0.058982
0.598029,3.793963,0.756055,0.041586,-0.056297,0.968520,0.238892,-0.298550,0.145343,0.200141,0.186508,-0.016718,-0.117247,0.297762,0.115469,-0.023858,0.124997,-0.299828,0.015422,0.240643,0.175032,0.220114,0.117261,0.188067,-0.433291,1.072540,-0.128619,0.151798,0.073702,-0.257740,-0.261128,0.422240,1.137224,-0.249921,0.071580,-0.058339
0.566268,3.802529,0.749527,0.037679,-0.063443,0.968166,0.239185,-0.329307,0.171919,0.225467,0.113594,-0.046743,-0.082160,0.343055,0.121611,-0.020073,0.126468,-0.320996,0.028893,0.249439,0.190651,0.205279,0.134929,0.182720,-0.424732,1.074407,-0.124789,0.156541,0.063875,-0.266977,-0.259609,0.408435,1.123218,-0.236739,0.065536,-0.054111
0.533027,3.810486,0.744379,0.035719,-0.068930,0.966991,0.242696,-0.344341,0.201482,0.296340,0.114730,-0.088958,-0.103832,0.390558,0.119218,-0.004751,0.129358,-0.321228,0.045231,0.263866,0.202348,0.192317,0.147485,0.177437,-0.416963,1.077348,-0.121497,0.162731,0.048028,-0.270655,-0.256973,0.394577,1.122087,-0.232008,0.058528,-0.054641
0.498685,3.816960,0.743424,0.031713,-0.057940,0.969307,0.236814,-0.331383,0.170059,0.321304,0.113234,-0.015514,-0.061928,0.401747,0.079057,-0.009133,0.182118,-0.322847,0.080082,0.264011,0.179607,0.177852,0.149415,0.172722,-0.411897,1.081938,-0.113903,0.172153,0.037691,-0.263640,-0.252116,0.369747,1.128016,-0.243024,0.057309,-0.062942
0.462161,3.822345,0.744689,0.026561,-0.035768,0.972734,0.227603,-0.342840,0.116141,0.355386,0.174576,0.103920,0.022947,0.376850,0.013092,-0.014323,0.296926,-0.324811,0.129197,0.261138,0.133568,0.158438,0.147796,0.169518,-0.406189,1.085849,-0.102360,0.181789,0.032557,-0.242853,-0.246803,0.338480,1.133589,-0.263779,0.065299,-0.066364
0.423921,3.826578,0.747294,0.022872,-0.017101,0.975643,0.217496,-0.380798,0.067977,0.352089,0.314318,0.066663,0.134056,0.343996,-0.043552,-0.006808,0.432124,-0.279327,0.178809,0.258941,0.093047,0.138074,0.144645,0.167177,-0.396566,1.091540,-0.105422,0.186588,0.039987,-0.209635,-0.243434,0.309001,1.141892,-0.262852,0.067499,-0.067559
0.387640,3.831594,0.751541,0.025806,-0.010692,0.978527,0.204216,-0.359155,0.031457,0.335073,0.383111,-0.007076,0.144631,0.300851,-0.064214,0.007733,0.606695,-0.180094,0.220686,0.252185,0.073789,0.135408,0.124808,0.169342,-0.401575,1.110501,-0.128638,0.177413,0.060516,-0.176259,-0.236303,0.284201,1.161448,-0.243701,0.064695,-0.074124
0.353040,3.836269,0.755840,0.031331,-0.008845,0.981951,0.186314,-0.306900,-0.008319,0.309293,0.397428,-0.062328,0.148344,0.232887,-0.067826,0.022645,0.820143,-0.066522,0.235529,0.233510,0.062213,0.141527,0.101078,0.174087,-0.400004,1.114348,-0.116960,0.187174,0.075486,-0.147547,-0.229251,0.262241,1.176414,-0.264636,0.078295,-0.052935
0.320049,3.839891,0.759179,0.036649,-0.005035,0.984818,0.169602,-0.239439,-0.053530,0.285960,0.374417,-0.101907,0.155934,0.133256,-0.068298,0.048857,1.047373,0.057874,0.218226,0.213707,0.047538,0.149551,0.075546,0.181105,-0.399500,1.096699,-0.107650,0.198399,0.081390,-0.123940,-0.228131,0.248983,1.179199,-0.295620,0.093067,-0.012413
0.288813,3.842817,0.761557,0.042706,-0.000096,0.987354,0.152668,-0.166065,-0.100168,0.257760,0.335973,-0.126714,0.162314,0.035516,-0.071800,0.070683,1.219069,0.136130,0.219445,0.192153,0.033444,0.162388,0.048085,0.191451,-0.402007,1.075125,-0.121307,0.171933,0.074112,-0.103744,-0.233298,0.242205,1.180464,-0.281176,0.087121,0.005303
0.259076,3.845577,0.763586,0.051615,0.002375,0.989573,0.134447,-0.080417,-0.139653,0.220448,0.285821,-0.142021,0.161590,-0.044052,-0.074641,0.087128,1.324297,0.054444,0.210511,0.165520,0.026180,0.183594,0.017031,0.202604,-0.411922,1.062448,-0.143109,0.125310,0.072244,-0.086897,-0.237018,0.227446,1.185396,-0.255591,0.075227,-0.011707
0.229979,3.848173,0.765823,0.062070,0.000600,0.991487,0.114455,0.014768,-0.165819,0.172573,0.228344,-0.151600,0.158697,-0.117179,-0.091690,0.078457,1.366051,-0.012410,0.178377,0.136089,0.027751,0.207337,-0.019566,0.213558,-0.435264,1.056712,-0.152165,0.106815,0.084393,-0.069099,-0.235820,0.207525,1.191454,-0.244232,0.074121,-0.051980
0.202171,3.850737,0.767336,0.069164,-0.002460,0.993170,0.093933,0.100260,-0.180182,0.120366,0.175516,-0.159186,0.152464,-0.193225,-0.114747,0.058981,1.352924,-0.086757,0.113203,0.109667,0.031410,0.226935,-0.058677,0.221879,-0.452741,1.046370,-0.128916,0.122862,0.098809,-0.053514,-0.232371,0.194683,1.194447,-0.239643,0.087135,-0.089650
0.175267,3.853238,0.767872,0.070146,-0.005662,0.994851,0.072936,0.164792,-0.184984,0.073112,0.134802,-0.169161,0.143850,-0.269096,-0.140990,0.025930,1.282957,-0.174690,0.035078,0.086796,0.034431,0.237005,-0.099622,0.229355,-0.472548,1.036117,-0.095607,0.137724,0.107593,-0.037423,-0.229414,0.192658,1.188484,-0.241322,0.099615,-0.101754
0.149089,3.855768,0.767704,0.068473,-0.008453,0.996418,0.048905,0.200575,-0.183079,0.030090,0.140895,-0.195990,0.137409,-0.326996,-0.158527,-0.017278,1.154371,-0.226785,-0.027674,0.064573,0.035407,0.245173,-0.141914,0.237166,-0.495889,1.029633,-0.075732,0.129473,0.110541,-0.018065,-0.226825,0.201140,1.175814,-0.239858,0.093710,-0.097686
0.122976,3.858248,0.766712,0.064936,-0.008650,0.997509,0.026173,0.229647,-0.184722,-0.011712,0.150408,-0.217767,0.137337,-0.363131,-0.160803,-0.055886,0.970259,-0.216560,-0.045654,0.047797,0.030879,0.251352,-0.179624,0.244919,-0.519166,1.021759,-0.073554,0.120464,0.110044,0.001466,-0.222617,0.214595,1.161959,-0.237323,0.080839,-0.084971
0.095870,3.860197,0.764675,0.062164,-0.005203,0.998024,0.007489,0.263337,-0.192839,-0.043513,0.156908,-0.237720,0.143925,-0.371602,-0.142118,-0.071361,0.734778,-0.151226,-0.013058,0.038601,0.020839,0.257232,-0.208068,0.249083,-0.535899,1.017123,-0.079759,0.113472,0.105364,0.020332,-0.215519,0.225435,1.153030,-0.236349,0.070155,-0.075616
0.067067,3.861106,0.760878,-0.059391,-0.003214,-0.998200,0.007643,0.303363,-0.211727,-0.073004,0.154718,-0.246408,0.151580,-0.356371,-0.124119,-0.085591,0.463653,-0.043717,0.050994,0.034967,0.003163,0.258722,-0.223252,0.248207,-0.543322,1.013011,-0.076703,0.113875,0.097771,0.038146,-0.205708,0.231498,1.152214,-0.235804,0.067905,-0.068083
0.036562,3.861451,0.755538,-0.056845,-0.016605,-0.997968,0.023533,0.358974,-0.238049,-0.112178,0.128338,-0.234880,0.147296,-0.309297,-0.112614,-0.104124,0.161338,0.093235,0.168175,0.027287,-0.024343,0.256823,-0.225880,0.244761,-0.547504,1.009567,-0.070354,0.116051,0.093136,0.053942,-0.193459,0.233841,1.159935,-0.238345,0.067544,-0.060616
0.004668,3.862444,0.749797,-0.056589,-0.033266,-0.997008,0.040825,0.413754,-0.266119,-0.156532,0.120438,-0.225209,0.138377,-0.346246,-0.112442,-0.068570,0.103925,0.059302,0.261800,0.014204,-0.059950,0.260648,-0.218765,0.244831,-0.552719,1.004220,-0.069537,0.117078,0.093115,0.066193,-0.179803,0.233654,1.168504,-0.246552,0.068449,-0.050703
-0.028156,3.862903,0.746440,-0.055058,-0.039557,-0.996386,0.051168,0.461158,-0.269198,-0.187887,0.118834,-0.207748,0.119258,-0.365379,-0.095949,-0.050160,0.106650,-0.030221,0.261800,0.010273,-0.072497,0.260795,-0.201914,0.246842,-0.560404,1.001209,-0.064830,0.112603,0.091170,0.072243,-0.169051,0.239026,1.180579,-0.250544,0.071684,-0.041159
-0.062463,3.861879,0.745827,-0.050338,-0.037021,-0.996572,0.054227,0.497983,-0.254870,-0.204403,0.117533,-0.172345,0.089502,-0.340707,-0.067459,-0.049835,0.107417,0.011449,0.244346,0.017390,-0.065439,0.248351,-0.171395,0.249198,-0.567291,1.001205,-0.065151,0.111352,0.087573,0.075138,-0.161166,0.247648,1.195274,-0.256337,0.075352,-0.023839
-0.098401,3.861500,0.748697,-0.041642,-0.016936,-0.997417,0.056016,0.474063,-0.208807,-0.204237,0.214704,-0.163452,0.026991,-0.323892,0.004714,-0.009384,0.110476,0.112239,0.096704,0.029379,-0.021887,0.227722,-0.136362,0.251618,-0.568386,1.002652,-0.057420,0.114155,0.080662,0.079534,-0.156190,0.241703,1.195063,-0.275758,0.085149,-0.004767
-0.135714,3.860455,0.751753,-0.037290,0.000221,-0.997004,0.067768,0.427763,-0.175072,-0.238217,0.372543,-0.129070,-0.076633,-0.338851,0.032276,-0.049858,0.217717,0.148988,0.046209,0.028840,0.018284,0.207743,-0.098745,0.252690,-0.575915,1.016617,-0.063696,0.118300,0.079954,0.087335,-0.156051,0.233869,1.195350,-0.264196,0.088138,0.002896
-0.171369,3.857981,0.755680,-0.036686,0.014057,-0.996246,0.077143,0.365376,-0.168879,-0.286523,0.564454,-0.058721,-0.220279,-0.334827,0.056303,-0.071223,0.315301,0.071241,0.005056,0.032244,0.055736,0.198052,-0.055916,0.247249,-0.563579,1.038573,-0.070303,0.119923,0.093292,0.078742,-0.165785,0.256336,1.215296,-0.232471,0.079587,-0.013197
-0.203041,3.853222,0.759758,-0.039345,0.014407,-0.995695,0.082676,0.283323,-0.208523,-0.302101,0.774884,0.063472,-0.261800,-0.302285,0.051595,-0.077275,0.370304,-0.008162,0.011150,0.049328,0.070391,0.206628,-0.023210,0.234567,-0.532362,1.056356,-0.054332,0.144212,0.105686,0.056661,-0.181747,0.279185,1.228557,-0.260687,0.091065,-0.024944
-0.232853,3.849532,0.764541,-0.042301,0.017402,-0.994623,0.092916,0.161273,-0.246808,-0.320441,1.017091,0.148406,-0.261800,-0.234811,0.051477,-0.098363,0.351954,-0.057609,0.020685,0.069960,0.089342,0.217839,-0.010559,0.225552,-0.524335,1.065930,-0.060750,0.182374,0.109754,0.034473,-0.200795,0.301914,1.225187,-0.287324,0.112404,-0.036343
-0.260998,3.845836,0.769086,-0.044559,0.021496,-0.993591,0.101635,0.037860,-0.214512,-0.270065,1.185650,0.075112,-0.261800,-0.157290,0.059163,-0.112937,0.300056,-0.082323,0.039015,0.100096,0.111137,0.225900,-0.002948,0.222760,-0.528414,1.066760,-0.062039,0.195007,0.098084,0.011576,-0.226361,0.332642,1.218291,-0.280873,0.111706,-0.049160
-0.288541,3.841682,0.773506,-0.045479,0.022113,-0.993279,0.104109,-0.084092,-0.156157,-0.202181,1.279963,-0.017452,-0.261800,-0.077371,0.065743,-0.111460,0.231222,-0.094186,0.059670,0.139074,0.126223,0.230041,0.014013,0.220237,-0.516612,1.059052,-0.050411,0.177104,0.082106,-0.017416,-0.257069,0.369004,1.223784,-0.261020,0.089376,-0.066021
-0.315420,3.835965,0.777105,-0.046275,0.017704,-0.993512,0.102370,-0.189366,-0.068287,-0.096404,1.297766,-0.099152,-0.187366,-0.007665,0.060192,-0.101944,0.181634,-0.111560,0.070380,0.176693,0.132438,0.235370,0.039160,0.214501,-0.487828,1.042982,-0.066923,0.156501,0.078985,-0.058820,-0.287018,0.404314,1.243226,-0.260494,0.081314,-0.073061
-0.341677,3.829188,0.779106,-0.044663,0.014083,-0.994016,0.098684,-0.269817,0.017671,0.012749,1.244611,-0.174630,-0.087963,0.052474,0.053255,-0.089548,0.136597,-0.127870,0.082514,0.207969,0.137839,0.236624,0.068739,0.204632,-0.458737,1.023519,-0.076632,0.147279,0.093586,-0.110143,-0.310597,0.416982,1.261268,-0.288265,0.103795,-0.063603
-0.367637,3.821907,0.779407,-0.040657,0.011621,-0.994678,0.093960,-0.325878,0.073184,0.100610,1.120237,-0.212397,-0.048121,0.091908,0.045600,-0.078846,0.121621,-0.158697,0.087469,0.232862,0.141628,0.235042,0.097116,0.191832,-0.421824,1.003710,-0.082863,0.149849,0.095389,-0.165288,-0.327271,0.401751,1.268563,-0.322223,0.130093,-0.056422
-0.393502,3.814435,0.778059,-0.037087,0.011764,-0.995210,0.089683,-0.355574,0.095763,0.158200,0.928440,-0.192806,-0.053505,0.124848,0.042495,-0.072313,0.121220,-0.194783,0.081955,0.252510,0.147777,0.235156,0.116399,0.178954,-0.400712,1.000610,-0.095608,0.141444,0.102969,-0.217063,-0.338119,0.367454,1.260477,-0.325507,0.138525,-0.072790
-0.420323,3.806141,0.774613,-0.036101,0.015004,-0.995239,0.089276,-0.356111,0.091223,0.174533,0.678627,-0.129483,-0.087367,0.165693,0.044986,-0.074679,0.121240,-0.231012,0.075800,0.261740,0.158397,0.236158,0.130346,0.166531,-0.393259,1.009615,-0.102290,0.143117,0.107211,-0.258985,-0.344626,0.334880,1.238148,-0.290638,0.124672,-0.100875
-0.448400,3.796698,0.768741,-0.039847,0.023237,-0.994834,0.090433,-0.318381,0.088436,0.166592,0.379150,-0.046977,-0.130826,0.218716,0.058706,-0.078824,0.122065,-0.266793,0.075038,0.266082,0.179071,0.237642,0.142227,0.155075,-0.395242,1.027319,-0.101102,0.149984,0.100758,-0.288252,-0.346665,0.309463,1.204657,-0.250062,0.101727,-0.122829
-0.476822,3.785691,0.762002,-0.041403,0.034149,-0.994475,0.090218,-0.287156,0.102034,0.160978,0.113800,0.050984,-0.137363,0.266861,0.075910,-0.079829,0.122254,-0.295306,0.077515,0.272040,0.202872,0.232210,0.149777,0.144406,-0.406273,1.045089,-0.093954,0.163980,0.081490,-0.309506,-0.346968,0.295828,1.164841,-0.221756,0.079418,-0.126366
-0.506589,3.773152,0.755459,-0.040521,0.044498,-0.994261,0.088453,-0.346613,0.139763,0.186287,0.112538,-0.052096,-0.094049,0.310482,0.088477,-0.074341,0.123821,-0.312746,0.083907,0.280900,0.221695,0.220090,0.158540,0.135990,-0.415807,1.052497,-0.086896,0.177607,0.058358,-0.320807,-0.345471,0.289845,1.130529,-0.188317,0.051185,-0.116950
-0.537033,3.759290,0.750194,-0.040871,0.050692,-0.994038,0.087457,-0.350887,0.167692,0.286111,0.113510,-0.091325,-0.121211,0.357536,0.088598,-0.063251,0.127890,-0.312392,0.099197,0.286973,0.231632,0.211728,0.163215,0.127102,-0.424315,1.062796,-0.081688,0.171838,0.037562,-0.324839,-0.338801,0.280649,1.117464,-0.166589,0.021101,-0.101099
-0.567762,3.744174,0.749847,-0.033173,0.036573,-0.993957,0.098038,-0.327227,0.124430,0.341765,0.111855,0.018270,-0.028498,0.366519,0.037539,-0.075445,0.189281,-0.316013,0.134823,0.271087,0.193254,0.207480,0.156201,0.122468,-0.434841,1.076935,-0.091506,0.159433,0.030863,-0.318406,-0.321214,0.249491,1.112835,-0.178532,0.016209,-0.087334
-0.600247,3.726701,0.751884,-0.022985,0.014945,-0.994043,0.105486,-0.340796,0.073370,0.383018,0.187927,0.122673,0.085416,0.333099,-0.036552,-0.072782,0.332502,-0.318484,0.182035,0.259868,0.134114,0.195753,0.152415,0.121183,-0.435047,1.085355,-0.088963,0.161422,0.031436,-0.293529,-0.297443,0.219880,1.108900,-0.196538,0.032215,-0.085479
-0.632963,3.708889,0.756159,-0.017793,0.001469,-0.993246,0.114647,-0.341921,0.028736,0.371530,0.280632,0.048171,0.146217,0.292421,-0.083719,-0.057311,0.494373,-0.255299,0.211740,0.247449,0.090105,0.181062,0.136384,0.125231,-0.453562,1.112681,-0.116649,0.154646,0.048694,-0.252817,-0.269580,0.198606,1.118650,-0.193801,0.034630,-0.102544
-0.664535,3.692470,0.761583,-0.020085,-0.002310,-0.991022,0.132163,-0.293521,-0.008890,0.341970,0.294293,-0.002234,0.132334,0.241894,-0.099194,-0.051105,0.682828,-0.147616,0.238048,0.220453,0.067182,0.172661,0.112165,0.134402,-0.467965,1.143025,-0.116349,0.155224,0.061718,-0.202661,-0.239071,0.178660,1.135931,-0.197165,0.031553,-0.111604
-0.694614,3.675962,0.766278,-0.026152,-0.003663,-0.987995,0.152209,-0.216314,-0.047801,0.303585,0.259642,-0.038820,0.108889,0.169481,-0.107087,-0.045678,0.900902,-0.040121,0.208015,0.184785,0.051767,0.172255,0.094799,0.145688,-0.460398,1.135123,-0.098879,0.175539,0.075949,-0.151744,-0.218032,0.182661,1.143030,-0.224706,0.046193,-0.083475
-0.722680,3.660082,0.769158,-0.031410,-0.007291,-0.984997,0.169530,-0.124550,-0.088191,0.269377,0.189650,-0.057915,0.078063,0.069328,-0.113793,-0.022915,1.110562,0.094999,0.173669,0.153632,0.032429,0.178878,0.074737,0.162628,-0.460717,1.113290,-0.130594,0.158132,0.084194,-0.106037,-0.211959,0.229439,1.145935,-0.212869,0.050947,-0.046237
-0.749448,3.644769,0.770645,-0.037359,-0.011129,-0.981868,0.185513,-0.030893,-0.122427,0.233159,0.118253,-0.071064,0.050881,-0.013843,-0.100977,0.016832,1.245278,0.077064,0.159348,0.125144,0.015745,0.190413,0.053280,0.184735,-0.471073,1.103619,-0.181016,0.087498,0.079151,-0.061596,-0.213346,0.287848,1.148763,-0.218922,0.044764,-0.021745
-0.775193,3.629954,0.771095,-0.046478,-0.011905,-0.978270,0.201707,0.036003,-0.135927,0.194361,0.116058,-0.116749,0.027194,-0.093879,-0.100556,0.030069,1.327824,-0.006061,0.099349,0.094721,0.008463,0.209376,0.029687,0.206788,-0.480739,1.098107,-0.227896,0.041755,0.080042,-0.020270,-0.212926,0.337448,1.159815,-0.233004,0.041687,-0.029371
-0.800133,3.615879,0.771191,-0.053975,-0.010310,-0.974416,0.217933,0.095230,-0.140497,0.155912,0.117519,-0.157634,0.008687,-0.174906,-0.141492,-0.003381,1.354302,-0.097250,0.002392,0.065304,0.005487,0.224215,0.000047,0.225581,-0.498053,1.103305,-0.261944,0.049156,0.098078,0.019450,-0.205626,0.365703,1.179317,-0.254452,0.058186,-0.050759
-0.824877,3.602638,0.771392,-0.057334,-0.008256,-0.969555,0.237922,0.144044,-0.141631,0.111532,0.118677,-0.188330,-0.006802,-0.247364,-0.188395,-0.056895,1.315747,-0.199460,-0.104658,0.035508,0.000148,0.230580,-0.034963,0.242233,-0.519433,1.119571,-0.242344,0.076114,0.107180,0.062179,-0.191375,0.370047,1.192664,-0.279747,0.087263,-0.062382
-0.848300,3.590202,0.771726,-0.058977,-0.006599,-0.963639,0.260534,0.186229,-0.140653,0.066878,0.119594,-0.207303,-0.011907,-0.300063,-0.205427,-0.099762,1.202642,-0.261779,-0.147604,0.006606,-0.006559,0.238289,-0.074653,0.258238,-0.551982,1.136838,-0.219826,0.091773,0.106734,0.101583,-0.173715,0.349250,1.198319,-0.297874,0.103428,-0.046499
-0.872547,3.577722,0.771840,-0.057554,-0.006512,-0.956558,0.285729,0.223282,-0.141275,0.021150,0.120597,-0.217720,-0.000645,-0.333694,-0.185190,-0.110573,1.023311,-0.246026,-0.110666,-0.022058,-0.017935,0.239671,-0.108563,0.274341,-0.583228,1.145060,-0.205169,0.095967,0.097380,0.142481,-0.152956,0.311979,1.199643,-0.294191,0.099323,-0.023741
-0.897011,3.564196,0.770647,-0.055745,-0.008479,-0.951266,0.303172,0.262048,-0.144393,-0.008826,0.121678,-0.229114,0.013628,-0.353588,-0.139539,-0.080357,0.807576,-0.186824,-0.060750,-0.033000,-0.028871,0.238179,-0.132306,0.286481,-0.608163,1.142121,-0.197229,0.096962,0.087000,0.178384,-0.133097,0.275102,1.202447,-0.274352,0.094714,-0.010416
-0.921928,3.549137,0.767521,-0.053594,-0.013153,-0.947501,0.314954,0.304747,-0.152406,-0.030525,0.122143,-0.241946,0.015895,-0.350791,-0.100315,-0.045297,0.561499,-0.107359,0.002568,-0.032904,-0.040101,0.234439,-0.145556,0.292020,-0.617372,1.130175,-0.183809,0.099268,0.079403,0.206052,-0.118254,0.246370,1.209364,-0.263928,0.094349,0.003091
-0.947923,3.532675,0.762629,-0.049706,-0.022004,-0.943665,0.326406,0.350032,-0.169162,-0.058822,0.121680,-0.249625,0.007647,-0.329675,-0.089198,-0.044481,0.307527,-0.011131,0.069940,-0.031437,-0.058001,0.225859,-0.148833,0.292769,-0.618441,1.115354,-0.170494,0.100315,0.077054,0.226267,-0.110171,0.240969,1.219432,-0.259391,0.094432,0.011670
-0.974990,3.515504,0.756498,-0.043823,-0.036434,-0.938094,0.341660,0.397547,-0.195410,-0.103341,0.119942,-0.247724,-0.005332,-0.313850,-0.106700,-0.073488,0.110110,0.049627,0.160905,-0.035761,-0.086538,0.218591,-0.147994,0.292630,-0.615455,1.102368,-0.164957,0.097782,0.065769,0.237952,-0.107420,0.243787,1.226726,-0.271304,0.096954,0.022583
-1.003044,3.498340,0.751181,-0.038960,-0.048183,-0.932975,0.354568,0.445821,-0.210767,-0.146415,0.118385,-0.237037,-0.010000,-0.357410,-0.129516,-0.119817,0.109134,-0.030786,0.199785,-0.034873,-0.108855,0.216133,-0.148073,0.293664,-0.617743,1.094004,-0.156583,0.104132,0.057701,0.235387,-0.106515,0.249311,1.231419,-0.279819,0.103991,0.030262
-1.032219,3.479858,0.747285,-0.037626,-0.053341,-0.930475,0.360494,0.497215,-0.210030,-0.172836,0.117412,-0.211335,-0.007487,-0.348545,-0.130908,-0.165696,0.110610,-0.056287,0.186917,-0.021046,-0.114634,0.214549,-0.139152,0.295497,-0.621449,1.083820,-0.130583,0.128273,0.053000,0.222358,-0.110988,0.261789,1.238594,-0.274388,0.106684,0.034127
-1.061975,3.460620,0.748096,-0.037190,-0.040295,-0.931945,0.358430,0.527773,-0.173916,-0.171824,0.126750,-0.171209,-0.018336,-0.325186,-0.074202,-0.129292,0.112220,0.042175,0.075513,0.004450,-0.079755,0.206195,-0.123663,0.295502,-0.626618,1.070611,-0.100528,0.158880,0.066682,0.196776,-0.124519,0.274242,1.240760,-0.273493,0.107351,0.027682
-1.092932,3.441250,0.749936,-0.039512,-0.021515,-0.931048,0.362113,0.480706,-0.133163,-0.178078,0.296070,-0.172029,-0.062976,-0.341250,-0.029946,-0.135915,0.206924,0.115638,0.026672,0.022492,-0.031659,0.193623,-0.108494,0.292918,-0.640100,1.069476,-0.078450,0.189751,0.089608,0.168697,-0.138700,0.280199,1.239613,-0.266481,0.110348,0.004424
-1.122274,3.420304,0.753436,-0.045501,-0.007473,-0.930056,0.364513,0.434256,-0.108605,-0.190979,0.469880,-0.109036,-0.147972,-0.321738,-0.003911,-0.161419,0.280992,0.085415,0.044503,0.033371,0.015360,0.184426,-0.072406,0.281395,-0.631031,1.077813,-0.066099,0.200318,0.130944,0.122358,-0.161708,0.315591,1.262801,-0.239518,0.102616,-0.035299
-1.149061,3.400309,0.757815,-0.049267,-0.001032,-0.930842,0.362085,0.359719,-0.115391,-0.197831,0.676386,-0.009199,-0.261800,-0.292691,0.019988,-0.157370,0.329337,0.024726,0.024471,0.051197,0.045635,0.182509,-0.031424,0.263612,-0.590330,1.078908,-0.029120,0.218554,0.165926,0.063929,-0.187582,0.345987,1.273102,-0.271229,0.114579,-0.053733
-1.173228,3.381145,0.762348,-0.049999,-0.002348,-0.930378,0.363168,0.249601,-0.135770,-0.177458,0.908541,0.095472,-0.261800,-0.249334,0.020230,-0.157275,0.348575,-0.036117,0.028598,0.068448,0.057060,0.187849,-0.006562,0.250110,-0.559887,1.064158,-0.020090,0.254716,0.169925,0.008862,-0.212405,0.347245,1.243370,-0.308326,0.142573,-0.062154
-1.195501,3.363597,0.766314,-0.051333,0.001697,-0.929010,0.366473,0.131975,-0.148552,-0.180327,1.106577,0.070344,-0.261800,-0.190144,0.031790,-0.166300,0.319674,-0.065755,0.045817,0.088853,0.079556,0.193194,-0.000667,0.245725,-0.563471,1.051944,-0.054391,0.257641,0.143146,-0.034639,-0.240967,0.327200,1.188196,-0.300250,0.134456,-0.091977
-1.216304,3.345949,0.770185,-0.054994,0.004622,-0.929008,0.365920,0.023010,-0.152789,-0.177771,1.237881,-0.016693,-0.261800,-0.114264,0.047350,-0.165122,0.261853,-0.079749,0.076360,0.117252,0.104843,0.201933,0.006732,0.242700,-0.566843,1.041280,-0.054174,0.237286,0.098806,-0.071042,-0.276328,0.316319,1.141065,-0.224075,0.074586,-0.141952
-1.235921,3.328324,0.774172,-0.058075,0.003935,-0.930751,0.360991,-0.079206,-0.119756,-0.136131,1.296015,-0.094211,-0.261800,-0.030628,0.057716,-0.152557,0.185839,-0.082175,0.105059,0.149342,0.124678,0.212262,0.023773,0.234071,-0.549208,1.026222,-0.035951,0.214961,0.077773,-0.112342,-0.311774,0.311293,1.118996,-0.159458,0.015424,-0.169645
-1.254215,3.310150,0.777225,-0.059368,-0.001646,-0.932809,0.355443,-0.164932,-0.039301,-0.032176,1.278610,-0.173366,-0.155645,0.046810,0.051664,-0.135709,0.121067,-0.089509,0.137579,0.175262,0.132462,0.224433,0.045553,0.220702,-0.521344,1.007226,-0.034812,0.212618,0.090178,-0.166062,-0.338300,0.313464,1.114570,-0.152425,0.021641,-0.165448
-1.271688,3.292176,0.779121,-0.057823,-0.006297,-0.935373,0.348846,-0.229704,0.039192,0.074640,1.195827,-0.228365,-0.068631,0.086230,0.038997,-0.119663,0.119025,-0.125885,0.164725,0.196695,0.135007,0.233342,0.066315,0.207653,-0.497009,0.989777,-0.046483,0.213116,0.114114,-0.227745,-0.354390,0.322779,1.120203,-0.184348,0.059852,-0.143632
-1.288580,3.274169,0.779235,-0.053360,-0.008573,-0.937987,0.342431,-0.279859,0.084750,0.153430,1.054013,-0.223588,-0.039080,0.115691,0.028432,-0.107129,0.118681,-0.163953,0.169512,0.214210,0.134902,0.236424,0.083139,0.197878,-0.483657,0.980606,-0.060180,0.202374,0.127601,-0.285110,-0.363781,0.337231,1.126333,-0.213921,0.083043,-0.122838
-1.305486,3.255668,0.777648,-0.050827,-0.005898,-0.939527,0.338631,-0.317249,0.095210,0.174344,0.869622,-0.175037,-0.036388,0.145103,0.029893,-0.100463,0.120003,-0.196966,0.137633,0.224776,0.142783,0.238277,0.093769,0.191324,-0.482539,0.979900,-0.056807,0.193626,0.123770,-0.329468,-0.368685,0.345922,1.125680,-0.233787,0.080597,-0.111518
-1.323346,3.236102,0.774244,-0.052826,0.002812,-0.938955,0.339949,-0.325318,0.093519,0.149282,0.631284,-0.122931,-0.078694,0.181981,0.048899,-0.104527,0.121876,-0.223603,0.071082,0.226807,0.161787,0.238067,0.098321,0.187804,-0.488709,0.989681,-0.055089,0.193283,0.106130,-0.353127,-0.368157,0.346032,1.111143,-0.234017,0.075022,-0.114741
-1.342427,3.214647,0.768311,-0.057912,0.009625,-0.936201,0.346527,-0.291130,0.085143,0.112656,0.334769,-0.050323,-0.131809,0.234317,0.063846,-0.115711,0.122561,-0.265765,0.052040,0.221816,0.177113,0.237245,0.100454,0.187569,-0.504197,1.012662,-0.056773,0.192442,0.086008,-0.355482,-0.360185,0.334056,1.091413,-0.227710,0.068900,-0.119951
-1.361961,3.191406,0.760818,-0.061570,0.018578,-0.933590,0.352526,-0.281537,0.095492,0.088769,0.112900,-0.017560,-0.149279,0.284019,0.080211,-0.123919,0.123440,-0.307907,0.052681,0.222742,0.193604,0.227665,0.103113,0.188123,-0.517836,1.034604,-0.053281,0.196765,0.074230,-0.342878,-0.348933,0.319226,1.073437,-0.220950,0.060944,-0.119391
-1.381445,3.166378,0.753352,-0.064386,0.024451,-0.932130,0.355515,-0.342164,0.117821,0.128692,0.113332,-0.107726,-0.159330,0.334783,0.086899,-0.126772,0.126088,-0.341364,0.057800,0.232227,0.204956,0.219356,0.109252,0.186226,-0.514723,1.043506,-0.040455,0.208378,0.068754,-0.320002,-0.338047,0.306934,1.062149,-0.215841,0.053101,-0.110113
-1.400504,3.140424,0.747926,-0.066809,0.023942,-0.929859,0.361006,-0.348845,0.122171,0.182501,0.113461,-0.116834,-0.162441,0.390018,0.077757,-0.134463,0.129766,-0.353152,0.071646,0.235725,0.204986,0.217979,0.114920,0.183223,-0.508059,1.046523,-0.041158,0.214020,0.072129,-0.294632,-0.323329,0.299800,1.070185,-0.209993,0.047062,-0.097656
-1.418981,3.113169,0.746151,-0.062720,0.015204,-0.926323,0.371161,-0.319088,0.091232,0.196832,0.111733,-0.027539,-0.091009,0.423247,0.042202,-0.150638,0.167444,-0.350715,0.096819,0.229362,0.183088,0.215262,0.119741,0.180354,-0.506560,1.051253,-0.057299,0.204430,0.084799,-0.267029,-0.304591,0.295998,1.098906,-0.204072,0.046952,-0.081646
-1.437345,3.083053,0.747149,-0.049520,0.001031,-0.926671,0.372595,-0.303857,0.058332,0.282338,0.138361,0.112503,-0.026183,0.385144,-0.027255,-0.146760,0.322019,-0.369828,0.129189,0.234181,0.141273,0.199466,0.134985,0.173369,-0.498667,1.050592,-0.060280,0.199299,0.101698,-0.237768,-0.286613,0.304838,1.136797,-0.201350,0.057844,-0.045875
-1.455503,3.050767,0.749669,-0.034919,-0.016131,-0.927491,0.371862,-0.348174,0.015659,0.307538,0.292862,0.089817,0.120242,0.332761,-0.106595,-0.129085,0.498808,-0.342509,0.158549,0.233343,0.089940,0.180277,0.156496,0.163386,-0.487289,1.052873,-0.073328,0.196290,0.112512,-0.204499,-0.266644,0.308628,1.173366,-0.214968,0.075707,-0.001270
-1.473391,3.019559,0.753405,-0.034095,-0.023252,-0.924062,0.380009,-0.321574,-0.017435,0.298839,0.357818,0.006807,0.119422,0.288523,-0.142397,-0.111236,0.677539,-0.242290,0.181642,0.214857,0.065860,0.171006,0.159578,0.159259,-0.506365,1.084923,-0.109523,0.183315,0.110463,-0.158304,-0.242409,0.289189,1.195959,-0.234998,0.092478,0.012721
-1.490813,2.991027,0.757942,-0.039457,-0.023754,-0.918849,0.391912,-0.271647,-0.038175,0.273859,0.378651,-0.053217,0.094742,0.221016,-0.152526,-0.091285,0.881787,-0.116020,0.186029,0.185327,0.055443,0.172505,0.155663,0.161581,-0.519498,1.105877,-0.093998,0.196503,0.089926,-0.106720,-0.218354,0.258852,1.185593,-0.258510,0.106721,0.010927
-1.507175,2.963981,0.761576,-0.043361,-0.025615,-0.914646,0.401106,-0.204663,-0.061886,0.255207,0.357638,-0.098689,0.060283,0.119344,-0.162223,-0.059437,1.100306,0.007915,0.144708,0.156213,0.037660,0.177310,0.158205,0.169593,-0.518452,1.090750,-0.078942,0.224031,0.076310,-0.057872,-0.204801,0.261235,1.151542,-0.267184,0.107021,0.019291
-1.522236,2.938074,0.764874,-0.044670,-0.029875,-0.909939,0.411246,-0.126274,-0.096170,0.233446,0.298397,-0.119318,0.034484,0.020847,-0.158196,-0.014485,1.250645,0.057143,0.150800,0.124568,0.014270,0.183096,0.153719,0.185227,-0.544242,1.081695,-0.127798,0.197745,0.073355,-0.015060,-0.202848,0.290502,1.119844,-0.235587,0.085756,0.013787
-1.536829,2.913043,0.768314,-0.051575,-0.032499,-0.904642,0.421790,-0.030862,-0.120997,0.203713,0.223922,-0.129495,0.014911,-0.057267,-0.112305,0.046967,1.324550,-0.013731,0.154401,0.092923,0.002379,0.197762,0.145196,0.202685,-0.568574,1.085312,-0.146473,0.154482,0.067028,0.025187,-0.203859,0.310392,1.097251,-0.204244,0.055727,-0.006078
-1.551038,2.888879,0.771503,-0.059818,-0.030547,-0.899468,0.431795,0.065413,-0.129392,0.167966,0.142828,-0.132217,-0.012160,-0.135055,-0.087390,0.066427,1.337071,-0.064657,0.126545,0.066650,0.002415,0.211011,0.130775,0.215354,-0.573880,1.091240,-0.131432,0.157498,0.069792,0.061350,-0.200886,0.305187,1.089280,-0.192868,0.047080,-0.036405
-1.564720,2.865387,0.773468,-0.065421,-0.026824,-0.893727,0.443003,0.125475,-0.128461,0.133842,0.120216,-0.158114,-0.028186,-0.211773,-0.092882,0.048717,1.293948,-0.129902,0.056429,0.045236,0.005942,0.219153,0.109668,0.222665,-0.567697,1.096193,-0.124703,0.184960,0.087526,0.093407,-0.193793,0.280038,1.090324,-0.207689,0.064899,-0.053420
-1.577870,2.843183,0.774146,-0.066644,-0.022562,-0.886001,0.458314,0.162963,-0.127703,0.098101,0.118565,-0.186129,-0.028844,-0.278402,-0.111792,0.007181,1.192927,-0.190869,-0.004178,0.025299,0.007305,0.224001,0.079517,0.229674,-0.564237,1.100440,-0.116125,0.198414,0.104501,0.119427,-0.185673,0.260464,1.100050,-0.216956,0.080104,-0.062928
-1.590786,2.822094,0.773693,-0.066218,-0.021207,-0.876271,0.476774,0.197248,-0.131521,0.059543,0.119798,-0.207426,-0.016384,-0.322963,-0.121845,-0.030353,1.037052,-0.202214,-0.024332,0.007258,0.002086,0.233646,0.042117,0.240304,-0.574827,1.103175,-0.110330,0.187965,0.120052,0.138055,-0.175866,0.249425,1.120905,-0.207551,0.082850,-0.064925
-1.603759,2.800427,0.771911,-0.064225,-0.021729,-0.867141,0.493426,0.232157,-0.138878,0.023159,0.120916,-0.229304,-0.008418,-0.347364,-0.110385,-0.042974,0.836987,-0.159090,-0.008332,-0.001218,-0.005436,0.241507,0.003885,0.252813,-0.593148,1.099986,-0.106904,0.176577,0.116993,0.151819,-0.165429,0.246896,1.153389,-0.198612,0.081827,-0.060981
-1.616875,2.777538,0.768402,-0.060059,-0.025013,-0.859205,0.507477,0.268024,-0.151999,-0.008107,0.121796,-0.254255,-0.007475,-0.354538,-0.088411,-0.029271,0.606337,-0.082221,0.028738,-0.002338,-0.016541,0.245085,-0.030145,0.263115,-0.613429,1.093220,-0.090714,0.169816,0.108147,0.162357,-0.155084,0.245685,1.186836,-0.210199,0.090577,-0.045265
-1.630147,2.753214,0.762998,-0.053175,-0.031096,-0.851342,0.520982,0.305019,-0.172675,-0.042092,0.122239,-0.277117,-0.007220,-0.346425,-0.073564,-0.012075,0.359702,0.019548,0.080773,-0.002723,-0.033048,0.243724,-0.055351,0.269542,-0.621800,1.083917,-0.067462,0.162326,0.095469,0.170963,-0.144927,0.238841,1.211524,-0.240931,0.110927,-0.022168
-1.643707,2.727165,0.756419,-0.044418,-0.042581,-0.840708,0.537982,0.348749,-0.203644,-0.085617,0.121663,-0.291187,-0.001952,-0.314918,-0.081895,-0.014767,0.109031,0.133464,0.176696,-0.013320,-0.058660,0.242482,-0.070557,0.272142,-0.619144,1.070945,-0.059564,0.154751,0.089863,0.179618,-0.138619,0.231663,1.222570,-0.262778,0.122232,-0.002459
-1.657914,2.700442,0.750238,-0.036230,-0.056168,-0.827588,0.557343,0.398944,-0.232079,-0.136916,0.120398,-0.292299,0.010028,-0.366602,-0.108091,-0.037656,0.104015,0.050405,0.260626,-0.030349,-0.088571,0.246159,-0.082726,0.275240,-0.615987,1.058341,-0.070691,0.146387,0.091016,0.182594,-0.133444,0.228600,1.221300,-0.260418,0.120778,0.010607
-1.672458,2.672866,0.746594,-0.031572,-0.061320,-0.819538,0.568859,0.445456,-0.237431,-0.168881,0.119807,-0.281272,0.022945,-0.385330,-0.116065,-0.087017,0.106966,-0.020488,0.253405,-0.031955,-0.098687,0.247475,-0.089320,0.278387,-0.612873,1.050034,-0.079044,0.136464,0.093028,0.177146,-0.131014,0.227308,1.214171,-0.249281,0.113888,0.012725
-1.687355,2.643355,0.744642,-0.028553,-0.062134,-0.815150,0.575199,0.489663,-0.232578,-0.189801,0.119217,-0.253635,0.027448,-0.361383,-0.105403,-0.115978,0.107729,-0.000151,0.226781,-0.022853,-0.098546,0.241176,-0.083647,0.281250,-0.611854,1.044175,-0.077849,0.130398,0.096533,0.167204,-0.132314,0.237749,1.209726,-0.231352,0.101372,-0.002358
-1.703019,2.612717,0.747081,-0.027505,-0.048059,-0.814539,0.577459,0.512407,-0.197580,-0.193920,0.123631,-0.206783,0.015826,-0.341659,-0.044632,-0.044532,0.111514,0.069180,0.117746,-0.002798,-0.067614,0.225732,-0.076381,0.282743,-0.608080,1.035324,-0.073441,0.137263,0.094750,0.151295,-0.136116,0.232048,1.196807,-0.239233,0.098812,-0.018764
-1.719112,2.580639,0.750499,-0.031144,-0.031405,-0.810697,0.583793,0.460989,-0.164765,-0.199109,0.290422,-0.203825,-0.020812,-0.351090,-0.000253,-0.032792,0.183903,0.135940,0.082175,0.012947,-0.023396,0.208629,-0.067971,0.281281,-0.615486,1.034829,-0.074872,0.141732,0.095479,0.137049,-0.144778,0.222300,1.183989,-0.231590,0.094925,-0.037364
-1.732846,2.548136,0.754662,-0.038908,-0.020592,-0.807570,0.588126,0.413234,-0.146351,-0.210960,0.463359,-0.139803,-0.100353,-0.335255,0.016162,-0.069371,0.261605,0.106599,0.108271,0.025555,0.021897,0.199482,-0.044117,0.270656,-0.606094,1.040451,-0.071404,0.138726,0.105214,0.104138,-0.165351,0.251551,1.204812,-0.190493,0.078284,-0.067109
-1.744777,2.517848,0.759275,-0.044591,-0.014331,-0.807474,0.588041,0.346025,-0.152317,-0.223463,0.656056,-0.042545,-0.236116,-0.308065,0.037028,-0.074292,0.315179,0.032134,0.090550,0.046645,0.057211,0.198243,-0.016732,0.253174,-0.568228,1.036024,-0.037887,0.157457,0.112325,0.057315,-0.191283,0.284738,1.219013,-0.210858,0.089426,-0.070708
-1.755480,2.489552,0.764298,-0.046742,-0.011959,-0.805864,0.590131,0.237699,-0.178187,-0.225876,0.889746,0.072267,-0.261800,-0.260339,0.044244,-0.082293,0.321457,-0.024824,0.083126,0.067407,0.079513,0.200734,-0.002465,0.239294,-0.545286,1.022757,-0.034608,0.182794,0.111011,0.008789,-0.217757,0.306845,1.208707,-0.251736,0.116997,-0.060404
-1.765253,2.463588,0.768951,-0.048452,-0.008905,-0.803437,0.593348,0.115393,-0.197654,-0.227531,1.095789,0.116218,-0.261800,-0.204358,0.052054,-0.091226,0.298872,-0.062164,0.084297,0.090333,0.099438,0.205896,-0.002827,0.234658,-0.550285,1.015371,-0.054898,0.176578,0.096589,-0.039182,-0.247203,0.326025,1.188961,-0.253096,0.113826,-0.061916
-1.774319,2.438569,0.773233,-0.049972,-0.005861,-0.801500,0.595874,-0.004737,-0.182004,-0.206348,1.235726,0.028396,-0.261800,-0.142940,0.061775,-0.095176,0.258636,-0.085053,0.084179,0.116159,0.117762,0.211543,-0.001373,0.232681,-0.552985,1.007844,-0.049256,0.153382,0.076108,-0.083504,-0.279927,0.339755,1.171445,-0.233452,0.084260,-0.081961
-1.782295,2.414041,0.777255,-0.050178,-0.007552,-0.800494,0.597189,-0.123853,-0.133679,-0.153394,1.308292,-0.051052,-0.232859,-0.085835,0.061770,-0.093082,0.230853,-0.108568,0.070344,0.139852,0.126314,0.224578,0.003998,0.227009,-0.544134,1.000133,-0.045431,0.140287,0.077232,-0.131508,-0.310645,0.345617,1.161354,-0.223876,0.066849,-0.104647
-1.789515,2.390170,0.780457,-0.049354,-0.009081,-0.799960,0.597951,-0.233162,-0.045380,-0.066297,1.314086,-0.141134,-0.131904,-0.034516,0.060156,-0.090638,0.206687,-0.128868,0.049335,0.160650,0.131244,0.240465,0.007349,0.219178,-0.529104,0.992813,-0.053763,0.144832,0.089598,-0.183787,-0.333734,0.336294,1.153281,-0.230324,0.074774,-0.119152
-1.796444,2.366459,0.782397,-0.047205,-0.010088,-0.799474,0.598758,-0.320645,0.034825,0.016079,1.250571,-0.221391,-0.051229,0.017175,0.057219,-0.090319,0.174655,-0.148560,0.040930,0.177065,0.132024,0.256089,0.011163,0.211416,-0.507724,0.989227,-0.061340,0.148332,0.098274,-0.237037,-0.349220,0.322489,1.148620,-0.238237,0.085417,-0.125669
-1.803003,2.342411,0.783215,-0.043970,-0.011223,-0.798806,0.599875,-0.379282,0.091495,0.095981,1.113046,-0.251820,-0.022658,0.066266,0.050915,-0.092148,0.145059,-0.170903,0.045040,0.191792,0.128961,0.270183,0.009736,0.205821,-0.500152,0.996145,-0.064542,0.145545,0.104142,-0.285220,-0.359502,0.309383,1.141599,-0.229154,0.089331,-0.129403
-1.809206,2.317620,0.782457,-0.041183,-0.010636,-0.797867,0.601332,-0.409779,0.118310,0.161428,0.914674,-0.234927,-0.027846,0.107852,0.047057,-0.095184,0.130980,-0.200124,0.045875,0.204791,0.128147,0.279375,0.007637,0.200809,-0.497565,1.009742,-0.067556,0.146198,0.100843,-0.324426,-0.365805,0.298440,1.134805,-0.217143,0.081182,-0.129617
-1.815051,2.291191,0.779745,-0.041956,-0.008931,-0.795650,0.604236,-0.407054,0.115063,0.192214,0.658784,-0.177375,-0.073504,0.153162,0.048488,-0.104555,0.125561,-0.236501,0.048340,0.213408,0.132685,0.285015,0.009856,0.195355,-0.498294,1.026151,-0.064013,0.152004,0.099584,-0.352318,-0.367759,0.297786,1.126208,-0.207164,0.077495,-0.126649
-1.820627,2.262662,0.774772,-0.048922,-0.005412,-0.793383,0.606730,-0.367916,0.115331,0.216418,0.369228,-0.104969,-0.109735,0.208453,0.062008,-0.112230,0.124527,-0.275305,0.054718,0.222592,0.148567,0.286128,0.021228,0.190487,-0.496941,1.036694,-0.065339,0.160238,0.093932,-0.365693,-0.365790,0.299423,1.117496,-0.204969,0.073616,-0.116342
-1.825680,2.232199,0.767851,-0.059497,0.000551,-0.793031,0.606268,-0.324965,0.132616,0.240173,0.120431,-0.040324,-0.099621,0.268459,0.083603,-0.113138,0.123776,-0.309054,0.064852,0.236817,0.173635,0.279160,0.042332,0.185330,-0.494538,1.039472,-0.063718,0.164772,0.085440,-0.368803,-0.359840,0.303250,1.114183,-0.205959,0.066194,-0.103862
-1.829338,2.201048,0.762202,-0.063494,0.005429,-0.793907,0.604690,-0.373216,0.166627,0.273099,0.114398,-0.083230,-0.057042,0.316654,0.090021,-0.104721,0.125358,-0.329184,0.081836,0.252794,0.187430,0.266412,0.066643,0.179740,-0.486572,1.033273,-0.067113,0.161621,0.079874,-0.366674,-0.353037,0.309676,1.112356,-0.210367,0.058322,-0.085017
-1.831558,2.168171,0.757702,-0.065958,0.009457,-0.797149,0.600094,-0.376482,0.196800,0.341560,0.115770,-0.111000,-0.058786,0.362290,0.087549,-0.086754,0.128635,-0.331469,0.101977,0.270219,0.198089,0.248562,0.097136,0.171873,-0.476099,1.027282,-0.078202,0.155943,0.076822,-0.358497,-0.344021,0.317381,1.121076,-0.211514,0.047254,-0.067264
-1.832966,2.134020,0.755215,-0.061744,0.008782,-0.797146,0.600557,-0.347162,0.186706,0.353151,0.116745,-0.072229,-0.009486,0.399390,0.064397,-0.077795,0.141488,-0.319533,0.133718,0.274620,0.189143,0.225925,0.125574,0.163800,-0.469926,1.033739,-0.082461,0.153214,0.072822,-0.339888,-0.326137,0.303978,1.139470,-0.232430,0.042273,-0.048220
-1.832309,2.098340,0.755850,-0.046182,0.003656,-0.796498,0.602864,-0.357792,0.161521,0.382704,0.207760,-0.004502,0.036096,0.377734,0.010353,-0.071776,0.247637,-0.327638,0.181084,0.272823,0.156921,0.198761,0.147921,0.156235,-0.468122,1.037863,-0.073609,0.166429,0.066461,-0.312833,-0.306884,0.276640,1.151780,-0.257364,0.051531,-0.032325
-1.830176,2.060757,0.757729,-0.031415,-0.004572,-0.794479,0.606461,-0.383787,0.128763,0.392147,0.311005,0.091517,0.104742,0.349954,-0.046736,-0.050608,0.376254,-0.303819,0.230418,0.265180,0.122208,0.172598,0.164720,0.150182,-0.478183,1.050508,-0.068587,0.182772,0.053529,-0.275756,-0.292391,0.249793,1.162546,-0.263985,0.058290,-0.015345
-1.828068,2.024203,0.760173,-0.025150,-0.010850,-0.787404,0.615829,-0.391276,0.097153,0.377760,0.423512,0.006903,0.155209,0.315320,-0.076164,-0.024303,0.532429,-0.233316,0.261800,0.249764,0.101946,0.153861,0.161681,0.149889,-0.514355,1.086084,-0.079953,0.181024,0.046435,-0.227858,-0.280466,0.216646,1.180234,-0.238752,0.047423,-0.027886
-1.826992,1.990585,0.763207,-0.027497,-0.015320,-0.774226,0.632126,-0.363352,0.064163,0.348127,0.478343,-0.059189,0.157177,0.266398,-0.078176,-0.006101,0.723915,-0.136863,0.261800,0.225007,0.093989,0.151319,0.138159,0.156244,-0.552773,1.120990,-0.058877,0.192002,0.030969,-0.174920,-0.267293,0.169566,1.193375,-0.223655,0.043601,-0.053335
-1.824665,1.958996,0.766160,-0.028099,-0.026415,-0.762732,0.645564,-0.296921,0.012236,0.333257,0.466435,-0.105228,0.163113,0.184128,-0.090006,0.032904,0.960309,-0.045772,0.261800,0.204002,0.077294,0.164966,0.115369,0.164712,-0.563460,1.114904,-0.001133,0.227048,0.013710,-0.128688,-0.259908,0.132431,1.203323,-0.230601,0.051629,-0.060087
-1.821543,1.929811,0.768768,-0.022233,-0.038602,-0.754447,0.654847,-0.222462,-0.049834,0.327021,0.411875,-0.126297,0.167636,0.069420,-0.091672,0.101150,1.182804,0.033153,0.261800,0.190054,0.052523,0.177581,0.093996,0.174146,-0.567234,1.080355,0.010808,0.238920,0.028333,-0.093864,-0.261432,0.125563,1.224259,-0.205748,0.051079,-0.063580
-1.819334,1.902381,0.771380,-0.022561,-0.047028,-0.745213,0.664784,-0.148574,-0.093602,0.303029,0.364145,-0.143840,0.168161,-0.024124,-0.082584,0.141817,1.321876,-0.014651,0.247814,0.168985,0.041742,0.195088,0.073365,0.188149,-0.570923,1.041646,-0.026053,0.199780,0.063649,-0.067313,-0.263390,0.121939,1.248410,-0.213059,0.058716,-0.058739
-1.817357,1.875973,0.774377,-0.028896,-0.052411,-0.733724,0.676806,-0.072646,-0.120963,0.264478,0.322864,-0.160678,0.166614,-0.113773,-0.088021,0.139167,1.394953,-0.057398,0.197857,0.140615,0.043323,0.215201,0.051727,0.204168,-0.576490,1.009982,-0.067122,0.139740,0.105350,-0.044417,-0.260909,0.110031,1.271320,-0.230731,0.076409,-0.061385
-1.815450,1.850334,0.777098,-0.036788,-0.055291,-0.721653,0.689063,0.002811,-0.136879,0.223451,0.280806,-0.175570,0.167243,-0.199774,-0.106589,0.112847,1.405981,-0.100161,0.128202,0.114237,0.049376,0.233689,0.025259,0.218517,-0.575166,0.983504,-0.070317,0.113254,0.123078,-0.021418,-0.256552,0.096978,1.285211,-0.241390,0.096392,-0.062389
-1.813615,1.825459,0.778928,-0.042148,-0.056020,-0.709802,0.700904,0.069483,-0.147505,0.182118,0.240617,-0.187597,0.166010,-0.279607,-0.127997,0.077547,1.357044,-0.158718,0.056978,0.092566,0.053977,0.247693,-0.007810,0.229467,-0.569005,0.955537,-0.049746,0.129979,0.121359,0.001066,-0.254123,0.086734,1.285991,-0.240664,0.106672,-0.053323
-1.812065,1.801096,0.779601,-0.045867,-0.055745,-0.697072,0.713358,0.126993,-0.153814,0.138285,0.208393,-0.201026,0.164866,-0.340640,-0.143847,0.032866,1.246691,-0.199421,0.006324,0.070892,0.056538,0.260421,-0.045448,0.238693,-0.566714,0.935235,-0.033915,0.146269,0.114105,0.021040,-0.252167,0.078862,1.275366,-0.242281,0.107795,-0.038108
-1.810155,1.776475,0.778924,-0.047057,-0.055456,-0.684404,0.725467,0.176747,-0.160166,0.097387,0.185866,-0.215846,0.167566,-0.376553,-0.145429,-0.006562,1.075798,-0.194584,0.003739,0.050407,0.054810,0.270173,-0.083061,0.247380,-0.574606,0.929002,-0.037260,0.138222,0.112310,0.036495,-0.249733,0.070719,1.260663,-0.233259,0.099323,-0.038780
-1.808110,1.751486,0.776913,-0.046544,-0.054997,-0.672272,0.736790,0.221107,-0.165500,0.060411,0.171569,-0.238085,0.164245,-0.387606,-0.120452,-0.021049,0.851888,-0.128613,0.038887,0.033615,0.049985,0.276838,-0.120976,0.253800,-0.589337,0.932998,-0.046538,0.133868,0.112169,0.046137,-0.244206,0.065902,1.247131,-0.231084,0.100694,-0.048446
-1.805420,1.725442,0.773014,-0.043486,-0.057079,-0.661177,0.746790,0.268417,-0.177417,0.024841,0.155728,-0.261588,0.165094,-0.368766,-0.087452,-0.005938,0.578140,-0.048311,0.100045,0.019847,0.038020,0.280824,-0.153445,0.256127,-0.604435,0.942824,-0.047210,0.139071,0.108457,0.050586,-0.236973,0.065411,1.239504,-0.231102,0.099420,-0.062982
-1.802024,1.697907,0.766961,-0.036149,-0.062008,-0.649481,0.756982,0.317542,-0.199280,-0.012498,0.140054,-0.282097,0.171310,-0.330550,-0.070213,0.020066,0.285357,0.037600,0.166410,0.006564,0.016279,0.279024,-0.179627,0.254552,-0.622111,0.955778,-0.042151,0.149551,0.100587,0.053771,-0.229466,0.070034,1.232804,-0.235112,0.099876,-0.070326
-1.798133,1.669521,0.759841,-0.025403,-0.070675,-0.636351,0.767735,0.370820,-0.228931,-0.052836,0.123749,-0.295109,0.171840,-0.326185,-0.074056,0.044074,0.105955,0.102455,0.244780,-0.008540,-0.014952,0.278954,-0.199989,0.250922,-0.637259,0.965459,-0.035814,0.155811,0.088501,0.053568,-0.222613,0.077280,1.224198,-0.235841,0.095008,-0.070919
-1.795494,1.640110,0.754117,-0.019550,-0.078588,-0.625830,0.775744,0.424198,-0.242230,-0.082234,0.122854,-0.302806,0.164216,-0.363836,-0.065097,0.036416,0.103305,0.066236,0.261800,-0.017360,-0.038407,0.288120,-0.213479,0.248553,-0.648054,0.967529,-0.033699,0.157420,0.081058,0.047171,-0.216824,0.088793,1.211614,-0.236228,0.092247,-0.059804
-1.791937,1.610225,0.750792,-0.016093,-0.082264,-0.621038,0.779285,0.472371,-0.244930,-0.097805,0.122144,-0.292087,0.152210,-0.357558,-0.054129,0.009610,0.104281,0.022054,0.261800,-0.013822,-0.051639,0.291184,-0.215517,0.245850,-0.656217,0.967749,-0.039650,0.152678,0.077702,0.034019,-0.210223,0.106731,1.210776,-0.235657,0.084693,-0.052892
-1.787088,1.579105,0.749843,-0.014374,-0.078943,-0.620662,0.779961,0.507549,-0.236828,-0.102212,0.126442,-0.262422,0.138283,-0.322590,-0.032195,0.004962,0.105606,0.063544,0.261800,-0.002918,-0.050740,0.279749,-0.203183,0.241986,-0.661494,0.967861,-0.047329,0.145907,0.076438,0.018513,-0.203577,0.125316,1.215239,-0.238460,0.082350,-0.052277
-1.781543,1.545892,0.751190,-0.014755,-0.066517,-0.617714,0.783446,0.478925,-0.214327,-0.098641,0.234625,-0.260654,0.109490,-0.286593,0.011718,0.064119,0.112199,0.093032,0.249677,0.005244,-0.032197,0.252312,-0.184350,0.236331,-0.665102,0.965897,-0.038690,0.145078,0.064042,0.010382,-0.196064,0.132599,1.210966,-0.253977,0.087974,-0.055329
-1.776536,1.511217,0.754990,-0.022075,-0.047449,-0.610347,0.790403,0.414332,-0.169338,-0.104574,0.405383,-0.242790,0.060472,-0.291807,0.063374,0.067974,0.158870,0.156371,0.165517,0.014806,0.008346,0.219537,-0.170676,0.231247,-0.680944,0.967871,-0.024331,0.146024,0.042997,0.011548,-0.190914,0.137585,1.198316,-0.248837,0.091878,-0.060724
-1.769706,1.477127,0.759624,-0.030853,-0.035151,-0.601959,0.797156,0.349863,-0.137795,-0.120980,0.584066,-0.166151,-0.024460,-0.286451,0.090038,0.038523,0.237211,0.094204,0.128090,0.025213,0.047819,0.193619,-0.148304,0.222852,-0.690671,0.981171,-0.035087,0.135810,0.041505,0.006895,-0.197058,0.178665,1.206061,-0.215829,0.077821,-0.069675
-1.762729,1.446189,0.764624,-0.036236,-0.033115,-0.594395,0.802674,0.278209,-0.140083,-0.152463,0.773538,-0.052936,-0.146047,-0.244499,0.095209,0.018977,0.264645,0.033694,0.134874,0.038994,0.069182,0.185027,-0.123301,0.211698,-0.673358,0.996652,-0.020123,0.136217,0.050670,-0.013690,-0.208761,0.241797,1.222767,-0.227084,0.076910,-0.060113
-1.756734,1.418071,0.769248,-0.039372,-0.033502,-0.584206,0.809957,0.179034,-0.168683,-0.199154,0.988671,0.064565,-0.259329,-0.190030,0.092652,-0.005171,0.262302,-0.015148,0.134557,0.054137,0.080989,0.186495,-0.111575,0.204893,-0.648834,1.000726,0.011470,0.165145,0.041599,-0.038432,-0.220892,0.297882,1.217213,-0.277094,0.098588,-0.035726
-1.750984,1.392345,0.772862,-0.040838,-0.034402,-0.573974,0.817130,0.073457,-0.178359,-0.202394,1.165379,0.082573,-0.261800,-0.135537,0.089103,-0.025232,0.248258,-0.050616,0.137978,0.076580,0.090296,0.191548,-0.115161,0.207676,-0.647788,0.998516,0.002575,0.180885,0.036500,-0.059756,-0.236950,0.343038,1.193463,-0.291703,0.103929,-0.027312
-1.744992,1.367815,0.776430,-0.041686,-0.037727,-0.568002,0.821104,-0.022271,-0.160960,-0.182326,1.276953,-0.031888,-0.261800,-0.071176,0.085859,-0.032283,0.215533,-0.073910,0.156246,0.107132,0.099038,0.199897,-0.112002,0.216542,-0.647561,0.989648,-0.007925,0.159703,0.041262,-0.080123,-0.258552,0.382666,1.174691,-0.282595,0.082705,-0.049132
-1.737854,1.344575,0.779913,-0.040983,-0.043096,-0.566892,0.821643,-0.113063,-0.101126,-0.112129,1.322869,-0.131297,-0.182976,-0.007101,0.079078,-0.028236,0.181515,-0.091037,0.174690,0.141953,0.106298,0.210253,-0.095825,0.224598,-0.627834,0.974829,-0.018385,0.130874,0.059001,-0.106808,-0.282527,0.425535,1.171968,-0.257908,0.056214,-0.081183
-1.730332,1.322870,0.782834,-0.039206,-0.047318,-0.568398,0.820456,-0.190458,-0.017500,-0.022167,1.306062,-0.209199,-0.086629,0.048856,0.071386,-0.020468,0.150208,-0.102588,0.189662,0.172594,0.113559,0.220268,-0.066613,0.228577,-0.584341,0.947675,-0.018583,0.128131,0.089276,-0.144041,-0.302898,0.454696,1.180836,-0.267205,0.054415,-0.092163
-1.722160,1.302146,0.785039,-0.036859,-0.048779,-0.573484,0.816932,-0.245554,0.070506,0.077399,1.224638,-0.253936,-0.015329,0.089675,0.066376,-0.003785,0.132785,-0.114184,0.198728,0.200808,0.121843,0.226524,-0.028917,0.228179,-0.533204,0.916409,-0.016764,0.139315,0.120486,-0.188613,-0.318525,0.471668,1.190060,-0.286682,0.074627,-0.078119
-1.713698,1.282224,0.786292,-0.035367,-0.048587,-0.578872,0.813201,-0.280397,0.118123,0.139927,1.083995,-0.254640,0.000064,0.118445,0.064272,0.010580,0.133598,-0.131538,0.188067,0.224452,0.130800,0.231909,0.007790,0.225662,-0.489655,0.893918,-0.027788,0.141307,0.144514,-0.230735,-0.330478,0.477097,1.192500,-0.287215,0.085898,-0.067473
-1.705210,1.262775,0.786094,-0.034381,-0.045840,-0.582429,0.810859,-0.308357,0.124793,0.153911,0.902516,-0.215869,-0.010768,0.143516,0.065473,0.016163,0.134303,-0.152631,0.169843,0.240239,0.139025,0.234428,0.039180,0.224324,-0.460381,0.887120,-0.042294,0.133851,0.153785,-0.267061,-0.338210,0.469780,1.186526,-0.280003,0.081940,-0.063455
-1.695982,1.243149,0.784420,-0.035107,-0.041780,-0.583192,0.810499,-0.319342,0.112182,0.135221,0.688360,-0.160257,-0.053803,0.174399,0.069918,0.016317,0.126442,-0.174141,0.149522,0.248044,0.148312,0.233554,0.066429,0.223293,-0.442639,0.895125,-0.049414,0.128923,0.147881,-0.292302,-0.341005,0.454644,1.172621,-0.278383,0.077186,-0.072202
-1.685716,1.222734,0.781216,-0.038973,-0.036615,-0.582859,0.810812,-0.309275,0.105561,0.108910,0.457138,-0.119022,-0.091286,0.206562,0.081029,0.014508,0.124713,-0.201570,0.124415,0.252741,0.161307,0.227936,0.089013,0.222856,-0.441046,0.916997,-0.057780,0.128333,0.137730,-0.302974,-0.339834,0.435344,1.149287,-0.275042,0.073533,-0.081812
-1.674475,1.201562,0.776870,-0.044028,-0.028872,-0.582385,0.811206,-0.289662,0.116514,0.113925,0.230810,-0.079361,-0.107544,0.236575,0.097309,0.012087,0.124175,-0.228985,0.098755,0.257562,0.176302,0.213975,0.109036,0.222176,-0.449265,0.948083,-0.057447,0.131246,0.132025,-0.302710,-0.334423,0.425341,1.125606,-0.257256,0.067347,-0.096956
-1.662007,1.179580,0.771794,-0.051813,-0.020601,-0.584527,0.809456,-0.297387,0.147680,0.179474,0.116030,-0.095544,-0.129047,0.270107,0.117555,0.018379,0.123358,-0.251559,0.084498,0.266456,0.196317,0.198464,0.131316,0.219546,-0.454077,0.976737,-0.055155,0.133744,0.124431,-0.293938,-0.327022,0.418533,1.105621,-0.249851,0.057997,-0.095908
-1.648094,1.157385,0.767268,-0.056706,-0.015651,-0.586367,0.807907,-0.327472,0.173482,0.259902,0.115594,-0.148454,-0.138861,0.306380,0.123995,0.029115,0.124117,-0.268489,0.086258,0.273954,0.208624,0.187028,0.152835,0.213213,-0.451071,1.000606,-0.056466,0.142077,0.123878,-0.279570,-0.317729,0.412363,1.095524,-0.246754,0.049063,-0.084770
-1.633149,1.134952,0.763488,-0.058747,-0.012667,-0.586141,0.807977,-0.327409,0.179428,0.314190,0.115969,-0.157463,-0.129928,0.342536,0.120402,0.037018,0.126509,-0.275619,0.095209,0.276536,0.214513,0.175970,0.172329,0.203401,-0.438600,1.020538,-0.060967,0.152168,0.118877,-0.261634,-0.306383,0.402901,1.102389,-0.251644,0.043861,-0.065307
-1.617134,1.111233,0.760402,-0.058526,-0.011329,-0.584341,0.809316,-0.301144,0.164541,0.325658,0.116405,-0.131302,-0.106572,0.378322,0.109807,0.041927,0.133636,-0.272275,0.106318,0.276100,0.212989,0.162636,0.191412,0.193703,-0.425392,1.035910,-0.057374,0.158262,0.115277,-0.238996,-0.293104,0.396949,1.125798,-0.256490,0.042481,-0.043550
-1.599486,1.087228,0.759712,-0.045989,-0.012936,-0.582075,0.811731,-0.284531,0.115577,0.310631,0.120549,-0.065482,-0.048498,0.356809,0.070823,0.038806,0.239368,-0.301689,0.128599,0.272564,0.185536,0.150734,0.205294,0.184446,-0.409817,1.040335,-0.058205,0.165730,0.109876,-0.218478,-0.282078,0.401736,1.158187,-0.269814,0.050865,-0.024586
-1.579886,1.062144,0.760166,-0.026902,-0.018457,-0.578674,0.814906,-0.321120,0.073690,0.331109,0.232525,0.026362,0.064724,0.329983,0.013540,0.045322,0.356514,-0.309081,0.167783,0.264639,0.141656,0.137157,0.216710,0.176567,-0.400826,1.045263,-0.073028,0.166670,0.106605,-0.193636,-0.271857,0.406048,1.199463,-0.284030,0.059233,-0.011343
-1.559706,1.036786,0.760419,-0.015838,-0.022547,-0.572650,0.819337,-0.345537,0.043045,0.329339,0.345005,0.028991,0.131089,0.309991,-0.021150,0.064518,0.469371,-0.269409,0.224612,0.256032,0.112411,0.124132,0.213316,0.173888,-0.412650,1.064869,-0.093066,0.163879,0.098161,-0.159992,-0.259390,0.389346,1.244170,-0.303165,0.070639,-0.018237
-1.540699,1.012387,0.760682,-0.015696,-0.028249,-0.562309,0.826296,-0.337797,0.018386,0.308200,0.438374,-0.054480,0.147717,0.289628,-0.020806,0.097721,0.603350,-0.188184,0.261800,0.244757,0.099074,0.126106,0.194250,0.175611,-0.423463,1.084850,-0.081176,0.174238,0.084157,-0.120505,-0.245250,0.339578,1.270693,-0.332077,0.093264,-0.026991
-1.522991,0.989567,0.761353,-0.020315,-0.033085,-0.552421,0.832661,-0.307850,0.000315,0.287144,0.491649,-0.122914,0.155035,0.239865,-0.001332,0.132084,0.783583,-0.096971,0.261800,0.235222,0.097530,0.135902,0.171154,0.177062,-0.424803,1.081257,-0.057640,0.195810,0.079553,-0.083595,-0.238152,0.296102,1.275778,-0.346114,0.113978,-0.025822
-1.505883,0.968826,0.762063,-0.021997,-0.040081,-0.545688,0.836740,-0.256976,-0.025291,0.278323,0.500396,-0.173228,0.156779,0.161462,0.022201,0.186544,0.992405,-0.002938,0.261800,0.228855,0.091829,0.152160,0.149350,0.177651,-0.424058,1.052626,-0.055550,0.205966,0.092707,-0.056912,-0.241339,0.294752,1.273948,-0.312744,0.110235,-0.019963
-1.489437,0.949323,0.763193,-0.024320,-0.048272,-0.535295,0.842934,-0.195977,-0.056130,0.259846,0.487277,-0.208376,0.154614,0.080874,0.059800,0.239706,1.166860,0.119302,0.261800,0.207663,0.086816,0.172987,0.131952,0.179232,-0.426409,1.013106,-0.071393,0.180690,0.115872,-0.039190,-0.249080,0.309562,1.270977,-0.293323,0.091534,-0.011368
-1.473727,0.930195,0.764866,-0.028223,-0.056031,-0.520217,0.851727,-0.130609,-0.086159,0.227243,0.463508,-0.232383,0.151928,0.015567,0.059883,0.242482,1.270914,0.109213,0.261800,0.176702,0.082340,0.193167,0.111883,0.185470,-0.440427,0.977880,-0.083666,0.141676,0.133430,-0.023135,-0.251553,0.308947,1.259376,-0.302915,0.090488,-0.014540
-1.457904,0.911513,0.766919,-0.029080,-0.064096,-0.501754,0.862142,-0.055494,-0.123790,0.187315,0.411611,-0.238185,0.150867,-0.050200,0.019517,0.224359,1.321151,0.025963,0.261800,0.143613,0.069326,0.209730,0.085039,0.195420,-0.464454,0.951168,-0.078359,0.122703,0.136324,-0.004222,-0.246600,0.283031,1.236653,-0.310561,0.099266,-0.024489
-1.442557,0.892882,0.769161,-0.031425,-0.068997,-0.481261,0.873292,0.018660,-0.149403,0.138186,0.355434,-0.239979,0.144522,-0.119669,-0.061057,0.160625,1.317469,-0.045222,0.214546,0.114147,0.060332,0.220986,0.047742,0.207034,-0.499848,0.938836,-0.065756,0.118583,0.126222,0.017726,-0.237977,0.252395,1.211267,-0.299494,0.097468,-0.044122
-1.427821,0.874167,0.770836,-0.033241,-0.070508,-0.462337,0.883272,0.083301,-0.163711,0.091024,0.306320,-0.242124,0.134983,-0.186974,-0.145542,0.079617,1.271123,-0.141534,0.079457,0.095226,0.052830,0.227284,0.004057,0.216339,-0.536810,0.939797,-0.046362,0.120044,0.111003,0.039185,-0.229170,0.229580,1.186815,-0.271037,0.083794,-0.060248
-1.413683,0.856096,0.771435,-0.034151,-0.070183,-0.443867,0.892687,0.137791,-0.171732,0.045872,0.267568,-0.248380,0.128337,-0.238862,-0.202769,0.003956,1.177535,-0.230640,-0.020181,0.078602,0.045858,0.234597,-0.041307,0.221814,-0.565448,0.945576,-0.020499,0.125264,0.092353,0.051058,-0.221298,0.216774,1.168664,-0.254024,0.074216,-0.063216
-1.399666,0.838669,0.771005,-0.035067,-0.070044,-0.424984,0.901805,0.187174,-0.175577,0.000914,0.239037,-0.258401,0.120830,-0.270800,-0.222784,-0.056232,1.037396,-0.259238,-0.050569,0.059213,0.039211,0.246540,-0.085839,0.225778,-0.592696,0.956463,-0.016683,0.126346,0.086757,0.051225,-0.213766,0.216667,1.160231,-0.259453,0.073871,-0.058291
-1.384984,0.820944,0.769439,-0.034120,-0.068226,-0.412053,0.907961,0.232926,-0.177916,-0.030333,0.210308,-0.269482,0.117422,-0.297686,-0.197725,-0.071108,0.861214,-0.226276,-0.023478,0.050480,0.032211,0.253555,-0.124007,0.228430,-0.615981,0.968009,-0.021991,0.132141,0.084900,0.046116,-0.206197,0.219918,1.159611,-0.267760,0.074673,-0.054889
-1.369849,0.802707,0.766715,-0.030741,-0.067882,-0.403262,0.912045,0.283708,-0.183990,-0.053849,0.174521,-0.278298,0.117857,-0.314674,-0.160476,-0.066282,0.666176,-0.156253,0.017254,0.047755,0.020844,0.261008,-0.157066,0.229288,-0.631270,0.982645,-0.028310,0.144789,0.077588,0.037194,-0.199615,0.225727,1.161719,-0.275463,0.078681,-0.051795
-1.353426,0.783563,0.762561,-0.025433,-0.068980,-0.397609,0.914605,0.339919,-0.194329,-0.071442,0.135867,-0.282071,0.120039,-0.320039,-0.129149,-0.070007,0.467132,-0.074019,0.047934,0.048111,0.004843,0.265066,-0.181001,0.229209,-0.640546,0.998481,-0.033822,0.155511,0.067020,0.028012,-0.193230,0.237037,1.164369,-0.278647,0.080896,-0.051871
-1.335818,0.763849,0.757279,-0.019367,-0.068861,-0.392722,0.916871,0.381320,-0.205235,-0.085314,0.125483,-0.295002,0.116358,-0.318515,-0.103754,-0.102955,0.272565,0.053972,0.085969,0.046609,-0.011020,0.263867,-0.196420,0.228517,-0.643938,1.008754,-0.034662,0.167576,0.058323,0.019910,-0.187653,0.246144,1.162898,-0.280581,0.078328,-0.049516
-1.316960,0.743282,0.751524,-0.008465,-0.070164,-0.382394,0.921293,0.419736,-0.225274,-0.113115,0.123952,-0.300601,0.114178,-0.309872,-0.092436,-0.142347,0.104350,0.175682,0.174281,0.032899,-0.036906,0.260815,-0.207359,0.228823,-0.648402,1.018164,-0.039110,0.170207,0.054546,0.015208,-0.182908,0.251213,1.154129,-0.285570,0.076915,-0.049712
-1.297258,0.721204,0.746027,0.003356,-0.073275,-0.367920,0.926960,0.463784,-0.243812,-0.152038,0.122070,-0.293602,0.109004,-0.342415,-0.094832,-0.138853,0.101430,0.122092,0.259088,0.014403,-0.067043,0.259411,-0.215254,0.232641,-0.657397,1.027713,-0.041446,0.164909,0.052532,0.015457,-0.175696,0.248884,1.142318,-0.283885,0.072521,-0.052013
-1.276397,0.698461,0.742651,0.008348,-0.072879,-0.358258,0.930736,0.505937,-0.243747,-0.178356,0.121244,-0.275794,0.102520,-0.336474,-0.075138,-0.106501,0.106162,0.030293,0.233989,0.006907,-0.077551,0.255281,-0.216886,0.235562,-0.662817,1.032651,-0.042532,0.165061,0.054736,0.016839,-0.171199,0.245039,1.136772,-0.276704,0.069272,-0.054933
-1.254865,0.675117,0.744121,-0.004416,-0.059078,-0.359540,0.931247,0.514016,-0.200924,-0.166821,0.156979,-0.262143,0.082162,-0.326022,0.009349,-0.008192,0.108513,0.133012,0.092628,0.022876,-0.039251,0.243421,-0.216261,0.236931,-0.663691,1.030342,-0.046050,0.166465,0.059393,0.014423,-0.169583,0.240585,1.137132,-0.277678,0.069585,-0.056333
-1.231232,0.650549,0.746153,-0.018968,-0.047953,-0.352728,0.934304,0.484612,-0.160538,-0.168853,0.286425,-0.261487,0.047045,-0.351123,0.059317,0.005729,0.210258,0.207013,0.037132,0.025774,0.003588,0.226985,-0.201651,0.235908,-0.659582,1.025961,-0.050627,0.163430,0.068447,0.016386,-0.172583,0.247728,1.149819,-0.272833,0.071240,-0.055463
-1.206711,0.626603,0.750268,-0.033384,-0.040439,-0.345266,0.937039,0.446741,-0.129116,-0.185029,0.432967,-0.209498,-0.013370,-0.349068,0.086632,-0.024854,0.304389,0.127226,0.008001,0.024484,0.046331,0.212012,-0.174381,0.231043,-0.648159,1.023638,-0.063340,0.153923,0.092826,0.008947,-0.181160,0.275957,1.186622,-0.254538,0.071470,-0.056430
-1.183105,0.604440,0.755481,-0.042478,-0.034720,-0.340054,0.938804,0.387255,-0.122185,-0.214533,0.598590,-0.112484,-0.137714,-0.317472,0.105750,-0.044971,0.335102,0.066624,-0.006118,0.027215,0.075560,0.197734,-0.140789,0.225022,-0.625071,1.016144,-0.060060,0.152938,0.121429,-0.006087,-0.189073,0.310357,1.223315,-0.280212,0.087133,-0.046381
-1.161659,0.584223,0.760785,-0.046353,-0.029144,-0.334012,0.940977,0.294870,-0.147349,-0.264620,0.802218,-0.006450,-0.261800,-0.274877,0.115546,-0.060517,0.329354,0.018993,-0.020700,0.036734,0.091110,0.187246,-0.120339,0.224607,-0.609012,1.000982,-0.051208,0.162022,0.132953,-0.020078,-0.193253,0.320280,1.228413,-0.338134,0.120249,-0.031235
-1.140953,0.566528,0.764921,-0.046372,-0.027684,-0.330389,0.942298,0.186990,-0.191344,-0.288797,1.007579,0.090670,-0.261800,-0.234118,0.115431,-0.065359,0.331874,-0.028735,-0.021542,0.055625,0.097945,0.187703,-0.109883,0.231267,-0.600243,0.984786,-0.064006,0.154804,0.126414,-0.031423,-0.201470,0.323738,1.208593,-0.343398,0.133146,-0.034499
-1.121716,0.550229,0.768235,-0.049622,-0.027764,-0.327791,0.943038,0.085065,-0.204993,-0.294371,1.165004,0.036457,-0.261800,-0.182262,0.123020,-0.067649,0.314916,-0.062317,-0.020996,0.076936,0.110295,0.196109,-0.101008,0.240056,-0.590906,0.972561,-0.073400,0.132267,0.123105,-0.043712,-0.215366,0.332174,1.185694,-0.305649,0.106980,-0.057406
-1.103058,0.534329,0.771598,-0.052725,-0.029049,-0.325884,0.943491,-0.023831,-0.175536,-0.268157,1.267510,-0.050111,-0.261800,-0.119184,0.131952,-0.065340,0.277028,-0.084221,-0.024553,0.095934,0.120272,0.205497,-0.086808,0.247027,-0.575233,0.967301,-0.078053,0.114100,0.136373,-0.060515,-0.231202,0.354480,1.168737,-0.261276,0.075811,-0.081194
-1.084640,0.519357,0.774864,-0.051880,-0.032767,-0.323234,0.944328,-0.132523,-0.113147,-0.212896,1.306339,-0.122665,-0.222407,-0.058191,0.129356,-0.062314,0.246894,-0.108231,-0.027224,0.108748,0.118208,0.218147,-0.072185,0.251895,-0.556825,0.969402,-0.076231,0.119330,0.154448,-0.086131,-0.242362,0.379592,1.152929,-0.249720,0.081576,-0.087844
-1.065821,0.505447,0.777389,-0.047116,-0.035017,-0.322807,0.944643,-0.234272,-0.028170,-0.123686,1.278067,-0.193670,-0.123126,-0.011131,0.117980,-0.054717,0.230440,-0.137020,-0.023580,0.120983,0.108536,0.225565,-0.057521,0.256229,-0.542774,0.976389,-0.073954,0.136093,0.165009,-0.114511,-0.247790,0.395934,1.127304,-0.273307,0.111695,-0.075108
-1.046818,0.492302,0.778933,-0.041073,-0.035966,-0.325840,0.943847,-0.310307,0.049364,-0.029159,1.180022,-0.242077,-0.055012,0.023782,0.104471,-0.042564,0.228710,-0.170202,-0.018815,0.136635,0.096756,0.231102,-0.042249,0.260545,-0.533506,0.987181,-0.064862,0.148046,0.163218,-0.138828,-0.250184,0.403320,1.086656,-0.294880,0.132801,-0.059533
-1.027482,0.479477,0.779188,-0.035882,-0.035549,-0.328513,0.943148,-0.357955,0.099014,0.050015,1.019957,-0.238788,-0.028857,0.052576,0.092172,-0.033513,0.234306,-0.206906,-0.015411,0.151932,0.087136,0.235172,-0.028253,0.264662,-0.527556,1.002429,-0.061670,0.147591,0.148132,-0.156087,-0.251446,0.404721,1.036394,-0.268972,0.127340,-0.059160
-1.007359,0.466438,0.777608,-0.034296,-0.034301,-0.329874,0.942778,-0.381246,0.109131,0.082691,0.808617,-0.190106,-0.050022,0.086481,0.087569,-0.027678,0.234686,-0.241943,-0.012419,0.163544,0.084038,0.237059,-0.012695,0.268057,-0.523562,1.020621,-0.066004,0.146144,0.133735,-0.167806,-0.251271,0.409148,0.985798,-0.225380,0.105842,-0.060101
-0.985307,0.452670,0.774272,-0.037783,-0.033376,-0.332203,0.941860,-0.369267,0.097239,0.058393,0.541858,-0.127075,-0.101482,0.133833,0.092953,-0.020794,0.221613,-0.273337,-0.012304,0.175387,0.090235,0.235704,0.009877,0.269276,-0.518876,1.034789,-0.066836,0.155809,0.119779,-0.175483,-0.248349,0.420235,0.942580,-0.187848,0.086883,-0.056732
-0.961202,0.438458,0.768748,-0.047936,-0.033761,-0.338248,0.939229,-0.320634,0.108893,0.023204,0.244563,-0.054016,-0.159626,0.202632,0.110652,-0.005181,0.184544,-0.293759,-0.008185,0.192229,0.110020,0.231188,0.040991,0.266103,-0.510872,1.046033,-0.071291,0.165266,0.113388,-0.181862,-0.242695,0.439006,0.914306,-0.182262,0.078392,-0.042590
-0.935285,0.424061,0.762133,-0.059906,-0.035156,-0.347549,0.935085,-0.321174,0.141916,0.006789,0.113592,-0.066943,-0.155171,0.279756,0.127403,0.019091,0.141507,-0.307083,-0.003740,0.213594,0.134469,0.225530,0.078523,0.258597,-0.496089,1.050216,-0.063945,0.172925,0.110114,-0.188192,-0.234994,0.460164,0.901506,-0.194420,0.076864,-0.027373
-0.907808,0.410039,0.755638,-0.067839,-0.037412,-0.356675,0.931011,-0.345464,0.173873,0.055862,0.113841,-0.122058,-0.182401,0.341240,0.129141,0.039055,0.132475,-0.330900,0.004593,0.233041,0.150534,0.218982,0.116949,0.248528,-0.480089,1.048351,-0.064260,0.176599,0.108708,-0.196728,-0.224123,0.480250,0.908326,-0.213188,0.072898,-0.009656
-0.879165,0.396450,0.750982,-0.065927,-0.039720,-0.357150,0.930870,-0.334240,0.170141,0.076154,0.114463,-0.103765,-0.142588,0.373849,0.107348,0.036496,0.173106,-0.365282,0.021194,0.238102,0.145398,0.206652,0.149063,0.238675,-0.476163,1.052235,-0.073179,0.169550,0.107493,-0.200091,-0.211497,0.495782,0.931381,-0.225367,0.067392,0.002531
-0.850439,0.383718,0.749229,-0.052674,-0.037795,-0.357963,0.931482,-0.308755,0.146870,0.132771,0.113935,0.010410,-0.112570,0.364292,0.063591,0.031771,0.259816,-0.398562,0.044347,0.245340,0.116235,0.187410,0.171158,0.227059,-0.467752,1.061927,-0.075008,0.168551,0.100361,-0.202523,-0.198997,0.502303,0.966223,-0.245563,0.056717,0.018734
-0.819725,0.371230,0.749126,-0.035001,-0.037240,-0.359319,0.931814,-0.333793,0.115618,0.186176,0.209196,0.128782,-0.090758,0.342356,0.007395,0.036611,0.371358,-0.409746,0.076824,0.253362,0.074871,0.167445,0.194563,0.212773,-0.446492,1.069929,-0.076348,0.171201,0.095276,-0.196360,-0.192420,0.505887,0.995970,-0.272403,0.055891,0.047006
-0.789473,0.358783,0.750751,-0.022403,-0.041461,-0.354123,0.934011,-0.367547,0.071786,0.175643,0.358387,0.076116,-0.015636,0.319558,-0.036982,0.038088,0.507881,-0.372075,0.117401,0.249246,0.037320,0.158781,0.208229,0.202709,-0.430654,1.087181,-0.104130,0.169429,0.093811,-0.182473,-0.190236,0.492063,1.029306,-0.265173,0.050698,0.076518
-0.761038,0.346540,0.754073,-0.022584,-0.049667,-0.343899,0.937420,-0.342209,0.046055,0.164180,0.431371,0.004115,-0.007026,0.288356,-0.048252,0.044147,0.675515,-0.266132,0.181120,0.234121,0.023402,0.163291,0.211079,0.200076,-0.431228,1.110821,-0.126341,0.163132,0.085947,-0.165090,-0.187839,0.454118,1.072239,-0.250025,0.053783,0.079037
-0.733830,0.335329,0.758475,-0.026558,-0.057421,-0.338721,0.938757,-0.281109,0.030171,0.158689,0.439076,-0.058686,-0.027506,0.225596,-0.038664,0.082664,0.876551,-0.154656,0.228318,0.221811,0.017625,0.169047,0.214430,0.202042,-0.431891,1.115279,-0.135559,0.172323,0.080331,-0.150854,-0.190258,0.426286,1.094615,-0.260219,0.085299,0.062374
-0.708420,0.325675,0.762999,-0.025465,-0.061756,-0.337745,0.938864,-0.211838,0.009110,0.164930,0.401632,-0.094561,-0.055238,0.128484,-0.025190,0.136927,1.084138,-0.055633,0.261800,0.211070,0.003626,0.171096,0.218567,0.206836,-0.430374,1.104895,-0.149938,0.164812,0.082170,-0.138381,-0.201129,0.413880,1.097507,-0.287312,0.103252,0.034588
-0.684848,0.316701,0.767150,-0.022996,-0.068435,-0.334797,0.939520,-0.132112,-0.020249,0.166613,0.340079,-0.109884,-0.070488,0.046413,-0.067681,0.126139,1.212606,-0.095977,0.261718,0.192498,-0.012883,0.181320,0.216584,0.215489,-0.435076,1.100084,-0.162135,0.140602,0.086043,-0.123415,-0.215091,0.405647,1.091894,-0.288324,0.091898,-0.013600
-0.662539,0.307575,0.771345,-0.026114,-0.077161,-0.327449,0.941351,-0.042188,-0.041919,0.154288,0.269077,-0.115986,-0.085215,-0.025735,-0.126596,0.081708,1.263595,-0.149350,0.185734,0.167657,-0.018746,0.198349,0.202554,0.227554,-0.449422,1.104111,-0.173892,0.130931,0.095332,-0.098225,-0.226678,0.374926,1.079914,-0.279451,0.066651,-0.059360
-0.641336,0.298463,0.774931,-0.031103,-0.085137,-0.314905,0.944785,0.048545,-0.058648,0.127886,0.190211,-0.112738,-0.100321,-0.077619,-0.176933,0.029046,1.234380,-0.206347,0.111490,0.140135,-0.021149,0.214592,0.177710,0.241131,-0.468370,1.113089,-0.171786,0.138746,0.109054,-0.065084,-0.232412,0.322282,1.060909,-0.260183,0.058440,-0.080730
-0.621456,0.289820,0.776872,-0.034146,-0.089073,-0.299406,0.949345,0.121778,-0.072796,0.095106,0.121403,-0.107153,-0.107793,-0.120455,-0.208500,-0.018636,1.138385,-0.249859,0.061570,0.116099,-0.025246,0.225000,0.143485,0.254586,-0.484949,1.117414,-0.156438,0.159499,0.119371,-0.031446,-0.234725,0.271216,1.043974,-0.232959,0.066964,-0.084724
-0.602676,0.281704,0.777424,-0.034239,-0.091562,-0.281760,0.954492,0.157043,-0.087484,0.058557,0.117857,-0.129497,-0.096256,-0.152215,-0.218921,-0.050012,0.993853,-0.240751,0.036122,0.094893,-0.032072,0.233823,0.105418,0.268199,-0.505891,1.115479,-0.153614,0.162342,0.132668,0.000915,-0.236698,0.231907,1.037140,-0.205894,0.066136,-0.077226
-0.584618,0.273904,0.776554,-0.031644,-0.092538,-0.264946,0.959291,0.185663,-0.104726,0.027795,0.116844,-0.151142,-0.079891,-0.178253,-0.203908,-0.048222,0.819318,-0.202353,0.040573,0.081625,-0.039894,0.240558,0.063069,0.281419,-0.533897,1.110297,-0.152514,0.151265,0.138604,0.031253,-0.237328,0.203491,1.045015,-0.199982,0.060486,-0.070626
-0.566778,0.266234,0.774440,-0.025463,-0.093251,-0.250034,0.963400,0.210864,-0.127789,-0.002167,0.117997,-0.172370,-0.057613,-0.196618,-0.186232,-0.036900,0.633443,-0.159010,0.067028,0.076302,-0.051151,0.245353,0.020856,0.291191,-0.557109,1.100081,-0.133890,0.149283,0.133952,0.056759,-0.235447,0.190125,1.069227,-0.194525,0.060519,-0.070620
-0.548716,0.258571,0.771568,-0.016602,-0.094516,-0.237338,0.966676,0.237209,-0.155776,-0.027697,0.118993,-0.189343,-0.026177,-0.212380,-0.174716,-0.036756,0.461879,-0.113828,0.083679,0.077142,-0.064388,0.248699,-0.016020,0.295353,-0.572464,1.088113,-0.115476,0.146933,0.131516,0.077280,-0.231816,0.190219,1.108696,-0.196809,0.067017,-0.068832
-0.530339,0.250938,0.768313,-0.005999,-0.095921,-0.228470,0.968796,0.263831,-0.187264,-0.045285,0.119965,-0.200183,0.024413,-0.226891,-0.166443,-0.056917,0.307659,-0.042405,0.111785,0.083604,-0.078021,0.250722,-0.043546,0.292722,-0.573497,1.072591,-0.092061,0.146690,0.132642,0.092531,-0.225655,0.193136,1.151739,-0.219712,0.082737,-0.053804
-0.511678,0.243475,0.764872,0.003717,-0.097915,-0.221994,0.970112,0.294067,-0.216816,-0.056214,0.120670,-0.212828,0.076228,-0.229038,-0.152088,-0.102342,0.159213,0.066119,0.164836,0.088537,-0.089205,0.254065,-0.061439,0.284892,-0.562903,1.055034,-0.077035,0.145104,0.136368,0.101402,-0.220157,0.204960,1.186554,-0.242491,0.099714,-0.025691
-0.492537,0.235557,0.760460,0.013138,-0.100706,-0.215783,0.971145,0.328726,-0.244339,-0.073950,0.120401,-0.232016,0.105280,-0.254408,-0.140337,-0.153902,0.102604,0.132749,0.257886,0.085307,-0.101610,0.256587,-0.069136,0.277126,-0.551948,1.035445,-0.083142,0.142561,0.134621,0.106886,-0.213812,0.219020,1.206911,-0.269589,0.114516,0.001547
-0.473182,0.227638,0.756505,0.018569,-0.100245,-0.214004,0.971498,0.358901,-0.259479,-0.082710,0.120448,-0.252869,0.118324,-0.288305,-0.119980,-0.195051,0.102457,0.114784,0.253386,0.080967,-0.106747,0.251805,-0.068933,0.271641,-0.548890,1.017768,-0.087002,0.136002,0.129152,0.108322,-0.207058,0.234690,1.213270,-0.283832,0.117674,0.015393
-0.453523,0.220091,0.752715,0.024293,-0.099170,-0.212566,0.971798,0.387515,-0.275005,-0.090287,0.121026,-0.267246,0.128448,-0.296713,-0.105946,-0.260129,0.104067,0.076503,0.233346,0.071889,-0.113053,0.244253,-0.068636,0.267439,-0.559486,1.013322,-0.078577,0.132400,0.117896,0.108755,-0.198575,0.238232,1.205460,-0.290082,0.112679,0.012487
-0.433149,0.212570,0.749666,0.027654,-0.096518,-0.209395,0.972663,0.413559,-0.283438,-0.100429,0.123725,-0.274310,0.132854,-0.284829,-0.089580,-0.321101,0.105526,0.070217,0.212950,0.057599,-0.114355,0.233307,-0.068336,0.264445,-0.580134,1.021138,-0.065397,0.128439,0.100515,0.110964,-0.188614,0.231106,1.184362,-0.280623,0.103996,-0.002595
