0.022506,-0.000429,0.784763,0.022486,-0.003285,0.999662,0.012609,0.108723,0.000580,0.155041,0.122121,-0.195768,-0.026789,0.064940,-0.038101,-0.097923,0.140989,-0.152417,0.062542,-0.196385,-0.092972,0.135140,-0.020754,0.230004,-0.484599,1.186137,0.250522,0.068125,0.047015,-0.044207,-0.160324,0.692811,1.107297,0.107285,0.143778,-0.079561
0.022982,-0.000609,0.784668,0.025141,-0.003485,0.999605,0.012087,0.113946,0.000504,0.154034,0.122211,-0.196145,-0.025988,0.069566,-0.038320,-0.098701,0.143133,-0.153422,0.061748,-0.197102,-0.093655,0.136685,-0.020866,0.232119,-0.490760,1.182156,0.245095,0.068681,0.048577,-0.043184,-0.160486,0.689596,1.106697,0.115311,0.145118,-0.082608
0.023633,-0.000840,0.784703,0.027246,-0.003624,0.999562,0.010997,0.117479,0.000227,0.152118,0.122207,-0.195577,-0.026272,0.073889,-0.038767,-0.101101,0.143233,-0.153817,0.062492,-0.197992,-0.093893,0.137740,-0.021429,0.234217,-0.494826,1.177261,0.240579,0.068082,0.044144,-0.041701,-0.161167,0.686378,1.105368,0.117299,0.144714,-0.082583
0.024307,-0.001161,0.784774,0.028157,-0.003504,0.999547,0.010050,0.118106,-0.000791,0.150176,0.122168,-0.194148,-0.025544,0.075197,-0.039831,-0.102647,0.143401,-0.152920,0.063521,-0.199084,-0.093874,0.136948,-0.021885,0.235920,-0.501368,1.173479,0.237894,0.068310,0.043800,-0.040363,-0.161866,0.684920,1.104595,0.118009,0.143583,-0.082072
0.025220,-0.001426,0.784777,0.028937,-0.003662,0.999527,0.009743,0.118218,-0.000808,0.149994,0.122685,-0.193394,-0.024926,0.075294,-0.040017,-0.102898,0.144422,-0.152104,0.062868,-0.198605,-0.092670,0.137267,-0.022590,0.236924,-0.503106,1.170207,0.237326,0.067014,0.039834,-0.040228,-0.162329,0.684578,1.105118,0.120288,0.143190,-0.082166
0.026230,-0.001748,0.784950,0.028822,-0.003718,0.999532,0.009518,0.116434,-0.001246,0.149349,0.122313,-0.191707,-0.024965,0.073621,-0.040448,-0.103733,0.144187,-0.150923,0.062858,-0.198463,-0.091444,0.137242,-0.022232,0.237913,-0.499113,1.166207,0.235657,0.067680,0.036002,-0.040426,-0.162919,0.683955,1.105541,0.124506,0.142356,-0.082827
0.027233,-0.002038,0.785057,0.028064,-0.003736,0.999558,0.009116,0.112984,-0.001650,0.148512,0.122116,-0.189475,-0.024302,0.070990,-0.040812,-0.103705,0.142892,-0.147961,0.064486,-0.198739,-0.090179,0.136370,-0.022292,0.238182,-0.497025,1.166021,0.234340,0.066189,0.036050,-0.040722,-0.163120,0.684159,1.107155,0.122781,0.142690,-0.081926
0.028500,-0.002475,0.785173,0.027634,-0.003652,0.999565,0.009629,0.110331,-0.002391,0.149353,0.121892,-0.187892,-0.023179,0.067956,-0.041508,-0.102775,0.142635,-0.146198,0.065078,-0.198748,-0.088885,0.137010,-0.022153,0.238357,-0.495994,1.165950,0.232345,0.066826,0.036397,-0.042403,-0.163290,0.682749,1.109496,0.129268,0.144312,-0.082874
0.029638,-0.002871,0.785429,0.026838,-0.003842,0.999583,0.009978,0.106818,-0.002400,0.149836,0.121784,-0.185825,-0.023274,0.064292,-0.041507,-0.102244,0.142423,-0.143991,0.064741,-0.198279,-0.087211,0.136775,-0.022291,0.238235,-0.493451,1.168596,0.234019,0.066875,0.033187,-0.043324,-0.163598,0.681055,1.112176,0.131750,0.143010,-0.081741
0.030800,-0.003089,0.785510,0.026538,-0.003855,0.999584,0.010612,0.104514,-0.002496,0.150733,0.121704,-0.183890,-0.022711,0.061252,-0.041559,-0.100685,0.142954,-0.141696,0.064382,-0.198040,-0.086476,0.136899,-0.021524,0.238085,-0.490943,1.170123,0.234589,0.068065,0.034168,-0.043431,-0.164020,0.678585,1.112325,0.130929,0.144079,-0.080610
0.031746,-0.003258,0.785630,0.026672,-0.003781,0.999578,0.010865,0.103391,-0.002842,0.151518,0.121630,-0.182712,-0.022490,0.060314,-0.041846,-0.100840,0.142140,-0.140174,0.065572,-0.198020,-0.086502,0.136900,-0.019298,0.237938,-0.485252,1.170832,0.233366,0.068221,0.036348,-0.042645,-0.164640,0.674791,1.110859,0.130978,0.143343,-0.080989
0.032530,-0.003243,0.785700,0.027805,-0.003905,0.999544,0.011148,0.104949,-0.002490,0.151480,0.121665,-0.182120,-0.022731,0.060614,-0.041523,-0.100532,0.144440,-0.140372,0.063546,-0.198421,-0.086958,0.137790,-0.016592,0.238115,-0.483199,1.170094,0.230591,0.068205,0.040123,-0.041843,-0.165285,0.673486,1.108144,0.129275,0.141610,-0.081170
0.032945,-0.002934,0.785545,0.030382,-0.003762,0.999472,0.010900,0.109533,-0.002382,0.151302,0.123211,-0.183566,-0.022831,0.065055,-0.041733,-0.101174,0.146639,-0.141981,0.063064,-0.198169,-0.089195,0.140402,-0.013585,0.238598,-0.479755,1.168135,0.235261,0.069120,0.037907,-0.039697,-0.165616,0.672099,1.103678,0.125534,0.142186,-0.081080
0.033053,-0.002573,0.785370,0.033702,-0.003926,0.999361,0.011214,0.116030,-0.001222,0.151777,0.125729,-0.186450,-0.023195,0.071339,-0.040762,-0.101160,0.149004,-0.144742,0.062016,-0.198255,-0.091596,0.144491,-0.007547,0.239674,-0.474581,1.163497,0.237471,0.069381,0.040733,-0.037640,-0.165811,0.672146,1.097718,0.120137,0.142491,-0.082082
0.032984,-0.002044,0.785080,0.037392,-0.003960,0.999222,0.011893,0.123660,-0.000096,0.152825,0.128554,-0.189397,-0.023567,0.078282,-0.039908,-0.099708,0.152165,-0.146685,0.061531,-0.196331,-0.094785,0.149666,-0.001412,0.240573,-0.466527,1.158724,0.241753,0.069885,0.042837,-0.036380,-0.165668,0.676666,1.093279,0.117463,0.144210,-0.083589
0.032776,-0.001509,0.784819,0.041615,-0.004150,0.999037,0.013260,0.133097,0.001501,0.155420,0.131289,-0.193581,-0.023959,0.086608,-0.038459,-0.097455,0.154804,-0.150751,0.061001,-0.193161,-0.097832,0.156336,0.003557,0.240510,-0.459289,1.156744,0.241862,0.071136,0.048366,-0.035574,-0.165028,0.679622,1.090596,0.115308,0.143030,-0.082901
0.032383,-0.000740,0.784636,0.044514,-0.004320,0.998900,0.014116,0.139629,0.003307,0.156759,0.133775,-0.196524,-0.025177,0.092244,-0.036783,-0.095913,0.157700,-0.153604,0.059424,-0.191867,-0.100046,0.159720,0.009084,0.239004,-0.449900,1.158270,0.243115,0.072727,0.054133,-0.036271,-0.163119,0.682655,1.090519,0.112035,0.144535,-0.080620
0.031652,0.000193,0.784311,0.047292,-0.004225,0.998765,0.014611,0.146322,0.004723,0.157739,0.136173,-0.200048,-0.025659,0.099226,-0.035572,-0.095139,0.158533,-0.156296,0.060537,-0.192367,-0.102166,0.161649,0.013640,0.236278,-0.436530,1.164800,0.242300,0.074094,0.052101,-0.039021,-0.159987,0.686996,1.092723,0.106237,0.148268,-0.079717
0.030974,0.001337,0.783979,0.050101,-0.004045,0.998632,0.014442,0.153310,0.005971,0.157358,0.137718,-0.203197,-0.027476,0.106616,-0.034563,-0.095568,0.159495,-0.160390,0.060361,-0.193622,-0.104250,0.163592,0.016979,0.233461,-0.423165,1.172228,0.240035,0.076587,0.050013,-0.041681,-0.156353,0.689003,1.096547,0.101534,0.149406,-0.080056
0.030158,0.002478,0.783711,0.052437,-0.003852,0.998523,0.013692,0.159032,0.007119,0.155180,0.139329,-0.206036,-0.029284,0.113405,-0.033604,-0.096512,0.160291,-0.163447,0.060031,-0.196549,-0.106524,0.164891,0.019120,0.232534,-0.418759,1.177702,0.238525,0.078225,0.051792,-0.042629,-0.152820,0.686891,1.099545,0.095474,0.151839,-0.084300
0.029696,0.003501,0.783476,0.052852,-0.002856,0.998511,0.013238,0.160510,0.006136,0.154235,0.139383,-0.206573,-0.029055,0.116164,-0.034566,-0.096674,0.158681,-0.165171,0.063278,-0.198843,-0.109973,0.163062,0.018294,0.234125,-0.424023,1.181521,0.241758,0.079219,0.053963,-0.044182,-0.147136,0.678706,1.104491,0.087028,0.154176,-0.082973
0.029681,0.004330,0.783487,0.051710,-0.002581,0.998567,0.013515,0.158564,0.006662,0.154527,0.138283,-0.206003,-0.030613,0.113991,-0.033773,-0.095423,0.157573,-0.165661,0.063392,-0.199669,-0.111812,0.160860,0.015231,0.237055,-0.432868,1.182401,0.250406,0.080715,0.056948,-0.046380,-0.141930,0.672068,1.107149,0.085593,0.154297,-0.085584
0.029877,0.004951,0.783560,0.049133,-0.002496,0.998695,0.013742,0.153423,0.007603,0.154606,0.136611,-0.205183,-0.031880,0.109034,-0.032481,-0.094039,0.155085,-0.164961,0.063858,-0.199479,-0.113157,0.157309,0.011793,0.240503,-0.438799,1.179854,0.260821,0.080927,0.057482,-0.047609,-0.138514,0.669695,1.106474,0.081116,0.151670,-0.087595
0.030234,0.005615,0.783715,0.045028,-0.002021,0.998890,0.013695,0.144967,0.006927,0.153845,0.133396,-0.203345,-0.032189,0.101698,-0.032328,-0.093410,0.149234,-0.163169,0.068141,-0.199612,-0.114398,0.152881,0.007255,0.242514,-0.441366,1.175736,0.267295,0.080741,0.061402,-0.049146,-0.137770,0.671628,1.102634,0.080714,0.149787,-0.089913
0.030493,0.005906,0.783701,0.040562,-0.002708,0.999090,0.012919,0.121441,0.010797,0.151192,0.160876,-0.215980,-0.032329,0.095116,-0.029834,-0.094674,0.142108,-0.162151,0.070336,-0.200249,-0.113469,0.148703,0.003978,0.244171,-0.436341,1.171270,0.264867,0.077813,0.062401,-0.049617,-0.138057,0.676164,1.097925,0.076414,0.147872,-0.092545
0.029992,0.005754,0.783442,0.036315,-0.003234,0.999250,0.013031,0.100539,0.013573,0.150810,0.187137,-0.231010,-0.031668,0.091928,-0.028520,-0.095201,0.130936,-0.161233,0.078375,-0.200245,-0.110790,0.145214,0.003494,0.244130,-0.428792,1.166617,0.264604,0.075501,0.065403,-0.048754,-0.140186,0.682166,1.093893,0.073022,0.147838,-0.094068
0.028570,0.005192,0.783108,0.032662,-0.003837,0.999348,0.014902,0.091201,0.015056,0.153221,0.196149,-0.240274,-0.033753,0.089674,-0.027124,-0.092000,0.121896,-0.162001,0.084541,-0.196075,-0.106475,0.142236,0.004755,0.241804,-0.414767,1.162597,0.263538,0.077050,0.064323,-0.046751,-0.143959,0.688760,1.092398,0.074892,0.145759,-0.092893
0.026371,0.004197,0.782925,0.028324,-0.004139,0.999457,0.016294,0.083207,0.014640,0.154917,0.200577,-0.247238,-0.033500,0.083487,-0.027522,-0.089584,0.120712,-0.166323,0.089670,-0.193153,-0.101666,0.137967,0.007220,0.237520,-0.396946,1.159487,0.259986,0.077957,0.064530,-0.042127,-0.148385,0.690318,1.089791,0.075622,0.145375,-0.089330
0.023645,0.003238,0.782650,0.023404,-0.004878,0.999579,0.016468,0.071512,0.015129,0.153681,0.210280,-0.254648,-0.030664,0.076336,-0.027322,-0.089469,0.120661,-0.168607,0.091036,-0.190873,-0.096918,0.134098,0.008930,0.234695,-0.384649,1.156346,0.254844,0.079676,0.063724,-0.036065,-0.150007,0.684242,1.088969,0.076809,0.146365,-0.089544
0.020217,0.002049,0.782396,0.019085,-0.005647,0.999703,0.014071,0.059388,0.014777,0.147250,0.223707,-0.262646,-0.025032,0.072365,-0.027841,-0.093596,0.120953,-0.171324,0.085347,-0.191096,-0.093263,0.132172,0.009815,0.232487,-0.378687,1.153824,0.254131,0.080757,0.062751,-0.027027,-0.149380,0.668799,1.088163,0.080746,0.149357,-0.093024
0.016096,0.000593,0.782079,0.015291,-0.006611,0.999809,0.010231,0.047722,0.013943,0.138557,0.239531,-0.270828,-0.015467,0.071130,-0.028622,-0.099857,0.121150,-0.174093,0.081992,-0.190426,-0.090028,0.132466,0.008215,0.231445,-0.378921,1.152375,0.248804,0.080315,0.060926,-0.017690,-0.146684,0.652355,1.090363,0.090799,0.152515,-0.096034
0.011358,-0.001151,0.781529,0.012582,-0.007523,0.999879,0.005264,0.041771,0.012053,0.128302,0.250107,-0.278717,-0.010564,0.074290,-0.030797,-0.109349,0.121453,-0.180423,0.080370,-0.191512,-0.087130,0.134842,0.007304,0.231481,-0.382201,1.151057,0.242931,0.078843,0.061578,-0.010685,-0.142792,0.636342,1.095285,0.106968,0.157041,-0.095218
0.006346,-0.003251,0.781206,0.008810,-0.009360,0.999917,0.000778,0.037398,0.012443,0.120011,0.254043,-0.285182,-0.012544,0.075045,-0.030549,-0.118437,0.121654,-0.184612,0.075538,-0.191935,-0.081818,0.136534,0.004305,0.232161,-0.390035,1.152049,0.241980,0.078890,0.063688,-0.005976,-0.139220,0.623804,1.099263,0.115878,0.160430,-0.094738
0.001760,-0.005435,0.781120,-0.000698,0.009906,-0.999950,0.001062,0.027883,0.009973,0.117257,0.248019,-0.286088,-0.011619,0.050876,-0.033979,-0.120807,0.148731,-0.196452,0.068365,-0.188388,-0.077644,0.132017,-0.002427,0.233535,-0.404377,1.156271,0.245721,0.082981,0.068333,-0.005265,-0.135865,0.613199,1.101675,0.119644,0.158191,-0.093753
-0.002055,-0.007309,0.779203,-0.008242,-0.003417,0.999955,0.003161,0.022085,-0.007714,0.127814,0.232413,-0.285025,-0.010057,-0.053419,-0.059637,-0.104672,0.333728,-0.272706,0.054001,-0.179953,-0.088109,0.126124,-0.007393,0.234740,-0.412564,1.157965,0.254286,0.090363,0.068410,-0.011280,-0.132732,0.605342,1.101299,0.115753,0.155057,-0.092124
-0.007351,-0.008517,0.777381,-0.007343,0.001647,0.999941,0.007862,0.042948,-0.021105,0.137351,0.213678,-0.286851,-0.009753,-0.141928,-0.084185,-0.104129,0.531367,-0.306550,0.055768,-0.175056,-0.100745,0.139398,-0.005284,0.238162,-0.411426,1.150284,0.259484,0.094185,0.055771,-0.018488,-0.130394,0.598911,1.094944,0.115014,0.150964,-0.087028
-0.014461,-0.008791,0.776389,-0.003825,0.002068,0.999947,0.009350,0.071011,-0.023537,0.140122,0.196129,-0.290541,-0.012751,-0.212549,-0.102421,-0.131257,0.694561,-0.306822,0.045107,-0.181616,-0.105954,0.157035,0.000143,0.246634,-0.421521,1.141006,0.232547,0.088476,0.047386,-0.025489,-0.129875,0.596927,1.086891,0.158781,0.134206,-0.093224
-0.023029,-0.008441,0.776455,-0.003644,-0.002032,0.999961,0.007761,0.091430,-0.014386,0.136700,0.181600,-0.294525,-0.019366,-0.270103,-0.097407,-0.150410,0.766518,-0.286021,0.052851,-0.196478,-0.101973,0.168119,0.000726,0.255077,-0.438321,1.147065,0.211407,0.084056,0.044242,-0.026056,-0.130769,0.573270,1.068917,0.197442,0.126646,-0.084002
-0.032831,-0.007419,0.776557,-0.007350,-0.006620,0.999932,0.006184,0.105460,-0.002884,0.133856,0.166043,-0.298455,-0.025919,-0.321158,-0.082239,-0.163310,0.749839,-0.261026,0.069500,-0.210070,-0.094864,0.172255,-0.003223,0.257308,-0.442780,1.163501,0.227819,0.091587,0.043853,-0.022846,-0.131964,0.540869,1.047558,0.200028,0.126360,-0.076274
-0.044120,-0.005796,0.776079,-0.011462,-0.010787,0.999858,0.006037,0.124042,0.008724,0.134908,0.144347,-0.302062,-0.033884,-0.362783,-0.069758,-0.182108,0.669999,-0.201284,0.081209,-0.220162,-0.086311,0.176969,-0.007677,0.253191,-0.431430,1.173603,0.255677,0.109649,0.043962,-0.021607,-0.135109,0.522538,1.029564,0.176606,0.122766,-0.076834
-0.056699,-0.003625,0.774394,-0.014477,-0.012656,0.999789,0.007228,0.144811,0.015899,0.137679,0.129807,-0.313046,-0.039657,-0.392418,-0.059665,-0.194837,0.548672,-0.115628,0.101792,-0.227597,-0.081805,0.184743,-0.013663,0.248491,-0.419280,1.173973,0.256858,0.120493,0.043734,-0.023750,-0.140109,0.518080,1.017352,0.178395,0.109808,-0.084115
-0.071220,-0.000715,0.770908,-0.016172,-0.011845,0.999761,0.008747,0.165238,0.018630,0.142499,0.129727,-0.336551,-0.048212,-0.411940,-0.047766,-0.183804,0.410381,-0.049643,0.118265,-0.235093,-0.082528,0.193338,-0.019977,0.247254,-0.419047,1.168841,0.235322,0.114628,0.042528,-0.027038,-0.144903,0.519052,1.013668,0.200792,0.088447,-0.089429
-0.087892,0.003057,0.765860,-0.014949,-0.008444,0.999810,0.009263,0.195094,0.015958,0.145748,0.130569,-0.362911,-0.056233,-0.418300,-0.039528,-0.152322,0.272456,-0.007795,0.126106,-0.245414,-0.087995,0.204902,-0.025482,0.248037,-0.426877,1.158070,0.223871,0.107279,0.034027,-0.028949,-0.146849,0.514071,1.021572,0.234592,0.058500,-0.090930
-0.107192,0.007675,0.760010,-0.011501,-0.003974,0.999897,0.007604,0.233452,0.012177,0.145698,0.131219,-0.386905,-0.063781,-0.414561,-0.039313,-0.111981,0.153439,0.037705,0.133495,-0.258519,-0.095872,0.216723,-0.031880,0.248305,-0.437546,1.151656,0.221686,0.101794,0.033775,-0.025219,-0.145578,0.500419,1.031296,0.263034,0.038517,-0.089005
-0.129643,0.013215,0.754146,-0.006343,-0.001188,0.999960,0.006205,0.281464,0.014366,0.148970,0.130898,-0.404688,-0.075628,-0.422532,-0.042786,-0.076951,0.114838,0.052778,0.129530,-0.271516,-0.099700,0.225709,-0.036063,0.245500,-0.443307,1.150107,0.225767,0.101453,0.033220,-0.017291,-0.141786,0.486817,1.044869,0.285465,0.028224,-0.090158
-0.155221,0.019948,0.749350,-0.003125,0.000598,0.999973,0.006641,0.329899,0.021374,0.156225,0.131050,-0.404370,-0.095390,-0.424438,-0.046007,-0.075798,0.115598,0.055235,0.114610,-0.279481,-0.099903,0.222754,-0.039204,0.239087,-0.447368,1.156397,0.230579,0.100265,0.036152,-0.001753,-0.136939,0.477337,1.055177,0.296249,0.021565,-0.095080
-0.183299,0.028936,0.746832,-0.008214,-0.000894,0.999928,0.008745,0.360363,0.040633,0.160019,0.133667,-0.378093,-0.126104,-0.461510,-0.042834,-0.108996,0.211222,0.051310,0.086923,-0.281889,-0.090612,0.200188,-0.040516,0.234162,-0.448676,1.163753,0.245995,0.094545,0.038553,0.018718,-0.131225,0.477615,1.064557,0.300552,0.013093,-0.093371
-0.214295,0.040792,0.745798,-0.015174,-0.005277,0.999792,0.012574,0.362948,0.074307,0.156219,0.194194,-0.355068,-0.165313,-0.509567,-0.026027,-0.128590,0.350309,0.120474,0.020347,-0.279505,-0.077340,0.166512,-0.029843,0.231095,-0.416331,1.165259,0.274316,0.088088,0.026660,0.044397,-0.120916,0.482043,1.077033,0.297207,0.014620,-0.086779
-0.246736,0.053873,0.746272,-0.016444,-0.010373,0.999556,0.022589,0.366100,0.108357,0.149219,0.282708,-0.309749,-0.209752,-0.530221,0.011094,-0.125678,0.482538,0.012811,-0.045204,-0.269524,-0.066644,0.143929,-0.014253,0.228714,-0.352933,1.161150,0.256959,0.091097,0.019348,0.060834,-0.110636,0.495055,1.094926,0.287629,0.026244,-0.078292
-0.279126,0.067269,0.748018,-0.011181,-0.010095,0.999297,0.034331,0.349620,0.127461,0.134946,0.428988,-0.242311,-0.234258,-0.505023,0.040211,-0.113071,0.555913,-0.070448,-0.057282,-0.261011,-0.072123,0.132229,0.001906,0.226830,-0.282846,1.161756,0.215055,0.088425,0.040624,0.063728,-0.101674,0.516918,1.122059,0.271638,0.051652,-0.062783
-0.310924,0.080729,0.750668,-0.003899,-0.012144,0.999110,0.040203,0.288319,0.153154,0.100792,0.652022,-0.164091,-0.254093,-0.450756,0.068514,-0.112629,0.584582,-0.138652,-0.079263,-0.261129,-0.073503,0.127663,0.012546,0.228803,-0.226737,1.163819,0.202498,0.080500,0.056260,0.062885,-0.094886,0.529120,1.131338,0.211424,0.103691,-0.052146
-0.341185,0.093811,0.753841,0.001751,-0.015333,0.998847,0.045465,0.187719,0.179594,0.064059,0.907264,-0.061480,-0.234085,-0.383480,0.099141,-0.112171,0.575219,-0.187082,-0.098025,-0.258672,-0.070634,0.125436,0.008111,0.237500,-0.205961,1.174058,0.188810,0.074417,0.067827,0.056579,-0.093065,0.532252,1.116053,0.129319,0.170708,-0.034592
-0.369221,0.105573,0.757631,0.009411,-0.021418,0.998243,0.054433,0.069583,0.199278,0.021498,1.139399,0.072035,-0.177397,-0.296006,0.138236,-0.101881,0.524561,-0.210052,-0.107156,-0.245663,-0.059764,0.136913,-0.005890,0.245344,-0.191248,1.179735,0.196004,0.076075,0.072846,0.038691,-0.101711,0.552361,1.096879,0.079502,0.193052,-0.029835
-0.395797,0.115737,0.761856,0.019029,-0.023660,0.997500,0.063805,-0.024365,0.154232,-0.056888,1.281839,0.008543,-0.164418,-0.198711,0.165436,-0.081020,0.458470,-0.221719,-0.107352,-0.227373,-0.053655,0.153595,-0.021708,0.246860,-0.168328,1.177369,0.220027,0.079204,0.080271,0.016911,-0.120433,0.579477,1.084433,0.065085,0.172217,-0.036987
-0.421830,0.125438,0.766569,0.031191,-0.020423,0.996670,0.072517,-0.110991,0.116318,-0.092644,1.354990,-0.100047,-0.133413,-0.088763,0.176441,-0.050852,0.377409,-0.226089,-0.100140,-0.204057,-0.057851,0.173173,-0.037025,0.244701,-0.148192,1.169202,0.226729,0.079418,0.091448,-0.002402,-0.143072,0.596682,1.076200,0.079666,0.138926,-0.062778
-0.447327,0.134612,0.770814,0.042582,-0.014598,0.995569,0.082559,-0.196201,0.140222,-0.050087,1.364819,-0.189228,-0.049736,0.024447,0.175757,-0.015451,0.282321,-0.218380,-0.074460,-0.177799,-0.063126,0.192534,-0.046401,0.240757,-0.130956,1.147623,0.216062,0.074309,0.091878,-0.023742,-0.164823,0.602269,1.074057,0.089288,0.122270,-0.098542
-0.472131,0.142398,0.773407,0.048795,-0.007270,0.993963,0.098003,-0.272870,0.174792,0.025422,1.309801,-0.287709,0.036735,0.121418,0.166021,0.027121,0.190757,-0.207078,-0.032291,-0.144496,-0.064316,0.207332,-0.049840,0.234821,-0.107164,1.115008,0.203198,0.058691,0.075992,-0.051052,-0.185481,0.592414,1.067443,0.087933,0.140153,-0.120179
-0.496674,0.149501,0.774487,0.051432,-0.001228,0.991897,0.116162,-0.337949,0.158202,0.059707,1.189506,-0.327956,0.082165,0.198220,0.153080,0.066301,0.123118,-0.199661,-0.001896,-0.110784,-0.059322,0.220074,-0.047712,0.227018,-0.081405,1.079331,0.189008,0.044453,0.066257,-0.081774,-0.206388,0.588246,1.059850,0.074873,0.152961,-0.130139
-0.521239,0.156644,0.773533,0.052089,0.003776,0.989692,0.133349,-0.385233,0.096834,0.042498,1.007244,-0.293703,0.047359,0.238486,0.142479,0.099068,0.121861,-0.226423,0.021493,-0.082996,-0.052661,0.230229,-0.040015,0.218828,-0.057593,1.046368,0.174525,0.039944,0.070442,-0.115947,-0.228505,0.611974,1.058079,0.078167,0.143594,-0.132768
-0.546844,0.164318,0.770736,0.052271,0.005461,0.987310,0.149858,-0.399514,0.036871,0.012198,0.769844,-0.208486,0.003297,0.279488,0.138856,0.130169,0.122836,-0.250977,0.033146,-0.059745,-0.040596,0.238843,-0.026434,0.210797,-0.039605,1.020573,0.172794,0.045155,0.080992,-0.148295,-0.250670,0.645979,1.055618,0.095760,0.129728,-0.122375
-0.573912,0.173102,0.766051,0.051084,0.000553,0.984681,0.166713,-0.380187,0.009404,0.001603,0.485824,-0.053871,-0.057860,0.322410,0.149922,0.158543,0.123583,-0.267113,0.022923,-0.039294,-0.016435,0.242397,-0.004015,0.203461,-0.031379,1.003492,0.176779,0.049535,0.091202,-0.174749,-0.269870,0.679591,1.052892,0.106359,0.118792,-0.105425
-0.602569,0.183405,0.759007,0.048563,-0.015875,0.980987,0.187226,-0.315642,0.024047,0.005899,0.151446,0.118821,-0.187165,0.371066,0.185424,0.194239,0.122694,-0.270138,-0.002398,-0.016953,0.027939,0.243530,0.027897,0.197871,-0.029718,0.995346,0.181389,0.050761,0.094498,-0.195067,-0.283934,0.708108,1.051904,0.108327,0.109306,-0.089368
-0.632681,0.194201,0.751887,0.046280,-0.034748,0.976350,0.208305,-0.353150,0.055735,0.025336,0.103997,0.068214,-0.260613,0.425041,0.220902,0.239831,0.120709,-0.259683,-0.022410,0.002741,0.072776,0.247068,0.063415,0.192396,-0.026789,0.999407,0.182339,0.049608,0.086646,-0.213266,-0.291651,0.727820,1.051256,0.096703,0.108956,-0.074778
-0.664097,0.205507,0.746855,0.044387,-0.042601,0.973846,0.218723,-0.366955,0.063590,0.079583,0.106330,-0.024334,-0.261800,0.475777,0.229598,0.271625,0.119526,-0.243123,-0.022405,0.003073,0.089960,0.247049,0.092472,0.188665,-0.029504,1.026739,0.177927,0.047705,0.078698,-0.220622,-0.294043,0.730870,1.047960,0.091158,0.108718,-0.069847
-0.696685,0.218197,0.744651,0.039878,-0.036883,0.974136,0.219338,-0.347238,0.026067,0.054311,0.107332,0.042580,-0.233499,0.512515,0.212417,0.285285,0.118795,-0.213216,0.000495,-0.007492,0.078120,0.233144,0.110444,0.185994,-0.039878,1.076684,0.186227,0.052309,0.070351,-0.208943,-0.292962,0.715747,1.041557,0.094788,0.106871,-0.079197
-0.731106,0.231004,0.745800,0.035504,-0.015362,0.975874,0.214880,-0.339908,-0.056430,-0.005153,0.125491,0.164094,-0.099317,0.527761,0.164533,0.285600,0.143738,-0.176656,0.054855,-0.025458,0.030904,0.213594,0.122011,0.183599,-0.046746,1.124443,0.208081,0.071192,0.074821,-0.188407,-0.287124,0.694016,1.033616,0.101437,0.102305,-0.090829
-0.767053,0.244397,0.747760,0.036213,0.003185,0.975701,0.216071,-0.375041,-0.100023,0.023001,0.281441,0.144227,-0.002570,0.501349,0.136422,0.307335,0.278830,-0.148488,0.142008,-0.033213,-0.011854,0.196882,0.137727,0.180730,-0.058885,1.159708,0.202197,0.092753,0.086157,-0.160444,-0.277944,0.674097,1.040937,0.116164,0.091933,-0.092112
-0.800683,0.258318,0.750744,0.038295,0.011812,0.975039,0.218386,-0.373793,-0.122855,0.032546,0.393887,0.044036,0.027209,0.453369,0.148068,0.344482,0.459841,-0.089921,0.261800,-0.034328,-0.035496,0.192303,0.139616,0.180871,-0.087755,1.192794,0.199448,0.099995,0.094721,-0.125700,-0.267523,0.641345,1.053566,0.130404,0.086719,-0.099671
-0.830375,0.274179,0.753520,0.037697,0.002974,0.974538,0.221010,-0.363594,-0.102295,0.025276,0.494490,-0.061831,0.028929,0.391169,0.201303,0.320019,0.634102,0.036716,0.261800,-0.042457,-0.026423,0.197500,0.138360,0.180434,-0.106594,1.195469,0.229958,0.110050,0.087140,-0.101324,-0.256081,0.618042,1.068640,0.148409,0.090473,-0.104662
-0.858705,0.287597,0.757527,0.037319,0.001639,0.972645,0.229275,-0.319039,-0.092387,0.035823,0.513430,-0.128875,0.033939,0.262352,0.220745,0.283551,0.878726,0.072645,0.261800,-0.051612,-0.030817,0.202028,0.142387,0.177644,-0.104570,1.165463,0.235553,0.110334,0.073304,-0.093310,-0.248314,0.622553,1.088498,0.171720,0.095182,-0.097133
-0.885686,0.299133,0.762590,0.037242,0.009025,0.971299,0.234756,-0.252447,-0.107143,0.046978,0.467140,-0.152903,0.034988,0.114431,0.200687,0.258477,1.087373,-0.032504,0.261800,-0.072622,-0.052790,0.203472,0.138741,0.181427,-0.113544,1.134230,0.188189,0.086153,0.068871,-0.089693,-0.241761,0.632626,1.100867,0.166693,0.105270,-0.087127
-0.912077,0.310762,0.768490,0.037712,0.015726,0.971091,0.235185,-0.167748,-0.126328,0.045687,0.381450,-0.154046,0.025022,-0.033168,0.124927,0.195691,1.215296,-0.132230,0.261800,-0.103718,-0.076653,0.201310,0.123786,0.194655,-0.135932,1.120812,0.164061,0.061704,0.062130,-0.075072,-0.232514,0.625862,1.103110,0.152660,0.110348,-0.089407
-0.937061,0.324659,0.773714,0.038896,0.013282,0.972341,0.229920,-0.082755,-0.124642,0.027067,0.307145,-0.160676,-0.003837,-0.153032,-0.011449,0.043891,1.251881,-0.212827,0.133179,-0.141959,-0.088246,0.204504,0.092217,0.214512,-0.164872,1.126160,0.180044,0.061054,0.057369,-0.052551,-0.220722,0.604321,1.096340,0.150429,0.115413,-0.101005
-0.961136,0.339774,0.777500,0.037740,0.008272,0.974034,0.223083,-0.008053,-0.111700,0.003893,0.243689,-0.169798,-0.038479,-0.233399,-0.124821,-0.103947,1.206758,-0.285176,-0.009407,-0.178957,-0.094883,0.204904,0.051902,0.237512,-0.194206,1.132713,0.214262,0.078597,0.056013,-0.023469,-0.208674,0.572817,1.080729,0.137192,0.123215,-0.101481
-0.984489,0.355266,0.779291,0.033205,0.004223,0.976128,0.214601,0.051335,-0.096534,-0.019123,0.191670,-0.184196,-0.061674,-0.295205,-0.165172,-0.190216,1.083206,-0.306207,-0.060811,-0.214944,-0.099916,0.201029,0.005820,0.264511,-0.231092,1.136513,0.245200,0.088909,0.057129,0.007688,-0.197981,0.537431,1.057880,0.127289,0.128522,-0.096629
-1.007930,0.371061,0.778560,0.028364,0.004363,0.977881,0.207183,0.097667,-0.089885,-0.036015,0.161039,-0.205213,-0.051999,-0.349150,-0.144569,-0.194889,0.894951,-0.265940,-0.041188,-0.245124,-0.111095,0.194592,-0.039460,0.293016,-0.265849,1.132990,0.258330,0.088658,0.065775,0.037448,-0.187989,0.511047,1.037023,0.120943,0.133119,-0.092227
-1.032273,0.387472,0.775374,0.028252,0.009133,0.978858,0.202374,0.148928,-0.095321,-0.045279,0.142229,-0.230626,-0.028096,-0.369266,-0.100614,-0.135559,0.641466,-0.178298,0.028207,-0.268839,-0.132260,0.191448,-0.078335,0.318611,-0.284815,1.123682,0.260931,0.085405,0.075381,0.065713,-0.177233,0.483817,1.025877,0.111700,0.132036,-0.086358
-1.058079,0.405083,0.769619,0.034322,0.018916,0.979390,0.198137,0.213704,-0.112636,-0.050650,0.125537,-0.257974,-0.015137,-0.333396,-0.083173,-0.072685,0.321237,-0.036072,0.129330,-0.288594,-0.165038,0.189370,-0.110695,0.337906,-0.287668,1.116359,0.254911,0.084593,0.081469,0.092613,-0.165024,0.460490,1.028443,0.122771,0.133833,-0.091411
-1.085135,0.423567,0.762280,0.043062,0.030871,0.979302,0.195348,0.279010,-0.134160,-0.055928,0.124166,-0.284976,-0.013216,-0.322687,-0.097263,-0.021640,0.109444,0.046920,0.135300,-0.302112,-0.200434,0.186785,-0.138756,0.348897,-0.281904,1.114923,0.247538,0.082214,0.089411,0.113797,-0.151577,0.444269,1.047729,0.134392,0.142523,-0.101461
-1.112898,0.443669,0.755124,0.050587,0.039863,0.979328,0.191754,0.342513,-0.144506,-0.069968,0.126457,-0.300847,-0.021029,-0.369053,-0.127276,-0.076998,0.110968,-0.043576,0.147093,-0.314582,-0.226566,0.182394,-0.162260,0.353044,-0.273616,1.116940,0.246209,0.082395,0.094070,0.128599,-0.137378,0.437679,1.072851,0.139341,0.161101,-0.113618
-1.141203,0.464523,0.749571,0.055274,0.045321,0.978681,0.192549,0.399032,-0.144476,-0.081233,0.134252,-0.294675,-0.036846,-0.360236,-0.148758,-0.172467,0.112768,-0.091816,0.167931,-0.317773,-0.239786,0.174463,-0.175170,0.347703,-0.252474,1.119941,0.241741,0.079707,0.099951,0.136696,-0.125185,0.442546,1.100324,0.142285,0.184631,-0.119589
-1.169677,0.485948,0.749123,0.047416,0.032669,0.977456,0.203137,0.374874,-0.103983,-0.067409,0.270551,-0.320790,-0.072890,-0.330672,-0.102615,-0.208141,0.109575,0.044037,0.086453,-0.303423,-0.204548,0.165083,-0.175369,0.326772,-0.197241,1.118281,0.243149,0.075826,0.104060,0.134765,-0.116056,0.457204,1.130224,0.146139,0.195744,-0.117577
-1.199707,0.509727,0.750089,0.035952,0.011858,0.977160,0.209106,0.327669,-0.043053,-0.075547,0.444908,-0.310572,-0.138082,-0.356503,-0.046572,-0.235980,0.211148,0.154909,-0.024412,-0.296043,-0.147580,0.150162,-0.160574,0.298142,-0.143352,1.112583,0.222249,0.068918,0.105419,0.143037,-0.111358,0.462323,1.138885,0.136222,0.204711,-0.109423
-1.228886,0.534630,0.751755,0.032022,-0.005574,0.975548,0.217371,0.275810,-0.006528,-0.117103,0.640374,-0.222864,-0.252032,-0.385362,0.005619,-0.237160,0.377357,0.044501,-0.149173,-0.284241,-0.103426,0.141545,-0.138605,0.272058,-0.110552,1.120258,0.187410,0.047350,0.102420,0.147051,-0.111145,0.474869,1.141180,0.149242,0.198425,-0.092862
-1.256674,0.556372,0.753870,0.042845,-0.006422,0.971528,0.232930,0.226324,-0.036580,-0.147245,0.846123,-0.092158,-0.261800,-0.360649,0.024866,-0.207236,0.481208,-0.051892,-0.149053,-0.265904,-0.102261,0.150622,-0.111437,0.250128,-0.085374,1.129876,0.186167,0.035640,0.089983,0.128274,-0.117403,0.505445,1.156990,0.151094,0.164589,-0.064091
-1.281956,0.576545,0.755091,0.055049,-0.006864,0.968148,0.244155,0.139552,-0.062621,-0.161855,1.079043,0.035502,-0.261800,-0.311914,0.039681,-0.188240,0.538450,-0.133640,-0.156992,-0.257628,-0.106840,0.170504,-0.087185,0.242303,-0.094261,1.135345,0.206993,0.040357,0.066097,0.102793,-0.125673,0.516456,1.145793,0.115712,0.158834,-0.038113
-1.305077,0.596416,0.756827,0.063965,-0.013417,0.965260,0.252986,0.036803,-0.037803,-0.150857,1.273226,0.087451,-0.261800,-0.242045,0.069675,-0.179084,0.539234,-0.187349,-0.166072,-0.251416,-0.102223,0.194880,-0.071497,0.250401,-0.144497,1.153352,0.197224,0.033697,0.042984,0.077161,-0.134770,0.522571,1.109500,0.117765,0.159796,-0.036902
-1.326866,0.616439,0.759594,0.071502,-0.025738,0.959889,0.269884,-0.052396,-0.001948,-0.160945,1.401109,-0.007862,-0.261800,-0.153024,0.123534,-0.155612,0.491767,-0.206785,-0.179829,-0.230330,-0.088474,0.222442,-0.054695,0.260748,-0.187195,1.174816,0.208609,0.035522,0.031642,0.051869,-0.146719,0.545253,1.066177,0.130513,0.139756,-0.066406
-1.348289,0.635674,0.762953,0.080071,-0.030846,0.952680,0.291611,-0.140236,0.049998,-0.135718,1.454140,-0.060590,-0.219571,-0.066071,0.160246,-0.109268,0.445391,-0.221477,-0.188830,-0.203274,-0.086979,0.242409,-0.027682,0.263798,-0.202238,1.191597,0.246056,0.050339,0.041940,0.027278,-0.161281,0.572289,1.022597,0.117913,0.114703,-0.109793
-1.369904,0.654072,0.766465,0.087408,-0.030661,0.945153,0.313219,-0.223288,0.112266,-0.080311,1.439928,-0.113264,-0.098356,0.016540,0.177549,-0.057334,0.399799,-0.236382,-0.193693,-0.181258,-0.091207,0.254919,0.007479,0.260125,-0.197328,1.201494,0.261189,0.069463,0.069729,0.004024,-0.175530,0.589249,0.978864,0.071611,0.108448,-0.143198
-1.391226,0.672044,0.769005,0.090772,-0.028988,0.937422,0.334904,-0.294225,0.156626,-0.023533,1.363575,-0.170777,0.008426,0.089925,0.186624,-0.003920,0.352918,-0.247335,-0.191908,-0.162543,-0.092718,0.261500,0.045454,0.254598,-0.193059,1.200556,0.248590,0.085959,0.089776,-0.019575,-0.188391,0.592139,0.935173,0.023726,0.113760,-0.145357
-1.412480,0.689655,0.770174,0.090970,-0.027074,0.928683,0.358523,-0.340350,0.176171,0.034252,1.222315,-0.204144,0.067734,0.150755,0.191677,0.053641,0.316331,-0.259396,-0.190688,-0.142239,-0.088694,0.265958,0.085516,0.247473,-0.196850,1.186528,0.234436,0.090006,0.095583,-0.045700,-0.200961,0.593441,0.900590,0.011851,0.115491,-0.137364
-1.434070,0.707874,0.769568,0.089071,-0.025910,0.918935,0.383345,-0.356501,0.165316,0.078763,1.013226,-0.189965,0.056489,0.204540,0.195119,0.112504,0.289905,-0.277110,-0.189371,-0.120416,-0.078513,0.267118,0.125771,0.237447,-0.208577,1.169357,0.239870,0.084792,0.086271,-0.072900,-0.213425,0.605935,0.886787,0.028230,0.102084,-0.132237
-1.455769,0.727261,0.766911,0.083781,-0.026886,0.911454,0.401883,-0.358193,0.117944,0.071460,0.748160,-0.114502,0.006746,0.254129,0.201094,0.157368,0.263823,-0.298355,-0.192059,-0.105874,-0.061353,0.263534,0.157889,0.224993,-0.225348,1.159653,0.245074,0.080085,0.076828,-0.096777,-0.223019,0.617612,0.892259,0.045410,0.090921,-0.119713
-1.477409,0.748181,0.761651,0.075609,-0.033441,0.906272,0.414530,-0.344021,0.067514,0.021589,0.450092,0.008263,-0.065612,0.308244,0.218197,0.190451,0.229083,-0.311644,-0.195256,-0.096093,-0.032132,0.259733,0.181429,0.209540,-0.231658,1.157837,0.260988,0.079647,0.063262,-0.118411,-0.229216,0.631314,0.916523,0.050053,0.092933,-0.102539
-1.499254,0.770996,0.754124,0.066984,-0.048260,0.899499,0.429052,-0.296609,0.050459,-0.032375,0.140493,0.130810,-0.169959,0.377608,0.249206,0.224815,0.184178,-0.309869,-0.199526,-0.078362,0.011822,0.262518,0.201970,0.190478,-0.221305,1.157468,0.270235,0.083020,0.055846,-0.137699,-0.233255,0.652116,0.954673,0.052295,0.104290,-0.090614
-1.521863,0.794755,0.746429,0.061842,-0.066489,0.891093,0.444643,-0.333374,0.052226,-0.084368,0.103097,0.064795,-0.261800,0.461437,0.276927,0.265039,0.137577,-0.290088,-0.202322,-0.056283,0.056768,0.277746,0.218053,0.169991,-0.199279,1.153790,0.268424,0.085238,0.055345,-0.157953,-0.237348,0.681162,1.000526,0.057676,0.116142,-0.080653
-1.544260,0.819214,0.741592,0.059995,-0.072408,0.888911,0.448324,-0.337411,0.037946,-0.058478,0.106519,-0.009860,-0.261800,0.512303,0.282956,0.275823,0.144414,-0.284027,-0.198222,-0.053653,0.072426,0.284677,0.222591,0.153674,-0.186144,1.159625,0.257252,0.084706,0.057746,-0.167468,-0.238297,0.702097,1.047230,0.049872,0.131121,-0.070116
-1.566553,0.845836,0.740583,0.057112,-0.062761,0.891378,0.445246,-0.309454,-0.000218,-0.037123,0.107215,0.091688,-0.251105,0.519855,0.268774,0.261336,0.199828,-0.278612,-0.178733,-0.057845,0.059018,0.265920,0.213679,0.143561,-0.191457,1.184410,0.245444,0.081762,0.052014,-0.154734,-0.234970,0.706847,1.084474,0.043056,0.146412,-0.072615
-1.590280,0.874207,0.742305,0.056011,-0.041713,0.892459,0.445690,-0.315908,-0.076202,-0.095550,0.165773,0.181797,-0.172579,0.493806,0.232600,0.244532,0.307320,-0.272462,-0.132016,-0.052602,0.021042,0.235508,0.206587,0.136494,-0.181930,1.194243,0.273510,0.095389,0.040145,-0.127354,-0.228804,0.692280,1.101225,0.023152,0.167079,-0.072063
-1.615270,0.903857,0.746175,0.056622,-0.021794,0.887892,0.456035,-0.337558,-0.120019,-0.073332,0.275357,0.162800,-0.089685,0.452394,0.195353,0.259854,0.446774,-0.218712,-0.030541,-0.038252,-0.017525,0.203263,0.212970,0.128450,-0.151725,1.186400,0.287196,0.103095,0.033855,-0.096897,-0.226107,0.691039,1.109650,0.029390,0.168704,-0.072557
-1.637691,0.932592,0.751548,0.060421,-0.010479,0.883611,0.464189,-0.317750,-0.142212,-0.050562,0.345098,0.078229,-0.066304,0.394860,0.192941,0.299218,0.621529,-0.110053,0.129682,-0.036834,-0.047622,0.189205,0.207189,0.128067,-0.143599,1.189998,0.249505,0.091599,0.048086,-0.066901,-0.225148,0.685802,1.123561,0.065939,0.131264,-0.080189
-1.656597,0.959633,0.757132,0.059628,-0.007156,0.879631,0.471851,-0.278293,-0.140205,-0.034711,0.367597,0.007651,-0.071205,0.310461,0.230551,0.330549,0.820008,0.024165,0.261800,-0.049829,-0.062747,0.184603,0.191402,0.135228,-0.144261,1.184747,0.244130,0.093093,0.054883,-0.045977,-0.221642,0.657256,1.124465,0.071137,0.119115,-0.082052
-1.673315,0.984482,0.762512,0.059792,-0.006376,0.875834,0.478852,-0.220922,-0.134092,-0.022290,0.353409,-0.043478,-0.084591,0.182417,0.259892,0.315413,1.046151,0.107759,0.261800,-0.077330,-0.077327,0.190173,0.171568,0.150924,-0.154111,1.160382,0.256164,0.103713,0.053383,-0.043534,-0.218683,0.637932,1.117046,0.094509,0.135990,-0.072374
-1.689836,1.006761,0.767861,0.060809,-0.002837,0.872914,0.484061,-0.148310,-0.139589,-0.015428,0.294017,-0.062634,-0.096203,0.040643,0.216541,0.256973,1.218735,0.022874,0.261800,-0.112470,-0.095810,0.194384,0.142862,0.178114,-0.198937,1.142563,0.245766,0.093160,0.064730,-0.044612,-0.219271,0.626983,1.109841,0.108981,0.134244,-0.065227
-1.705444,1.029271,0.773053,0.060411,-0.005336,0.873096,0.483762,-0.076404,-0.136834,-0.026042,0.240954,-0.080414,-0.105259,-0.093957,0.120204,0.152791,1.306451,-0.063491,0.217839,-0.152246,-0.103851,0.199837,0.100938,0.216057,-0.275269,1.144973,0.238387,0.073401,0.083645,-0.032270,-0.221432,0.609013,1.093328,0.110867,0.124449,-0.076359
-1.719709,1.052778,0.777252,0.060282,-0.011156,0.873908,0.482210,-0.004454,-0.125198,-0.037900,0.195983,-0.100216,-0.113851,-0.197410,-0.010356,0.018217,1.316403,-0.151054,0.066878,-0.184748,-0.107858,0.208352,0.045548,0.256222,-0.355261,1.169391,0.252780,0.065172,0.082676,-0.011156,-0.223737,0.591844,1.074865,0.115991,0.116229,-0.098842
-1.733142,1.076191,0.779592,0.060413,-0.015720,0.874918,0.480231,0.065561,-0.113746,-0.049881,0.149361,-0.117405,-0.129314,-0.266943,-0.115221,-0.092860,1.254160,-0.229873,-0.048056,-0.212141,-0.112619,0.217151,-0.014197,0.292541,-0.419645,1.188572,0.282560,0.080969,0.067570,0.011699,-0.226407,0.575774,1.056219,0.107539,0.117877,-0.113509
-1.745983,1.099933,0.780530,0.060191,-0.018790,0.876743,0.476808,0.123483,-0.103473,-0.061230,0.122131,-0.142680,-0.154398,-0.307480,-0.167370,-0.170460,1.110957,-0.257754,-0.087853,-0.236818,-0.118378,0.224440,-0.069915,0.325062,-0.455903,1.195197,0.317236,0.093698,0.050564,0.036721,-0.229218,0.562336,1.036497,0.108152,0.122499,-0.117486
-1.758422,1.124219,0.779877,0.060149,-0.019829,0.878599,0.473342,0.168099,-0.095753,-0.067674,0.119299,-0.180747,-0.181883,-0.330135,-0.157863,-0.184862,0.898963,-0.215600,-0.058506,-0.259020,-0.126422,0.229149,-0.115909,0.353063,-0.457335,1.190634,0.318772,0.092621,0.053894,0.062078,-0.230837,0.553034,1.022957,0.111893,0.120720,-0.119163
-1.770664,1.149657,0.777255,0.060050,-0.017371,0.879929,0.470974,0.209839,-0.093920,-0.073251,0.116996,-0.216721,-0.194914,-0.330405,-0.119929,-0.148892,0.625871,-0.125368,0.009208,-0.278954,-0.138472,0.226556,-0.148257,0.373776,-0.421113,1.176693,0.298959,0.086526,0.075609,0.088773,-0.229101,0.540758,1.015672,0.104617,0.126811,-0.110274
-1.783039,1.176856,0.772107,0.061629,-0.007065,0.882281,0.466618,0.247010,-0.110344,-0.085465,0.117272,-0.248226,-0.187537,-0.293999,-0.109621,-0.123669,0.299386,-0.022579,0.116115,-0.302420,-0.163472,0.207670,-0.168684,0.385806,-0.366473,1.160129,0.281715,0.082854,0.097811,0.122338,-0.223033,0.522269,1.009586,0.102807,0.135629,-0.102637
-1.794897,1.205107,0.765984,0.065008,0.010585,0.886351,0.458305,0.279671,-0.143451,-0.108733,0.118202,-0.267513,-0.147231,-0.301227,-0.142753,-0.133712,0.110875,-0.002144,0.146031,-0.330336,-0.201432,0.179455,-0.186665,0.392234,-0.316741,1.145663,0.246139,0.074211,0.118530,0.160012,-0.211264,0.496630,1.003251,0.104180,0.143953,-0.100716
-1.805589,1.234152,0.760809,0.066763,0.022890,0.889073,0.452292,0.313754,-0.160668,-0.125667,0.122723,-0.280233,-0.103742,-0.350937,-0.184328,-0.240454,0.112534,-0.086984,0.154778,-0.346974,-0.227855,0.161089,-0.203732,0.392754,-0.266120,1.131991,0.232064,0.066026,0.117563,0.195418,-0.194019,0.468395,1.002491,0.113217,0.142641,-0.100926
-1.816429,1.263671,0.757059,0.068249,0.026407,0.887411,0.455133,0.357618,-0.158815,-0.124100,0.128354,-0.281492,-0.076306,-0.339089,-0.191971,-0.361703,0.113376,-0.094543,0.130372,-0.342011,-0.236828,0.157519,-0.212126,0.383211,-0.209900,1.121519,0.214866,0.055577,0.109305,0.217981,-0.177275,0.453371,1.019299,0.131606,0.138628,-0.097806
-1.828013,1.294441,0.754988,0.064412,0.023579,0.883564,0.463260,0.364435,-0.142011,-0.110556,0.206759,-0.298419,-0.083706,-0.298821,-0.155613,-0.388532,0.114204,-0.027060,0.062942,-0.329684,-0.222918,0.152499,-0.204577,0.363880,-0.155642,1.118995,0.188689,0.035684,0.102726,0.226458,-0.168070,0.461557,1.051530,0.141322,0.146997,-0.083894
-1.838726,1.327287,0.755104,0.047559,0.012745,0.881633,0.469359,0.310591,-0.095032,-0.107606,0.374880,-0.323777,-0.127693,-0.331232,-0.106568,-0.377006,0.222283,0.026753,-0.051306,-0.321014,-0.176617,0.142184,-0.188659,0.341340,-0.107740,1.120701,0.180929,0.024188,0.091300,0.232993,-0.160777,0.459936,1.070044,0.115700,0.173278,-0.057194
-1.848638,1.361772,0.755687,0.033244,-0.001902,0.879557,0.474628,0.251050,-0.050313,-0.138272,0.566585,-0.288694,-0.219291,-0.360374,-0.062514,-0.387175,0.348373,0.015043,-0.182336,-0.311216,-0.127480,0.135539,-0.164902,0.319101,-0.071578,1.137309,0.188023,0.020832,0.080046,0.237992,-0.156199,0.470183,1.086848,0.112081,0.185428,-0.046026
-1.859402,1.394271,0.756526,0.035150,-0.007825,0.871002,0.489958,0.208198,-0.066359,-0.172507,0.749879,-0.174809,-0.261800,-0.355642,-0.034899,-0.356681,0.456258,-0.072534,-0.207762,-0.289215,-0.109798,0.141956,-0.130515,0.294264,-0.034871,1.158143,0.188496,0.029960,0.085689,0.219010,-0.161375,0.506525,1.119212,0.126880,0.175506,-0.041832
-1.870069,1.424018,0.757182,0.046116,-0.010553,0.859980,0.508130,0.144636,-0.104538,-0.187466,0.963919,-0.044543,-0.261800,-0.322522,-0.017139,-0.317889,0.528706,-0.150562,-0.213430,-0.268140,-0.110421,0.163798,-0.090338,0.273646,-0.007852,1.172587,0.216740,0.048714,0.083903,0.189561,-0.172799,0.523964,1.119067,0.083128,0.191801,-0.034265
-1.878839,1.453046,0.758475,0.056086,-0.015722,0.850845,0.522178,0.057104,-0.131407,-0.203081,1.162763,0.089664,-0.261800,-0.261877,0.007513,-0.292140,0.547685,-0.210590,-0.217998,-0.255567,-0.112497,0.189107,-0.051361,0.267090,-0.019912,1.189994,0.217069,0.056825,0.073064,0.164845,-0.183215,0.527091,1.078632,0.060585,0.210925,-0.049179
-1.885403,1.481590,0.761162,0.058470,-0.025485,0.840150,0.538591,-0.034136,-0.094495,-0.193155,1.299006,0.052500,-0.261800,-0.187291,0.058724,-0.265664,0.509719,-0.234256,-0.227573,-0.237493,-0.102534,0.209073,-0.016851,0.269278,-0.057638,1.216903,0.214026,0.055967,0.058125,0.142399,-0.192164,0.534180,1.031452,0.087485,0.178911,-0.082676
-1.891272,1.509548,0.764368,0.061133,-0.036441,0.824370,0.561559,-0.116824,-0.027231,-0.170919,1.366000,-0.016353,-0.261800,-0.100071,0.116750,-0.218629,0.446388,-0.237742,-0.235645,-0.207667,-0.090639,0.229534,0.021045,0.265579,-0.075591,1.233193,0.248052,0.070125,0.045986,0.117517,-0.201082,0.543053,0.992081,0.105699,0.122286,-0.117473
-1.897491,1.536815,0.767697,0.064622,-0.040670,0.806017,0.586947,-0.196238,0.059084,-0.115547,1.363795,-0.073550,-0.201063,-0.019515,0.153846,-0.153840,0.387726,-0.239712,-0.236522,-0.175631,-0.085783,0.241626,0.061356,0.252887,-0.078523,1.238785,0.265635,0.090815,0.051251,0.087877,-0.208787,0.546716,0.955294,0.098956,0.097177,-0.136573
-1.904225,1.563636,0.770193,0.068780,-0.041371,0.787858,0.610605,-0.260842,0.135364,-0.043035,1.303099,-0.152554,-0.055830,0.056069,0.171434,-0.089213,0.337646,-0.246054,-0.228668,-0.150401,-0.085072,0.251234,0.103363,0.236205,-0.078065,1.230353,0.258863,0.103779,0.064479,0.049045,-0.213549,0.554089,0.925640,0.078045,0.107946,-0.132801
-1.910683,1.590018,0.771364,0.069372,-0.041720,0.769404,0.633612,-0.309050,0.178818,0.016731,1.191826,-0.219295,0.055233,0.120033,0.184753,-0.024798,0.297099,-0.251449,-0.222120,-0.128426,-0.078873,0.258635,0.143467,0.218405,-0.078838,1.211160,0.249738,0.100929,0.070627,0.002533,-0.215974,0.569840,0.910086,0.062815,0.116843,-0.120490
-1.917037,1.616387,0.771057,0.066889,-0.041296,0.748886,0.658020,-0.333270,0.187861,0.066200,1.019928,-0.223382,0.065597,0.169684,0.194280,0.041031,0.275021,-0.264559,-0.219442,-0.103157,-0.066942,0.262989,0.176044,0.198041,-0.084580,1.191794,0.241845,0.092615,0.070525,-0.050063,-0.217755,0.600804,0.917150,0.065239,0.107915,-0.113474
-1.922416,1.643554,0.769213,0.062539,-0.040997,0.731493,0.677736,-0.340880,0.155059,0.071878,0.794243,-0.152693,0.009781,0.218094,0.200999,0.093412,0.252148,-0.280890,-0.213148,-0.084455,-0.052846,0.263832,0.195773,0.179238,-0.105028,1.183088,0.235205,0.086330,0.068743,-0.097994,-0.216097,0.635089,0.936130,0.068785,0.102160,-0.109265
-1.926875,1.671939,0.765420,0.054727,-0.043633,0.720294,0.690129,-0.336392,0.104735,0.028405,0.530585,-0.025403,-0.076825,0.272368,0.213413,0.127124,0.217037,-0.289568,-0.209236,-0.076839,-0.031110,0.262152,0.201454,0.166526,-0.137115,1.184574,0.254579,0.085432,0.050816,-0.137972,-0.209065,0.665329,0.967883,0.068333,0.100809,-0.103478
-1.930198,1.701749,0.759606,0.044984,-0.049924,0.712704,0.698239,-0.319265,0.068864,-0.024304,0.262841,0.132876,-0.156983,0.326585,0.234329,0.151613,0.192523,-0.298101,-0.206468,-0.071387,-0.003399,0.260699,0.198734,0.158946,-0.166341,1.187152,0.283065,0.087721,0.029079,-0.168639,-0.198004,0.690361,1.004129,0.044378,0.116405,-0.094069
-1.933015,1.732829,0.752652,0.035109,-0.061536,0.703875,0.706782,-0.317505,0.060316,-0.057808,0.099626,0.204541,-0.259758,0.404376,0.258737,0.182524,0.141297,-0.282795,-0.195476,-0.057590,0.031057,0.267544,0.189184,0.153876,-0.185032,1.185718,0.302388,0.091297,0.012560,-0.193752,-0.188080,0.715373,1.040335,0.037074,0.126078,-0.076438
-1.936337,1.765339,0.746498,0.027722,-0.069711,0.696530,0.713595,-0.350879,0.055747,-0.036465,0.102796,0.072376,-0.261800,0.466327,0.271859,0.213398,0.123700,-0.273775,-0.184512,-0.041869,0.057437,0.272283,0.173634,0.150241,-0.194405,1.180700,0.297502,0.090162,0.010374,-0.211467,-0.184274,0.743684,1.072207,0.031643,0.134642,-0.056005
-1.938615,1.798659,0.742744,0.022928,-0.069917,0.693519,0.716671,-0.343407,0.045453,0.032487,0.105353,0.024917,-0.261800,0.510154,0.270147,0.229228,0.122278,-0.257180,-0.166302,-0.034545,0.067309,0.264920,0.155607,0.149636,-0.209156,1.173726,0.277697,0.082849,0.024774,-0.216768,-0.183071,0.766278,1.097119,0.029631,0.138129,-0.041809
-1.940261,1.833570,0.743594,0.028721,-0.051870,0.697934,0.713704,-0.329210,-0.029249,-0.017931,0.107544,0.152291,-0.142761,0.513222,0.231015,0.210259,0.173125,-0.247828,-0.123872,-0.041990,0.030557,0.244200,0.139819,0.155031,-0.216546,1.157412,0.276424,0.074637,0.041743,-0.208374,-0.180945,0.769558,1.106951,0.016126,0.143585,-0.035081
-1.942097,1.870778,0.746166,0.035921,-0.033878,0.694797,0.717509,-0.353434,-0.079133,-0.016370,0.206857,0.210426,-0.080425,0.486259,0.191110,0.213888,0.289162,-0.229857,-0.053862,-0.038054,-0.011090,0.220364,0.138630,0.160794,-0.199041,1.126512,0.286093,0.072697,0.053260,-0.190211,-0.180783,0.765314,1.103136,0.004722,0.150469,-0.037167
-1.942671,1.907746,0.750895,0.044034,-0.023361,0.689820,0.722263,-0.353601,-0.103286,0.006401,0.313204,0.131488,-0.057892,0.446860,0.170425,0.237856,0.438301,-0.153384,0.060586,-0.035941,-0.046627,0.205036,0.131667,0.171857,-0.197884,1.119144,0.243719,0.062738,0.071147,-0.162352,-0.181476,0.754091,1.099136,0.023230,0.133098,-0.058767
-1.942560,1.941936,0.756522,0.047393,-0.018136,0.686889,0.724988,-0.329070,-0.117098,0.014864,0.366357,0.062559,-0.035236,0.377815,0.186582,0.278794,0.626168,-0.045136,0.242124,-0.048042,-0.067937,0.198983,0.113224,0.186526,-0.207793,1.126489,0.222461,0.058851,0.078893,-0.137251,-0.181917,0.719791,1.096441,0.021101,0.114691,-0.079341
-1.941174,1.973824,0.760998,0.044488,-0.020895,0.685171,0.726722,-0.305351,-0.111162,0.012413,0.425702,-0.016202,0.005053,0.279026,0.233948,0.280670,0.837248,0.090278,0.261800,-0.075290,-0.069566,0.202004,0.093092,0.201753,-0.212091,1.120150,0.261242,0.080992,0.072372,-0.127046,-0.185397,0.688160,1.086229,0.039495,0.120950,-0.079710
-1.940916,2.003859,0.764981,0.045910,-0.019180,0.683744,0.728023,-0.262723,-0.119749,0.015125,0.436331,-0.068656,0.036692,0.154821,0.263366,0.289021,1.047262,0.110879,0.261800,-0.107781,-0.081696,0.206075,0.067620,0.223148,-0.234201,1.112768,0.268284,0.090527,0.064329,-0.126419,-0.194163,0.667311,1.075036,0.083034,0.121995,-0.070560
-1.940962,2.032650,0.768792,0.049321,-0.016228,0.682385,0.729147,-0.206923,-0.133588,0.017592,0.417313,-0.103112,0.050157,0.023077,0.223155,0.250016,1.194609,0.012818,0.261800,-0.137768,-0.097418,0.212079,0.032917,0.251688,-0.280316,1.116541,0.243584,0.079398,0.069977,-0.120307,-0.204438,0.640533,1.065845,0.106723,0.109831,-0.075513
-1.941075,2.061190,0.772567,0.053164,-0.015436,0.681390,0.729824,-0.138558,-0.145949,0.014715,0.379414,-0.127506,0.057539,-0.109332,0.140810,0.198001,1.277219,-0.067906,0.249233,-0.160313,-0.109167,0.219463,-0.011214,0.280038,-0.335307,1.137587,0.245085,0.068166,0.072315,-0.103117,-0.213664,0.607566,1.058585,0.125219,0.101101,-0.103706
-1.939461,2.089732,0.775474,0.054872,-0.018841,0.680622,0.730334,-0.066040,-0.145418,0.009151,0.342946,-0.153777,0.053964,-0.222756,-0.002683,0.069391,1.280352,-0.164893,0.067972,-0.178090,-0.113433,0.229145,-0.058704,0.301316,-0.379063,1.163225,0.272754,0.078849,0.074941,-0.082932,-0.220674,0.583622,1.054639,0.133721,0.108339,-0.141594
-1.936580,2.118496,0.777733,0.053892,-0.022029,0.683146,0.727957,0.004050,-0.139358,-0.004412,0.299406,-0.173009,0.037582,-0.291796,-0.113485,-0.051580,1.193915,-0.254092,-0.047553,-0.199121,-0.115688,0.233291,-0.100551,0.315126,-0.389620,1.172749,0.319506,0.106242,0.072203,-0.060643,-0.225179,0.570597,1.050783,0.124521,0.132488,-0.164583
-1.932640,2.147018,0.779015,0.050918,-0.023596,0.688820,0.722757,0.067585,-0.129847,-0.024391,0.254908,-0.190905,0.008827,-0.331499,-0.158644,-0.135494,1.029284,-0.251362,-0.073010,-0.224711,-0.119036,0.233587,-0.133690,0.325059,-0.372334,1.162672,0.341379,0.121692,0.081455,-0.036352,-0.226212,0.558803,1.048839,0.105476,0.145143,-0.163081
-1.928106,2.176090,0.778465,0.049296,-0.021509,0.695971,0.716052,0.123107,-0.127135,-0.047185,0.220170,-0.207523,0.000389,-0.353804,-0.146276,-0.149437,0.808262,-0.194591,-0.035952,-0.251397,-0.129263,0.226747,-0.156417,0.332114,-0.345195,1.142475,0.309044,0.107677,0.102774,-0.006878,-0.223374,0.542523,1.047549,0.099495,0.149460,-0.145379
-1.923167,2.206470,0.775304,0.051497,-0.017561,0.703289,0.708819,0.183117,-0.131932,-0.070715,0.185985,-0.227862,-0.002202,-0.345689,-0.123327,-0.132195,0.542900,-0.131666,0.025895,-0.275797,-0.145822,0.215851,-0.171177,0.335362,-0.324635,1.116443,0.258318,0.084504,0.116379,0.031158,-0.216962,0.517341,1.043035,0.094866,0.153888,-0.124257
-1.917756,2.238985,0.769639,0.061216,-0.011634,0.710289,0.701147,0.257201,-0.148906,-0.093128,0.148209,-0.241762,-0.001647,-0.300336,-0.126666,-0.117528,0.247659,-0.044218,0.110516,-0.296019,-0.174453,0.201699,-0.180252,0.333925,-0.313346,1.092233,0.233629,0.067826,0.103369,0.077854,-0.208460,0.490982,1.035842,0.097017,0.161277,-0.108851
-1.911408,2.272110,0.762208,0.072653,-0.001237,0.718647,0.691568,0.319625,-0.172144,-0.123699,0.127496,-0.254820,-0.002784,-0.311221,-0.166013,-0.139093,0.111064,-0.031511,0.166381,-0.317022,-0.210167,0.180686,-0.190660,0.330592,-0.311913,1.075027,0.224000,0.057533,0.079070,0.124632,-0.197789,0.471567,1.031199,0.106517,0.159528,-0.097566
-1.903795,2.305843,0.755329,0.081280,0.005739,0.724709,0.684220,0.369250,-0.181547,-0.148789,0.137371,-0.271372,-0.006838,-0.345364,-0.206439,-0.223203,0.112150,-0.094545,0.214646,-0.330401,-0.237038,0.165053,-0.197531,0.324759,-0.304737,1.067133,0.229274,0.048865,0.061298,0.164919,-0.183569,0.457500,1.036770,0.108151,0.153709,-0.087368
-1.896506,2.340312,0.750534,0.081188,0.004535,0.723517,0.685501,0.393192,-0.168637,-0.151197,0.201521,-0.300580,-0.018695,-0.332425,-0.201794,-0.282498,0.113276,-0.087100,0.167251,-0.326289,-0.233570,0.156932,-0.192078,0.308792,-0.278511,1.063662,0.238523,0.045448,0.054300,0.184918,-0.170412,0.453897,1.067209,0.110436,0.152201,-0.073476
-1.889119,2.376636,0.748306,0.072003,-0.000760,0.718702,0.691579,0.398294,-0.137637,-0.143198,0.290372,-0.310010,-0.044681,-0.295798,-0.159539,-0.301004,0.114277,-0.005306,0.091365,-0.317674,-0.203161,0.145566,-0.169975,0.285068,-0.244427,1.062835,0.244785,0.046829,0.068096,0.191654,-0.162246,0.457651,1.109474,0.099322,0.169355,-0.057236
-1.879840,2.414172,0.748991,0.048436,-0.009582,0.718947,0.693309,0.351610,-0.080026,-0.153526,0.444100,-0.302283,-0.094820,-0.341100,-0.121719,-0.343971,0.251607,0.095149,-0.042146,-0.315817,-0.142797,0.128000,-0.145728,0.262032,-0.216850,1.070255,0.253567,0.046776,0.071391,0.201344,-0.152889,0.443349,1.132462,0.077676,0.203883,-0.046586
-1.869241,2.451480,0.750876,0.030044,-0.020966,0.719881,0.693130,0.292178,-0.036660,-0.194342,0.630465,-0.226472,-0.190491,-0.359912,-0.077165,-0.367577,0.377240,0.034420,-0.175390,-0.308733,-0.089111,0.120757,-0.127385,0.245729,-0.207633,1.097830,0.250209,0.045119,0.056395,0.207785,-0.144097,0.432686,1.150171,0.091910,0.218033,-0.049147
-1.860563,2.486382,0.754114,0.027795,-0.034089,0.712480,0.700312,0.243065,-0.045475,-0.242785,0.827572,-0.093816,-0.261800,-0.311527,-0.032624,-0.356937,0.422680,-0.039390,-0.166479,-0.285218,-0.058489,0.138683,-0.109382,0.227578,-0.182701,1.139135,0.255614,0.043428,0.040371,0.187220,-0.146094,0.463588,1.179958,0.123417,0.202872,-0.055390
-1.853584,2.518141,0.756803,0.033599,-0.040847,0.702024,0.710187,0.161427,-0.085383,-0.260954,1.045579,0.052870,-0.261800,-0.259428,-0.007473,-0.332714,0.453292,-0.106917,-0.163909,-0.261769,-0.050327,0.160969,-0.093397,0.218164,-0.167323,1.165812,0.289353,0.073780,0.016810,0.152596,-0.155698,0.488012,1.175819,0.085957,0.216685,-0.038491
-1.845711,2.548047,0.759668,0.039479,-0.047102,0.692647,0.718654,0.061224,-0.088898,-0.240580,1.216128,0.159878,-0.261800,-0.191378,0.019984,-0.311653,0.445717,-0.157307,-0.168732,-0.245549,-0.051362,0.183629,-0.073114,0.227636,-0.178737,1.171264,0.314342,0.099019,-0.007144,0.117614,-0.165972,0.496514,1.131110,0.048433,0.233617,-0.025864
-1.836399,2.576014,0.763148,0.036939,-0.055035,0.679646,0.730540,-0.041173,-0.058161,-0.234297,1.327500,0.045543,-0.261800,-0.111970,0.074130,-0.286161,0.380392,-0.168493,-0.179308,-0.228586,-0.044605,0.203152,-0.047214,0.249076,-0.200001,1.183075,0.283467,0.073394,0.007244,0.076477,-0.177633,0.508608,1.078044,0.049735,0.206325,-0.035859
-1.827663,2.603236,0.766364,0.037614,-0.063404,0.659927,0.747704,-0.131310,-0.003912,-0.207315,1.363258,-0.039019,-0.261800,-0.024560,0.124368,-0.236208,0.307080,-0.166994,-0.187238,-0.202979,-0.042527,0.226489,-0.012781,0.267089,-0.197209,1.198882,0.252621,0.035852,0.041689,0.034175,-0.190275,0.518420,1.023562,0.060572,0.163689,-0.081478
-1.820111,2.630255,0.768771,0.040743,-0.065937,0.637324,0.766688,-0.219017,0.068665,-0.143574,1.335823,-0.118758,-0.162539,0.044274,0.150473,-0.174598,0.264896,-0.175753,-0.192896,-0.175309,-0.048091,0.242287,0.023211,0.273811,-0.158561,1.208060,0.258876,0.046905,0.067232,-0.006863,-0.202424,0.519925,0.960959,0.055783,0.145908,-0.129128
-1.812835,2.656527,0.770414,0.044001,-0.066232,0.613433,0.785734,-0.285848,0.132408,-0.067695,1.247389,-0.198513,-0.030629,0.099837,0.163910,-0.109529,0.244609,-0.191944,-0.198991,-0.151107,-0.055802,0.255521,0.055559,0.277293,-0.124204,1.216699,0.236453,0.075311,0.086918,-0.051074,-0.213460,0.527510,0.896288,0.036549,0.138849,-0.158971
-1.805565,2.682719,0.770801,0.045969,-0.063265,0.589685,0.803838,-0.328498,0.164193,0.003190,1.098732,-0.235423,0.035166,0.138372,0.167276,-0.049689,0.245560,-0.218820,-0.203941,-0.130253,-0.064628,0.260939,0.086825,0.280450,-0.103137,1.229042,0.221543,0.084125,0.094090,-0.091169,-0.222420,0.534949,0.833477,0.004823,0.132447,-0.164218
-1.797832,2.708997,0.769890,0.045057,-0.059504,0.565862,0.821115,-0.344962,0.166300,0.060260,0.892749,-0.195743,0.010604,0.171010,0.169779,0.002838,0.249113,-0.248703,-0.205918,-0.109728,-0.068524,0.260651,0.115698,0.281835,-0.096025,1.240772,0.227025,0.083843,0.092932,-0.123414,-0.230624,0.543750,0.778727,-0.001906,0.116331,-0.158999
-1.789170,2.735533,0.767166,0.040567,-0.057971,0.546973,0.834155,-0.341042,0.141565,0.078441,0.640590,-0.091102,-0.057685,0.204224,0.179768,0.048824,0.254239,-0.276612,-0.207181,-0.097670,-0.063595,0.257406,0.139524,0.280076,-0.097513,1.246186,0.233550,0.092254,0.088642,-0.148909,-0.234544,0.553881,0.748410,0.011108,0.091136,-0.151839
-1.779105,2.762965,0.762412,0.030748,-0.060999,0.533666,0.842932,-0.329142,0.115869,0.055312,0.380642,0.049668,-0.122352,0.251771,0.202337,0.079184,0.237434,-0.293358,-0.207874,-0.093827,-0.043914,0.253203,0.160893,0.274144,-0.099202,1.244308,0.244485,0.098282,0.084147,-0.165366,-0.235060,0.562607,0.736554,0.019727,0.083827,-0.138647
-1.767770,2.791404,0.756913,0.018855,-0.069869,0.523148,0.849164,-0.298474,0.103028,0.009411,0.136290,0.195365,-0.206542,0.322645,0.231601,0.108099,0.195687,-0.286374,-0.207199,-0.090365,-0.014239,0.255929,0.177725,0.266013,-0.102241,1.236564,0.238663,0.093966,0.081127,-0.176748,-0.231015,0.569661,0.743044,0.022386,0.094050,-0.125091
-1.756405,2.820884,0.751360,0.008169,-0.080355,0.513945,0.854012,-0.327326,0.098659,-0.038425,0.101309,0.142888,-0.261800,0.400222,0.255204,0.139159,0.153679,-0.267490,-0.202586,-0.083476,0.016825,0.262908,0.186191,0.254244,-0.103542,1.225668,0.229532,0.086944,0.080155,-0.185038,-0.227951,0.581877,0.770113,0.041745,0.099311,-0.119193
-1.744584,2.850795,0.746998,0.000829,-0.086323,0.507998,0.857021,-0.331091,0.092875,-0.036711,0.105680,0.018803,-0.261800,0.455241,0.267188,0.159186,0.148235,-0.253399,-0.198234,-0.077946,0.039942,0.263774,0.184672,0.239956,-0.108370,1.216376,0.228966,0.081931,0.072778,-0.186394,-0.226027,0.597683,0.816837,0.059331,0.097316,-0.118071
-1.731693,2.881108,0.745524,0.002133,-0.080648,0.507930,0.857612,-0.307949,0.058138,-0.048988,0.108881,0.052018,-0.225089,0.465925,0.255017,0.154330,0.205814,-0.257488,-0.188880,-0.078602,0.035080,0.248436,0.177087,0.225315,-0.111973,1.210330,0.238049,0.075487,0.065083,-0.177699,-0.221564,0.611286,0.874171,0.062371,0.103122,-0.112734
-1.718385,2.912107,0.746589,0.010549,-0.063433,0.505813,0.860243,-0.312623,-0.008167,-0.102640,0.163567,0.109036,-0.149131,0.435541,0.216584,0.144203,0.315186,-0.266802,-0.160568,-0.073086,0.004891,0.221453,0.166667,0.211268,-0.104835,1.198080,0.247748,0.071861,0.057000,-0.165359,-0.215396,0.623871,0.929374,0.058711,0.120360,-0.103498
-1.704373,2.944467,0.748721,0.021529,-0.048388,0.496860,0.866213,-0.326082,-0.053917,-0.093738,0.244477,0.160365,-0.097138,0.401770,0.173588,0.157491,0.440779,-0.241264,-0.099422,-0.063796,-0.029710,0.196723,0.166494,0.197728,-0.090533,1.179803,0.235082,0.064729,0.053313,-0.150243,-0.209733,0.644682,0.980390,0.060733,0.139643,-0.093975
-1.689664,2.975485,0.752561,0.032387,-0.039835,0.489780,0.870333,-0.313353,-0.083697,-0.068333,0.321371,0.074548,-0.070799,0.357835,0.146677,0.180568,0.588452,-0.158842,0.015898,-0.062446,-0.060640,0.183752,0.156951,0.192893,-0.102391,1.181285,0.200857,0.050439,0.057931,-0.127715,-0.202406,0.655557,1.032644,0.067543,0.138749,-0.097410
-1.675103,3.002995,0.756841,0.036405,-0.037536,0.485110,0.872888,-0.277216,-0.090994,-0.054277,0.351429,0.009057,-0.077393,0.284372,0.163477,0.221461,0.775415,-0.046340,0.149905,-0.071513,-0.076745,0.182347,0.133839,0.196382,-0.124105,1.187491,0.210505,0.057109,0.055795,-0.105059,-0.192407,0.639783,1.067325,0.052105,0.153986,-0.097038
-1.661187,3.028696,0.760468,0.040161,-0.034642,0.481152,0.875031,-0.227191,-0.098113,-0.039796,0.344919,-0.042948,-0.081871,0.183186,0.205129,0.270636,0.991055,0.070972,0.261800,-0.091967,-0.094758,0.181965,0.111508,0.205292,-0.145519,1.176525,0.251889,0.082924,0.049273,-0.087792,-0.186139,0.611382,1.067368,0.027023,0.189227,-0.080544
-1.647517,3.052067,0.763596,0.042739,-0.033337,0.476190,0.877671,-0.175980,-0.100813,-0.029996,0.331504,-0.081925,-0.089853,0.070937,0.200769,0.244486,1.167572,0.071887,0.261800,-0.115684,-0.111610,0.187072,0.087215,0.222580,-0.175969,1.157162,0.252050,0.090406,0.055380,-0.077010,-0.188486,0.599576,1.051009,0.058411,0.186843,-0.072805
-1.633814,3.074603,0.767024,0.044535,-0.034467,0.473705,0.878881,-0.112022,-0.101221,-0.026703,0.296147,-0.107118,-0.106217,-0.040288,0.141958,0.179184,1.277394,-0.043804,0.254076,-0.142827,-0.125405,0.193691,0.059830,0.249307,-0.227523,1.147897,0.231328,0.069424,0.076918,-0.061429,-0.195972,0.593335,1.031712,0.091551,0.153807,-0.076365
-1.619065,3.095996,0.770735,0.043018,-0.040241,0.474202,0.878443,-0.042234,-0.090256,-0.034450,0.258235,-0.129471,-0.129467,-0.134995,0.042897,0.063596,1.309625,-0.140010,0.144393,-0.172493,-0.132331,0.205903,0.025214,0.279289,-0.286461,1.157008,0.223225,0.047948,0.102402,-0.040845,-0.200654,0.575476,1.012970,0.093114,0.131683,-0.086775
-1.604117,3.116300,0.773388,0.041755,-0.045236,0.474102,0.878315,0.026929,-0.078296,-0.039480,0.215344,-0.145872,-0.151650,-0.207303,-0.052106,-0.044162,1.276638,-0.223705,0.037636,-0.194621,-0.138980,0.218456,-0.017681,0.306319,-0.340643,1.170209,0.245121,0.059455,0.105593,-0.019835,-0.202132,0.546022,0.992752,0.081556,0.135772,-0.096383
-1.588734,3.135949,0.774765,0.039896,-0.047485,0.475077,0.877756,0.088471,-0.066921,-0.044023,0.173318,-0.160373,-0.173096,-0.257790,-0.113004,-0.130711,1.168268,-0.261757,-0.009521,-0.213466,-0.144270,0.226663,-0.059518,0.328036,-0.370622,1.174182,0.278150,0.081480,0.086266,0.002677,-0.202782,0.513532,0.971173,0.074127,0.145187,-0.104077
-1.572716,3.155398,0.774812,0.038012,-0.047451,0.476237,0.877213,0.144342,-0.057091,-0.047442,0.133002,-0.175672,-0.184535,-0.291929,-0.127494,-0.177982,0.994686,-0.232266,-0.006020,-0.229161,-0.148906,0.231099,-0.095212,0.345997,-0.383133,1.168055,0.284897,0.089278,0.072856,0.024586,-0.204898,0.489706,0.955488,0.077032,0.140444,-0.108048
-1.555923,3.174888,0.772787,0.038821,-0.043072,0.476395,0.877317,0.179685,-0.059723,-0.047017,0.126241,-0.203722,-0.145842,-0.314071,-0.114734,-0.177010,0.767955,-0.156927,0.036417,-0.240380,-0.158087,0.227685,-0.122572,0.360129,-0.379113,1.154544,0.269953,0.080414,0.070957,0.045025,-0.207072,0.472259,0.950024,0.084237,0.130327,-0.108711
-1.537689,3.195209,0.768469,0.046115,-0.036569,0.474420,0.878329,0.217068,-0.080467,-0.037629,0.127533,-0.235638,-0.066860,-0.310122,-0.111643,-0.158288,0.503969,-0.069556,0.091621,-0.246320,-0.178362,0.219295,-0.137240,0.368205,-0.358609,1.131974,0.261840,0.075438,0.078124,0.062795,-0.208174,0.461459,0.956499,0.089014,0.126967,-0.103999
-1.517832,3.216361,0.761862,0.055279,-0.032965,0.469677,0.880489,0.267644,-0.099778,-0.027571,0.126299,-0.277451,-0.034771,-0.273632,-0.114801,-0.146742,0.218669,0.014627,0.135309,-0.245901,-0.198003,0.214005,-0.141657,0.369804,-0.333371,1.103492,0.260479,0.077601,0.090129,0.078365,-0.208315,0.456399,0.971656,0.092098,0.131711,-0.104832
-1.496212,3.237495,0.754884,0.060987,-0.028952,0.463294,0.883629,0.313915,-0.107279,-0.019611,0.127543,-0.312227,-0.038206,-0.300641,-0.122529,-0.140698,0.112136,-0.025261,0.098457,-0.244158,-0.211592,0.204511,-0.137568,0.369289,-0.311508,1.078160,0.246656,0.070623,0.108004,0.088427,-0.206378,0.460759,0.997346,0.098742,0.135941,-0.106922
-1.472965,3.258803,0.748353,0.069518,-0.027124,0.458528,0.885541,0.367534,-0.116132,-0.018085,0.130188,-0.326131,-0.049654,-0.324125,-0.143545,-0.212036,0.113271,-0.090956,0.152947,-0.246364,-0.230171,0.197363,-0.124011,0.366182,-0.287294,1.061382,0.233069,0.057335,0.114939,0.097339,-0.200494,0.467981,1.030388,0.108681,0.138095,-0.110564
-1.448573,3.279880,0.745365,0.064406,-0.028623,0.448393,0.891054,0.392625,-0.093061,-0.002813,0.179392,-0.338897,-0.071772,-0.309545,-0.117221,-0.227860,0.113136,-0.058239,0.104122,-0.240578,-0.220208,0.188812,-0.101989,0.353120,-0.241379,1.060062,0.231690,0.046890,0.109340,0.099763,-0.188037,0.469054,1.067796,0.100356,0.154956,-0.103956
-1.421941,3.300819,0.746088,0.045307,-0.031021,0.441036,0.895808,0.368402,-0.036843,0.004320,0.306195,-0.356313,-0.118930,-0.281331,-0.062385,-0.275084,0.111522,0.045963,0.018736,-0.239624,-0.183584,0.172563,-0.076634,0.334377,-0.196136,1.074970,0.221247,0.048582,0.106584,0.109498,-0.172574,0.463281,1.085980,0.089841,0.182249,-0.099830
-1.392554,3.322132,0.747674,0.024566,-0.035300,0.438248,0.897825,0.329890,0.024942,-0.017272,0.463035,-0.334464,-0.180993,-0.297957,-0.016398,-0.308915,0.211070,0.090657,-0.069188,-0.244811,-0.142514,0.153283,-0.047537,0.313219,-0.156934,1.104001,0.214145,0.055103,0.104353,0.129676,-0.156530,0.450788,1.090330,0.083481,0.195630,-0.094142
-1.363234,3.342942,0.749748,0.011636,-0.040249,0.432624,0.900600,0.279100,0.057431,-0.063161,0.643555,-0.247061,-0.258794,-0.311473,0.021495,-0.307844,0.334617,0.018677,-0.142789,-0.246413,-0.114606,0.138979,-0.015403,0.289591,-0.123574,1.144286,0.215923,0.059224,0.108753,0.140840,-0.144722,0.459662,1.104462,0.106325,0.181339,-0.087686
-1.336299,3.363231,0.752161,0.013976,-0.046146,0.422927,0.904880,0.223434,0.039530,-0.107812,0.839755,-0.124306,-0.261800,-0.284363,0.039426,-0.287225,0.409245,-0.059599,-0.154076,-0.239532,-0.113292,0.141403,0.014136,0.265261,-0.098594,1.177909,0.231374,0.075327,0.107240,0.138838,-0.136227,0.471271,1.116830,0.096188,0.178184,-0.074573
-1.310675,3.381767,0.754077,0.013540,-0.056463,0.414887,0.908018,0.138877,0.021323,-0.162503,1.069830,-0.007285,-0.261800,-0.218216,0.073059,-0.274840,0.412767,-0.115655,-0.155096,-0.232962,-0.103656,0.159693,0.037122,0.246705,-0.096403,1.193444,0.247532,0.099761,0.083963,0.130897,-0.129193,0.470761,1.105857,0.078650,0.197807,-0.066838
-1.286285,3.399519,0.756243,0.010621,-0.066049,0.405923,0.911455,0.039119,-0.006516,-0.215632,1.262567,0.127637,-0.261800,-0.136143,0.114621,-0.258325,0.369642,-0.146373,-0.148866,-0.220404,-0.087862,0.178461,0.053230,0.234561,-0.123539,1.205694,0.242082,0.098731,0.056206,0.120203,-0.125486,0.472709,1.084454,0.081659,0.199317,-0.066594
-1.262859,3.416823,0.758881,0.010553,-0.073897,0.390251,0.917678,-0.040393,0.003156,-0.213613,1.372488,0.075792,-0.261800,-0.048211,0.151816,-0.221344,0.308349,-0.159710,-0.136833,-0.192167,-0.075347,0.194961,0.067375,0.221109,-0.146392,1.211641,0.259738,0.087735,0.035313,0.103753,-0.127897,0.488666,1.069053,0.098424,0.169238,-0.069438
-1.240584,3.434206,0.761880,0.015475,-0.078113,0.367648,0.926549,-0.120720,0.037654,-0.169078,1.413936,-0.003497,-0.220455,0.035195,0.170906,-0.165579,0.250734,-0.168731,-0.117223,-0.153023,-0.069903,0.206740,0.084802,0.200193,-0.140573,1.200627,0.284804,0.091769,0.032721,0.078160,-0.136436,0.517174,1.063304,0.107240,0.138549,-0.074461
-1.219100,3.451295,0.764721,0.021706,-0.079903,0.343744,0.935406,-0.196569,0.093915,-0.098126,1.394953,-0.064391,-0.132345,0.117570,0.176775,-0.103246,0.187344,-0.170857,-0.092992,-0.118195,-0.066867,0.218138,0.105039,0.176414,-0.110387,1.175213,0.264925,0.097143,0.047923,0.041617,-0.147307,0.547009,1.059098,0.090644,0.134905,-0.075356
-1.197716,3.467817,0.766026,0.025737,-0.078484,0.324392,0.942310,-0.269199,0.131033,-0.047398,1.326830,-0.136868,-0.040883,0.188264,0.175904,-0.054820,0.129236,-0.175189,-0.079203,-0.097955,-0.064645,0.224537,0.128968,0.156200,-0.065992,1.138208,0.263987,0.089627,0.040929,0.001748,-0.156994,0.570893,1.050166,0.055990,0.146581,-0.068893
-1.176384,3.483902,0.765437,0.027248,-0.076612,0.306574,0.948367,-0.324176,0.151156,-0.006032,1.203384,-0.183006,0.014147,0.230573,0.174919,-0.016350,0.121459,-0.199280,-0.083299,-0.084364,-0.059605,0.231401,0.142598,0.147536,-0.050478,1.111444,0.239075,0.083323,0.018136,-0.042516,-0.167527,0.604486,1.040920,0.030453,0.147697,-0.067717
-1.155325,3.500073,0.763408,0.025954,-0.076024,0.287173,0.954504,-0.353373,0.154949,0.026288,1.026182,-0.186683,0.020798,0.263001,0.178630,0.022581,0.137838,-0.231342,-0.106255,-0.070861,-0.048094,0.242934,0.143416,0.147927,-0.064650,1.101408,0.206983,0.076682,0.006669,-0.084811,-0.182263,0.648300,1.027710,0.004106,0.126630,-0.082571
-1.133196,3.516472,0.760147,0.022777,-0.074500,0.274009,0.958567,-0.363916,0.132186,0.032534,0.797773,-0.132620,-0.012951,0.293911,0.185170,0.051013,0.152672,-0.265081,-0.129079,-0.068428,-0.035648,0.250899,0.135488,0.155459,-0.098944,1.107345,0.212144,0.071513,0.016262,-0.121841,-0.197274,0.679436,1.016084,-0.008157,0.114543,-0.083653
-1.109354,3.532985,0.755032,0.016910,-0.073295,0.266464,0.960905,-0.352671,0.100214,0.017713,0.526598,-0.030446,-0.077509,0.335464,0.196886,0.067915,0.149449,-0.288892,-0.139996,-0.071345,-0.020943,0.255430,0.120877,0.166534,-0.137175,1.127587,0.247623,0.074306,0.036711,-0.149966,-0.205771,0.687986,1.012834,0.003455,0.121322,-0.081993
-1.083149,3.549834,0.748338,0.006488,-0.074335,0.259465,0.962866,-0.322310,0.082856,0.004229,0.248107,0.082851,-0.139949,0.392306,0.218013,0.083854,0.126843,-0.296068,-0.142040,-0.073260,0.001686,0.256241,0.108106,0.178155,-0.171634,1.152495,0.286582,0.084308,0.058077,-0.169254,-0.208717,0.692964,1.022275,0.022628,0.122447,-0.079610
-1.055385,3.567704,0.741323,-0.008800,-0.077184,0.246612,0.965996,-0.325199,0.090760,0.004208,0.104785,0.084032,-0.238388,0.444516,0.246478,0.118781,0.122823,-0.297621,-0.137025,-0.061313,0.035748,0.257789,0.099316,0.184743,-0.182111,1.167200,0.312954,0.095660,0.069798,-0.181151,-0.210855,0.693560,1.033048,0.022626,0.126226,-0.076966
-1.026699,3.586867,0.736623,-0.016732,-0.077066,0.237409,0.968203,-0.352465,0.088731,0.033202,0.106865,-0.023794,-0.261800,0.494089,0.252447,0.147912,0.121016,-0.285166,-0.117960,-0.052023,0.054424,0.255339,0.092317,0.186898,-0.175645,1.173441,0.303526,0.097735,0.077021,-0.185446,-0.213848,0.694305,1.045537,0.028317,0.129691,-0.080129
-0.996933,3.606225,0.735819,-0.013478,-0.070430,0.237759,0.968674,-0.331977,0.060367,0.077145,0.108588,0.005746,-0.215523,0.531494,0.232764,0.153868,0.120986,-0.252167,-0.087287,-0.059380,0.045091,0.240594,0.088417,0.187470,-0.162658,1.175805,0.279672,0.095883,0.078495,-0.178430,-0.217097,0.695270,1.056463,0.025011,0.133272,-0.079691
-0.966110,3.626024,0.738377,0.004032,-0.057171,0.241402,0.968731,-0.326461,-0.012401,0.044668,0.136375,0.119002,-0.072310,0.518184,0.184734,0.141563,0.206677,-0.235033,-0.028830,-0.072975,0.001571,0.219740,0.087233,0.186435,-0.140186,1.167632,0.270301,0.096650,0.075453,-0.161820,-0.220162,0.686409,1.054720,0.025461,0.140760,-0.077033
-0.933550,3.646512,0.741141,0.019385,-0.049982,0.237135,0.969996,-0.343970,-0.050205,0.054650,0.256661,0.134078,-0.035943,0.479029,0.148547,0.159599,0.364044,-0.197861,0.060817,-0.077942,-0.036559,0.200707,0.095295,0.186160,-0.126930,1.157031,0.252658,0.094256,0.071700,-0.135989,-0.222030,0.679697,1.053718,0.029135,0.141698,-0.080584
-0.901496,3.665838,0.744546,0.033477,-0.047159,0.233293,0.970685,-0.343909,-0.081701,0.067821,0.370958,0.059221,0.022169,0.421918,0.135336,0.206269,0.557487,-0.113398,0.204453,-0.082656,-0.070049,0.190725,0.091330,0.191709,-0.147344,1.163984,0.226114,0.084829,0.069561,-0.099543,-0.221941,0.649146,1.056650,0.039203,0.129397,-0.094646
-0.871277,3.682403,0.748014,0.036484,-0.047481,0.228214,0.971768,-0.318624,-0.085206,0.078202,0.438680,-0.026722,0.040456,0.336574,0.168297,0.248044,0.778810,0.006565,0.261800,-0.094148,-0.080076,0.192943,0.077872,0.200292,-0.182045,1.163135,0.232483,0.092397,0.059363,-0.072407,-0.220159,0.606118,1.055066,0.067761,0.127756,-0.106296
-0.843459,3.697361,0.752305,0.041787,-0.046718,0.221427,0.973161,-0.263798,-0.091870,0.094660,0.437892,-0.083536,0.041769,0.206742,0.210150,0.291911,1.036924,0.103418,0.261800,-0.110404,-0.096285,0.200789,0.060175,0.212932,-0.220265,1.149888,0.248465,0.102182,0.052995,-0.063328,-0.218854,0.589148,1.058919,0.121571,0.124346,-0.116454
-0.817523,3.710749,0.757035,0.047305,-0.045310,0.215899,0.974216,-0.196863,-0.103253,0.105239,0.399507,-0.114925,0.036547,0.079031,0.207193,0.288191,1.214637,0.046049,0.261800,-0.134492,-0.114572,0.209577,0.038009,0.230599,-0.265306,1.139788,0.243844,0.093214,0.059578,-0.066101,-0.217117,0.591854,1.074257,0.152025,0.117948,-0.116355
-0.791553,3.723686,0.762390,0.050074,-0.045541,0.215554,0.974143,-0.119960,-0.115159,0.098684,0.340056,-0.130476,0.030565,-0.049703,0.164699,0.249269,1.312661,-0.041604,0.261800,-0.165603,-0.128154,0.216286,0.011370,0.251075,-0.320980,1.143812,0.239708,0.077525,0.071845,-0.060345,-0.211578,0.585278,1.086544,0.134587,0.125661,-0.113888
-0.765161,3.735432,0.767386,0.047274,-0.048086,0.219251,0.973335,-0.044867,-0.113718,0.080641,0.287423,-0.146197,0.024923,-0.165724,0.075797,0.155053,1.327052,-0.121908,0.204358,-0.199414,-0.130904,0.223019,-0.022788,0.269578,-0.370938,1.157090,0.247919,0.079505,0.066928,-0.047399,-0.203552,0.572137,1.093458,0.124859,0.136583,-0.116247
-0.738452,3.746286,0.770753,0.043182,-0.048663,0.223202,0.972599,0.021324,-0.106812,0.066003,0.241265,-0.163626,0.023597,-0.256560,-0.030102,0.034947,1.268076,-0.205020,0.089374,-0.226698,-0.131170,0.224519,-0.062230,0.283425,-0.410614,1.171574,0.262827,0.090165,0.054967,-0.030288,-0.196217,0.555926,1.096334,0.123223,0.143920,-0.110624
-0.711717,3.756372,0.772290,0.039512,-0.046990,0.227458,0.971851,0.078032,-0.098429,0.052583,0.202667,-0.183840,0.013566,-0.316977,-0.100749,-0.066921,1.138831,-0.243975,0.023710,-0.248458,-0.131878,0.223055,-0.101212,0.292169,-0.424366,1.175630,0.287690,0.099633,0.044837,-0.011261,-0.190749,0.544505,1.094277,0.129094,0.143696,-0.105780
-0.684817,3.765998,0.771599,0.038294,-0.044209,0.232646,0.970801,0.130907,-0.094082,0.041825,0.168680,-0.206190,0.005439,-0.349396,-0.132830,-0.139545,0.949748,-0.220762,0.021151,-0.267080,-0.137065,0.220135,-0.136461,0.296636,-0.417181,1.168074,0.296022,0.101247,0.045422,0.009199,-0.186400,0.532682,1.091697,0.126437,0.141670,-0.092797
-0.657227,3.775248,0.768491,0.041100,-0.041408,0.237079,0.969737,0.184423,-0.097610,0.030521,0.140667,-0.230588,0.003986,-0.357297,-0.137864,-0.177213,0.711832,-0.158601,0.061817,-0.281403,-0.149983,0.216226,-0.165862,0.299771,-0.400869,1.151232,0.275039,0.094762,0.057893,0.030185,-0.179729,0.515979,1.090120,0.123578,0.142029,-0.080771
-0.628087,3.784511,0.762922,0.049064,-0.042355,0.239580,0.968711,0.245774,-0.107525,0.024683,0.125037,-0.264024,-0.003436,-0.328073,-0.138477,-0.187948,0.437708,-0.095597,0.116057,-0.289797,-0.171334,0.214919,-0.187460,0.300543,-0.383849,1.132405,0.258263,0.080870,0.064152,0.053482,-0.171648,0.499386,1.092255,0.125584,0.145478,-0.081763
-0.598052,3.793521,0.756038,0.057491,-0.040935,0.239222,0.968397,0.296566,-0.117980,0.023062,0.124742,-0.298998,-0.015479,-0.303355,-0.148617,-0.198833,0.193975,-0.020201,0.117115,-0.294723,-0.190766,0.206841,-0.204120,0.299483,-0.368525,1.114089,0.244526,0.070696,0.063002,0.073483,-0.164906,0.487161,1.096341,0.125056,0.149683,-0.075554
-0.566351,3.802063,0.749550,0.064617,-0.037002,0.239482,0.968041,0.341692,-0.124071,0.019246,0.126204,-0.320038,-0.028942,-0.330944,-0.174420,-0.224497,0.113805,-0.046281,0.081972,-0.303762,-0.205729,0.190926,-0.213473,0.298016,-0.354948,1.100589,0.231375,0.064713,0.058332,0.090939,-0.160239,0.478283,1.098754,0.121369,0.154353,-0.065759
-0.533158,3.810015,0.744456,0.070111,-0.035042,0.242974,0.966861,0.389153,-0.121697,0.003836,0.128999,-0.320119,-0.045247,-0.346056,-0.203991,-0.295257,0.114931,-0.088457,0.103610,-0.318280,-0.216808,0.177401,-0.217016,0.295428,-0.341549,1.099245,0.226340,0.057723,0.058561,0.104344,-0.156333,0.470274,1.100561,0.118597,0.160582,-0.049817
-0.498811,3.816486,0.743519,0.059310,-0.030988,0.237018,0.969198,0.402835,-0.082027,0.008023,0.176362,-0.318871,-0.080011,-0.333171,-0.172908,-0.319964,0.113507,-0.015014,0.061741,-0.318287,-0.193684,0.163860,-0.210282,0.288934,-0.316546,1.106122,0.237459,0.056325,0.067093,0.106568,-0.151900,0.465263,1.105133,0.111391,0.170014,-0.039411
-0.462243,3.821877,0.744763,0.037646,-0.025775,0.227715,0.972658,0.377864,-0.017313,0.013420,0.291455,-0.321021,-0.128916,-0.348126,-0.121250,-0.352947,0.182850,0.100266,-0.022983,-0.314927,-0.147836,0.146791,-0.189140,0.281859,-0.285248,1.111631,0.258137,0.064113,0.070810,0.105704,-0.149119,0.459520,1.108116,0.100069,0.179774,-0.033966
-0.423983,3.826117,0.747365,0.019431,-0.022126,0.217593,0.975595,0.344872,0.038295,0.006106,0.427321,-0.275879,-0.178327,-0.385829,-0.073838,-0.349210,0.322779,0.062937,-0.133971,-0.312324,-0.107641,0.128910,-0.155272,0.276862,-0.255915,1.119185,0.256899,0.066208,0.071639,0.103113,-0.147003,0.449633,1.112709,0.103016,0.184601,-0.041283
-0.387701,3.831136,0.751636,0.013092,-0.025134,0.204291,0.978500,0.301257,0.058855,-0.008048,0.603076,-0.177246,-0.220168,-0.363606,-0.037237,-0.332347,0.390848,-0.010519,-0.144522,-0.305526,-0.087993,0.127602,-0.121683,0.266657,-0.230832,1.138575,0.237915,0.063391,0.077877,0.082918,-0.148376,0.454748,1.131816,0.125984,0.175292,-0.062153
-0.353102,3.835822,0.755972,0.011188,-0.030742,0.186373,0.981934,0.232948,0.062698,-0.022466,0.817335,-0.064064,-0.235015,-0.310935,0.002760,-0.306979,0.404707,-0.065624,-0.148225,-0.286961,-0.076324,0.134758,-0.092148,0.257126,-0.208543,1.152611,0.259541,0.076956,0.057239,0.058260,-0.152131,0.453499,1.136070,0.114139,0.185285,-0.076812
-0.320084,3.839457,0.759322,0.007327,-0.036131,0.169652,0.984814,0.133194,0.063446,-0.048083,1.045008,0.060089,-0.217700,-0.243459,0.048013,-0.284134,0.382151,-0.105572,-0.155805,-0.267129,-0.062222,0.143920,-0.067609,0.254768,-0.195002,1.154390,0.291343,0.091789,0.017315,0.031374,-0.157069,0.453185,1.119482,0.104514,0.196558,-0.082577
-0.288730,3.842413,0.761758,0.002329,-0.042260,0.152796,0.987351,0.035756,0.067260,-0.069545,1.216435,0.138375,-0.218897,-0.169796,0.094731,-0.256573,0.343841,-0.130761,-0.162145,-0.245743,-0.048764,0.157878,-0.046956,0.258616,-0.187454,1.155407,0.277477,0.085969,-0.000837,0.003075,-0.165735,0.456189,1.098198,0.117946,0.169843,-0.075790
-0.258990,3.845177,0.763777,-0.000275,-0.051261,0.134591,0.989574,-0.043751,0.070453,-0.085803,1.321902,0.056470,-0.210077,-0.084377,0.134488,-0.219917,0.294385,-0.146530,-0.161448,-0.218544,-0.042310,0.179960,-0.030352,0.260805,-0.172650,1.160719,0.251598,0.074070,0.015483,-0.028019,-0.175204,0.466060,1.085085,0.139236,0.122932,-0.074485
-0.229899,3.847769,0.766023,0.001346,-0.061829,0.114659,0.991478,-0.116669,0.087864,-0.077104,1.363695,-0.010505,-0.178044,0.010780,0.161100,-0.172722,0.237136,-0.156329,-0.158584,-0.188755,-0.044716,0.204232,-0.012619,0.257855,-0.152705,1.166758,0.239531,0.072756,0.055419,-0.064301,-0.184045,0.489435,1.078714,0.147890,0.104403,-0.086702
-0.202098,3.850328,0.767540,0.004236,-0.069055,0.094220,0.993144,-0.192395,0.111270,-0.057708,1.350553,-0.084977,-0.112985,0.096492,0.176051,-0.121097,0.184081,-0.163897,-0.152396,-0.161913,-0.049190,0.224208,0.002957,0.253399,-0.140267,1.169439,0.234143,0.085555,0.093020,-0.103637,-0.189486,0.506406,1.068631,0.124196,0.120725,-0.100515
-0.175200,3.852833,0.768116,0.007191,-0.070179,0.073326,0.994810,-0.267857,0.137935,-0.024895,1.280385,-0.172945,-0.034979,0.162009,0.181662,-0.074196,0.141594,-0.173022,-0.143842,-0.139478,-0.052053,0.234796,0.019199,0.249202,-0.137794,1.162915,0.235770,0.097948,0.105286,-0.144774,-0.194582,0.526397,1.058330,0.090770,0.135975,-0.108522
-0.149027,3.855377,0.767915,0.009913,-0.068574,0.049350,0.996375,-0.325482,0.155548,0.018346,1.151711,-0.225155,0.027766,0.198000,0.180056,-0.031370,0.147417,-0.199776,-0.137413,-0.117452,-0.053112,0.243475,0.038176,0.245616,-0.145967,1.149989,0.234421,0.092074,0.101220,-0.186766,-0.200139,0.549776,1.051260,0.070803,0.127930,-0.111060
-0.122886,3.857869,0.766886,0.010066,-0.065096,0.026668,0.997472,-0.361288,0.157819,0.056941,0.967388,-0.215005,0.045715,0.227317,0.181940,0.010267,0.156665,-0.221523,-0.137361,-0.100606,-0.048922,0.250248,0.056924,0.240912,-0.159516,1.136237,0.232037,0.079309,0.088477,-0.224395,-0.205100,0.572616,1.043528,0.068351,0.118849,-0.110586
-0.095737,3.859818,0.764822,0.006623,-0.062379,0.008023,0.997998,-0.369299,0.139047,0.072390,0.731375,-0.149559,0.013090,0.261270,0.190172,0.041908,0.162926,-0.241482,-0.143972,-0.091051,-0.039670,0.257070,0.075216,0.234090,-0.170785,1.126889,0.230996,0.068658,0.078879,-0.252349,-0.207184,0.588551,1.038422,0.074384,0.111696,-0.106002
-0.066892,3.860722,0.761008,-0.001811,-0.059662,-0.007091,0.998192,-0.353351,0.120979,0.086554,0.459146,-0.041613,-0.050996,0.301670,0.209224,0.071277,0.160250,-0.250027,-0.151667,-0.087764,-0.021680,0.259451,0.092267,0.222595,-0.177044,1.126534,0.230820,0.066506,0.071745,-0.267874,-0.205126,0.596069,1.035214,0.071410,0.112058,-0.098481
-0.036339,3.861053,0.755630,-0.015404,-0.057203,-0.023066,0.997977,-0.305066,0.109829,0.104938,0.154800,0.096279,-0.168302,0.358007,0.236142,0.110593,0.132796,-0.237995,-0.147523,-0.080141,0.006207,0.259237,0.107872,0.209775,-0.179784,1.133759,0.233551,0.066164,0.064321,-0.270745,-0.201054,0.600162,1.032329,0.065060,0.114253,-0.093687
-0.004390,3.862028,0.749895,-0.031986,-0.056994,-0.040381,0.997045,-0.344490,0.109816,0.069347,0.103106,0.059178,-0.261800,0.414963,0.263863,0.155358,0.120650,-0.226198,-0.138640,-0.067134,0.041293,0.265038,0.119624,0.195677,-0.180040,1.142134,0.242001,0.067041,0.054533,-0.264203,-0.200762,0.605513,1.027809,0.064159,0.115256,-0.093618
0.028473,3.862474,0.746496,-0.038364,-0.055411,-0.050758,0.996434,-0.364104,0.093601,0.050878,0.106625,-0.030793,-0.261800,0.462342,0.267188,0.186708,0.118962,-0.208734,-0.119592,-0.063668,0.054936,0.265390,0.123991,0.182706,-0.185640,1.156007,0.246695,0.070394,0.045834,-0.247937,-0.203536,0.614076,1.026045,0.059489,0.110862,-0.091668
0.062769,3.861423,0.745865,-0.035753,-0.050741,-0.053880,0.996616,-0.339326,0.065056,0.050646,0.107366,0.010867,-0.244516,0.499280,0.252736,0.203200,0.117644,-0.173325,-0.089858,-0.070871,0.047717,0.252568,0.127109,0.176048,-0.194390,1.169903,0.252884,0.074136,0.028431,-0.217609,-0.206369,0.621381,1.026440,0.059788,0.109557,-0.088002
0.098681,3.861031,0.748706,-0.015320,-0.042066,-0.055821,0.997437,-0.322405,-0.007678,0.010717,0.110136,0.111757,-0.096756,0.473277,0.206230,0.202692,0.219390,-0.166880,-0.027247,-0.082594,0.004230,0.229451,0.130869,0.171021,-0.188625,1.170244,0.272707,0.083924,0.009712,-0.182053,-0.210579,0.622894,1.027170,0.052277,0.112426,-0.080900
0.135967,3.859989,0.751739,0.002155,-0.037666,-0.067656,0.996995,-0.334517,-0.035956,0.051593,0.210818,0.151973,-0.046175,0.427036,0.171682,0.236898,0.376950,-0.132397,0.076486,-0.081874,-0.035967,0.206892,0.138724,0.170858,-0.181077,1.170729,0.261228,0.086998,0.001658,-0.143888,-0.212866,0.630485,1.041021,0.058587,0.116491,-0.080210
0.171581,3.857521,0.755641,0.016249,-0.037014,-0.077051,0.996207,-0.330898,-0.060549,0.073205,0.308607,0.074185,-0.004939,0.364819,0.164806,0.285479,0.568316,-0.061817,0.220208,-0.085497,-0.073306,0.194690,0.130607,0.181681,-0.203169,1.190612,0.229465,0.078609,0.017286,-0.100800,-0.210178,0.618445,1.062668,0.065122,0.118243,-0.093625
0.203143,3.852782,0.759658,0.016702,-0.039650,-0.082517,0.995661,-0.298959,-0.056181,0.079200,0.364206,-0.005284,-0.010970,0.282685,0.204259,0.301356,0.778768,0.060363,0.261800,-0.102711,-0.088519,0.202127,0.109579,0.199629,-0.225385,1.203367,0.257554,0.089952,0.029883,-0.068404,-0.200134,0.587100,1.080479,0.049195,0.142881,-0.105629
0.232875,3.849101,0.764397,0.019696,-0.042614,-0.092743,0.994583,-0.231618,-0.056269,0.099988,0.345734,-0.054506,-0.020493,0.160832,0.242504,0.320241,1.020674,0.145519,0.261800,-0.123484,-0.107840,0.212230,0.088416,0.220642,-0.247257,1.199448,0.283870,0.111153,0.042035,-0.055573,-0.192461,0.579013,1.089832,0.056032,0.181053,-0.109519
0.260993,3.845410,0.768933,0.023693,-0.044857,-0.101476,0.993544,-0.153917,-0.063940,0.114130,0.293224,-0.078835,-0.038843,0.037587,0.210334,0.270511,1.188891,0.072419,0.261800,-0.153845,-0.129640,0.218802,0.066678,0.248375,-0.276873,1.192236,0.277062,0.110495,0.054862,-0.047697,-0.190199,0.583319,1.090701,0.057783,0.193603,-0.097815
0.288510,3.841267,0.773359,0.024124,-0.045719,-0.103947,0.993239,-0.073747,-0.070243,0.112130,0.223548,-0.090170,-0.059538,-0.084502,0.152330,0.203037,1.282974,-0.019847,0.261800,-0.192868,-0.144412,0.221532,0.038498,0.281646,-0.312240,1.198195,0.256836,0.088241,0.071416,-0.030836,-0.188725,0.571623,1.083383,0.046314,0.175713,-0.081909
0.315369,3.835556,0.776972,0.019558,-0.046443,-0.102181,0.993489,-0.003862,-0.064398,0.102201,0.173259,-0.107091,-0.070280,-0.190108,0.064785,0.097551,1.300712,-0.101325,0.187418,-0.230286,-0.150418,0.225876,-0.002512,0.314629,-0.346956,1.218589,0.256220,0.080190,0.078623,-0.005957,-0.184966,0.542638,1.067672,0.062658,0.154953,-0.079479
0.341613,3.828786,0.778986,0.015789,-0.044754,-0.098454,0.994009,0.056528,-0.057139,0.089436,0.127347,-0.122861,-0.082447,-0.270975,-0.020925,-0.011496,1.247570,-0.176615,0.087995,-0.261341,-0.155454,0.226354,-0.053282,0.341175,-0.359453,1.237373,0.284241,0.102606,0.069843,0.023824,-0.177574,0.513078,1.048067,0.071873,0.145769,-0.094454
0.367562,3.821514,0.779299,0.013227,-0.040680,-0.093691,0.994682,0.091691,-0.048887,0.078715,0.121144,-0.158262,-0.087428,-0.327470,-0.076331,-0.099307,1.123388,-0.214306,0.048139,-0.286109,-0.158899,0.224145,-0.107483,0.360241,-0.344357,1.245142,0.318252,0.128771,0.063254,0.052354,-0.167450,0.475621,1.028038,0.077961,0.148338,-0.096572
0.393414,3.814049,0.777964,0.013303,-0.037047,-0.089384,0.995219,0.124447,-0.045618,0.071990,0.120806,-0.194318,-0.081928,-0.357649,-0.098892,-0.156908,0.932030,-0.194785,0.053483,-0.305710,-0.164779,0.223600,-0.158150,0.372661,-0.310414,1.237298,0.320957,0.137001,0.079330,0.072398,-0.156652,0.454029,1.024342,0.090561,0.139904,-0.104448
0.420192,3.805779,0.774518,0.016412,-0.036001,-0.088928,0.995252,0.165034,-0.047794,0.074126,0.120957,-0.230508,-0.075791,-0.358832,-0.094267,-0.173448,0.683063,-0.131732,0.087304,-0.315006,-0.175046,0.223784,-0.199285,0.380151,-0.278310,1.215247,0.285211,0.123045,0.106240,0.087253,-0.145519,0.446119,1.032950,0.097340,0.141579,-0.108756
0.448197,3.796356,0.768675,0.024562,-0.039683,-0.090070,0.994841,0.217771,-0.061275,0.078116,0.121856,-0.266176,-0.075044,-0.322193,-0.091486,-0.165629,0.385288,-0.049929,0.130732,-0.319578,-0.195495,0.223958,-0.227899,0.382814,-0.253297,1.181708,0.243710,0.100139,0.126918,0.099767,-0.134759,0.447696,1.050666,0.096542,0.148448,-0.102179
0.476530,3.785368,0.761984,0.035308,-0.041162,-0.089965,0.994467,0.265628,-0.078024,0.079270,0.122122,-0.294597,-0.077593,-0.288668,-0.104179,-0.160293,0.114289,0.051206,0.137166,-0.325549,-0.218293,0.217310,-0.248846,0.383586,-0.240120,1.141600,0.214697,0.077987,0.129507,0.108763,-0.125024,0.458207,1.067420,0.090119,0.162483,-0.082471
0.506216,3.772869,0.755521,0.045633,-0.040275,-0.088182,0.994243,0.309115,-0.090555,0.073660,0.123616,-0.311825,-0.083936,-0.348109,-0.141829,-0.185473,0.112671,-0.051591,0.093838,-0.335028,-0.236626,0.203700,-0.260483,0.382286,-0.234203,1.108120,0.181210,0.050055,0.119184,0.117646,-0.115985,0.467745,1.075969,0.083741,0.175947,-0.059387
0.536652,3.759002,0.750275,0.051920,-0.040634,-0.087190,0.994008,0.356184,-0.090869,0.062456,0.127578,-0.311371,-0.099193,-0.352464,-0.169939,-0.285149,0.113710,-0.090862,0.120961,-0.341193,-0.246283,0.194740,-0.265263,0.375345,-0.225489,1.095574,0.159535,0.020231,0.102631,0.123216,-0.107217,0.475864,1.085940,0.078978,0.170149,-0.038489
0.567409,3.743860,0.749917,0.038109,-0.032951,-0.097884,0.993922,0.367744,-0.040724,0.074605,0.183405,-0.312096,-0.134714,-0.328914,-0.127216,-0.340423,0.112143,0.018721,0.028280,-0.324463,-0.208641,0.192585,-0.259849,0.356877,-0.195173,1.091399,0.171495,0.015271,0.088769,0.117392,-0.102233,0.486284,1.099059,0.088991,0.157611,-0.031749
0.599935,3.726372,0.751936,0.017061,-0.022895,-0.105450,0.994015,0.334229,0.031919,0.072273,0.327069,-0.314854,-0.181668,-0.346269,-0.078836,-0.380561,0.197106,0.118516,-0.085449,-0.312311,-0.150492,0.183855,-0.236415,0.331081,-0.166339,1.088206,0.189661,0.031117,0.087308,0.114191,-0.100589,0.486374,1.106963,0.086446,0.159612,-0.032225
0.632660,3.708556,0.756229,0.003857,-0.017860,-0.114638,0.993239,0.293247,0.078446,0.057116,0.489960,-0.252190,-0.211234,-0.347188,-0.034740,-0.368924,0.290114,0.043828,-0.146159,-0.299670,-0.106482,0.171980,-0.196874,0.300634,-0.145467,1.097761,0.186701,0.033379,0.104310,0.098538,-0.103569,0.505051,1.133689,0.113991,0.152639,-0.049763
0.664227,3.692140,0.761685,0.000037,-0.020228,-0.132176,0.991020,0.242270,0.094085,0.051294,0.679525,-0.145062,-0.237548,-0.298492,0.003051,-0.339734,0.303542,-0.006533,-0.132264,-0.272771,-0.083131,0.165535,-0.147107,0.267118,-0.125868,1.113794,0.189975,0.030154,0.113451,0.073443,-0.110988,0.519739,1.164356,0.113628,0.153278,-0.062611
0.694304,3.675642,0.766432,-0.001536,-0.026334,-0.152231,0.987993,0.169575,0.102579,0.046256,0.898314,-0.037908,-0.207583,-0.220937,0.042505,-0.301982,0.268453,-0.043001,-0.108837,-0.237620,-0.067340,0.166665,-0.095658,0.243707,-0.129456,1.118926,0.218409,0.044822,0.086179,0.053744,-0.120900,0.512735,1.157839,0.095838,0.173808,-0.076550
0.722446,3.659732,0.769370,-0.005424,-0.031625,-0.169488,0.985010,0.069545,0.109980,0.023692,1.108131,0.097053,-0.173353,-0.128923,0.083411,-0.268573,0.198535,-0.062386,-0.078021,-0.207040,-0.047728,0.175082,-0.050264,0.236656,-0.175284,1.120715,0.207791,0.049959,0.049104,0.031611,-0.136540,0.513800,1.136953,0.127048,0.156063,-0.085575
0.749265,3.644395,0.770889,-0.009560,-0.037626,-0.185383,0.981899,-0.013429,0.097808,-0.016211,1.242975,0.078943,-0.159223,-0.031143,0.119278,-0.232691,0.118774,-0.071342,-0.050944,-0.178596,-0.031119,0.188282,-0.007335,0.237612,-0.233128,1.123704,0.214599,0.043925,0.025123,0.009070,-0.157269,0.524725,1.127214,0.176802,0.084788,-0.081810
0.775012,3.629588,0.771373,-0.010558,-0.046811,-0.201470,0.978319,-0.093291,0.097766,-0.029615,1.325580,-0.004255,-0.099346,0.036092,0.133185,-0.194335,0.116312,-0.116992,-0.027271,-0.147820,-0.024478,0.208273,0.032046,0.236611,-0.282792,1.135393,0.228703,0.040766,0.033418,-0.015106,-0.177960,0.534631,1.121189,0.223048,0.038461,-0.083758
0.799952,3.615511,0.771462,-0.008981,-0.054389,-0.217608,0.974478,-0.174069,0.138656,0.003980,1.352003,-0.095488,-0.002356,0.095505,0.137732,-0.156190,0.117731,-0.157942,-0.008745,-0.118020,-0.022301,0.223830,0.070202,0.228261,-0.311534,1.155118,0.249926,0.057040,0.055582,-0.044873,-0.195019,0.551980,1.125675,0.256822,0.045552,-0.102209
0.824693,3.602273,0.771652,-0.006940,-0.057827,-0.237530,0.969632,-0.246195,0.185476,0.057688,1.313301,-0.197734,0.104728,0.144452,0.138838,-0.112067,0.118888,-0.188701,0.006761,-0.088016,-0.017388,0.231061,0.111747,0.212177,-0.316582,1.168396,0.275137,0.085902,0.067966,-0.079993,-0.209434,0.573278,1.141397,0.237405,0.072845,-0.110659
0.848112,3.589848,0.771963,-0.005335,-0.059535,-0.260085,0.963734,-0.298580,0.202490,0.100618,1.200037,-0.260112,0.147671,0.186743,0.137933,-0.067646,0.119811,-0.207733,0.011870,-0.058905,-0.011114,0.239674,0.150338,0.191991,-0.296643,1.173986,0.293652,0.102003,0.052411,-0.119270,-0.222846,0.605688,1.157917,0.215147,0.088792,-0.109552
0.872378,3.577373,0.772042,-0.005326,-0.058162,-0.285227,0.956679,-0.331915,0.182287,0.111354,1.020534,-0.244438,0.110694,0.223916,0.138697,-0.022133,0.120851,-0.218269,0.000600,-0.030129,0.000137,0.242029,0.190444,0.168023,-0.260431,1.175597,0.290466,0.097913,0.029295,-0.152848,-0.236481,0.636790,1.165711,0.200722,0.093060,-0.099823
0.896883,3.563830,0.770813,-0.007335,-0.056396,-0.302618,0.951414,-0.351446,0.136647,0.081046,0.804455,-0.185232,0.060755,0.262838,0.141901,0.007640,0.121945,-0.229804,-0.013677,-0.019320,0.011077,0.241208,0.226034,0.145091,-0.224541,1.178468,0.270993,0.093380,0.015313,-0.176299,-0.246737,0.661775,1.162637,0.192944,0.094039,-0.089277
0.921833,3.548743,0.767667,-0.012008,-0.054297,-0.314370,0.947670,-0.348054,0.097383,0.045935,0.557531,-0.105467,-0.002571,0.305684,0.149930,0.029176,0.122420,-0.242760,-0.015954,-0.019759,0.022361,0.238003,0.253991,0.127815,-0.196480,1.185074,0.260997,0.093094,0.001431,-0.189684,-0.251055,0.671199,1.151039,0.179575,0.096410,-0.081473
0.947862,3.532237,0.762759,-0.020873,-0.050462,-0.325867,0.943837,-0.325924,0.086278,0.045183,0.301943,-0.008548,-0.069977,0.351187,0.166753,0.057474,0.121868,-0.250501,-0.007753,-0.021688,0.040667,0.230316,0.274586,0.118344,-0.191320,1.194695,0.256841,0.093257,-0.007219,-0.193448,-0.251137,0.672632,1.136972,0.166161,0.097562,-0.078924
0.974961,3.515017,0.756593,-0.035434,-0.044574,-0.341282,0.938235,-0.312361,0.104331,0.074084,0.109786,0.049275,-0.161053,0.398858,0.193330,0.102273,0.120071,-0.248618,0.005103,-0.017482,0.069769,0.224596,0.286579,0.115130,-0.194172,1.201578,0.269109,0.095753,-0.017905,-0.193070,-0.250798,0.669858,1.124465,0.160715,0.095015,-0.067582
1.003065,3.497809,0.751258,-0.047111,-0.039726,-0.354223,0.933128,-0.355864,0.127052,0.120689,0.108937,-0.031325,-0.199942,0.447184,0.208539,0.145284,0.118512,-0.238057,0.009764,-0.018722,0.092327,0.223189,0.284282,0.114133,-0.199787,1.206005,0.277743,0.102863,-0.025188,-0.193458,-0.251792,0.672562,1.116574,0.152607,0.101402,-0.059384
1.032238,3.479308,0.747349,-0.052211,-0.038442,-0.360156,0.930636,-0.346942,0.128311,0.166636,0.110442,-0.056856,-0.187103,0.498658,0.207696,0.171565,0.117502,-0.212386,0.007238,-0.032655,0.097674,0.221940,0.272210,0.120363,-0.211786,1.212027,0.272506,0.105657,-0.029283,-0.184516,-0.253652,0.676430,1.106325,0.126750,0.125787,-0.054084
1.061955,3.460084,0.748128,-0.038999,-0.038138,-0.358142,0.932073,-0.323444,0.071243,0.130416,0.111920,0.041674,-0.075627,0.527362,0.171510,0.170076,0.131108,-0.174532,0.018134,-0.058129,0.062926,0.211500,0.246017,0.134945,-0.223111,1.215668,0.271694,0.106347,-0.022498,-0.168830,-0.254114,0.682031,1.093459,0.096528,0.156727,-0.067095
1.092896,3.440727,0.749940,-0.019806,-0.040504,-0.361948,0.931107,-0.336672,0.025892,0.137817,0.199994,0.118609,-0.026645,0.480046,0.129710,0.176556,0.300670,-0.175520,0.062939,-0.075630,0.014816,0.195884,0.217534,0.150527,-0.228492,1.215661,0.264184,0.109303,0.000807,-0.152318,-0.252525,0.695423,1.091495,0.074219,0.187955,-0.089324
1.122225,3.419796,0.753417,-0.005551,-0.046463,-0.364376,0.930076,-0.317490,-0.000604,0.163443,0.274057,0.088433,-0.044421,0.433873,0.104557,0.189743,0.473577,-0.112086,0.148020,-0.086698,-0.031882,0.183426,0.172032,0.176732,-0.262598,1.239036,0.236783,0.101632,0.040373,-0.115925,-0.242840,0.686623,1.100319,0.061093,0.198965,-0.130254
1.148986,3.399817,0.757772,0.001037,-0.050217,-0.361962,0.930839,-0.288715,-0.024770,0.159376,0.322445,0.027803,-0.024346,0.359524,0.110932,0.196976,0.679547,-0.012000,0.261800,-0.104622,-0.062179,0.179374,0.114858,0.206669,-0.291791,1.249097,0.268181,0.113440,0.059770,-0.075907,-0.227595,0.645792,1.102481,0.023368,0.217888,-0.164447
1.173072,3.380721,0.762245,-0.000228,-0.050935,-0.362989,0.930400,-0.245850,-0.025200,0.159065,0.342084,-0.033015,-0.028423,0.249344,0.131213,0.177060,0.911746,0.092649,0.261800,-0.122130,-0.073906,0.183929,0.061921,0.234826,-0.292018,1.218353,0.304639,0.141254,0.068891,-0.051704,-0.216126,0.615241,1.088102,0.014408,0.254210,-0.168104
1.195287,3.363216,0.766164,0.003785,-0.052241,-0.366275,0.929031,-0.186829,-0.036820,0.167735,0.313076,-0.062442,-0.045638,0.131720,0.144097,0.180423,1.109759,0.067576,0.261800,-0.142876,-0.096458,0.187937,0.021578,0.265444,-0.270753,1.161674,0.295273,0.132950,0.098034,-0.045320,-0.212505,0.619050,1.075451,0.049511,0.256619,-0.142023
1.216076,3.345586,0.770032,0.006584,-0.055811,-0.365732,0.929022,-0.110808,-0.052190,0.166074,0.254645,-0.076037,-0.076212,0.022737,0.148664,0.178278,1.240862,-0.019236,0.261800,-0.171417,-0.121740,0.194809,-0.011860,0.302398,-0.258463,1.113852,0.217519,0.073128,0.145728,-0.037308,-0.210016,0.622667,1.064677,0.050130,0.235957,-0.098023
1.235681,3.327981,0.774023,0.005696,-0.058745,-0.360786,0.930779,-0.026959,-0.062130,0.152931,0.177808,-0.077932,-0.104962,-0.079705,0.116126,0.136830,1.298847,-0.096482,0.261800,-0.203393,-0.141456,0.203418,-0.051128,0.339605,-0.252433,1.092171,0.151771,0.014189,0.171483,-0.020031,-0.202667,0.604853,1.049909,0.032070,0.213693,-0.076999
1.253968,3.309822,0.777089,-0.000056,-0.059883,-0.355196,0.932872,0.046776,-0.055107,0.135826,0.120567,-0.089149,-0.137538,-0.165793,0.036044,0.032962,1.281394,-0.175417,0.155626,-0.228986,-0.149169,0.214581,-0.104189,0.368529,-0.254448,1.088895,0.144685,0.020488,0.167167,0.001804,-0.191132,0.576424,1.031356,0.030540,0.211484,-0.089547
1.271435,3.291861,0.779001,-0.004799,-0.058239,-0.348552,0.935466,0.085980,-0.042177,0.119507,0.118606,-0.125487,-0.164701,-0.230959,-0.042301,-0.073776,1.198704,-0.230293,0.068627,-0.250167,-0.151651,0.222829,-0.166068,0.387660,-0.264252,1.095747,0.177171,0.058649,0.146278,0.022676,-0.179886,0.551529,1.014264,0.041667,0.212067,-0.113754
1.288323,3.273864,0.779133,-0.007111,-0.053710,-0.342108,0.938097,0.115294,-0.031497,0.106795,0.118317,-0.163535,-0.169486,-0.281525,-0.087866,-0.152470,1.057178,-0.225504,0.039067,-0.267570,-0.151421,0.225495,-0.223891,0.400197,-0.279419,1.102747,0.207194,0.081822,0.126179,0.039837,-0.171511,0.537821,1.005166,0.055046,0.201319,-0.127556
1.305220,3.255378,0.777562,-0.004439,-0.051134,-0.338294,0.939640,0.144581,-0.032911,0.099998,0.119647,-0.196496,-0.137604,-0.319401,-0.098369,-0.173280,0.873313,-0.177070,0.036364,-0.278182,-0.159368,0.226599,-0.268494,0.407702,-0.288791,1.102501,0.227102,0.079350,0.115096,0.051016,-0.165618,0.536557,1.004370,0.051725,0.192596,-0.123677
1.323048,3.235844,0.774189,0.004251,-0.053092,-0.339591,0.939064,0.181315,-0.051823,0.103921,0.121497,-0.223018,-0.071054,-0.328063,-0.096657,-0.148211,0.635708,-0.125176,0.078658,-0.280230,-0.178262,0.225423,-0.292534,0.408575,-0.289627,1.088006,0.226865,0.073742,0.118074,0.056643,-0.162809,0.542437,1.013062,0.050491,0.192198,-0.105832
1.342069,3.214462,0.768254,0.010916,-0.058083,-0.346153,0.936315,0.233327,-0.066328,0.114951,0.122368,-0.265122,-0.052041,-0.295100,-0.088020,-0.111798,0.341168,-0.053398,0.131724,-0.275620,-0.193290,0.223833,-0.295026,0.400528,-0.277789,1.068192,0.220229,0.067612,0.123009,0.058906,-0.162096,0.558083,1.036255,0.052828,0.191187,-0.085715
1.361525,3.191284,0.760824,0.019711,-0.061650,-0.352254,0.933664,0.282805,-0.082201,0.123298,0.123284,-0.307141,-0.052759,-0.282935,-0.097529,-0.088157,0.113258,-0.017262,0.149091,-0.276780,-0.209018,0.213583,-0.282359,0.388512,-0.262964,1.049658,0.213242,0.059698,0.122164,0.061635,-0.162288,0.571772,1.058225,0.049744,0.195455,-0.073780
1.380964,3.166324,0.753443,0.025544,-0.064482,-0.355224,0.932205,0.333500,-0.088812,0.126027,0.125881,-0.340413,-0.057833,-0.343378,-0.119742,-0.128000,0.113215,-0.107124,0.159098,-0.286360,-0.220000,0.204760,-0.260160,0.376023,-0.250932,1.038713,0.208239,0.051934,0.112777,0.067736,-0.160503,0.568397,1.067218,0.037082,0.207149,-0.068078
1.400002,3.140384,0.748020,0.025180,-0.066939,-0.360696,0.929937,0.388646,-0.079975,0.133520,0.129471,-0.352083,-0.071602,-0.350305,-0.124417,-0.181633,0.113604,-0.116329,0.162218,-0.289825,-0.220355,0.203348,-0.235658,0.359800,-0.244133,1.046968,0.202760,0.045986,0.100235,0.073441,-0.157902,0.561541,1.070070,0.037748,0.212805,-0.071480
1.418476,3.113121,0.746266,0.016620,-0.062911,-0.370921,0.926382,0.424338,-0.045233,0.149557,0.161692,-0.346757,-0.096682,-0.320610,-0.093808,-0.195753,0.111903,-0.027018,0.090835,-0.282975,-0.198944,0.201859,-0.209201,0.339777,-0.240866,1.075885,0.197475,0.045954,0.084147,0.078818,-0.155462,0.559929,1.074091,0.053636,0.203136,-0.084418
1.436861,3.082963,0.747255,0.002851,-0.049923,-0.372493,0.926687,0.385939,0.023142,0.146034,0.317058,-0.366355,-0.128884,-0.309096,-0.062845,-0.280395,0.146886,0.108657,0.026117,-0.286923,-0.157471,0.188088,-0.181906,0.320415,-0.250478,1.114846,0.196100,0.057032,0.048637,0.094921,-0.149479,0.551577,1.072760,0.056136,0.198094,-0.101410
1.455048,3.050649,0.749761,-0.013843,-0.035617,-0.371789,0.927531,0.333392,0.101193,0.128643,0.494533,-0.339424,-0.157976,-0.353186,-0.021290,-0.305000,0.301612,0.085866,-0.120160,-0.285596,-0.106613,0.171642,-0.150461,0.299002,-0.254908,1.152133,0.211164,0.074971,0.004528,0.117085,-0.140888,0.539629,1.074357,0.068892,0.195060,-0.112489
1.472938,3.019443,0.753529,-0.020971,-0.034873,-0.379945,0.924114,0.288777,0.137041,0.111142,0.674270,-0.239697,-0.181037,-0.325929,0.011886,-0.296514,0.365677,0.003250,-0.119327,-0.267184,-0.082254,0.164457,-0.104827,0.272212,-0.235633,1.173853,0.231709,0.091593,-0.009065,0.120672,-0.136871,0.558559,1.105692,0.105359,0.181750,-0.110911
1.490368,2.990910,0.758094,-0.021539,-0.040274,-0.391841,0.918899,0.221058,0.147404,0.091641,0.879135,-0.113702,-0.185411,-0.275597,0.032776,-0.271853,0.385989,-0.056592,-0.094624,-0.237899,-0.071954,0.167211,-0.052906,0.244887,-0.205436,1.162006,0.255037,0.105660,-0.006807,0.115977,-0.138409,0.571846,1.127168,0.090440,0.194969,-0.089955
1.506750,2.963845,0.761738,-0.023478,-0.044198,-0.401036,0.914694,0.119345,0.157426,0.060370,1.098037,0.010040,-0.144078,-0.208598,0.056531,-0.253607,0.365311,-0.102352,-0.060156,-0.209225,-0.054348,0.173528,-0.003727,0.228893,-0.207365,1.126554,0.263699,0.106028,-0.014864,0.116454,-0.145819,0.571201,1.113533,0.075609,0.222535,-0.076099
1.521886,2.937836,0.765107,-0.027872,-0.045506,-0.411102,0.910026,0.021227,0.153799,0.015684,1.248036,0.059342,-0.150233,-0.129876,0.090999,-0.232519,0.306074,-0.123289,-0.034337,-0.177935,-0.030962,0.181236,0.038660,0.225552,-0.236046,1.094213,0.231872,0.084979,-0.009916,0.111272,-0.160589,0.597536,1.104690,0.124339,0.195717,-0.074084
1.536488,2.912800,0.768541,-0.030749,-0.052373,-0.421618,0.904737,-0.056800,0.108477,-0.045857,1.322140,-0.011732,-0.154076,-0.034626,0.116307,-0.203485,0.232203,-0.133895,-0.014810,-0.145941,-0.019452,0.197115,0.078090,0.225159,-0.255907,1.071762,0.199879,0.055060,0.009285,0.102726,-0.177105,0.622124,1.107839,0.142751,0.152218,-0.068163
1.550705,2.888632,0.771726,-0.029073,-0.060590,-0.431551,0.899582,-0.134357,0.084102,-0.065520,1.334739,-0.062844,-0.126409,0.061400,0.125276,-0.168415,0.151943,-0.137162,0.012213,-0.119314,-0.019788,0.210800,0.113737,0.220233,-0.251124,1.064063,0.187728,0.046295,0.039325,0.088135,-0.188945,0.627478,1.113318,0.127627,0.155418,-0.070568
1.564387,2.865136,0.773692,-0.025531,-0.066213,-0.442670,0.893872,-0.210749,0.089863,-0.047924,1.291535,-0.128179,-0.056383,0.125739,0.125404,-0.134198,0.120606,-0.158549,0.028165,-0.097843,-0.023518,0.219079,0.145881,0.210713,-0.226496,1.065044,0.202212,0.063859,0.056626,0.066608,-0.195313,0.621379,1.118094,0.120772,0.183063,-0.087989
1.577546,2.842947,0.774391,-0.021435,-0.067430,-0.457912,0.886178,-0.277052,0.108993,-0.006459,1.190279,-0.189144,0.004205,0.163418,0.124965,-0.098745,0.118770,-0.186521,0.028811,-0.078057,-0.024766,0.224088,0.171730,0.200373,-0.207333,1.074876,0.211458,0.078897,0.066370,0.035962,-0.200949,0.618119,1.122371,0.111962,0.196700,-0.104666
1.590479,2.821858,0.773905,-0.020175,-0.067021,-0.476327,0.876478,-0.321319,0.119108,0.031053,1.034255,-0.200573,0.024340,0.197800,0.128953,-0.060390,0.120019,-0.207898,0.016344,-0.059961,-0.019749,0.234218,0.189537,0.188902,-0.196798,1.096220,0.202305,0.081646,0.068193,-0.001464,-0.209688,0.628902,1.124822,0.105773,0.186391,-0.120041
1.603481,2.800160,0.772092,-0.020768,-0.065047,-0.492932,0.867384,-0.345368,0.107668,0.043594,0.833900,-0.157473,0.008318,0.232849,0.136445,-0.024206,0.121145,-0.229902,0.008361,-0.051459,-0.012433,0.242622,0.202425,0.177419,-0.194756,1.129085,0.193851,0.080682,0.064113,-0.039481,-0.220082,0.647450,1.121258,0.102325,0.174975,-0.116944
1.616617,2.777236,0.768564,-0.024080,-0.060919,-0.506958,0.859478,-0.352021,0.085675,0.029852,0.602555,-0.080389,-0.028764,0.268868,0.149614,0.006922,0.122001,-0.254961,0.007409,-0.050342,-0.001493,0.246869,0.212426,0.166429,-0.193991,1.162575,0.206182,0.089442,0.048733,-0.073145,-0.228347,0.667876,1.114170,0.086210,0.168274,-0.107821
1.629902,2.752870,0.763139,-0.030206,-0.054063,-0.520479,0.851626,-0.343117,0.070907,0.012640,0.354657,0.021903,-0.080823,0.306000,0.170403,0.040851,0.122420,-0.277909,0.007106,-0.050092,0.015057,0.246441,0.221020,0.155665,-0.187474,1.186912,0.237721,0.109722,0.026352,-0.098574,-0.233062,0.676389,1.105122,0.063040,0.160880,-0.094812
1.643471,2.726768,0.756525,-0.041821,-0.045288,-0.537620,0.840931,-0.313578,0.079677,0.015226,0.108659,0.133192,-0.176823,0.349894,0.201706,0.084642,0.121799,-0.292002,0.001723,-0.039801,0.041458,0.246645,0.229482,0.147538,-0.180152,1.198222,0.260409,0.121019,0.007418,-0.114475,-0.235124,0.674103,1.092697,0.055057,0.153367,-0.089150
1.657681,2.699994,0.750332,-0.055356,-0.037118,-0.557013,0.827825,-0.365351,0.105828,0.038357,0.103966,0.049867,-0.260769,0.400095,0.230059,0.135898,0.120515,-0.293200,-0.010299,-0.022836,0.070880,0.251949,0.233075,0.142601,-0.177366,1.195951,0.258153,0.119611,-0.005975,-0.127196,-0.237444,0.671110,1.080374,0.066159,0.144863,-0.090605
1.672225,2.672377,0.746668,-0.060476,-0.032492,-0.568553,0.819777,-0.384069,0.113765,0.087858,0.107051,-0.021158,-0.253582,0.446681,0.235348,0.167793,0.119904,-0.282256,-0.023241,-0.021051,0.080688,0.253836,0.227620,0.140762,-0.176243,1.188598,0.246927,0.112781,-0.008474,-0.134276,-0.239845,0.667748,1.072476,0.074181,0.134825,-0.092848
1.687095,2.642866,0.744713,-0.061253,-0.029565,-0.574921,0.815377,-0.359989,0.102968,0.116882,0.107766,-0.000811,-0.226977,0.490980,0.230366,0.188621,0.119305,-0.254622,-0.027760,-0.031005,0.080633,0.247387,0.218373,0.142475,-0.185753,1.183749,0.228870,0.100397,0.006410,-0.129731,-0.242117,0.667803,1.068071,0.072874,0.128745,-0.096522
1.702736,2.612251,0.747117,-0.047044,-0.028703,-0.577217,0.814729,-0.340007,0.041787,0.045666,0.111214,0.068671,-0.117832,0.511750,0.195309,0.192184,0.128311,-0.210246,-0.016081,-0.050568,0.049718,0.230302,0.202158,0.147591,-0.180084,1.171327,0.236084,0.097693,0.022786,-0.121851,-0.244074,0.663764,1.058453,0.068489,0.135605,-0.094689
1.718819,2.580194,0.750502,-0.030067,-0.032463,-0.583667,0.810787,-0.346671,-0.003193,0.034540,0.177203,0.138792,-0.082147,0.460208,0.161587,0.197669,0.295108,-0.207312,0.020684,-0.065857,0.005796,0.210388,0.187815,0.156547,-0.170195,1.159343,0.227873,0.093764,0.041237,-0.112261,-0.243289,0.671009,1.057150,0.069962,0.140058,-0.095412
1.732549,2.547714,0.754642,-0.019032,-0.040274,-0.588023,0.807617,-0.331133,-0.020140,0.071327,0.254904,0.109496,-0.108180,0.412685,0.142537,0.209793,0.467257,-0.142911,0.100314,-0.078787,-0.039172,0.198145,0.156117,0.179431,-0.198331,1.179945,0.186521,0.077312,0.070396,-0.088102,-0.234085,0.661845,1.063106,0.066286,0.137191,-0.105147
1.744469,2.517456,0.759231,-0.012623,-0.045993,-0.587939,0.807498,-0.304200,-0.041339,0.076256,0.308509,0.035097,-0.090415,0.345686,0.148070,0.222634,0.659389,-0.045391,0.236124,-0.100115,-0.074500,0.194498,0.110673,0.208893,-0.230330,1.193796,0.206961,0.088384,0.074737,-0.061462,-0.218607,0.623846,1.059567,0.032652,0.156350,-0.111693
1.755132,2.489272,0.764181,-0.010203,-0.048149,-0.589972,0.805922,-0.256902,-0.048809,0.084000,0.315005,-0.021717,-0.082957,0.237280,0.173856,0.225416,0.893172,0.069392,0.261800,-0.121248,-0.096812,0.195550,0.063621,0.238758,-0.251274,1.182997,0.247880,0.115842,0.065421,-0.047455,-0.206198,0.600748,1.046604,0.029560,0.181739,-0.110255
1.764883,2.463364,0.768796,-0.007167,-0.049831,-0.593178,0.803496,-0.201061,-0.056688,0.092623,0.292345,-0.058887,-0.084132,0.115070,0.193401,0.227610,1.099080,0.113441,0.261800,-0.144429,-0.116619,0.199429,0.017226,0.271316,-0.269205,1.162839,0.248965,0.112699,0.066852,-0.047350,-0.201929,0.605861,1.039048,0.050275,0.175239,-0.096247
1.773942,2.438367,0.773070,-0.004186,-0.051279,-0.595712,0.801548,-0.139510,-0.066325,0.096212,0.251595,-0.081444,-0.084035,-0.005017,0.177938,0.206931,1.238816,0.025812,0.261800,-0.170276,-0.134871,0.203716,-0.025417,0.306836,-0.281804,1.145238,0.228613,0.083152,0.086216,-0.045462,-0.200130,0.608607,1.031485,0.044887,0.151967,-0.075853
1.781915,2.413868,0.777111,-0.005933,-0.051408,-0.597031,0.800548,-0.082226,-0.066213,0.093810,0.223188,-0.104560,-0.070210,-0.124308,0.129839,0.154458,1.311310,-0.053435,0.232918,-0.193641,-0.143775,0.215839,-0.072065,0.340158,-0.286985,1.135558,0.218299,0.065665,0.108490,-0.039720,-0.195028,0.599532,1.023830,0.040920,0.138931,-0.077047
1.789134,2.390020,0.780331,-0.007525,-0.050499,-0.597790,0.800025,-0.030780,-0.064462,0.091082,0.198515,-0.124526,-0.049211,-0.233962,0.041771,0.067768,1.317088,-0.143307,0.132007,-0.214042,-0.149186,0.231070,-0.123232,0.365525,-0.277469,1.127990,0.224223,0.073439,0.122964,-0.036183,-0.187829,0.584146,1.016670,0.049048,0.143487,-0.089603
1.796062,2.366328,0.782287,-0.008608,-0.048249,-0.598582,0.799561,0.021056,-0.061307,0.090451,0.165921,-0.143855,-0.040828,-0.321873,-0.038183,-0.014418,1.253628,-0.223386,0.051321,-0.230111,-0.150380,0.246205,-0.175768,0.383105,-0.263917,1.123979,0.231824,0.083978,0.129495,-0.032462,-0.180772,0.562461,1.013455,0.056504,0.146975,-0.098507
1.802621,2.342296,0.783118,-0.009814,-0.044908,-0.599677,0.798921,0.070270,-0.054794,0.091988,0.135783,-0.165850,-0.044959,-0.380959,-0.094694,-0.094281,1.116286,-0.253721,0.022712,-0.244541,-0.147648,0.260084,-0.223502,0.395230,-0.251255,1.117466,0.222493,0.087913,0.132807,-0.033414,-0.175577,0.554692,1.020247,0.059710,0.144210,-0.104423
1.808823,2.317531,0.782380,-0.009268,-0.042043,-0.601115,0.798002,0.110359,-0.050649,0.094891,0.124582,-0.196521,-0.045805,-0.411924,-0.121486,-0.159737,0.918295,-0.236851,0.027852,-0.257304,-0.147046,0.268952,-0.262554,0.403008,-0.240934,1.111200,0.210253,0.079831,0.132508,-0.034898,-0.170706,0.551904,1.033677,0.062979,0.144823,-0.101153
1.814658,2.291157,0.779695,-0.007608,-0.042724,-0.603987,0.795812,0.152685,-0.051589,0.104162,0.125049,-0.235881,-0.048293,-0.409765,-0.118244,-0.190684,0.663084,-0.179484,0.073457,-0.265849,-0.151631,0.274040,-0.290678,0.406237,-0.240963,1.103072,0.200117,0.076243,0.129227,-0.032244,-0.165309,0.552402,1.050206,0.059638,0.150663,-0.099759
1.820213,2.262706,0.774742,-0.004152,-0.049549,-0.606457,0.793560,0.207581,-0.064749,0.111637,0.124184,-0.274598,-0.054708,-0.371594,-0.118527,-0.215103,0.374960,-0.107659,0.109617,-0.275506,-0.167319,0.274318,-0.303587,0.405475,-0.242558,1.093586,0.197912,0.072446,0.118639,-0.020724,-0.161368,0.551201,1.060402,0.061333,0.158898,-0.093978
1.825247,2.232334,0.767842,0.001707,-0.059957,-0.606049,0.793163,0.267244,-0.085862,0.112585,0.123597,-0.308288,-0.064900,-0.326534,-0.134860,-0.239284,0.120913,-0.040078,0.099382,-0.290076,-0.191867,0.265971,-0.306710,0.400405,-0.246709,1.089814,0.198879,0.065094,0.106030,0.000322,-0.157078,0.548778,1.063322,0.059924,0.163401,-0.085437
1.828898,2.201231,0.762214,0.006652,-0.063989,-0.604431,0.794055,0.315321,-0.092441,0.103973,0.125155,-0.328288,-0.081830,-0.374811,-0.168999,-0.272041,0.114597,-0.082764,0.056798,-0.306859,-0.205462,0.252362,-0.304464,0.394472,-0.252976,1.087335,0.203575,0.057306,0.087038,0.024855,-0.153106,0.541165,1.056613,0.063477,0.160224,-0.079961
1.831128,2.168397,0.757766,0.010688,-0.066435,-0.599841,0.797285,0.360894,-0.090000,0.085911,0.128322,-0.330421,-0.101923,-0.378182,-0.199204,-0.340427,0.115994,-0.110522,0.058521,-0.323800,-0.215181,0.233491,-0.298908,0.384235,-0.262243,1.098528,0.205251,0.046341,0.069725,0.055643,-0.146325,0.529592,1.051342,0.074311,0.154362,-0.077405
1.832521,2.134212,0.755262,0.010246,-0.062352,-0.600308,0.797268,0.400863,-0.067625,0.076585,0.134888,-0.315160,-0.133590,-0.349024,-0.189649,-0.351796,0.117066,-0.071768,0.009277,-0.328051,-0.205705,0.211121,-0.281849,0.364859,-0.249769,1.117879,0.226684,0.041262,0.051206,0.084627,-0.139820,0.522798,1.057435,0.078612,0.151584,-0.073515
1.831868,2.098514,0.755907,0.005430,-0.047102,-0.602645,0.796599,0.378971,-0.014605,0.070671,0.241635,-0.323568,-0.180762,-0.362881,-0.166651,-0.380277,0.215527,-0.007911,-0.036139,-0.326037,-0.173227,0.185563,-0.255471,0.343599,-0.222910,1.130416,0.252102,0.050393,0.035817,0.108102,-0.133727,0.520665,1.060513,0.069960,0.164894,-0.066868
1.829744,2.060901,0.757787,-0.002514,-0.032687,-0.606312,0.794551,0.351071,0.041425,0.049776,0.370862,-0.300091,-0.229889,-0.388827,-0.134758,-0.389110,0.319166,0.087935,-0.104650,-0.318191,-0.138351,0.161361,-0.218626,0.326730,-0.196065,1.141022,0.259208,0.057128,0.018865,0.126268,-0.128709,0.530509,1.071900,0.065362,0.181258,-0.053618
1.827631,2.024341,0.760254,-0.008791,-0.026560,-0.615731,0.787460,0.315969,0.070775,0.023819,0.528358,-0.230277,-0.261800,-0.395521,-0.102928,-0.374715,0.430489,0.003880,-0.155111,-0.302799,-0.117347,0.144309,-0.170484,0.311442,-0.162528,1.158087,0.233834,0.046238,0.030674,0.124536,-0.128042,0.566746,1.106375,0.077167,0.179395,-0.046375
1.826558,1.990727,0.763308,-0.013300,-0.028987,-0.632041,0.774279,0.266651,0.072787,0.005942,0.720804,-0.134290,-0.261800,-0.367191,-0.069823,-0.345277,0.484877,-0.062058,-0.157054,-0.277986,-0.109325,0.142891,-0.116909,0.294159,-0.115299,1.170195,0.218203,0.042262,0.055559,0.101617,-0.132634,0.605368,1.140693,0.056696,0.190498,-0.030136
1.824241,1.959131,0.766303,-0.024487,-0.029581,-0.645511,0.762785,0.184090,0.084806,-0.032569,0.957843,-0.043485,-0.261800,-0.300489,-0.017800,-0.330893,0.472894,-0.108156,-0.162985,-0.256907,-0.093241,0.157791,-0.069542,0.283019,-0.077731,1.179003,0.225213,0.050172,0.062432,0.077998,-0.139293,0.616457,1.135249,-0.000712,0.225912,-0.011689
1.821130,1.929874,0.768945,-0.036718,-0.023722,-0.654795,0.754542,0.069408,0.086634,-0.100261,1.180462,0.035360,-0.261800,-0.226095,0.044074,-0.325245,0.419171,-0.129854,-0.167472,-0.242966,-0.068949,0.172006,-0.034110,0.282115,-0.070185,1.199352,0.200744,0.049780,0.065487,0.055866,-0.147521,0.620657,1.100990,-0.013167,0.237922,-0.026052
1.818926,1.902370,0.771589,-0.045236,-0.024037,-0.664708,0.745345,-0.023943,0.077972,-0.140379,1.319413,-0.012470,-0.247257,-0.152139,0.087905,-0.301846,0.371837,-0.147815,-0.167975,-0.221598,-0.058942,0.190382,-0.007946,0.282363,-0.066321,1.223933,0.208616,0.057359,0.060952,0.034272,-0.160006,0.624591,1.062824,0.022546,0.198593,-0.062254
1.816952,1.875958,0.774572,-0.050740,-0.030353,-0.676717,0.733866,-0.113429,0.083724,-0.137435,1.392577,-0.055378,-0.197355,-0.076393,0.115452,-0.263825,0.331126,-0.165040,-0.166431,-0.192775,-0.061410,0.210809,0.014541,0.278246,-0.054477,1.247098,0.226680,0.074861,0.064063,0.011919,-0.174657,0.630388,1.031234,0.062185,0.138388,-0.104975
1.815041,1.850326,0.777293,-0.053735,-0.038237,-0.688935,0.721817,-0.199149,0.102553,-0.110909,1.403532,-0.098233,-0.127764,-0.001067,0.131599,-0.223307,0.289474,-0.180230,-0.167067,-0.166198,-0.068266,0.229404,0.037573,0.272187,-0.041415,1.260687,0.237687,0.094736,0.065359,-0.015533,-0.187565,0.629379,1.004907,0.064637,0.111955,-0.122954
1.813206,1.825459,0.779121,-0.054600,-0.043571,-0.700737,0.709991,-0.278615,0.124213,-0.075510,1.354462,-0.156884,-0.056626,0.065562,0.142555,-0.182438,0.249503,-0.192444,-0.165848,-0.144517,-0.073390,0.243603,0.060254,0.268135,-0.030991,1.261041,0.237351,0.105057,0.056263,-0.049665,-0.196812,0.623484,0.977209,0.044005,0.128811,-0.120866
1.811655,1.801106,0.779778,-0.054437,-0.047300,-0.713153,0.697289,-0.339267,0.140240,-0.030810,1.243946,-0.197672,-0.006044,0.123045,0.149208,-0.138992,0.217503,-0.206061,-0.164722,-0.122596,-0.076568,0.256581,0.079899,0.265009,-0.023290,1.250530,0.239138,0.106231,0.040986,-0.088267,-0.203573,0.621051,0.957558,0.028172,0.145093,-0.113361
1.809750,1.776484,0.779022,-0.054233,-0.048509,-0.725237,0.684644,-0.374946,0.141853,0.008601,1.073094,-0.193022,-0.003523,0.172506,0.155785,-0.098449,0.195787,-0.221397,-0.167440,-0.102111,-0.075066,0.266944,0.094997,0.261070,-0.014997,1.235810,0.230100,0.097810,0.041420,-0.125980,-0.210696,0.628982,0.950792,0.031532,0.136990,-0.111691
1.807706,1.751472,0.776952,-0.053886,-0.047996,-0.736522,0.672554,-0.385754,0.116944,0.022866,0.849056,-0.127127,-0.038740,0.217250,0.161500,-0.061746,0.181029,-0.243524,-0.164156,-0.085080,-0.070388,0.274342,0.103827,0.254853,-0.010569,1.222524,0.227600,0.099129,0.051024,-0.163536,-0.215123,0.643210,0.954298,0.040769,0.132511,-0.111716
1.805015,1.725376,0.773061,-0.056208,-0.044831,-0.746459,0.661536,-0.366408,0.084258,0.007171,0.574707,-0.046658,-0.099988,0.266325,0.174198,-0.026308,0.161995,-0.265498,-0.165085,-0.071550,-0.058041,0.279434,0.107958,0.247067,-0.010204,1.214627,0.227328,0.097796,0.065654,-0.195761,-0.215676,0.658031,0.963968,0.041602,0.137663,-0.107971
1.801619,1.697755,0.767069,-0.061414,-0.037282,-0.756654,0.649856,-0.327132,0.067694,-0.019353,0.280210,0.039956,-0.166462,0.316285,0.196983,0.010985,0.144946,-0.285409,-0.171412,-0.058499,-0.035467,0.279149,0.111114,0.239382,-0.014965,1.207330,0.231143,0.098208,0.073161,-0.221579,-0.212446,0.675368,0.976931,0.036800,0.148128,-0.099890
1.797698,1.669317,0.759930,-0.070214,-0.026459,-0.767479,0.636668,-0.324855,0.071921,-0.043541,0.105675,0.102099,-0.244900,0.371951,0.227057,0.051894,0.123964,-0.296010,-0.172080,-0.043585,-0.003844,0.280917,0.111154,0.232524,-0.022174,1.198009,0.231797,0.093368,0.073838,-0.241915,-0.207157,0.690388,0.987233,0.030753,0.154338,-0.087647
1.795044,1.639842,0.754148,-0.078076,-0.020568,-0.775520,0.626139,-0.362720,0.062971,-0.035757,0.103288,0.065680,-0.261800,0.425323,0.240364,0.081272,0.122980,-0.303782,-0.164483,-0.034717,0.019262,0.291249,0.104201,0.227255,-0.033760,1.185518,0.232332,0.090676,0.062829,-0.255258,-0.203892,0.701034,0.989585,0.028823,0.155882,-0.080163
1.791460,1.609947,0.750820,-0.081719,-0.017235,-0.779077,0.621341,-0.356251,0.051801,-0.008827,0.104158,0.021505,-0.261800,0.473612,0.242857,0.096733,0.122302,-0.293150,-0.152474,-0.038363,0.032259,0.294997,0.090608,0.221637,-0.051870,1.184667,0.231917,0.083253,0.056123,-0.257288,-0.200599,0.709249,0.990421,0.034777,0.151069,-0.076984
1.786587,1.578869,0.749871,-0.078405,-0.015674,-0.779791,0.620913,-0.321109,0.029721,-0.004035,0.105545,0.062945,-0.261800,0.508903,0.234554,0.101091,0.126753,-0.263544,-0.138558,-0.049380,0.031581,0.283527,0.074457,0.216637,-0.070656,1.189410,0.234729,0.080934,0.055687,-0.244874,-0.196743,0.714663,0.991117,0.042442,0.144185,-0.075875
1.781037,1.545680,0.751207,-0.065770,-0.016155,-0.783339,0.617894,-0.285256,-0.014548,-0.062931,0.111845,0.092600,-0.249710,0.478190,0.211687,0.097209,0.238875,-0.263841,-0.109689,-0.057755,0.013787,0.254734,0.065722,0.210231,-0.078196,1.185431,0.250071,0.086462,0.059067,-0.225706,-0.191422,0.718384,0.989474,0.033979,0.143342,-0.063349
1.776031,1.511028,0.754974,-0.046518,-0.023632,-0.790352,0.610428,-0.287350,-0.066344,-0.066611,0.151431,0.159679,-0.165493,0.413732,0.166025,0.103512,0.409306,-0.245823,-0.060581,-0.067300,-0.025815,0.219751,0.066204,0.205890,-0.083507,1.172977,0.244637,0.090333,0.064157,-0.210063,-0.187661,0.734101,0.989550,0.020124,0.144320,-0.041870
1.769209,1.476966,0.759589,-0.034074,-0.032527,-0.797093,0.602016,-0.282444,-0.093514,-0.037054,0.230251,0.097306,-0.128010,0.349490,0.133970,0.120200,0.587426,-0.168928,0.024434,-0.078456,-0.063985,0.191250,0.061811,0.213287,-0.124116,1.180567,0.211653,0.076547,0.072788,-0.186836,-0.180377,0.744330,1.002896,0.031009,0.134034,-0.040565
1.762245,1.446072,0.764562,-0.031973,-0.037960,-0.802599,0.594451,-0.240641,-0.099005,-0.017600,0.257609,0.036940,-0.134769,0.277988,0.136039,0.151986,0.776526,-0.055542,0.146035,-0.092673,-0.084782,0.181038,0.041242,0.228054,-0.186673,1.197272,0.223291,0.075725,0.063989,-0.162276,-0.170491,0.727189,1.019297,0.015882,0.134674,-0.049461
1.756294,1.418099,0.769099,-0.032330,-0.041140,-0.809814,0.584348,-0.186679,-0.096831,0.006261,0.255642,-0.011790,-0.134423,0.178584,0.164575,0.198850,0.992041,0.061786,0.259326,-0.108256,-0.096604,0.181675,0.016426,0.243504,-0.242188,1.191510,0.273679,0.097376,0.041051,-0.151459,-0.164652,0.702710,1.023971,-0.015366,0.163855,-0.039745
1.750553,1.392404,0.772710,-0.033258,-0.042565,-0.816992,0.574114,-0.132145,-0.093314,0.026078,0.241322,-0.047049,-0.137854,0.073164,0.174354,0.202577,1.168421,0.079993,0.261800,-0.130925,-0.105894,0.186108,-0.004393,0.262417,-0.286583,1.167117,0.288143,0.102790,0.033063,-0.155360,-0.167485,0.701951,1.021803,-0.006164,0.179485,-0.034756
1.744578,1.367904,0.776291,-0.036630,-0.043308,-0.820968,0.568149,-0.067647,-0.089929,0.032778,0.208049,-0.069976,-0.156143,-0.022606,0.157176,0.182847,1.279785,-0.034243,0.261800,-0.161608,-0.114743,0.193529,-0.024045,0.286504,-0.325394,1.148157,0.278291,0.081582,0.054729,-0.152719,-0.176297,0.702266,1.013395,0.004149,0.158211,-0.039864
1.737451,1.344685,0.779789,-0.042031,-0.042484,-0.821499,0.567070,-0.003396,-0.082944,0.028387,0.173377,-0.086679,-0.174611,-0.113601,0.097573,0.112922,1.325604,-0.133460,0.182992,-0.196405,-0.122244,0.202753,-0.050395,0.313143,-0.367697,1.145984,0.252795,0.055091,0.086348,-0.137647,-0.185083,0.683057,0.999497,0.013996,0.129379,-0.058098
1.729937,1.322993,0.782726,-0.046267,-0.040602,-0.820297,0.568615,0.052796,-0.075037,0.020295,0.141290,-0.097753,-0.189604,-0.191312,0.014113,0.023155,1.308802,-0.211209,0.086674,-0.226946,-0.129854,0.211595,-0.087398,0.336282,-0.396707,1.155675,0.261801,0.053227,0.097649,-0.110216,-0.190856,0.639955,0.973540,0.013317,0.126833,-0.088668
1.721773,1.302275,0.784949,-0.047730,-0.038170,-0.816759,0.573732,0.093771,-0.069838,0.003386,0.123305,-0.108995,-0.198683,-0.246781,-0.073859,-0.076240,1.227499,-0.255854,0.015413,-0.255071,-0.138421,0.216690,-0.131743,0.354696,-0.413873,1.165650,0.281544,0.073478,0.084135,-0.074141,-0.193200,0.589078,0.943130,0.010658,0.138292,-0.120070
1.713318,1.282355,0.786225,-0.047522,-0.036633,-0.813015,0.579143,0.122625,-0.067617,-0.011141,0.123747,-0.126108,-0.188024,-0.282001,-0.121525,-0.138649,1.087117,-0.256544,0.000024,-0.278596,-0.147669,0.221130,-0.173544,0.369068,-0.419645,1.168495,0.282218,0.084816,0.073411,-0.038366,-0.193742,0.545613,0.920736,0.021063,0.140424,-0.144490
1.704841,1.262918,0.786071,-0.044773,-0.035591,-0.810660,0.582718,0.147662,-0.068690,-0.016877,0.124306,-0.147067,-0.169809,-0.310286,-0.128165,-0.152617,0.905878,-0.217748,0.010831,-0.294317,-0.155958,0.222885,-0.209527,0.378432,-0.412747,1.162883,0.274946,0.080893,0.069014,-0.007509,-0.194937,0.516345,0.913889,0.035315,0.132955,-0.154214
1.695634,1.243327,0.784431,-0.040721,-0.036250,-0.810281,0.583500,0.174633,-0.073073,-0.016942,0.124405,-0.172684,-0.149485,-0.321698,-0.115482,-0.134006,0.692206,-0.162239,0.053838,-0.302045,-0.165223,0.221309,-0.234630,0.382158,-0.398194,1.149351,0.272882,0.076072,0.077485,0.019574,-0.195744,0.498434,0.921749,0.042557,0.127954,-0.148572
1.685397,1.222968,0.781244,-0.035583,-0.040013,-0.810576,0.583181,0.205926,-0.083948,-0.015230,0.124117,-0.200748,-0.124408,-0.312285,-0.108713,-0.107836,0.461910,-0.121340,0.091287,-0.307011,-0.177747,0.215038,-0.244977,0.381128,-0.378987,1.125895,0.269092,0.072340,0.086770,0.042374,-0.196849,0.496812,0.943076,0.051395,0.127258,-0.138519
1.674180,1.201851,0.776910,-0.027888,-0.044908,-0.810998,0.582656,0.235689,-0.099838,-0.012770,0.123700,-0.228137,-0.098818,-0.293731,-0.119414,-0.112841,0.237263,-0.082420,0.107470,-0.311722,-0.191590,0.200427,-0.245192,0.375305,-0.369574,1.102336,0.250670,0.066146,0.101443,0.063422,-0.197563,0.504511,0.973011,0.051437,0.130210,-0.132581
1.661726,1.179924,0.771844,-0.019674,-0.052554,-0.809285,0.584729,0.269016,-0.119679,-0.018957,0.123032,-0.250725,-0.084645,-0.298777,-0.149833,-0.178711,0.116358,-0.095271,0.128849,-0.320789,-0.210621,0.184028,-0.236592,0.367652,-0.363000,1.081989,0.242990,0.056847,0.100075,0.086276,-0.196075,0.508984,1.001002,0.049480,0.132715,-0.124817
1.647859,1.157786,0.767353,-0.014751,-0.057417,-0.807731,0.586563,0.305178,-0.126048,-0.029749,0.123803,-0.267536,-0.086384,-0.328893,-0.175547,-0.259077,0.115772,-0.148029,0.138615,-0.328209,-0.222245,0.171759,-0.223563,0.356706,-0.357406,1.073249,0.240203,0.048002,0.089044,0.108211,-0.190617,0.505327,1.025056,0.050925,0.141036,-0.124352
1.632913,1.135363,0.763578,-0.011727,-0.059496,-0.807798,0.586332,0.341292,-0.122576,-0.037740,0.126172,-0.274619,-0.095316,-0.328911,-0.181624,-0.313284,0.116183,-0.157047,0.129664,-0.331050,-0.227895,0.160626,-0.205450,0.344983,-0.348035,1.079110,0.245361,0.042851,0.069458,0.128434,-0.182693,0.492486,1.043721,0.055802,0.151123,-0.119275
1.616858,1.111623,0.760463,-0.010258,-0.059424,-0.809138,0.584516,0.378537,-0.112288,-0.042930,0.130214,-0.269668,-0.106405,-0.302729,-0.167119,-0.324615,0.116723,-0.130942,0.106334,-0.330644,-0.226084,0.147277,-0.183702,0.330181,-0.342420,1.102952,0.250940,0.041526,0.047950,0.147651,-0.174325,0.478743,1.059014,0.052391,0.157247,-0.115643
1.599206,1.087618,0.759804,-0.011743,-0.047097,-0.811607,0.582184,0.358010,-0.073902,-0.039710,0.233787,-0.297909,-0.128580,-0.286169,-0.118639,-0.309292,0.121044,-0.065161,0.048338,-0.326589,-0.198642,0.136825,-0.164379,0.318133,-0.347524,1.135949,0.265074,0.049916,0.029453,0.162246,-0.166486,0.462718,1.062634,0.053399,0.164702,-0.110278
1.579600,1.062513,0.760249,-0.017011,-0.028479,-0.814826,0.578755,0.331153,-0.017904,-0.046050,0.351112,-0.305359,-0.167520,-0.326345,-0.079035,-0.328782,0.241300,0.022381,-0.064700,-0.318044,-0.155327,0.125544,-0.140894,0.306709,-0.352117,1.178015,0.280041,0.058229,0.016674,0.174571,-0.159671,0.453278,1.066635,0.068325,0.165492,-0.107283
1.559418,1.037141,0.760503,-0.021018,-0.017689,-0.819280,0.572735,0.310896,0.016125,-0.065083,0.464753,-0.266070,-0.224215,-0.350255,-0.048756,-0.326756,0.353175,0.025308,-0.130988,-0.309363,-0.126064,0.114369,-0.107506,0.292232,-0.335338,1.222542,0.299484,0.069407,0.024032,0.171843,-0.156903,0.465112,1.085551,0.088783,0.162452,-0.099055
1.540421,1.012746,0.760805,-0.026813,-0.017556,-0.826246,0.562396,0.290170,0.015932,-0.098116,0.599626,-0.185273,-0.261800,-0.341558,-0.023688,-0.305797,0.444886,-0.057366,-0.147616,-0.298093,-0.112944,0.117564,-0.066944,0.275078,-0.285516,1.247927,0.328418,0.091745,0.033270,0.152687,-0.157442,0.476177,1.105382,0.077449,0.172850,-0.084623
1.522707,0.989908,0.761489,-0.031669,-0.022237,-0.832611,0.552505,0.240118,-0.003591,-0.132162,0.780535,-0.094382,-0.261800,-0.311260,-0.005593,-0.284852,0.497735,-0.125664,-0.154901,-0.288969,-0.111978,0.127587,-0.028303,0.264767,-0.241432,1.251720,0.342667,0.112361,0.032360,0.128910,-0.157594,0.478220,1.102298,0.054223,0.194619,-0.079508
1.505586,0.969125,0.762210,-0.038693,-0.023924,-0.836686,0.545791,0.161505,-0.027062,-0.186229,0.989801,-0.000556,-0.261800,-0.260207,0.019955,-0.276327,0.506508,-0.176121,-0.156611,-0.282649,-0.106751,0.144179,-0.000931,0.265903,-0.239652,1.249444,0.309575,0.108867,0.025979,0.106644,-0.157187,0.477702,1.074183,0.051706,0.204866,-0.092641
1.489083,0.949536,0.763387,-0.046915,-0.026270,-0.842848,0.535458,0.081043,-0.064565,-0.239124,1.164076,0.121720,-0.261800,-0.198870,0.050729,-0.258270,0.493303,-0.211480,-0.154407,-0.261280,-0.102921,0.165489,0.016831,0.273227,-0.254067,1.246424,0.290329,0.090314,0.016942,0.088829,-0.157539,0.480153,1.035117,0.066591,0.179535,-0.116239
1.473374,0.930407,0.765045,-0.054744,-0.030181,-0.851637,0.520391,0.015721,-0.064566,-0.241583,1.268314,0.111484,-0.261800,-0.133566,0.080776,-0.226065,0.469917,-0.235768,-0.151714,-0.229592,-0.099725,0.186248,0.032346,0.275078,-0.253734,1.235296,0.299617,0.089196,0.020298,0.068161,-0.161454,0.493894,1.000849,0.077730,0.140397,-0.134222
1.457555,0.911731,0.767091,-0.062902,-0.031030,-0.862045,0.501955,-0.049938,-0.024078,-0.223172,1.318638,0.028155,-0.261800,-0.058584,0.118517,-0.186674,0.418499,-0.241893,-0.150663,-0.196457,-0.087547,0.204183,0.051728,0.268525,-0.227527,1.211845,0.306887,0.097782,0.030108,0.041494,-0.169902,0.518596,0.973401,0.072246,0.121504,-0.136904
1.442218,0.893107,0.769331,-0.067905,-0.033380,-0.873174,0.481499,-0.119097,0.056688,-0.158983,1.314903,-0.043176,-0.214062,0.015263,0.144247,-0.138100,0.363134,-0.244204,-0.144311,-0.166767,-0.079007,0.216494,0.073603,0.257631,-0.197204,1.186247,0.295188,0.095858,0.049290,0.004768,-0.179012,0.554204,0.960463,0.059781,0.117403,-0.126392
1.427489,0.874403,0.771001,-0.069540,-0.035147,-0.883136,0.462601,-0.185991,0.141344,-0.077774,1.268482,-0.139623,-0.078988,0.079756,0.158890,-0.091416,0.314436,-0.246636,-0.134796,-0.147716,-0.071551,0.223668,0.094787,0.246716,-0.174730,1.161696,0.266230,0.082201,0.064617,-0.038108,-0.185474,0.591183,0.960849,0.040712,0.118900,-0.110647
1.413373,0.856341,0.771530,-0.069314,-0.036036,-0.892539,0.444152,-0.237612,0.198622,-0.001994,1.175054,-0.228989,0.020604,0.133627,0.167174,-0.046712,0.277079,-0.253686,-0.128168,-0.131272,-0.064586,0.231726,0.106232,0.237159,-0.161857,1.143660,0.249216,0.072686,0.067210,-0.082929,-0.188357,0.619998,0.966323,0.015362,0.124194,-0.091437
1.399358,0.838911,0.771027,-0.069249,-0.036977,-0.901642,0.425299,-0.269308,0.218583,0.058230,1.034962,-0.257773,0.050939,0.182467,0.171246,-0.002154,0.249905,-0.264517,-0.120677,-0.111446,-0.058372,0.244451,0.105592,0.229436,-0.162303,1.135329,0.254680,0.072355,0.062453,-0.126549,-0.189826,0.646564,0.976647,0.011614,0.125221,-0.085631
1.384663,0.821170,0.769436,-0.067525,-0.035997,-0.907781,0.412406,-0.295890,0.193622,0.072991,0.858484,-0.224784,0.023765,0.228285,0.173927,0.028788,0.221325,-0.275783,-0.117303,-0.102988,-0.051512,0.252096,0.100143,0.221946,-0.165436,1.134568,0.263216,0.073154,0.059327,-0.164373,-0.190042,0.669886,0.988286,0.017152,0.130904,-0.083843
1.369507,0.802914,0.766710,-0.067311,-0.032535,-0.911845,0.403671,-0.312480,0.156577,0.067904,0.662951,-0.154610,-0.017060,0.279656,0.180444,0.052031,0.184680,-0.284256,-0.117799,-0.100366,-0.039973,0.260357,0.090530,0.215414,-0.171419,1.136983,0.271140,0.077188,0.056671,-0.197193,-0.188988,0.684907,1.003170,0.023821,0.143415,-0.076627
1.353046,0.783716,0.762616,-0.068650,-0.026949,-0.914356,0.398138,-0.317232,0.125770,0.070976,0.463094,-0.072088,-0.047876,0.338358,0.191587,0.069609,0.141348,-0.285686,-0.120092,-0.101011,-0.023424,0.265594,0.081000,0.209777,-0.182916,1.139410,0.274384,0.079439,0.056957,-0.221159,-0.187320,0.693807,1.019406,0.029641,0.153990,-0.066125
1.335377,0.763950,0.757399,-0.068640,-0.020738,-0.916628,0.393257,-0.314619,0.100586,0.103721,0.266679,0.056700,-0.086024,0.382403,0.202806,0.083894,0.125748,-0.295953,-0.116499,-0.099592,-0.007767,0.265719,0.073599,0.206333,-0.191966,1.136242,0.276183,0.076826,0.054174,-0.236268,-0.185823,0.696937,1.028835,0.030826,0.165991,-0.057306
1.316470,0.743363,0.751614,-0.070025,-0.009732,-0.921121,0.382803,-0.308422,0.089977,0.142880,0.104030,0.175355,-0.174470,0.420972,0.223189,0.111958,0.124127,-0.301529,-0.114433,-0.086117,0.018890,0.263915,0.068726,0.201340,-0.197121,1.127671,0.280985,0.075466,0.054755,-0.247990,-0.184876,0.701836,1.039740,0.035672,0.168509,-0.053763
1.296722,0.721262,0.746100,-0.073108,0.002053,-0.926819,0.368317,-0.340970,0.092355,0.139558,0.101238,0.121611,-0.259289,0.465072,0.241678,0.150842,0.122195,-0.294603,-0.109298,-0.067618,0.048721,0.264305,0.068823,0.194463,-0.194843,1.115422,0.279254,0.071034,0.056783,-0.256096,-0.187601,0.710406,1.049533,0.037718,0.163144,-0.051712
1.275840,0.698524,0.742703,-0.072715,0.007046,-0.930618,0.358625,-0.335127,0.072723,0.107251,0.106131,0.029701,-0.234195,0.507230,0.241655,0.177130,0.121343,-0.276801,-0.102855,-0.060144,0.059176,0.260723,0.070171,0.190132,-0.191135,1.109697,0.271890,0.067795,0.059395,-0.257908,-0.189852,0.715816,1.054800,0.038748,0.163256,-0.053922
1.254315,0.675214,0.744148,-0.058865,-0.006021,-0.931147,0.359811,-0.324463,-0.012257,0.009336,0.108215,0.132503,-0.092706,0.513532,0.198459,0.165143,0.161204,-0.265368,-0.082406,-0.075963,0.021010,0.246734,0.066981,0.188014,-0.186664,1.111053,0.273009,0.068137,0.060978,-0.256941,-0.191410,0.716830,1.052256,0.042225,0.164641,-0.058687
1.230695,0.650661,0.746155,-0.047549,-0.020864,-0.934222,0.352892,-0.346850,-0.062743,-0.004155,0.203665,0.209815,-0.037091,0.483872,0.157218,0.167290,0.291017,-0.264947,-0.047153,-0.078917,-0.021752,0.227597,0.068679,0.191142,-0.193528,1.124288,0.268436,0.069845,0.060104,-0.242270,-0.190916,0.713034,1.047996,0.046571,0.161598,-0.067866
1.206196,0.626734,0.750244,-0.039879,-0.035480,-0.936942,0.345386,-0.345117,-0.090608,0.026678,0.297830,0.130055,-0.007898,0.446142,0.125123,0.183655,0.437052,-0.212737,0.013366,-0.077832,-0.064215,0.209849,0.061056,0.201130,-0.221428,1.161559,0.250555,0.070202,0.060914,-0.215224,-0.187222,0.701854,1.046220,0.058666,0.152125,-0.092501
1.182614,0.604588,0.755432,-0.034100,-0.044632,-0.938695,0.340143,-0.313677,-0.109987,0.046731,0.328440,0.069578,0.006237,0.386925,0.117908,0.213489,0.602018,-0.115395,0.137731,-0.080857,-0.092629,0.193668,0.045578,0.210730,-0.255529,1.198797,0.276842,0.085844,0.051847,-0.182583,-0.183015,0.678970,1.039659,0.054651,0.151414,-0.121045
1.161220,0.584412,0.760694,-0.028508,-0.048516,-0.940857,0.334099,-0.271196,-0.119967,0.062067,0.322536,0.022165,0.020827,0.294657,0.143001,0.263972,0.805359,-0.009201,0.261800,-0.090439,-0.107705,0.182449,0.031870,0.216539,-0.265518,1.203321,0.334891,0.118816,0.037991,-0.162753,-0.184078,0.662811,1.024394,0.045438,0.160704,-0.132273
1.140604,0.566792,0.764763,-0.027035,-0.048554,-0.942158,0.330529,-0.230881,-0.120027,0.066717,0.325462,-0.025534,0.021692,0.186650,0.187031,0.288521,1.010986,0.087808,0.261800,-0.109926,-0.114438,0.182251,0.021360,0.225259,-0.268344,1.183197,0.339915,0.131708,0.041441,-0.153416,-0.191262,0.654860,1.008907,0.058355,0.153308,-0.126155
1.121385,0.550507,0.768073,-0.027116,-0.051762,-0.942899,0.327914,-0.178982,-0.127617,0.068744,0.308245,-0.058919,0.021138,0.084869,0.200745,0.294598,1.168157,0.033761,0.261800,-0.131308,-0.127041,0.189632,0.010059,0.240047,-0.276289,1.160024,0.301467,0.105587,0.063398,-0.145337,-0.200597,0.646077,0.997035,0.067612,0.130653,-0.123276
1.102751,0.534620,0.771449,-0.028414,-0.054754,-0.943354,0.326001,-0.115698,-0.136412,0.066033,0.269734,-0.080424,0.024674,-0.024071,0.171485,0.268840,1.270477,-0.052574,0.261800,-0.150165,-0.137177,0.198064,-0.006495,0.257297,-0.298229,1.143488,0.256424,0.074526,0.086196,-0.131953,-0.208518,0.630758,0.992198,0.071809,0.112548,-0.136857
1.084357,0.519659,0.774734,-0.032137,-0.053811,-0.944196,0.323366,-0.054535,-0.133690,0.062665,0.239039,-0.104065,0.027335,-0.132986,0.109334,0.214033,1.309259,-0.124939,0.222509,-0.162610,-0.135462,0.210527,-0.032561,0.270350,-0.323321,1.128421,0.244597,0.080357,0.092769,-0.118040,-0.214581,0.612466,0.994512,0.069666,0.117968,-0.154937
1.065555,0.505756,0.777280,-0.034379,-0.048977,-0.944519,0.322960,-0.007386,-0.122211,0.054841,0.222214,-0.132599,0.023691,-0.235117,0.024527,0.125223,1.281056,-0.195787,0.123283,-0.174614,-0.126002,0.218203,-0.061124,0.277755,-0.339768,1.103043,0.268214,0.110507,0.080704,-0.103902,-0.220050,0.598595,1.001557,0.067370,0.134874,-0.165378
1.046562,0.492614,0.778846,-0.035304,-0.042907,-0.943731,0.326014,0.027537,-0.108661,0.042560,0.220295,-0.165628,0.018941,-0.311633,-0.052977,0.031030,1.183233,-0.244111,0.055209,-0.190298,-0.114490,0.223931,-0.085222,0.281637,-0.347122,1.062434,0.289753,0.131687,0.065643,-0.089359,-0.225042,0.589807,1.012967,0.058506,0.146912,-0.163439
1.027239,0.479791,0.779132,-0.034864,-0.037696,-0.943039,0.328696,0.056339,-0.096335,0.033406,0.225700,-0.202180,0.015553,-0.359781,-0.102667,-0.047925,1.023524,-0.240817,0.029047,-0.205484,-0.105065,0.228342,-0.101895,0.284216,-0.348622,1.011491,0.263379,0.126378,0.064472,-0.075294,-0.230429,0.584115,1.027611,0.055809,0.146429,-0.148290
1.007146,0.466768,0.777590,-0.033605,-0.036055,-0.942667,0.330074,0.090209,-0.091625,0.027398,0.225881,-0.237020,0.012558,-0.383550,-0.112761,-0.080586,0.812654,-0.192192,0.050173,-0.217220,-0.102038,0.230066,-0.113354,0.284926,-0.352960,0.960706,0.219420,0.105136,0.064270,-0.060122,-0.234475,0.580504,1.046145,0.060595,0.144839,-0.134071
0.985149,0.453034,0.774287,-0.032668,-0.039424,-0.941739,0.332425,0.137335,-0.096739,0.020253,0.212830,-0.268276,0.012420,-0.372231,-0.100707,-0.056497,0.546772,-0.129438,0.101588,-0.228981,-0.108037,0.228174,-0.121283,0.283065,-0.364484,0.917295,0.181448,0.086479,0.059982,-0.037379,-0.237048,0.575791,1.059981,0.061900,0.154437,-0.120101
0.961106,0.438866,0.768783,-0.033045,-0.049274,-0.939111,0.338453,0.205427,-0.113688,0.004426,0.176575,-0.288975,0.008193,-0.324829,-0.111781,-0.021615,0.251304,-0.057156,0.159634,-0.245769,-0.126888,0.222345,-0.128549,0.278218,-0.383847,0.889281,0.175868,0.078155,0.045819,-0.006044,-0.235828,0.567501,1.071030,0.066606,0.163860,-0.113766
0.935234,0.424505,0.762169,-0.034421,-0.061029,-0.934972,0.347732,0.282033,-0.129866,-0.019997,0.134121,-0.302493,0.003663,-0.322636,-0.144311,-0.005650,0.113917,-0.066570,0.155123,-0.267261,-0.150631,0.215132,-0.135868,0.271541,-0.405547,0.876708,0.188199,0.076680,0.030985,0.031505,-0.230632,0.552425,1.075234,0.059376,0.171622,-0.110381
0.907832,0.410503,0.755735,-0.036689,-0.068880,-0.930880,0.356891,0.340068,-0.131489,-0.039719,0.132027,-0.329815,-0.004653,-0.346934,-0.176140,-0.054779,0.113986,-0.121538,0.182331,-0.286897,-0.166248,0.207577,-0.145723,0.261695,-0.426309,0.883972,0.207338,0.072727,0.013751,0.070337,-0.223150,0.536034,1.072997,0.059759,0.175346,-0.109020
0.879189,0.396919,0.751089,-0.038926,-0.067080,-0.930741,0.357359,0.375340,-0.109914,-0.037571,0.166822,-0.361061,-0.021186,-0.335818,-0.172701,-0.074918,0.114628,-0.103223,0.142558,-0.291790,-0.160797,0.195299,-0.150847,0.249362,-0.442659,0.908019,0.219943,0.067216,0.001962,0.103421,-0.215285,0.531498,1.076283,0.068679,0.168238,-0.107996
0.850409,0.384179,0.749312,-0.036883,-0.054148,-0.931379,0.358106,0.365475,-0.066985,-0.032670,0.254219,-0.394739,-0.044229,-0.310474,-0.150098,-0.131142,0.114373,0.010823,0.112600,-0.298665,-0.131431,0.177428,-0.154503,0.237128,-0.449889,0.943379,0.240658,0.056503,-0.013810,0.126852,-0.205566,0.522506,1.084755,0.070724,0.167231,-0.100865
0.819687,0.371688,0.749224,-0.036248,-0.036856,-0.931737,0.359436,0.343381,-0.011758,-0.037356,0.366169,-0.406083,-0.076515,-0.338964,-0.120238,-0.183581,0.217263,0.125199,0.090895,-0.306418,-0.090052,0.159544,-0.149101,0.230395,-0.453780,0.973523,0.268313,0.055674,-0.041494,0.150957,-0.193188,0.500584,1.092099,0.072181,0.169877,-0.095894
0.789426,0.359239,0.750859,-0.040444,-0.024587,-0.933941,0.354279,0.320250,0.031828,-0.038720,0.503558,-0.368808,-0.116930,-0.371972,-0.076844,-0.172808,0.365442,0.073037,0.015877,-0.302439,-0.052848,0.153202,-0.134805,0.227465,-0.439655,1.006330,0.261970,0.050542,-0.071280,0.164498,-0.184456,0.484447,1.109059,0.100203,0.167847,-0.094975
0.760989,0.346994,0.754199,-0.048686,-0.024863,-0.937349,0.344076,0.288631,0.042926,-0.044520,0.672125,-0.263299,-0.180606,-0.346156,-0.051233,-0.161477,0.437869,0.001256,0.007302,-0.287885,-0.039396,0.158895,-0.115673,0.223505,-0.400898,1.048036,0.247327,0.053558,-0.074315,0.166435,-0.181992,0.485498,1.133248,0.122929,0.161281,-0.087522
0.733772,0.335771,0.758633,-0.056476,-0.028840,-0.938680,0.338908,0.225580,0.033413,-0.082606,0.873763,-0.152065,-0.227801,-0.284808,-0.035443,-0.156310,0.445430,-0.061564,0.027804,-0.275316,-0.033950,0.165219,-0.099982,0.224712,-0.373277,1.069412,0.257200,0.084971,-0.057400,0.169090,-0.183724,0.485821,1.138308,0.132258,0.170318,-0.082051
0.708334,0.326103,0.763186,-0.060837,-0.027724,-0.938797,0.337921,0.128349,0.020045,-0.136428,1.081631,-0.053149,-0.261800,-0.215540,-0.014485,-0.162949,0.408379,-0.097740,0.055528,-0.264669,-0.020072,0.168248,-0.086300,0.234678,-0.360122,1.071765,0.283777,0.102715,-0.028995,0.172408,-0.188569,0.484517,1.128367,0.146431,0.162641,-0.084246
0.684717,0.317093,0.767351,-0.067587,-0.025135,-0.939459,0.334988,0.046395,0.062958,-0.125100,1.210206,-0.093663,-0.261179,-0.135894,0.014978,-0.165235,0.347496,-0.113568,0.070751,-0.245988,-0.003897,0.179745,-0.070402,0.247696,-0.351155,1.065851,0.283679,0.091124,0.019152,0.169944,-0.197033,0.489473,1.123498,0.158280,0.138315,-0.088382
0.662380,0.307943,0.771542,-0.076437,-0.028065,-0.941277,0.327669,-0.025480,0.122347,-0.080493,1.261287,-0.147279,-0.185242,-0.046160,0.036998,-0.153582,0.277325,-0.120239,0.085428,-0.220897,0.001335,0.197668,-0.043802,0.257305,-0.319816,1.053286,0.273574,0.065570,0.064347,0.155851,-0.208166,0.504184,1.126941,0.169827,0.128586,-0.097706
0.641173,0.298815,0.775109,-0.084595,-0.032798,-0.944686,0.315175,-0.077056,0.173256,-0.027981,1.232176,-0.204535,-0.111125,0.044349,0.054364,-0.127877,0.199348,-0.117580,0.100463,-0.193057,0.003309,0.214656,-0.009390,0.259713,-0.266912,1.034030,0.253543,0.057176,0.084889,0.131039,-0.220054,0.523441,1.135386,0.167606,0.136528,-0.111095
0.621286,0.290159,0.776996,-0.088699,-0.035660,-0.949218,0.299742,-0.119625,0.205223,0.019474,1.136341,-0.248331,-0.061334,0.116735,0.069038,-0.095700,0.132768,-0.113278,0.107871,-0.168883,0.007288,0.225757,0.025116,0.258311,-0.215705,1.017136,0.226135,0.065713,0.088068,0.096658,-0.231350,0.540329,1.139502,0.152233,0.157518,-0.120859
0.602491,0.282032,0.777505,-0.091304,-0.035695,-0.954343,0.282169,-0.151084,0.215751,0.050719,0.991741,-0.239341,-0.035956,0.157286,0.084437,-0.059087,0.118448,-0.130050,0.096281,-0.147591,0.013867,0.235265,0.057937,0.256898,-0.176317,1.010532,0.199236,0.065012,0.079796,0.058629,-0.242539,0.561579,1.137355,0.149131,0.160458,-0.133944
0.584426,0.274195,0.776715,-0.092380,-0.032915,-0.959129,0.265430,-0.176626,0.201042,0.048740,0.816396,-0.200633,-0.040452,0.186173,0.102117,-0.028575,0.117077,-0.151596,0.079891,-0.134184,0.021829,0.242604,0.088145,0.254612,-0.148093,1.018958,0.193559,0.059364,0.072950,0.016912,-0.253150,0.589732,1.131597,0.147786,0.149405,-0.139795
0.566562,0.266495,0.774633,-0.093155,-0.026636,-0.963240,0.250563,-0.194426,0.183547,0.037336,0.629650,-0.156970,-0.066950,0.211459,0.125434,0.001233,0.118223,-0.172908,0.057588,-0.128717,0.033180,0.248039,0.113218,0.250612,-0.135110,1.043732,0.188401,0.059389,0.072894,-0.024607,-0.260441,0.612935,1.120916,0.129121,0.147550,-0.134791
0.548467,0.258822,0.771751,-0.094463,-0.017778,-0.966524,0.237890,-0.209560,0.172019,0.037264,0.457138,-0.111413,-0.083634,0.237898,0.153467,0.026670,0.119228,-0.189976,0.026129,-0.129513,0.046252,0.252057,0.133404,0.245783,-0.135567,1.083431,0.191175,0.065856,0.071321,-0.061045,-0.262298,0.628252,1.108911,0.110634,0.145317,-0.132065
0.530051,0.251183,0.768484,-0.095897,-0.007171,-0.968661,0.229015,-0.223333,0.163740,0.057539,0.301746,-0.039485,-0.111792,0.264610,0.185048,0.044232,0.120219,-0.200905,-0.024511,-0.135959,0.059810,0.254779,0.148293,0.238836,-0.138875,1.126567,0.214905,0.081504,0.057012,-0.088329,-0.258166,0.629066,1.093483,0.087006,0.145283,-0.132824
0.511343,0.243719,0.765014,-0.097951,0.002620,-0.970004,0.222466,-0.224719,0.149508,0.103052,0.152093,0.069564,-0.164956,0.294990,0.214883,0.055281,0.120889,-0.213584,-0.076424,-0.140970,0.070980,0.258735,0.156988,0.233181,-0.150739,1.161235,0.238769,0.098516,0.029617,-0.106506,-0.249352,0.618387,1.076535,0.071715,0.143831,-0.136395
0.492171,0.235814,0.760591,-0.100762,0.012076,-0.971061,0.216200,-0.253279,0.138272,0.154213,0.102403,0.132487,-0.258095,0.329706,0.242564,0.073096,0.120567,-0.232761,-0.105543,-0.137898,0.083218,0.262021,0.162274,0.227236,-0.164717,1.181239,0.266719,0.113282,0.002998,-0.114468,-0.241323,0.607464,1.057225,0.077771,0.141196,-0.134853
0.472775,0.227890,0.756629,-0.100296,0.017485,-0.971423,0.214412,-0.287139,0.117925,0.195456,0.102328,0.114432,-0.253650,0.359928,0.257707,0.081834,0.120615,-0.253683,-0.118621,-0.133807,0.088502,0.257484,0.163083,0.220927,-0.180464,1.187750,0.281344,0.116457,-0.010401,-0.114581,-0.235466,0.604445,1.040281,0.081555,0.134510,-0.129606
0.453097,0.220357,0.752824,-0.099202,0.023147,-0.971737,0.212956,-0.295528,0.103816,0.260643,0.103925,0.076161,-0.233655,0.388531,0.273145,0.089391,0.121185,-0.268075,-0.128770,-0.125022,0.095308,0.250163,0.162777,0.211959,-0.184315,1.180441,0.287447,0.111474,-0.007120,-0.114209,-0.230778,0.615052,1.036578,0.073225,0.130887,-0.118258
0.432747,0.212875,0.749777,-0.096538,0.026403,-0.972619,0.209751,-0.283603,0.087277,0.321730,0.105247,0.069996,-0.213281,0.414494,0.281399,0.099500,0.123962,-0.275138,-0.133185,-0.111106,0.097048,0.239356,0.164498,0.201324,-0.177295,1.159572,0.277546,0.102754,0.007765,-0.113290,-0.227329,0.635936,1.044464,0.060507,0.126938,-0.100604
