-0.000476,0.023741,0.785653,-0.023593,-0.020208,-0.698667,0.714772,0.080545,0.075849,0.143928,0.165214,-0.185924,-0.062081,0.079832,-0.060631,-0.108652,0.181735,-0.186771,0.048110,0.008536,-0.022422,0.172126,-0.052443,0.188517,-0.566416,1.012144,0.222149,0.088304,-0.041396,-0.117070,-0.142848,0.830638,1.094944,0.000853,0.026445,0.087202
-0.000523,0.023681,0.785616,-0.023864,-0.020404,-0.698675,0.714750,0.081372,0.076088,0.143877,0.165171,-0.186102,-0.062510,0.080647,-0.060381,-0.108589,0.181701,-0.186975,0.048116,0.009052,-0.022800,0.172455,-0.051744,0.188531,-0.566091,1.012009,0.227174,0.089065,-0.043835,-0.116851,-0.142386,0.830741,1.095336,0.002415,0.026476,0.087354
-0.000558,0.023654,0.785594,-0.023873,-0.020322,-0.698621,0.714805,0.081281,0.076313,0.144027,0.165198,-0.186453,-0.062499,0.080667,-0.060186,-0.108879,0.181609,-0.186938,0.048017,0.009480,-0.023329,0.172137,-0.051053,0.188473,-0.564272,1.011302,0.226172,0.089267,-0.046003,-0.116184,-0.141770,0.830503,1.095461,0.001028,0.025525,0.086731
-0.000622,0.023675,0.785647,-0.023806,-0.020359,-0.698710,0.714719,0.081116,0.076188,0.143688,0.165455,-0.186215,-0.062277,0.080516,-0.060231,-0.108452,0.181619,-0.186774,0.048283,0.009560,-0.024382,0.171939,-0.050108,0.188391,-0.563266,1.010605,0.226320,0.089048,-0.047069,-0.115592,-0.141108,0.829766,1.095034,0.000320,0.026829,0.087189
-0.000650,0.023618,0.785640,-0.024090,-0.020459,-0.698730,0.714687,0.081785,0.076685,0.144289,0.165578,-0.186533,-0.062640,0.080903,-0.059836,-0.108399,0.182168,-0.187149,0.047416,0.010193,-0.024850,0.172199,-0.049368,0.188259,-0.562684,1.009992,0.226361,0.089259,-0.046789,-0.114857,-0.140541,0.829672,1.095204,0.000983,0.026668,0.087892
-0.000673,0.023623,0.785624,-0.023961,-0.020462,-0.698820,0.714604,0.081572,0.076449,0.144152,0.165686,-0.186555,-0.062137,0.080937,-0.060048,-0.108376,0.181583,-0.186757,0.048511,0.010288,-0.025651,0.172290,-0.048779,0.187960,-0.562258,1.009202,0.225793,0.090117,-0.046704,-0.114719,-0.139774,0.829035,1.095014,0.006706,0.025863,0.089257
-0.000686,0.023675,0.785601,-0.024138,-0.020602,-0.698982,0.714435,0.082246,0.076648,0.144707,0.165573,-0.186524,-0.062554,0.081024,-0.059840,-0.107765,0.182193,-0.186916,0.047890,0.010487,-0.026150,0.172944,-0.048063,0.187408,-0.560419,1.008970,0.226405,0.089413,-0.045365,-0.114601,-0.138942,0.827656,1.095458,0.005916,0.025581,0.089232
-0.000695,0.023635,0.785631,-0.024175,-0.020537,-0.699041,0.714378,0.082247,0.076845,0.145020,0.165510,-0.186735,-0.062636,0.080893,-0.059639,-0.107589,0.182217,-0.186995,0.047725,0.010755,-0.026726,0.173185,-0.047969,0.186947,-0.559902,1.009072,0.225556,0.088685,-0.044183,-0.114573,-0.138372,0.827130,1.095487,0.006236,0.025541,0.089403
-0.000710,0.023736,0.785620,-0.024075,-0.020539,-0.699215,0.714211,0.082008,0.076747,0.145311,0.165712,-0.186565,-0.062245,0.080590,-0.059747,-0.107224,0.182149,-0.186945,0.048060,0.011148,-0.027506,0.173473,-0.047836,0.186357,-0.559016,1.008331,0.226203,0.088998,-0.042553,-0.114770,-0.137718,0.826690,1.095798,0.005750,0.025867,0.088744
-0.000623,0.023739,0.785567,-0.024150,-0.020539,-0.699351,0.714075,0.082478,0.076841,0.145863,0.165190,-0.186754,-0.062786,0.080401,-0.059627,-0.106539,0.182520,-0.187105,0.047630,0.011057,-0.027675,0.173928,-0.047430,0.185826,-0.558275,1.007556,0.226087,0.089170,-0.042897,-0.115181,-0.137297,0.826376,1.096427,0.002968,0.025403,0.088348
-0.000622,0.023800,0.785617,-0.023954,-0.020372,-0.699326,0.714111,0.081633,0.076757,0.145679,0.165338,-0.186390,-0.062482,0.079871,-0.059726,-0.106879,0.182240,-0.186543,0.048119,0.011254,-0.028046,0.173893,-0.047667,0.184849,-0.557474,1.007262,0.227287,0.089773,-0.042920,-0.115525,-0.136721,0.825916,1.096675,0.003019,0.025854,0.087904
-0.000540,0.023861,0.785580,-0.024138,-0.020453,-0.699461,0.713970,0.082155,0.076875,0.146046,0.165351,-0.186769,-0.062445,0.080099,-0.059634,-0.106346,0.182299,-0.186948,0.048008,0.011452,-0.027929,0.174663,-0.047620,0.183976,-0.556589,1.006942,0.227151,0.089888,-0.042935,-0.115969,-0.136354,0.826003,1.097286,0.002793,0.025525,0.087587
-0.000493,0.023900,0.785653,-0.023659,-0.020094,-0.699352,0.714103,0.080502,0.076506,0.145836,0.165416,-0.186117,-0.061922,0.078631,-0.059975,-0.106723,0.182358,-0.186263,0.048122,0.011024,-0.028191,0.173789,-0.047868,0.182976,-0.556269,1.006584,0.228946,0.091099,-0.043172,-0.116305,-0.135962,0.826013,1.097640,0.002388,0.026120,0.087299
-0.000367,0.023929,0.785564,-0.023938,-0.020412,-0.699393,0.714044,0.081699,0.076317,0.146074,0.165149,-0.186485,-0.062151,0.079609,-0.060199,-0.106558,0.182433,-0.186696,0.048404,0.011111,-0.028083,0.174851,-0.048002,0.182379,-0.556251,1.006443,0.227512,0.091329,-0.043342,-0.116355,-0.135731,0.825946,1.097310,0.002545,0.026004,0.087310
-0.000331,0.023934,0.785597,-0.023903,-0.020217,-0.699380,0.714064,0.081311,0.076436,0.145915,0.165133,-0.186319,-0.062364,0.079135,-0.060014,-0.106506,0.182511,-0.186574,0.048040,0.010928,-0.027483,0.174421,-0.048163,0.181402,-0.555880,1.006869,0.227379,0.091700,-0.042956,-0.116052,-0.135316,0.825920,1.097324,0.000793,0.026074,0.086408
-0.000161,0.023872,0.785612,-0.023677,-0.020318,-0.699413,0.714037,0.081134,0.075682,0.145898,0.165151,-0.186136,-0.061685,0.078941,-0.060821,-0.106386,0.182558,-0.186429,0.048888,0.010878,-0.027539,0.174030,-0.047783,0.180651,-0.554860,1.006578,0.228487,0.091651,-0.043499,-0.115729,-0.134966,0.825597,1.096676,0.002389,0.026119,0.087092
-0.000061,0.023904,0.785534,-0.023965,-0.020498,-0.699533,0.713904,0.082147,0.075734,0.146557,0.164994,-0.186495,-0.061869,0.079750,-0.060741,-0.106001,0.182456,-0.186788,0.049116,0.010818,-0.026721,0.174757,-0.047910,0.180006,-0.554764,1.006988,0.227311,0.091362,-0.042985,-0.115612,-0.134630,0.825610,1.096545,0.000437,0.026235,0.086041
0.000129,0.023909,0.785540,-0.023730,-0.020148,-0.699650,0.713807,0.081373,0.075693,0.146965,0.164645,-0.186567,-0.061822,0.078692,-0.060789,-0.105846,0.182413,-0.186401,0.049099,0.010926,-0.025561,0.173794,-0.048329,0.179006,-0.554854,1.007072,0.228314,0.091785,-0.043450,-0.115556,-0.134086,0.825219,1.097010,-0.000108,0.026412,0.085321
0.000248,0.023879,0.785563,-0.023952,-0.020479,-0.699646,0.713794,0.082150,0.075294,0.146885,0.165081,-0.186614,-0.061355,0.079405,-0.061193,-0.105702,0.182904,-0.186776,0.049195,0.011187,-0.024883,0.174227,-0.048280,0.178120,-0.553838,1.006784,0.228584,0.091688,-0.043508,-0.114834,-0.133561,0.824192,1.096883,-0.003083,0.026954,0.084611
0.000403,0.023917,0.785524,-0.023956,-0.020378,-0.699835,0.713612,0.082288,0.075339,0.147281,0.164683,-0.186686,-0.061740,0.079089,-0.061144,-0.105147,0.182887,-0.186654,0.049235,0.011612,-0.023826,0.173913,-0.048892,0.177133,-0.553595,1.007363,0.228332,0.091602,-0.043297,-0.115226,-0.132964,0.824997,1.097491,-0.002089,0.026331,0.085998
0.000561,0.023887,0.785552,-0.023729,-0.020312,-0.699811,0.713645,0.081815,0.074733,0.147367,0.164584,-0.186572,-0.061086,0.078701,-0.061718,-0.105136,0.182688,-0.186313,0.050052,0.011828,-0.023184,0.173317,-0.049226,0.176727,-0.553503,1.006733,0.225879,0.091719,-0.043686,-0.115611,-0.132742,0.825691,1.097127,0.000761,0.026255,0.087023
0.000735,0.023933,0.785499,-0.023832,-0.020530,-0.699848,0.713599,0.082338,0.074303,0.147554,0.164702,-0.186733,-0.060662,0.079130,-0.062174,-0.104957,0.182866,-0.186598,0.050362,0.011854,-0.022352,0.173395,-0.049614,0.175977,-0.553113,1.006578,0.223910,0.090464,-0.042029,-0.116126,-0.132409,0.825819,1.097890,0.001220,0.025658,0.085855
0.000879,0.023889,0.785540,-0.023824,-0.020486,-0.699760,0.713686,0.082211,0.074126,0.147337,0.164708,-0.186686,-0.060590,0.079034,-0.062366,-0.105093,0.183107,-0.186653,0.050242,0.011569,-0.021485,0.172610,-0.049904,0.175377,-0.553203,1.006753,0.224625,0.091245,-0.043349,-0.116789,-0.132159,0.825776,1.099178,0.000935,0.025647,0.086483
0.001073,0.023875,0.785498,-0.023813,-0.020608,-0.699772,0.713672,0.082517,0.073574,0.147485,0.164580,-0.186699,-0.060248,0.079260,-0.062877,-0.104968,0.183005,-0.186686,0.050957,0.011781,-0.020935,0.172109,-0.050249,0.174956,-0.552882,1.007160,0.223713,0.091217,-0.043130,-0.117852,-0.132059,0.825694,1.099651,0.001655,0.026454,0.086759
0.001199,0.023841,0.785456,-0.024160,-0.020897,-0.699578,0.713842,0.083413,0.073423,0.146935,0.164832,-0.187205,-0.060115,0.080408,-0.063071,-0.105396,0.183248,-0.187041,0.050944,0.011084,-0.020243,0.171943,-0.050467,0.174369,-0.553118,1.007792,0.225752,0.091226,-0.043777,-0.118613,-0.132005,0.824890,1.100037,-0.001561,0.026302,0.085612
0.001351,0.023848,0.785518,-0.023968,-0.020773,-0.699603,0.713828,0.082946,0.073061,0.147097,0.164645,-0.186834,-0.059986,0.079848,-0.063412,-0.105470,0.183125,-0.186532,0.051456,0.011121,-0.019840,0.170516,-0.050624,0.174073,-0.553196,1.008386,0.226165,0.090011,-0.042782,-0.119728,-0.132048,0.824783,1.100764,-0.002985,0.026717,0.085001
0.001505,0.023811,0.785465,-0.024345,-0.021165,-0.699645,0.713762,0.084269,0.072828,0.147287,0.164821,-0.187291,-0.059760,0.081015,-0.063692,-0.105176,0.183486,-0.187224,0.051509,0.011413,-0.019385,0.170591,-0.050324,0.173706,-0.551738,1.008240,0.223988,0.089656,-0.043440,-0.120408,-0.132218,0.823312,1.100604,-0.005673,0.028091,0.085664
0.001639,0.023767,0.785456,-0.024376,-0.021226,-0.699730,0.713676,0.084583,0.072651,0.147601,0.164721,-0.187423,-0.059687,0.081063,-0.063863,-0.104912,0.183688,-0.187281,0.051611,0.011980,-0.019064,0.169858,-0.050487,0.173527,-0.550619,1.008213,0.223171,0.090604,-0.044387,-0.121219,-0.132404,0.823398,1.101195,-0.000744,0.027796,0.085886
0.001782,0.023756,0.785479,-0.024427,-0.021427,-0.699780,0.713619,0.084907,0.072179,0.147781,0.164985,-0.187382,-0.059067,0.081385,-0.064387,-0.104777,0.183802,-0.187174,0.052270,0.011744,-0.018990,0.169010,-0.049890,0.173357,-0.549457,1.008047,0.223151,0.090769,-0.044582,-0.121585,-0.132643,0.823554,1.101676,-0.001694,0.027308,0.085745
0.001885,0.023805,0.785402,-0.024778,-0.021629,-0.699973,0.713411,0.086005,0.072408,0.148352,0.164877,-0.188026,-0.059348,0.082023,-0.064167,-0.104032,0.184063,-0.187693,0.051993,0.012047,-0.018656,0.169094,-0.049521,0.173245,-0.548883,1.008226,0.222433,0.089944,-0.042797,-0.121846,-0.132859,0.823583,1.101498,-0.001594,0.027511,0.085336
0.002032,0.023715,0.785419,-0.025053,-0.021937,-0.700022,0.713344,0.086946,0.072119,0.148402,0.165092,-0.188252,-0.059018,0.082923,-0.064455,-0.104049,0.184251,-0.187659,0.052406,0.012140,-0.018227,0.169062,-0.049270,0.173175,-0.549213,1.008224,0.224037,0.090592,-0.043161,-0.121834,-0.133054,0.823896,1.101630,-0.000863,0.027324,0.085153
0.002155,0.023758,0.785389,-0.025135,-0.022046,-0.700185,0.713178,0.087304,0.071969,0.148716,0.165223,-0.188299,-0.058816,0.082973,-0.064649,-0.103601,0.184643,-0.188052,0.052238,0.012226,-0.018018,0.168562,-0.048158,0.172970,-0.548222,1.007882,0.224184,0.090014,-0.042676,-0.121389,-0.133345,0.823896,1.101457,-0.001415,0.027048,0.085098
0.002207,0.023761,0.785378,-0.025356,-0.022369,-0.700212,0.713134,0.088345,0.071785,0.149336,0.165071,-0.188447,-0.058880,0.083831,-0.064870,-0.103439,0.184654,-0.188049,0.052757,0.012024,-0.017899,0.168627,-0.047672,0.172691,-0.547307,1.007402,0.224363,0.091046,-0.045103,-0.120525,-0.133548,0.823214,1.101193,-0.000526,0.026891,0.086091
0.002330,0.023794,0.785363,-0.025330,-0.022380,-0.700384,0.712966,0.088219,0.071589,0.149571,0.165268,-0.188739,-0.058278,0.083514,-0.065040,-0.102984,0.184821,-0.187998,0.052934,0.012424,-0.017846,0.168089,-0.047352,0.172473,-0.547988,1.007299,0.224884,0.090468,-0.045852,-0.120189,-0.133647,0.823906,1.101452,0.001511,0.026420,0.086146
0.002416,0.023841,0.785357,-0.025501,-0.022531,-0.700518,0.712823,0.088994,0.071533,0.150221,0.164923,-0.188502,-0.058755,0.083958,-0.065136,-0.102628,0.184721,-0.188120,0.053296,0.012594,-0.017613,0.167875,-0.046583,0.172135,-0.547570,1.006513,0.224526,0.090516,-0.046103,-0.118939,-0.133705,0.823418,1.101131,-0.001965,0.027059,0.085450
0.002514,0.023949,0.785376,-0.025635,-0.022703,-0.700696,0.712638,0.089297,0.071397,0.150385,0.165249,-0.188732,-0.058267,0.083914,-0.065298,-0.102090,0.185318,-0.188323,0.052996,0.012592,-0.017517,0.168062,-0.046216,0.171581,-0.547261,1.005898,0.224224,0.090981,-0.046207,-0.118343,-0.133735,0.823500,1.101424,-0.000017,0.026583,0.085691
0.002600,0.024055,0.785348,-0.025586,-0.022698,-0.700933,0.712407,0.089314,0.071262,0.151234,0.164993,-0.188628,-0.058177,0.083580,-0.065393,-0.101354,0.185107,-0.187991,0.053607,0.012688,-0.017392,0.167885,-0.046010,0.170972,-0.547289,1.005847,0.226051,0.091240,-0.046297,-0.117756,-0.133751,0.823576,1.101652,0.001627,0.025550,0.086096
0.002657,0.024191,0.785347,-0.025812,-0.022790,-0.701120,0.712211,0.089855,0.071477,0.151651,0.164852,-0.188563,-0.058665,0.083569,-0.065183,-0.100849,0.185531,-0.188116,0.053052,0.012841,-0.017089,0.168520,-0.045797,0.170596,-0.547348,1.005413,0.228826,0.092062,-0.045726,-0.117330,-0.133754,0.823972,1.101166,0.002936,0.026204,0.085996
0.002735,0.024351,0.785410,-0.025574,-0.022667,-0.701393,0.711955,0.089165,0.071284,0.152542,0.164832,-0.188175,-0.058165,0.082550,-0.065400,-0.100129,0.185532,-0.187594,0.053466,0.012563,-0.017195,0.168339,-0.045753,0.169998,-0.547480,1.005749,0.228701,0.092290,-0.044860,-0.117000,-0.133778,0.823457,1.100620,0.000068,0.026660,0.086119
0.002778,0.024596,0.785358,-0.025695,-0.022703,-0.701732,0.711615,0.089436,0.071508,0.153429,0.164651,-0.188288,-0.058335,0.082057,-0.065158,-0.099035,0.185875,-0.187427,0.053133,0.012330,-0.016896,0.169150,-0.045423,0.169478,-0.546916,1.005538,0.227333,0.092003,-0.044666,-0.117045,-0.133829,0.822260,1.100386,-0.000560,0.026657,0.086670
0.002810,0.024782,0.785451,-0.025409,-0.022490,-0.701907,0.711460,0.088354,0.071380,0.153767,0.164655,-0.187563,-0.058028,0.080976,-0.065258,-0.098731,0.185407,-0.186697,0.053764,0.012072,-0.017169,0.169074,-0.046338,0.168981,-0.548722,1.006946,0.226637,0.091546,-0.043466,-0.117263,-0.133904,0.824139,1.100620,0.000156,0.026402,0.085149
0.002793,0.025024,0.785437,-0.025616,-0.022503,-0.702166,0.711196,0.088524,0.071829,0.154463,0.164717,-0.187729,-0.058179,0.080644,-0.064812,-0.097931,0.185711,-0.186340,0.053335,0.011844,-0.016837,0.169940,-0.045964,0.168811,-0.548496,1.006982,0.226857,0.091203,-0.043320,-0.117127,-0.133937,0.823638,1.100820,-0.001694,0.025431,0.084892
0.002812,0.025241,0.785466,-0.025435,-0.022349,-0.702349,0.711027,0.087864,0.071825,0.154972,0.164497,-0.187213,-0.058194,0.079776,-0.064787,-0.097417,0.185395,-0.185810,0.053697,0.011143,-0.016975,0.169993,-0.046102,0.168686,-0.549250,1.007306,0.227984,0.091050,-0.042748,-0.117018,-0.133954,0.823087,1.100390,-0.003467,0.025554,0.084505
0.002771,0.025432,0.785491,-0.025584,-0.022393,-0.702413,0.710957,0.087769,0.072086,0.155063,0.164773,-0.187267,-0.058161,0.079633,-0.064511,-0.097298,0.185668,-0.185555,0.053321,0.011150,-0.017054,0.170457,-0.046197,0.168657,-0.549287,1.007937,0.229039,0.090888,-0.043360,-0.116208,-0.133955,0.822301,1.100624,-0.005270,0.026255,0.084298
0.002725,0.025608,0.785460,-0.025624,-0.022441,-0.702538,0.710831,0.087716,0.072236,0.155445,0.164872,-0.187116,-0.058135,0.079470,-0.064380,-0.096861,0.185485,-0.185095,0.053627,0.011140,-0.017265,0.170733,-0.046170,0.168707,-0.549035,1.008643,0.231136,0.090705,-0.043069,-0.115110,-0.133909,0.821524,1.100360,-0.004463,0.027381,0.085256
0.002672,0.025764,0.785521,-0.025885,-0.022566,-0.702559,0.710797,0.087914,0.072609,0.155451,0.165289,-0.187022,-0.058198,0.079688,-0.064096,-0.097019,0.185902,-0.185292,0.052877,0.011032,-0.017144,0.171264,-0.046336,0.168845,-0.549684,1.009465,0.231195,0.090103,-0.042727,-0.114305,-0.133840,0.821769,1.100465,-0.004242,0.028079,0.085754
0.002656,0.025982,0.785524,-0.025796,-0.022466,-0.702627,0.710735,0.087411,0.072589,0.155565,0.165056,-0.186652,-0.058346,0.079096,-0.064008,-0.096733,0.185604,-0.184664,0.053249,0.011388,-0.017281,0.171174,-0.046576,0.169159,-0.549509,1.009780,0.231081,0.090003,-0.042955,-0.113289,-0.133740,0.821776,1.100003,-0.005010,0.027666,0.085200
0.002615,0.026127,0.785529,-0.026005,-0.022675,-0.702670,0.710679,0.087772,0.072734,0.155658,0.165369,-0.186729,-0.058248,0.079342,-0.063931,-0.096630,0.186063,-0.184917,0.052736,0.011915,-0.017245,0.171811,-0.046294,0.169488,-0.548275,1.009318,0.229430,0.090452,-0.043089,-0.112200,-0.133642,0.821330,1.099963,-0.000540,0.027405,0.086204
0.002590,0.026253,0.785559,-0.025973,-0.022617,-0.702591,0.710760,0.087239,0.072762,0.155397,0.165586,-0.186571,-0.057994,0.079120,-0.063932,-0.097126,0.185883,-0.184583,0.052840,0.011753,-0.017130,0.171845,-0.046175,0.169765,-0.547707,1.009304,0.228481,0.090791,-0.042690,-0.111462,-0.133561,0.821554,1.100188,-0.002663,0.027699,0.086297
0.002553,0.026406,0.785565,-0.026194,-0.022789,-0.702616,0.710722,0.087658,0.072949,0.155516,0.165675,-0.186442,-0.058282,0.079457,-0.063765,-0.096883,0.186047,-0.184666,0.052587,0.011720,-0.017003,0.172541,-0.046164,0.170192,-0.547863,1.009382,0.228690,0.091662,-0.042308,-0.110897,-0.133447,0.822200,1.100320,0.000294,0.027388,0.086542
0.002525,0.026488,0.785570,-0.026149,-0.022765,-0.702482,0.710857,0.087332,0.072921,0.155385,0.165682,-0.186380,-0.058178,0.079306,-0.063789,-0.097261,0.185986,-0.184399,0.052601,0.011419,-0.017085,0.172478,-0.045761,0.171030,-0.548447,1.009308,0.227466,0.091787,-0.042987,-0.110433,-0.133251,0.822240,1.100708,0.002661,0.027030,0.087197
0.002518,0.026600,0.785570,-0.026132,-0.022827,-0.702482,0.710856,0.087176,0.072812,0.155492,0.165765,-0.186187,-0.058017,0.079133,-0.063950,-0.097177,0.186133,-0.184516,0.052529,0.011746,-0.017286,0.172809,-0.045452,0.171500,-0.547392,1.009451,0.229521,0.091722,-0.044901,-0.110247,-0.133176,0.822184,1.100655,0.003552,0.026489,0.087162
0.002513,0.026686,0.785574,-0.026243,-0.022844,-0.702485,0.710848,0.087357,0.072976,0.155324,0.165547,-0.186066,-0.058508,0.079227,-0.063731,-0.097114,0.186044,-0.184372,0.052469,0.011297,-0.016985,0.173239,-0.044902,0.172034,-0.547753,1.008952,0.226283,0.091627,-0.044300,-0.110439,-0.133111,0.822340,1.100515,0.003203,0.026632,0.086320
0.002496,0.026776,0.785614,-0.026035,-0.022756,-0.702451,0.710892,0.086595,0.072780,0.155170,0.165777,-0.185748,-0.058026,0.078618,-0.063957,-0.097278,0.186101,-0.184201,0.052499,0.011227,-0.017228,0.173033,-0.044246,0.172413,-0.548076,1.008781,0.228254,0.091711,-0.044909,-0.110595,-0.133069,0.822121,1.100566,0.001346,0.026778,0.086280
0.002517,0.026834,0.785572,-0.025995,-0.022694,-0.702519,0.710828,0.086483,0.072786,0.155448,0.165509,-0.185674,-0.058202,0.078350,-0.063887,-0.097000,0.186017,-0.184118,0.052547,0.011485,-0.017189,0.173150,-0.043429,0.172787,-0.547910,1.008193,0.229751,0.091478,-0.044952,-0.110946,-0.133052,0.822241,1.100742,0.003613,0.026155,0.086380
0.002476,0.026877,0.785599,-0.026087,-0.022756,-0.702446,0.710894,0.086532,0.072838,0.155082,0.165670,-0.185602,-0.058205,0.078633,-0.063828,-0.097293,0.185881,-0.183903,0.052731,0.011159,-0.017317,0.173661,-0.042940,0.173115,-0.548668,1.007933,0.230669,0.091600,-0.043991,-0.111184,-0.133024,0.822403,1.100451,0.002398,0.026527,0.086110
0.002492,0.026940,0.785612,-0.025933,-0.022633,-0.702453,0.710897,0.086046,0.072793,0.154986,0.165531,-0.185416,-0.058259,0.078027,-0.063886,-0.097224,0.186028,-0.183905,0.052499,0.011479,-0.017490,0.173529,-0.042430,0.173201,-0.548795,1.007463,0.232152,0.091436,-0.044190,-0.111325,-0.133012,0.822333,1.100501,0.003628,0.026152,0.086204
0.002469,0.026957,0.785608,-0.025984,-0.022649,-0.702379,0.710968,0.086084,0.072844,0.154997,0.165529,-0.185439,-0.058299,0.078190,-0.063852,-0.097443,0.185937,-0.183959,0.052553,0.011308,-0.017524,0.173938,-0.041877,0.173129,-0.548652,1.006649,0.231388,0.091400,-0.043548,-0.111381,-0.133004,0.822257,1.100160,0.002541,0.026279,0.086169
0.002451,0.026971,0.785621,-0.025953,-0.022622,-0.702265,0.711082,0.085778,0.072814,0.154423,0.165768,-0.185421,-0.058099,0.078107,-0.063849,-0.097719,0.186055,-0.183993,0.052310,0.011013,-0.017825,0.173814,-0.041504,0.172943,-0.549208,1.006366,0.232229,0.091628,-0.042691,-0.111341,-0.132983,0.822695,1.099777,0.002665,0.026493,0.086481
0.002409,0.026960,0.785594,-0.025927,-0.022615,-0.702225,0.711123,0.085929,0.072836,0.154675,0.165295,-0.185170,-0.058695,0.078184,-0.063830,-0.097662,0.185855,-0.183967,0.052491,0.010973,-0.017937,0.173747,-0.041297,0.172708,-0.549509,1.005873,0.231668,0.091853,-0.043270,-0.111182,-0.132942,0.822798,1.099775,0.003258,0.026342,0.086595
0.002393,0.026952,0.785615,-0.026013,-0.022720,-0.702190,0.711151,0.085974,0.072849,0.154280,0.165823,-0.185327,-0.058285,0.078401,-0.063873,-0.097951,0.186148,-0.184083,0.052274,0.010984,-0.018215,0.173968,-0.041365,0.172443,-0.550314,1.005994,0.230338,0.091750,-0.042834,-0.111058,-0.132886,0.823000,1.099740,0.003362,0.026478,0.086523
0.002365,0.026921,0.785586,-0.026337,-0.022980,-0.702306,0.711016,0.087158,0.073066,0.154844,0.165691,-0.185511,-0.058687,0.079270,-0.063604,-0.097384,0.186171,-0.184126,0.052397,0.011409,-0.018172,0.174553,-0.041322,0.171984,-0.550218,1.006039,0.230613,0.091602,-0.043560,-0.110927,-0.132824,0.822829,1.099957,0.004273,0.026052,0.086968
0.002320,0.026866,0.785554,-0.026039,-0.022795,-0.702197,0.711141,0.086388,0.072844,0.154317,0.165638,-0.185543,-0.058424,0.078814,-0.063810,-0.097864,0.185926,-0.184161,0.052545,0.010954,-0.018488,0.173571,-0.041517,0.171666,-0.550321,1.006237,0.229017,0.091589,-0.043940,-0.110641,-0.132762,0.822723,1.099862,0.003817,0.026232,0.086806
0.002275,0.026794,0.785590,-0.026147,-0.022866,-0.702222,0.711110,0.086682,0.072968,0.154178,0.165850,-0.185593,-0.058488,0.079008,-0.063677,-0.097729,0.186230,-0.184470,0.052116,0.011030,-0.018605,0.173362,-0.041724,0.171394,-0.551062,1.006742,0.227915,0.091665,-0.043060,-0.110642,-0.132704,0.823608,1.099837,0.003534,0.026431,0.086913
0.002224,0.026745,0.785577,-0.026220,-0.022824,-0.702306,0.711025,0.086976,0.073321,0.154720,0.165685,-0.185902,-0.058798,0.079136,-0.063352,-0.097590,0.186202,-0.184405,0.051961,0.011209,-0.018570,0.173047,-0.041905,0.171201,-0.550995,1.007304,0.229069,0.092179,-0.042940,-0.110706,-0.132698,0.824034,1.099905,0.002298,0.026458,0.086769
0.002184,0.026652,0.785548,-0.025978,-0.022800,-0.702239,0.711101,0.086665,0.072973,0.154486,0.165575,-0.185587,-0.058656,0.079022,-0.063705,-0.097880,0.185880,-0.184399,0.052484,0.010938,-0.019091,0.172042,-0.042473,0.171007,-0.551453,1.007489,0.226804,0.092271,-0.044554,-0.110527,-0.132727,0.824390,1.099963,0.001387,0.026730,0.085460
0.002132,0.026585,0.785530,-0.026321,-0.022998,-0.702337,0.710986,0.087668,0.073348,0.154679,0.165733,-0.186074,-0.058944,0.079787,-0.063350,-0.097514,0.186233,-0.184723,0.052026,0.011088,-0.018904,0.172043,-0.042767,0.170942,-0.552178,1.007741,0.227521,0.092301,-0.044401,-0.110635,-0.132783,0.824337,1.100420,-0.000430,0.027128,0.085133
0.002077,0.026527,0.785544,-0.026107,-0.022864,-0.702207,0.711127,0.087149,0.073292,0.154555,0.165597,-0.185845,-0.058989,0.079547,-0.063427,-0.097993,0.185934,-0.184631,0.052232,0.011092,-0.019475,0.170696,-0.043281,0.170917,-0.552237,1.008543,0.227928,0.092878,-0.044687,-0.110514,-0.132923,0.824915,1.100764,0.000022,0.026600,0.085257
0.002022,0.026443,0.785492,-0.026405,-0.023064,-0.702159,0.711157,0.087900,0.073529,0.154225,0.166008,-0.186439,-0.058896,0.080366,-0.063185,-0.097853,0.186218,-0.185053,0.051913,0.010764,-0.019768,0.170445,-0.043532,0.170991,-0.552394,1.009149,0.229081,0.092883,-0.044636,-0.110512,-0.133026,0.824979,1.100757,-0.003204,0.027006,0.084658
0.002017,0.026420,0.785506,-0.026188,-0.022942,-0.702275,0.711054,0.087509,0.073385,0.154460,0.165820,-0.186387,-0.058740,0.079919,-0.063303,-0.097754,0.185919,-0.184805,0.052306,0.011101,-0.020146,0.169284,-0.043816,0.171108,-0.552458,1.008981,0.226427,0.092659,-0.045619,-0.110839,-0.133187,0.825316,1.101860,-0.002296,0.026104,0.085049
0.001979,0.026420,0.785529,-0.026384,-0.023106,-0.702174,0.711141,0.087994,0.073518,0.154386,0.166008,-0.186233,-0.058988,0.080435,-0.063221,-0.097979,0.186200,-0.185119,0.051843,0.010688,-0.020201,0.169306,-0.044402,0.171407,-0.553330,1.009474,0.226501,0.092190,-0.043640,-0.111072,-0.133470,0.825477,1.102280,-0.002292,0.025768,0.085503
0.001934,0.026415,0.785540,-0.026417,-0.023012,-0.702213,0.711104,0.087841,0.073790,0.154464,0.166060,-0.186426,-0.059029,0.080251,-0.062934,-0.097660,0.186228,-0.184951,0.051728,0.011074,-0.020163,0.169135,-0.045205,0.171929,-0.554005,1.010175,0.226842,0.091873,-0.045923,-0.111656,-0.133917,0.825795,1.102336,-0.004303,0.026275,0.085807
0.001963,0.026477,0.785507,-0.026404,-0.023051,-0.702200,0.711117,0.087855,0.073633,0.154366,0.165965,-0.186398,-0.058950,0.080380,-0.063096,-0.098103,0.186049,-0.184931,0.051935,0.011142,-0.020354,0.169131,-0.045614,0.172325,-0.553552,1.011132,0.225679,0.091165,-0.044931,-0.112216,-0.134287,0.825735,1.102678,-0.002051,0.026053,0.085665
0.001944,0.026556,0.785568,-0.026335,-0.022977,-0.702116,0.711204,0.087423,0.073631,0.153957,0.165967,-0.185900,-0.059178,0.079907,-0.063066,-0.098087,0.186330,-0.184861,0.051468,0.010895,-0.020370,0.169169,-0.046523,0.173275,-0.554747,1.011328,0.223040,0.091325,-0.044211,-0.113225,-0.135055,0.826897,1.102830,-0.004138,0.027318,0.085773
0.001994,0.026636,0.785543,-0.026160,-0.022827,-0.702146,0.711186,0.086874,0.073515,0.154125,0.165781,-0.185914,-0.058948,0.079467,-0.063134,-0.098185,0.185932,-0.184621,0.051788,0.011002,-0.020421,0.168898,-0.046376,0.174272,-0.554233,1.011397,0.224829,0.090617,-0.044258,-0.113537,-0.135851,0.826576,1.102756,-0.006260,0.026864,0.085628
0.002022,0.026690,0.785567,-0.026239,-0.022877,-0.702049,0.711277,0.086819,0.073475,0.153689,0.166022,-0.185862,-0.058763,0.079661,-0.063224,-0.098488,0.185863,-0.184363,0.052038,0.010724,-0.020346,0.169024,-0.046978,0.175018,-0.555285,1.012240,0.227115,0.091453,-0.046410,-0.114373,-0.136442,0.827371,1.102864,-0.003224,0.026694,0.086330
0.002053,0.026867,0.785612,-0.025877,-0.022498,-0.701942,0.711408,0.085329,0.073384,0.153450,0.165857,-0.185152,-0.058775,0.078158,-0.063267,-0.098599,0.185983,-0.183942,0.051588,0.010728,-0.020318,0.168244,-0.047324,0.175815,-0.555247,1.012445,0.226354,0.090217,-0.046729,-0.115150,-0.137037,0.827567,1.103238,0.001682,0.026212,0.087117
0.002033,0.026972,0.785591,-0.025832,-0.022379,-0.701836,0.711519,0.084948,0.073484,0.153421,0.165587,-0.185090,-0.059019,0.077976,-0.063152,-0.098881,0.185642,-0.183901,0.051567,0.010898,-0.020170,0.168221,-0.047574,0.176877,-0.556190,1.012428,0.226684,0.090082,-0.047181,-0.115449,-0.137782,0.827831,1.103045,0.001583,0.026466,0.087026
0.002084,0.027088,0.785676,-0.025741,-0.022318,-0.701697,0.711661,0.084289,0.073313,0.153040,0.165890,-0.184833,-0.058492,0.077790,-0.063376,-0.099476,0.185366,-0.183427,0.052052,0.010861,-0.020515,0.168251,-0.048062,0.177876,-0.556810,1.012991,0.223452,0.090254,-0.046876,-0.115844,-0.138455,0.828372,1.102415,0.001351,0.026641,0.087153
0.002085,0.027247,0.785694,-0.025647,-0.022218,-0.701624,0.711739,0.083592,0.073264,0.152434,0.165987,-0.184407,-0.058528,0.077171,-0.063383,-0.099628,0.185513,-0.183060,0.051777,0.010805,-0.020688,0.168382,-0.047998,0.179059,-0.557088,1.012647,0.224605,0.090323,-0.046237,-0.116063,-0.139122,0.828939,1.101633,0.002651,0.026670,0.087098
0.002122,0.027362,0.785678,-0.025679,-0.022138,-0.701548,0.711816,0.083487,0.073382,0.152752,0.165592,-0.184445,-0.058831,0.076997,-0.063307,-0.099761,0.185477,-0.183078,0.051525,0.011078,-0.020402,0.168537,-0.048324,0.179788,-0.557963,1.013250,0.226800,0.090466,-0.044837,-0.116427,-0.139493,0.829374,1.101768,0.002152,0.026548,0.087222
0.002148,0.027495,0.785748,-0.025580,-0.022059,-0.701576,0.711794,0.082676,0.073319,0.152403,0.166210,-0.184184,-0.058059,0.076592,-0.063359,-0.099834,0.185228,-0.182542,0.051909,0.011041,-0.020487,0.168551,-0.048797,0.180618,-0.558777,1.013848,0.224335,0.089553,-0.044854,-0.116780,-0.139747,0.829901,1.101465,0.001147,0.026525,0.087475
0.002169,0.027702,0.785790,-0.025418,-0.021782,-0.701668,0.711718,0.081826,0.073475,0.152496,0.165942,-0.183525,-0.058459,0.075436,-0.063179,-0.099551,0.185280,-0.181996,0.051515,0.010698,-0.020296,0.168241,-0.049055,0.181543,-0.559396,1.013932,0.224846,0.089605,-0.045193,-0.117458,-0.139865,0.829985,1.101171,0.000403,0.026751,0.087817
0.002199,0.027913,0.785811,-0.025102,-0.021388,-0.701701,0.711708,0.080534,0.073566,0.152977,0.165548,-0.183234,-0.058417,0.074093,-0.063095,-0.099547,0.184984,-0.181601,0.051382,0.010618,-0.020353,0.167857,-0.049504,0.182865,-0.560467,1.013680,0.222149,0.089829,-0.046162,-0.118382,-0.139929,0.830543,1.100801,-0.002396,0.026480,0.087149
0.002273,0.028069,0.785804,-0.025321,-0.021588,-0.701871,0.711527,0.081029,0.073565,0.153265,0.165726,-0.183215,-0.058267,0.074395,-0.063094,-0.098929,0.184963,-0.181378,0.051722,0.010188,-0.020217,0.168706,-0.049724,0.183492,-0.560776,1.014085,0.224241,0.089320,-0.047482,-0.119437,-0.139933,0.830640,1.100393,-0.000425,0.026807,0.087781
0.002290,0.028261,0.785914,-0.024943,-0.021245,-0.701918,0.711504,0.079452,0.073458,0.153121,0.165811,-0.182414,-0.057952,0.072877,-0.063138,-0.098971,0.184957,-0.180464,0.051607,0.009807,-0.020389,0.168208,-0.050994,0.184539,-0.561827,1.014827,0.223479,0.089322,-0.047429,-0.120638,-0.139913,0.831359,1.099816,-0.000406,0.027500,0.087651
0.002349,0.028520,0.785926,-0.025032,-0.021224,-0.702063,0.711358,0.079457,0.073662,0.153891,0.165547,-0.182319,-0.058090,0.072531,-0.062968,-0.098570,0.184862,-0.180185,0.051533,0.009741,-0.020159,0.169197,-0.051940,0.185869,-0.561918,1.014824,0.224466,0.089563,-0.047550,-0.121901,-0.139970,0.830696,1.099855,-0.005637,0.027047,0.086723
0.002396,0.028734,0.785923,-0.024964,-0.021134,-0.702069,0.711357,0.078907,0.073513,0.153779,0.165400,-0.182086,-0.057924,0.072018,-0.063062,-0.098617,0.184670,-0.179799,0.051733,0.009398,-0.019929,0.169935,-0.052420,0.186797,-0.559245,1.014145,0.227163,0.089604,-0.049036,-0.122710,-0.140222,0.828754,1.098304,-0.003344,0.026820,0.086804
0.002532,0.028970,0.785995,-0.024650,-0.020992,-0.702032,0.711409,0.077675,0.073007,0.153513,0.165482,-0.181190,-0.057384,0.070767,-0.063594,-0.098592,0.185002,-0.179403,0.051641,0.008351,-0.019676,0.170270,-0.053980,0.187596,-0.559977,1.013718,0.228160,0.089447,-0.046547,-0.123988,-0.140576,0.827506,1.098827,-0.005056,0.026851,0.086487
0.002560,0.029158,0.786006,-0.024655,-0.020868,-0.702027,0.711417,0.077345,0.073181,0.153616,0.165270,-0.181250,-0.057550,0.070438,-0.063404,-0.098639,0.184726,-0.179220,0.051620,0.008741,-0.018976,0.170856,-0.055950,0.188636,-0.561607,1.013884,0.229028,0.089552,-0.046694,-0.124916,-0.141240,0.828252,1.099906,-0.001140,0.026918,0.087128
0.002698,0.029383,0.786034,-0.024411,-0.020736,-0.702144,0.711314,0.076561,0.072777,0.153857,0.164974,-0.180743,-0.057230,0.069570,-0.063723,-0.098200,0.184328,-0.178554,0.052371,0.008243,-0.018756,0.171104,-0.056989,0.189339,-0.560851,1.013810,0.228160,0.089133,-0.046109,-0.126061,-0.141925,0.828228,1.100999,-0.002991,0.027228,0.087810
0.002777,0.029560,0.786063,-0.023956,-0.020421,-0.701935,0.711545,0.074910,0.072271,0.153399,0.164835,-0.179932,-0.056811,0.068118,-0.064229,-0.098814,0.184395,-0.178114,0.052311,0.007764,-0.018261,0.170597,-0.058225,0.189946,-0.560691,1.013248,0.225508,0.088411,-0.045666,-0.126643,-0.142871,0.828550,1.101957,-0.003822,0.027698,0.087747
0.002855,0.029771,0.786098,-0.024083,-0.020329,-0.701936,0.711543,0.074759,0.072547,0.153491,0.164755,-0.179825,-0.057088,0.067811,-0.064005,-0.098873,0.184626,-0.178153,0.051677,0.007598,-0.017435,0.170930,-0.058785,0.190272,-0.559707,1.012568,0.224742,0.087587,-0.044038,-0.126809,-0.143548,0.828279,1.102811,-0.003357,0.027290,0.088404
0.002876,0.029919,0.786178,-0.023855,-0.020191,-0.701879,0.711610,0.073752,0.072285,0.153150,0.164853,-0.179325,-0.056640,0.067281,-0.064237,-0.099260,0.184048,-0.177405,0.052418,0.007100,-0.017006,0.171187,-0.059020,0.190897,-0.557217,1.011407,0.226123,0.088446,-0.046498,-0.126789,-0.145163,0.828877,1.102172,-0.002347,0.027434,0.089630
0.002965,0.030068,0.786191,-0.023670,-0.020195,-0.701918,0.711577,0.073140,0.071941,0.153656,0.165111,-0.178935,-0.055855,0.066509,-0.064639,-0.098967,0.184476,-0.177413,0.052258,0.006976,-0.016603,0.171110,-0.059690,0.191349,-0.558220,1.011554,0.224367,0.089055,-0.045646,-0.127056,-0.146277,0.830393,1.102829,0.000022,0.027320,0.090163
0.002978,0.030195,0.786128,-0.023889,-0.020030,-0.701946,0.711547,0.073615,0.072462,0.153597,0.164122,-0.179045,-0.057413,0.066587,-0.064007,-0.098835,0.184097,-0.177096,0.051950,0.006498,-0.015335,0.171435,-0.059666,0.191950,-0.558996,1.011492,0.224496,0.089171,-0.045561,-0.126848,-0.147664,0.830728,1.102624,0.001598,0.026554,0.090547
0.003042,0.030296,0.786257,-0.023432,-0.020085,-0.701936,0.711571,0.072364,0.071511,0.153397,0.164868,-0.178526,-0.055552,0.065672,-0.064995,-0.098895,0.184263,-0.176860,0.052630,0.006465,-0.015453,0.171174,-0.059581,0.192226,-0.558397,1.011990,0.226706,0.089540,-0.046052,-0.126873,-0.148371,0.830360,1.102376,0.000990,0.027479,0.090553
0.003059,0.030367,0.786240,-0.023403,-0.019983,-0.702049,0.711463,0.072305,0.071651,0.153971,0.164386,-0.178081,-0.056210,0.065118,-0.064783,-0.098249,0.184446,-0.176817,0.052165,0.006063,-0.014737,0.171104,-0.058895,0.192661,-0.557753,1.011987,0.227303,0.088803,-0.046127,-0.127332,-0.149724,0.831546,1.101484,0.000601,0.027027,0.090410
0.003023,0.030432,0.786182,-0.023409,-0.019680,-0.702172,0.711350,0.072190,0.072238,0.154289,0.163736,-0.178460,-0.057064,0.064789,-0.064207,-0.098279,0.183959,-0.176617,0.051906,0.005928,-0.014054,0.170618,-0.058028,0.192884,-0.557230,1.011953,0.230083,0.089371,-0.045744,-0.127454,-0.150499,0.831336,1.101085,0.003042,0.026322,0.091162
0.003017,0.030484,0.786273,-0.022765,-0.019672,-0.702240,0.711304,0.070799,0.071162,0.153980,0.164147,-0.177663,-0.055491,0.063798,-0.065240,-0.098187,0.183514,-0.175873,0.053412,0.005985,-0.014416,0.169783,-0.057739,0.193095,-0.557725,1.012221,0.228601,0.088256,-0.045551,-0.127886,-0.151283,0.831390,1.101069,0.002441,0.026229,0.090313
0.002921,0.030448,0.786269,-0.023449,-0.019891,-0.702213,0.711302,0.072310,0.072169,0.154503,0.164267,-0.177937,-0.056722,0.064725,-0.064313,-0.098016,0.184635,-0.176555,0.051437,0.005641,-0.013660,0.170761,-0.057056,0.193232,-0.557748,1.012646,0.229913,0.088082,-0.045257,-0.128152,-0.151954,0.831258,1.100820,0.003082,0.026806,0.090835
0.002862,0.030470,0.786325,-0.022716,-0.019452,-0.702175,0.711376,0.070371,0.071650,0.153969,0.163983,-0.177391,-0.056140,0.063207,-0.064760,-0.098267,0.183933,-0.176389,0.052006,0.005470,-0.014080,0.168880,-0.057415,0.193391,-0.559219,1.012667,0.229487,0.088641,-0.046154,-0.128603,-0.152459,0.832125,1.100878,0.002549,0.025920,0.089913
0.002776,0.030470,0.786269,-0.023046,-0.019691,-0.702091,0.711441,0.071219,0.072003,0.153705,0.164208,-0.177693,-0.056560,0.064006,-0.064453,-0.098372,0.184327,-0.176456,0.051576,0.005353,-0.013903,0.169166,-0.057098,0.193468,-0.559166,1.012292,0.229111,0.088624,-0.046014,-0.128705,-0.152766,0.831770,1.100619,0.005692,0.025762,0.090338
0.002575,0.030368,0.786266,-0.022870,-0.019431,-0.701922,0.711621,0.070736,0.072328,0.153790,0.163702,-0.177565,-0.057154,0.063821,-0.064089,-0.098974,0.183644,-0.176285,0.051582,0.005769,-0.013922,0.167932,-0.057585,0.193537,-0.559585,1.012462,0.228119,0.087696,-0.045410,-0.128611,-0.153013,0.832292,1.100427,0.005835,0.026129,0.090417
0.002409,0.030306,0.786299,-0.023074,-0.019726,-0.701740,0.711786,0.071117,0.072416,0.152821,0.164590,-0.177984,-0.056642,0.064770,-0.064019,-0.099348,0.183947,-0.176913,0.051230,0.005772,-0.014248,0.168031,-0.057780,0.193717,-0.559447,1.012424,0.225720,0.087158,-0.046175,-0.128340,-0.153569,0.832071,1.099534,0.002324,0.026791,0.090326
0.002235,0.030216,0.786253,-0.023100,-0.019775,-0.701544,0.711977,0.071260,0.072530,0.152231,0.164495,-0.177680,-0.057223,0.065081,-0.063941,-0.099945,0.184060,-0.176911,0.050922,0.005750,-0.014526,0.167581,-0.058427,0.193980,-0.560165,1.012295,0.221429,0.086976,-0.045860,-0.128568,-0.154134,0.833824,1.099104,0.003088,0.026333,0.089687
0.002160,0.030199,0.786211,-0.022991,-0.019484,-0.701521,0.712011,0.070834,0.072967,0.152186,0.163964,-0.177911,-0.057885,0.064732,-0.063440,-0.100211,0.183579,-0.176953,0.050632,0.005856,-0.014316,0.166791,-0.058671,0.194167,-0.559944,1.011959,0.225961,0.087415,-0.048078,-0.129001,-0.154651,0.833620,1.098863,0.002015,0.026583,0.090179
0.001917,0.030168,0.786279,-0.023187,-0.019927,-0.701376,0.712136,0.071520,0.072864,0.151751,0.164752,-0.177988,-0.057292,0.065981,-0.063599,-0.100543,0.183546,-0.177196,0.051077,0.006040,-0.015027,0.167472,-0.059559,0.194437,-0.560377,1.012711,0.223351,0.087131,-0.048538,-0.129031,-0.155084,0.834285,1.098447,0.005711,0.026244,0.090846
0.001809,0.030139,0.786280,-0.023135,-0.019802,-0.701425,0.712093,0.071254,0.073207,0.151657,0.164791,-0.177676,-0.057723,0.065363,-0.063222,-0.100311,0.184091,-0.177233,0.050089,0.006330,-0.015248,0.167181,-0.059653,0.194746,-0.559499,1.012696,0.225921,0.087563,-0.048050,-0.129455,-0.155614,0.834878,1.097792,0.006226,0.026442,0.091607
0.001610,0.030110,0.786270,-0.022990,-0.019687,-0.701314,0.712210,0.070796,0.073410,0.151918,0.164780,-0.177860,-0.057545,0.065214,-0.063064,-0.100701,0.183708,-0.177170,0.050233,0.006572,-0.015600,0.166844,-0.060053,0.194901,-0.559252,1.012693,0.223345,0.088030,-0.049452,-0.129662,-0.155897,0.835024,1.097689,0.008010,0.026292,0.091534
0.001470,0.030150,0.786252,-0.023101,-0.019723,-0.701471,0.712050,0.071266,0.073766,0.152016,0.164371,-0.177646,-0.058429,0.065671,-0.062623,-0.100497,0.183150,-0.177018,0.050534,0.006737,-0.015726,0.167313,-0.059819,0.195210,-0.558109,1.011932,0.224801,0.087802,-0.049416,-0.130136,-0.156450,0.833880,1.098205,0.007514,0.025970,0.091947
0.001276,0.030022,0.786249,-0.023579,-0.020066,-0.701326,0.712168,0.072338,0.074304,0.151383,0.165165,-0.178296,-0.058561,0.066763,-0.062146,-0.100690,0.184097,-0.177620,0.049265,0.006789,-0.015910,0.168339,-0.059748,0.195483,-0.557453,1.011875,0.224847,0.088076,-0.049215,-0.129629,-0.156828,0.833764,1.097835,0.006604,0.026456,0.090141
0.001134,0.030064,0.786254,-0.023277,-0.019945,-0.701523,0.711987,0.071661,0.074293,0.151740,0.165195,-0.177921,-0.058253,0.066202,-0.062130,-0.100455,0.183477,-0.177348,0.049923,0.007162,-0.016612,0.168258,-0.059495,0.195799,-0.556388,1.011596,0.224433,0.088211,-0.047540,-0.129670,-0.157198,0.833000,1.097532,0.004815,0.026691,0.090273
0.000969,0.030014,0.786221,-0.023770,-0.020170,-0.701497,0.711991,0.072899,0.075040,0.151738,0.165263,-0.178502,-0.059223,0.067103,-0.061459,-0.100411,0.184354,-0.178135,0.048372,0.007502,-0.016491,0.169371,-0.059182,0.195956,-0.555887,1.011197,0.224279,0.088495,-0.048014,-0.128979,-0.157371,0.832592,1.096922,0.007108,0.027142,0.089865
0.000907,0.030049,0.786230,-0.023460,-0.019968,-0.701559,0.711945,0.072127,0.074988,0.151944,0.165001,-0.177956,-0.059205,0.066479,-0.061455,-0.100331,0.183564,-0.177369,0.049354,0.007233,-0.016710,0.169027,-0.058599,0.196061,-0.555703,1.010404,0.226403,0.088532,-0.046866,-0.128838,-0.157513,0.831947,1.096690,0.003240,0.027076,0.090003
0.000778,0.030063,0.786234,-0.023533,-0.020100,-0.701451,0.712045,0.072140,0.075017,0.151484,0.165542,-0.178364,-0.058691,0.066776,-0.061423,-0.100471,0.183774,-0.177642,0.049128,0.007716,-0.017072,0.169630,-0.058104,0.196049,-0.555606,1.009738,0.227391,0.088534,-0.044391,-0.127857,-0.157561,0.831937,1.096033,0.002344,0.027141,0.089418
0.000666,0.030007,0.786232,-0.023676,-0.020050,-0.701399,0.712093,0.072428,0.075508,0.151398,0.165328,-0.178309,-0.059666,0.066992,-0.060928,-0.100577,0.183893,-0.177928,0.048446,0.007504,-0.016882,0.169956,-0.057317,0.195981,-0.555737,1.009473,0.228079,0.088094,-0.043924,-0.126928,-0.157545,0.832252,1.095783,0.002011,0.026694,0.089076
0.000640,0.029964,0.786187,-0.023579,-0.020154,-0.701275,0.712216,0.072480,0.075150,0.151284,0.165223,-0.178274,-0.059397,0.067381,-0.061295,-0.101033,0.183432,-0.177906,0.049240,0.007486,-0.017183,0.170015,-0.056049,0.195771,-0.556117,1.008620,0.228151,0.087570,-0.044113,-0.125466,-0.157383,0.832524,1.095075,0.000967,0.026890,0.088434
0.000577,0.029842,0.786158,-0.024044,-0.020598,-0.701157,0.712304,0.073806,0.075254,0.150900,0.165855,-0.178959,-0.059253,0.068838,-0.061223,-0.101226,0.184043,-0.178569,0.048777,0.007338,-0.017080,0.170867,-0.054489,0.195307,-0.556596,1.008545,0.226721,0.086934,-0.045541,-0.123649,-0.156974,0.832264,1.094340,0.005386,0.026494,0.090162
0.000572,0.029801,0.786194,-0.023930,-0.020457,-0.701058,0.712409,0.073399,0.075329,0.150347,0.165825,-0.178667,-0.059621,0.068475,-0.061182,-0.101539,0.184231,-0.178790,0.048300,0.007275,-0.017053,0.170413,-0.053382,0.194811,-0.557053,1.008631,0.226882,0.086986,-0.046836,-0.122415,-0.156516,0.832482,1.093634,0.004634,0.026476,0.090715
0.000520,0.029686,0.786103,-0.024208,-0.020918,-0.700937,0.712505,0.074615,0.075014,0.150308,0.165982,-0.179116,-0.059389,0.069959,-0.061498,-0.101835,0.184205,-0.179310,0.048860,0.007518,-0.017195,0.171224,-0.052332,0.193923,-0.557317,1.008707,0.223664,0.086794,-0.047026,-0.121049,-0.155729,0.832222,1.093410,0.006019,0.025997,0.090833
0.000527,0.029604,0.786106,-0.024237,-0.020909,-0.700840,0.712600,0.074798,0.075039,0.149981,0.165830,-0.179282,-0.059713,0.070209,-0.061470,-0.102161,0.184230,-0.179359,0.048729,0.007364,-0.016904,0.170913,-0.051191,0.193086,-0.558359,1.008550,0.224232,0.087284,-0.046773,-0.119927,-0.154909,0.832527,1.093487,0.002916,0.027030,0.089821
0.000553,0.029569,0.786115,-0.024467,-0.021075,-0.700802,0.712625,0.075246,0.075100,0.149465,0.166342,-0.179537,-0.059559,0.070753,-0.061432,-0.102159,0.184562,-0.179617,0.048550,0.007237,-0.016591,0.171487,-0.050408,0.192423,-0.559064,1.007970,0.226013,0.088233,-0.046211,-0.119349,-0.154215,0.832709,1.093581,0.006047,0.026679,0.090239
0.000561,0.029493,0.786064,-0.024381,-0.021193,-0.700754,0.712671,0.075389,0.074774,0.150049,0.166304,-0.179703,-0.059117,0.071061,-0.061778,-0.102227,0.184311,-0.179788,0.049168,0.007537,-0.016653,0.171292,-0.049678,0.191573,-0.560531,1.008318,0.225153,0.087976,-0.045944,-0.118329,-0.153292,0.832275,1.093500,0.001148,0.027206,0.088904
0.000596,0.029428,0.786061,-0.024636,-0.021267,-0.700664,0.712749,0.076012,0.074957,0.149538,0.166242,-0.179951,-0.059739,0.071547,-0.061594,-0.102422,0.184701,-0.179969,0.048648,0.007501,-0.015992,0.171390,-0.048922,0.190846,-0.561896,1.008908,0.223499,0.088354,-0.045843,-0.117570,-0.152475,0.833136,1.094017,0.003239,0.027125,0.088516
0.000673,0.029392,0.786031,-0.024544,-0.021403,-0.700740,0.712673,0.076287,0.074491,0.149775,0.166129,-0.179908,-0.059365,0.071917,-0.062019,-0.102159,0.184180,-0.179961,0.049783,0.007436,-0.015939,0.171220,-0.047526,0.190169,-0.561969,1.008961,0.227749,0.088930,-0.046812,-0.116895,-0.151612,0.832934,1.094200,0.002931,0.027087,0.089175
0.000727,0.029344,0.786001,-0.024676,-0.021460,-0.700725,0.712681,0.076565,0.074533,0.149951,0.166281,-0.180207,-0.059318,0.072026,-0.062009,-0.102130,0.184761,-0.180281,0.049141,0.007602,-0.015297,0.171492,-0.046581,0.189646,-0.561712,1.009359,0.226633,0.089673,-0.047481,-0.116159,-0.150946,0.833119,1.094675,0.000720,0.026965,0.088870
0.000750,0.029334,0.786031,-0.024818,-0.021533,-0.700759,0.712641,0.076840,0.074668,0.149928,0.166471,-0.180241,-0.059430,0.072242,-0.061918,-0.102117,0.184982,-0.180436,0.048875,0.007090,-0.014692,0.171831,-0.045469,0.189294,-0.561574,1.009648,0.226326,0.090068,-0.048098,-0.114968,-0.150371,0.832487,1.094476,0.000805,0.026734,0.088269
0.000870,0.029352,0.785995,-0.024767,-0.021719,-0.700880,0.712518,0.077208,0.074125,0.150221,0.166457,-0.180246,-0.058963,0.072506,-0.062429,-0.101634,0.184767,-0.180485,0.049820,0.007202,-0.014377,0.172254,-0.044709,0.189075,-0.561411,1.009720,0.223534,0.089489,-0.048202,-0.113975,-0.149883,0.831208,1.094301,0.001678,0.026965,0.088413
0.000911,0.029329,0.785988,-0.024744,-0.021543,-0.700812,0.712591,0.076954,0.074291,0.150228,0.166179,-0.180333,-0.059300,0.072170,-0.062267,-0.101748,0.184883,-0.180254,0.049496,0.007500,-0.013883,0.172164,-0.044275,0.188925,-0.561614,1.010374,0.225844,0.089487,-0.048202,-0.113310,-0.149546,0.831781,1.094497,0.003436,0.026680,0.088634
0.000981,0.029351,0.786012,-0.024801,-0.021594,-0.700910,0.712491,0.077092,0.074224,0.150222,0.166346,-0.180412,-0.059113,0.072191,-0.062304,-0.101573,0.185084,-0.180450,0.049349,0.007317,-0.013490,0.172432,-0.043442,0.188765,-0.561001,1.009983,0.225769,0.089777,-0.047422,-0.112568,-0.149239,0.831467,1.094977,0.005057,0.026616,0.088131
0.001052,0.029324,0.785958,-0.024764,-0.021647,-0.700882,0.712518,0.077316,0.073949,0.150359,0.166039,-0.180362,-0.059167,0.072498,-0.062607,-0.101673,0.184553,-0.180258,0.050304,0.006909,-0.013364,0.172519,-0.042887,0.188642,-0.560533,1.009065,0.227718,0.090031,-0.047837,-0.111731,-0.148987,0.830343,1.095664,0.002674,0.026171,0.087434
0.001063,0.029265,0.785966,-0.024861,-0.021710,-0.700854,0.712540,0.077526,0.074001,0.150398,0.166344,-0.180693,-0.058931,0.072664,-0.062585,-0.101746,0.185028,-0.180512,0.049806,0.007099,-0.013460,0.172620,-0.042901,0.188475,-0.560484,1.009469,0.226908,0.089591,-0.047763,-0.111153,-0.148657,0.830222,1.096685,0.002175,0.025689,0.087222
0.001104,0.029195,0.785946,-0.024925,-0.021796,-0.700872,0.712518,0.077868,0.073911,0.150301,0.166378,-0.180692,-0.058995,0.072954,-0.062680,-0.101701,0.185143,-0.180746,0.049864,0.007121,-0.013832,0.172308,-0.042766,0.188253,-0.560474,1.009624,0.224884,0.089253,-0.044625,-0.110487,-0.148321,0.830209,1.096755,0.002824,0.025648,0.087541
0.001161,0.029149,0.785937,-0.024831,-0.021694,-0.700892,0.712505,0.077644,0.073825,0.150295,0.166348,-0.180999,-0.058738,0.072767,-0.062756,-0.101595,0.185024,-0.180813,0.050091,0.007286,-0.014309,0.171330,-0.042838,0.188057,-0.560106,1.008775,0.226381,0.090151,-0.046414,-0.109857,-0.148072,0.829739,1.096439,0.003271,0.026407,0.087545
0.001239,0.029062,0.785948,-0.024706,-0.021596,-0.700919,0.712486,0.077398,0.073644,0.150373,0.166412,-0.181173,-0.058390,0.072533,-0.062939,-0.101688,0.184988,-0.180637,0.050414,0.007241,-0.014680,0.169973,-0.043033,0.187698,-0.559667,1.008185,0.225158,0.089986,-0.046199,-0.109499,-0.147601,0.829438,1.096911,0.002495,0.026566,0.087308
0.001263,0.028998,0.785923,-0.024676,-0.021544,-0.700889,0.712518,0.077468,0.073614,0.150424,0.166185,-0.181003,-0.058745,0.072509,-0.062939,-0.101634,0.185018,-0.180968,0.050293,0.007718,-0.015477,0.168813,-0.043371,0.187433,-0.559026,1.007303,0.225604,0.090319,-0.045657,-0.109228,-0.147265,0.829010,1.096262,0.002364,0.027085,0.087205
0.001299,0.028850,0.785910,-0.024863,-0.021773,-0.700848,0.712545,0.078238,0.073529,0.150337,0.166424,-0.181476,-0.058594,0.073221,-0.063070,-0.101579,0.185429,-0.181339,0.050250,0.007820,-0.016508,0.168482,-0.043290,0.187023,-0.556215,1.006408,0.224986,0.090251,-0.044425,-0.109194,-0.146731,0.827618,1.095773,0.002339,0.027039,0.087015
0.001349,0.028815,0.785889,-0.024805,-0.021687,-0.700962,0.712437,0.078134,0.073515,0.150560,0.166437,-0.181536,-0.058500,0.073010,-0.063085,-0.101498,0.185463,-0.181350,0.050322,0.008021,-0.017293,0.167778,-0.043578,0.186690,-0.554592,1.005649,0.224989,0.090292,-0.044642,-0.109848,-0.146305,0.826354,1.095103,0.004445,0.027921,0.087517
0.001357,0.028681,0.785857,-0.025009,-0.021882,-0.701016,0.712371,0.079137,0.073608,0.150891,0.166291,-0.181855,-0.058849,0.073779,-0.063016,-0.101109,0.185461,-0.181663,0.050550,0.008221,-0.018246,0.167799,-0.043840,0.186256,-0.553728,1.005709,0.226429,0.090925,-0.045063,-0.110733,-0.145761,0.825805,1.095535,0.002033,0.027622,0.087711
0.001374,0.028587,0.785864,-0.024878,-0.021694,-0.701029,0.712369,0.078729,0.073624,0.150949,0.166324,-0.182022,-0.058620,0.073358,-0.062985,-0.101232,0.185587,-0.181760,0.050291,0.008003,-0.019205,0.167150,-0.044172,0.185819,-0.554001,1.005864,0.224290,0.091046,-0.044501,-0.111866,-0.145151,0.824786,1.095246,0.001410,0.027568,0.087154
0.001406,0.028501,0.785820,-0.024970,-0.021818,-0.701141,0.712251,0.079360,0.073557,0.151037,0.166277,-0.182322,-0.058683,0.073730,-0.063008,-0.100876,0.185741,-0.181977,0.050362,0.008623,-0.020159,0.167478,-0.044348,0.185331,-0.553108,1.005767,0.225713,0.091156,-0.045721,-0.112775,-0.144651,0.823569,1.094923,0.004094,0.026655,0.087546
0.001474,0.028416,0.785836,-0.024693,-0.021624,-0.701276,0.712134,0.078982,0.073357,0.151472,0.165869,-0.182058,-0.058723,0.073140,-0.063199,-0.100600,0.185358,-0.181983,0.050859,0.008893,-0.021196,0.167006,-0.044997,0.184820,-0.552999,1.005351,0.223058,0.091971,-0.046872,-0.113868,-0.144207,0.823262,1.094945,0.001572,0.026408,0.086831
0.001484,0.028295,0.785793,-0.024975,-0.021788,-0.701349,0.712048,0.079807,0.073596,0.151653,0.166173,-0.182784,-0.058562,0.073861,-0.063015,-0.100341,0.185781,-0.182380,0.050507,0.009690,-0.021663,0.167767,-0.045115,0.183758,-0.551597,1.005056,0.221803,0.090940,-0.047336,-0.114409,-0.143474,0.822472,1.095019,0.000130,0.026564,0.086034
0.001548,0.028179,0.785799,-0.024952,-0.021746,-0.701366,0.712032,0.080033,0.073558,0.151847,0.165896,-0.182708,-0.058853,0.073891,-0.063037,-0.100398,0.185794,-0.182437,0.050482,0.009988,-0.022007,0.167626,-0.046126,0.182679,-0.553643,1.005357,0.220677,0.090504,-0.046821,-0.114960,-0.142714,0.822504,1.095517,0.000354,0.026934,0.085735
0.001581,0.028072,0.785825,-0.024666,-0.021584,-0.701339,0.712074,0.079433,0.073257,0.151566,0.165915,-0.182631,-0.058452,0.073516,-0.063345,-0.100512,0.185472,-0.182423,0.050953,0.010606,-0.022726,0.167265,-0.046392,0.181684,-0.552801,1.004567,0.223184,0.091001,-0.047979,-0.115070,-0.142068,0.822799,1.095266,-0.003198,0.027527,0.085485
0.001638,0.027903,0.785738,-0.025000,-0.021884,-0.701285,0.712107,0.080871,0.073203,0.151944,0.165699,-0.183255,-0.058655,0.074823,-0.063382,-0.100397,0.185566,-0.182847,0.051147,0.011300,-0.022902,0.168285,-0.046221,0.180799,-0.552605,1.003965,0.223810,0.091341,-0.046040,-0.114460,-0.141580,0.823681,1.095112,-0.003161,0.027043,0.084376
0.001734,0.027712,0.785764,-0.024901,-0.021784,-0.701191,0.712205,0.080625,0.073013,0.151358,0.165887,-0.183305,-0.058417,0.074639,-0.063589,-0.100742,0.185906,-0.183177,0.050770,0.011232,-0.023086,0.167737,-0.046220,0.179631,-0.553278,1.004315,0.222094,0.092069,-0.045590,-0.114103,-0.140898,0.825004,1.095329,-0.001516,0.026746,0.084976
0.001827,0.027563,0.785749,-0.024959,-0.021917,-0.701168,0.712222,0.081254,0.072744,0.151204,0.165757,-0.183308,-0.058464,0.075373,-0.063853,-0.100935,0.185608,-0.183335,0.051420,0.011314,-0.023484,0.168317,-0.045520,0.178848,-0.552319,1.004718,0.221981,0.091344,-0.044910,-0.113319,-0.140389,0.824532,1.094848,0.003101,0.026328,0.086745
0.001851,0.027398,0.785698,-0.025054,-0.021894,-0.701032,0.712353,0.081572,0.072874,0.151172,0.165697,-0.183950,-0.058535,0.075825,-0.063759,-0.101039,0.185630,-0.183692,0.051264,0.011170,-0.023395,0.168351,-0.045242,0.177960,-0.552426,1.005396,0.224123,0.092204,-0.044313,-0.112834,-0.139752,0.824724,1.095141,0.001085,0.026480,0.086706
0.001947,0.027266,0.785718,-0.024860,-0.021776,-0.701088,0.712308,0.081305,0.072619,0.151282,0.165641,-0.183758,-0.058243,0.075618,-0.064003,-0.101156,0.185303,-0.183438,0.051821,0.010676,-0.023599,0.168144,-0.044381,0.177298,-0.552213,1.006020,0.226919,0.092457,-0.044757,-0.112981,-0.139269,0.825282,1.095238,0.000841,0.026362,0.087253
0.002019,0.027145,0.785703,-0.024904,-0.021674,-0.701140,0.712259,0.081553,0.072768,0.151309,0.165466,-0.184127,-0.058554,0.075552,-0.063869,-0.100936,0.185580,-0.183773,0.051284,0.009819,-0.023682,0.168154,-0.043724,0.176875,-0.552625,1.007040,0.225137,0.091841,-0.043063,-0.113346,-0.138896,0.824875,1.095774,0.000556,0.026702,0.086312
0.002030,0.026973,0.785708,-0.025098,-0.021790,-0.701192,0.712197,0.082147,0.072920,0.151453,0.165851,-0.184485,-0.058278,0.076322,-0.063719,-0.100826,0.185479,-0.183769,0.051504,0.009433,-0.023736,0.168533,-0.043244,0.176706,-0.553538,1.007758,0.228128,0.092071,-0.044253,-0.113614,-0.138660,0.823595,1.096806,-0.000055,0.026584,0.086480
0.002109,0.026808,0.785658,-0.025086,-0.021759,-0.701355,0.712038,0.082674,0.072894,0.152043,0.165389,-0.184653,-0.058592,0.076604,-0.063726,-0.100402,0.185030,-0.183825,0.052037,0.008965,-0.023918,0.168351,-0.042971,0.176663,-0.554315,1.009049,0.226128,0.091823,-0.044110,-0.114159,-0.138523,0.822595,1.097858,0.001163,0.026628,0.086465
0.002122,0.026678,0.785655,-0.025245,-0.021821,-0.701430,0.711957,0.083218,0.073083,0.152173,0.165625,-0.185114,-0.058545,0.076837,-0.063562,-0.100029,0.185654,-0.184154,0.051349,0.008810,-0.024052,0.168605,-0.043089,0.176723,-0.554633,1.010123,0.225897,0.092058,-0.044139,-0.114620,-0.138472,0.821288,1.098586,-0.001788,0.026484,0.085628
0.002143,0.026516,0.785677,-0.025186,-0.021650,-0.701588,0.711809,0.083142,0.073303,0.152482,0.165704,-0.185266,-0.058379,0.076663,-0.063307,-0.099785,0.185407,-0.183876,0.051574,0.009347,-0.024285,0.167965,-0.043495,0.176851,-0.554579,1.010783,0.226173,0.092397,-0.045375,-0.114736,-0.138533,0.820754,1.098695,-0.004385,0.027349,0.084171
0.002185,0.026414,0.785633,-0.025238,-0.021642,-0.701854,0.711544,0.083653,0.073467,0.153307,0.165516,-0.185574,-0.058472,0.076922,-0.063197,-0.099261,0.185116,-0.184048,0.051899,0.009674,-0.024335,0.168163,-0.043925,0.177032,-0.553679,1.010406,0.223153,0.092442,-0.046702,-0.115280,-0.138680,0.820017,1.099414,-0.002722,0.027179,0.084781
0.002229,0.026301,0.785662,-0.025285,-0.021660,-0.701941,0.711456,0.083985,0.073489,0.153722,0.165557,-0.185733,-0.058419,0.076923,-0.063185,-0.098907,0.185510,-0.184109,0.051594,0.009563,-0.024480,0.168446,-0.044504,0.177216,-0.553466,1.010441,0.222913,0.091472,-0.043977,-0.115589,-0.138825,0.819865,1.099527,-0.003482,0.027646,0.083913
0.002259,0.026240,0.785635,-0.025363,-0.021721,-0.702055,0.711340,0.084393,0.073513,0.153772,0.165537,-0.185929,-0.058460,0.077154,-0.063139,-0.098598,0.185566,-0.184334,0.051569,0.009824,-0.024575,0.169111,-0.045332,0.177537,-0.551876,1.009250,0.225054,0.091849,-0.044050,-0.115629,-0.139157,0.819043,1.099102,-0.002988,0.027359,0.083946
0.002321,0.026191,0.785618,-0.025223,-0.021663,-0.702120,0.711282,0.084289,0.073305,0.154142,0.165354,-0.185832,-0.058255,0.077117,-0.063374,-0.098644,0.185081,-0.184054,0.052401,0.009957,-0.024845,0.169318,-0.045948,0.177612,-0.550437,1.008712,0.224064,0.091327,-0.042764,-0.115693,-0.139320,0.818802,1.098748,-0.003535,0.027628,0.084677
0.002362,0.026116,0.785670,-0.025172,-0.021514,-0.702073,0.711334,0.084025,0.073409,0.154058,0.165312,-0.185899,-0.058386,0.076712,-0.063260,-0.098611,0.185443,-0.184174,0.051752,0.009550,-0.024717,0.169802,-0.046796,0.177586,-0.550236,1.008064,0.223189,0.090978,-0.042299,-0.115764,-0.139440,0.819319,1.098362,-0.004094,0.027506,0.084242
0.002405,0.026070,0.785615,-0.025108,-0.021523,-0.702097,0.711313,0.084141,0.073173,0.153983,0.165167,-0.186065,-0.058260,0.076863,-0.063456,-0.098525,0.185183,-0.184273,0.052189,0.009664,-0.024709,0.170079,-0.046816,0.177419,-0.550024,1.007254,0.226229,0.090302,-0.043294,-0.115462,-0.139453,0.819070,1.097463,-0.004864,0.027386,0.084815
0.002479,0.026048,0.785658,-0.024799,-0.021223,-0.702087,0.711343,0.083188,0.072999,0.153850,0.165043,-0.185733,-0.058077,0.075942,-0.063589,-0.098616,0.185113,-0.184158,0.052138,0.009471,-0.024568,0.169878,-0.047238,0.177064,-0.550133,1.006518,0.225811,0.090706,-0.043022,-0.115127,-0.139349,0.819176,1.096815,-0.003002,0.026879,0.085094
0.002471,0.025957,0.785626,-0.025055,-0.021364,-0.701950,0.711465,0.083799,0.073212,0.153866,0.165242,-0.186175,-0.058089,0.076791,-0.063437,-0.098896,0.185048,-0.184263,0.052161,0.009239,-0.024293,0.170893,-0.047367,0.176708,-0.551063,1.005746,0.227434,0.091535,-0.043947,-0.114754,-0.139126,0.819716,1.095945,-0.001921,0.027145,0.086254
0.002562,0.026029,0.785626,-0.024678,-0.021149,-0.701996,0.711439,0.083009,0.072771,0.153795,0.164754,-0.185786,-0.058059,0.075965,-0.063795,-0.098762,0.184596,-0.183994,0.052746,0.009345,-0.024264,0.170891,-0.047336,0.176118,-0.551502,1.005639,0.229161,0.091107,-0.043924,-0.114395,-0.138717,0.819447,1.095235,-0.001615,0.026712,0.085965
0.002576,0.025988,0.785664,-0.024711,-0.020995,-0.701960,0.711478,0.082647,0.073074,0.153508,0.165141,-0.185807,-0.058081,0.075498,-0.063558,-0.098971,0.185310,-0.184141,0.051606,0.009030,-0.023674,0.170970,-0.047278,0.175431,-0.552546,1.006003,0.228687,0.091068,-0.044451,-0.114012,-0.138069,0.819979,1.095115,-0.002585,0.026787,0.085788
0.002611,0.025947,0.785650,-0.024565,-0.021000,-0.701951,0.711492,0.082584,0.072745,0.153719,0.164916,-0.185805,-0.057868,0.075641,-0.063862,-0.099044,0.184613,-0.183976,0.052574,0.009155,-0.023755,0.170879,-0.047246,0.174671,-0.553879,1.007207,0.227859,0.090703,-0.044729,-0.113356,-0.136916,0.819704,1.094914,-0.002539,0.027283,0.085974
0.002600,0.025951,0.785639,-0.024628,-0.020931,-0.701991,0.711452,0.082687,0.072987,0.153823,0.164752,-0.185876,-0.058227,0.075709,-0.063556,-0.098808,0.184457,-0.183883,0.052500,0.009118,-0.023196,0.170966,-0.046457,0.174232,-0.553678,1.007814,0.230141,0.090294,-0.045895,-0.112860,-0.136076,0.820196,1.094330,-0.004928,0.027854,0.084458
0.002644,0.025916,0.785694,-0.024408,-0.020767,-0.702029,0.711427,0.081974,0.072874,0.153758,0.165026,-0.185642,-0.057834,0.074878,-0.063731,-0.098764,0.184917,-0.183731,0.052049,0.008206,-0.022900,0.170576,-0.045811,0.173937,-0.554432,1.008359,0.227961,0.090556,-0.045248,-0.112665,-0.135180,0.820267,1.094490,-0.002096,0.027716,0.085324
0.002623,0.025899,0.785636,-0.024429,-0.020770,-0.702090,0.711366,0.082274,0.072961,0.154469,0.164652,-0.185868,-0.058048,0.075236,-0.063617,-0.098602,0.184215,-0.183736,0.052752,0.008533,-0.022331,0.170778,-0.045600,0.173875,-0.554746,1.009290,0.226164,0.090591,-0.045886,-0.111905,-0.134609,0.819991,1.094184,-0.001315,0.026922,0.085000
0.002654,0.025861,0.785660,-0.024372,-0.020717,-0.702122,0.711338,0.082198,0.072897,0.154160,0.164645,-0.185771,-0.058120,0.075001,-0.063666,-0.098468,0.184370,-0.183679,0.052584,0.008436,-0.021777,0.170531,-0.045025,0.173886,-0.554633,1.009974,0.226037,0.090951,-0.045242,-0.111444,-0.133711,0.820024,1.094901,-0.001909,0.027443,0.084969
0.002680,0.025818,0.785697,-0.024307,-0.020705,-0.702204,0.711259,0.082041,0.072838,0.154497,0.164910,-0.185733,-0.057725,0.074654,-0.063739,-0.098147,0.184888,-0.183712,0.052140,0.008224,-0.021089,0.170300,-0.044569,0.173993,-0.554465,1.010729,0.226299,0.091269,-0.045882,-0.111412,-0.132945,0.820939,1.096128,-0.000648,0.026756,0.085500
0.002653,0.025825,0.785638,-0.024460,-0.020773,-0.702212,0.711245,0.082654,0.072991,0.154461,0.164421,-0.185786,-0.058516,0.075275,-0.063547,-0.098360,0.184381,-0.183760,0.052464,0.007786,-0.020487,0.170638,-0.044254,0.174157,-0.553797,1.010983,0.225701,0.090805,-0.046496,-0.110705,-0.132628,0.819720,1.096649,-0.000461,0.026543,0.085921
0.002646,0.025747,0.785669,-0.024342,-0.020879,-0.702032,0.711423,0.082423,0.072561,0.154052,0.164782,-0.185758,-0.057771,0.075548,-0.063991,-0.098690,0.184206,-0.183714,0.053053,0.007357,-0.020332,0.170437,-0.044449,0.174558,-0.554073,1.011194,0.227666,0.090958,-0.046248,-0.110477,-0.132249,0.819118,1.097463,-0.002809,0.027688,0.085787
0.002631,0.025719,0.785638,-0.024318,-0.020764,-0.701930,0.711527,0.082221,0.072682,0.153591,0.164712,-0.185851,-0.058018,0.075293,-0.063829,-0.098832,0.184470,-0.183912,0.052374,0.006903,-0.019741,0.169708,-0.044200,0.174824,-0.553862,1.011450,0.228536,0.091237,-0.047200,-0.110268,-0.132095,0.819155,1.099087,-0.001623,0.027487,0.086322
0.002617,0.025675,0.785658,-0.024376,-0.020841,-0.701841,0.711611,0.082527,0.072609,0.153327,0.164574,-0.185796,-0.058353,0.075665,-0.063913,-0.099155,0.184531,-0.184319,0.052243,0.006314,-0.019613,0.169568,-0.044096,0.175209,-0.553416,1.011367,0.229145,0.091298,-0.045366,-0.110362,-0.132021,0.819498,1.100151,0.001368,0.026679,0.086404
0.002581,0.025618,0.785632,-0.024323,-0.020915,-0.701644,0.711805,0.082422,0.072383,0.153143,0.164724,-0.185805,-0.057942,0.075981,-0.064131,-0.099570,0.184302,-0.184124,0.052750,0.005784,-0.019600,0.169039,-0.044097,0.175455,-0.553308,1.011042,0.226926,0.090590,-0.043463,-0.110235,-0.132069,0.819907,1.100551,-0.001479,0.026846,0.085238
0.002553,0.025602,0.785628,-0.024245,-0.020947,-0.701679,0.711772,0.082485,0.072222,0.153072,0.164557,-0.185747,-0.057981,0.075981,-0.064275,-0.099494,0.184169,-0.184370,0.052933,0.005820,-0.019615,0.168598,-0.043984,0.175706,-0.552900,1.010213,0.227952,0.090553,-0.043739,-0.110279,-0.132213,0.819948,1.101655,-0.000389,0.025715,0.085447
0.002516,0.025576,0.785637,-0.024427,-0.021073,-0.701712,0.711730,0.082950,0.072476,0.153129,0.164775,-0.185887,-0.058134,0.076355,-0.064068,-0.099413,0.184529,-0.184491,0.052547,0.005677,-0.019334,0.168749,-0.043469,0.175850,-0.552080,1.009152,0.226829,0.090513,-0.042691,-0.110476,-0.132454,0.820231,1.102190,-0.000346,0.025325,0.084822
0.002446,0.025535,0.785619,-0.024447,-0.021083,-0.701672,0.711768,0.082981,0.072549,0.153159,0.164849,-0.186010,-0.058100,0.076345,-0.063983,-0.099479,0.184869,-0.184815,0.051975,0.005584,-0.019253,0.168476,-0.043280,0.175884,-0.552202,1.009000,0.227025,0.090032,-0.042700,-0.110470,-0.132845,0.820544,1.102161,-0.001605,0.025777,0.084557
0.002379,0.025517,0.785591,-0.024484,-0.021205,-0.701815,0.711622,0.083539,0.072535,0.153533,0.164535,-0.186028,-0.058365,0.076782,-0.063998,-0.099228,0.184365,-0.184587,0.052822,0.005779,-0.019439,0.168553,-0.042779,0.175750,-0.551965,1.008146,0.227408,0.090295,-0.043094,-0.110884,-0.133235,0.820774,1.101933,-0.003645,0.025893,0.083958
0.002333,0.025517,0.785594,-0.024414,-0.021186,-0.701885,0.711557,0.083368,0.072571,0.153452,0.164688,-0.186051,-0.058193,0.076422,-0.063959,-0.098999,0.184747,-0.185056,0.052159,0.005778,-0.019517,0.168438,-0.042541,0.175514,-0.552188,1.007783,0.227317,0.090424,-0.043112,-0.111114,-0.133560,0.820818,1.101460,0.000244,0.025667,0.085282
0.002224,0.025483,0.785587,-0.024663,-0.021419,-0.701910,0.711516,0.084113,0.072783,0.153556,0.164872,-0.186186,-0.058434,0.076966,-0.063797,-0.098941,0.185313,-0.185204,0.051695,0.006052,-0.019725,0.169048,-0.042093,0.175228,-0.552668,1.007466,0.228239,0.090767,-0.044162,-0.111475,-0.133795,0.821267,1.101249,0.000274,0.025717,0.084800
0.002149,0.025502,0.785578,-0.024703,-0.021473,-0.701954,0.711470,0.084227,0.072950,0.153805,0.164979,-0.186309,-0.058299,0.077269,-0.063642,-0.098924,0.184831,-0.185057,0.052278,0.006306,-0.019867,0.169286,-0.042017,0.174770,-0.553236,1.007194,0.227705,0.090708,-0.044423,-0.112085,-0.134136,0.821566,1.100860,0.001699,0.026106,0.086360
0.002057,0.025537,0.785581,-0.024617,-0.021386,-0.701986,0.711444,0.084082,0.073024,0.153543,0.164573,-0.185891,-0.059039,0.076869,-0.063512,-0.098850,0.184919,-0.185170,0.051834,0.006941,-0.019970,0.169152,-0.041881,0.174296,-0.553172,1.006638,0.226857,0.090088,-0.044182,-0.112677,-0.134483,0.821558,1.101586,0.003462,0.025763,0.086028
0.001961,0.025574,0.785578,-0.024733,-0.021515,-0.701881,0.711540,0.084283,0.073157,0.153483,0.164779,-0.185975,-0.058976,0.077200,-0.063416,-0.099140,0.185184,-0.185060,0.051610,0.007514,-0.020007,0.169651,-0.042161,0.173514,-0.553361,1.006912,0.225859,0.090298,-0.043950,-0.113469,-0.135194,0.821954,1.101228,0.000406,0.027019,0.086117
0.001863,0.025565,0.785575,-0.024742,-0.021548,-0.701677,0.711739,0.084103,0.073196,0.153043,0.165005,-0.186074,-0.058722,0.077604,-0.063382,-0.099672,0.184705,-0.185152,0.052008,0.007979,-0.020276,0.169581,-0.042343,0.173110,-0.553391,1.007281,0.226179,0.090911,-0.045549,-0.114079,-0.135757,0.822210,1.101380,-0.000144,0.027241,0.085861
0.001792,0.025629,0.785602,-0.024675,-0.021349,-0.701568,0.711855,0.083528,0.073479,0.152538,0.164926,-0.185844,-0.059154,0.077132,-0.063084,-0.099989,0.184747,-0.185040,0.051389,0.008415,-0.020093,0.169175,-0.042612,0.172907,-0.553508,1.008127,0.226526,0.091443,-0.046873,-0.115113,-0.136302,0.822677,1.102359,0.003270,0.026228,0.085297
0.001688,0.025631,0.785607,-0.024551,-0.021303,-0.701285,0.712140,0.083039,0.073414,0.152122,0.164974,-0.185692,-0.059082,0.077078,-0.063159,-0.100598,0.184654,-0.184998,0.051380,0.008064,-0.020254,0.168710,-0.042604,0.172888,-0.553774,1.009349,0.227289,0.091060,-0.043792,-0.116034,-0.136914,0.822132,1.103506,0.002914,0.025662,0.085531
0.001619,0.025639,0.785581,-0.024446,-0.021141,-0.701084,0.712346,0.082345,0.073465,0.151128,0.165147,-0.185607,-0.059048,0.076829,-0.063071,-0.101369,0.184576,-0.185117,0.050964,0.008478,-0.020168,0.168083,-0.043293,0.173359,-0.554517,1.010070,0.227076,0.091833,-0.044587,-0.116918,-0.138091,0.821825,1.103719,-0.000791,0.026594,0.085986
0.001547,0.025611,0.785610,-0.024606,-0.021253,-0.700916,0.712502,0.082827,0.073620,0.150913,0.164976,-0.185455,-0.059605,0.077553,-0.062874,-0.101610,0.184246,-0.185054,0.051216,0.009036,-0.020011,0.168180,-0.043182,0.174277,-0.553722,1.010527,0.226412,0.091447,-0.045874,-0.117287,-0.139643,0.822441,1.103007,-0.000766,0.026797,0.084615
0.001458,0.025608,0.785602,-0.024442,-0.021178,-0.700835,0.712590,0.082282,0.073585,0.150408,0.165061,-0.185306,-0.059495,0.077346,-0.062937,-0.101962,0.184026,-0.184928,0.051341,0.009615,-0.020118,0.167476,-0.043733,0.175264,-0.553743,1.011350,0.226111,0.091935,-0.045633,-0.117876,-0.140734,0.821092,1.103075,-0.000946,0.027459,0.085617
0.001390,0.025549,0.785598,-0.024421,-0.021071,-0.700764,0.712664,0.082157,0.073814,0.150497,0.165043,-0.185351,-0.059654,0.077252,-0.062733,-0.102202,0.184171,-0.185141,0.050730,0.010293,-0.020173,0.166766,-0.043566,0.176907,-0.552701,1.011476,0.227431,0.091359,-0.048100,-0.118253,-0.142162,0.821233,1.102863,-0.000711,0.027058,0.086560
0.001286,0.025530,0.785657,-0.024195,-0.020699,-0.700675,0.712769,0.081103,0.074154,0.149935,0.165051,-0.185342,-0.059752,0.076453,-0.062377,-0.102767,0.183844,-0.184764,0.050404,0.010722,-0.020318,0.165518,-0.043963,0.178684,-0.552491,1.011813,0.224065,0.091816,-0.047767,-0.119555,-0.143511,0.824296,1.102278,0.003895,0.027422,0.087277
0.001190,0.025448,0.785636,-0.024277,-0.020978,-0.700657,0.712776,0.081676,0.073997,0.149947,0.165366,-0.185313,-0.059414,0.077316,-0.062558,-0.102635,0.183587,-0.184754,0.051140,0.010897,-0.021048,0.165324,-0.044446,0.180156,-0.552349,1.012188,0.225355,0.091755,-0.045716,-0.120133,-0.144310,0.823256,1.101830,-0.001027,0.026424,0.086043
0.001113,0.025368,0.785585,-0.024461,-0.020855,-0.700647,0.712784,0.082035,0.074661,0.149976,0.165117,-0.185759,-0.060312,0.077422,-0.061894,-0.102774,0.183835,-0.185127,0.049943,0.011167,-0.020887,0.164619,-0.045565,0.181848,-0.552762,1.012374,0.228666,0.091900,-0.045505,-0.121135,-0.144882,0.823237,1.101701,0.004406,0.025258,0.086588
0.001023,0.025209,0.785630,-0.024471,-0.020945,-0.700538,0.712888,0.082162,0.074638,0.149728,0.165505,-0.185838,-0.059958,0.077966,-0.061958,-0.103226,0.183733,-0.185305,0.050114,0.010602,-0.021402,0.163828,-0.046505,0.184002,-0.552744,1.012445,0.228143,0.091698,-0.045242,-0.122077,-0.145276,0.823256,1.100726,0.000486,0.026043,0.086282
0.000937,0.025086,0.785588,-0.024713,-0.021113,-0.700475,0.712936,0.082881,0.074887,0.149395,0.165762,-0.186161,-0.060148,0.078951,-0.061711,-0.103303,0.183572,-0.185439,0.050187,0.010405,-0.021653,0.163127,-0.047854,0.185395,-0.553344,1.013488,0.227051,0.090268,-0.043451,-0.122931,-0.145352,0.822951,1.099505,0.000801,0.026159,0.087577
0.000909,0.025008,0.785596,-0.024627,-0.020904,-0.700575,0.712847,0.082782,0.075149,0.149780,0.165327,-0.186187,-0.060652,0.078527,-0.061422,-0.103136,0.183489,-0.185406,0.049817,0.010886,-0.021457,0.161754,-0.049884,0.186459,-0.552756,1.012283,0.223113,0.091259,-0.044271,-0.123520,-0.145349,0.822647,1.098679,0.000996,0.026698,0.086619
0.000906,0.024904,0.785605,-0.025002,-0.021251,-0.700810,0.712593,0.083992,0.075348,0.150142,0.166013,-0.186894,-0.060230,0.079506,-0.061262,-0.102424,0.184063,-0.185896,0.049469,0.011257,-0.021571,0.161532,-0.050642,0.187448,-0.551603,1.011685,0.226192,0.090691,-0.043589,-0.124094,-0.145243,0.822790,1.098176,0.002155,0.026401,0.086861
0.000940,0.024767,0.785560,-0.024973,-0.021424,-0.700956,0.712445,0.084661,0.074993,0.150716,0.165662,-0.186780,-0.060220,0.079859,-0.061602,-0.101983,0.183907,-0.185882,0.050197,0.011601,-0.021733,0.160533,-0.052316,0.188318,-0.551131,1.011434,0.228077,0.090181,-0.045181,-0.124716,-0.145082,0.823589,1.097834,0.002215,0.027179,0.087608
0.001000,0.024680,0.785543,-0.025326,-0.021553,-0.701170,0.712218,0.085833,0.075386,0.151247,0.165611,-0.187480,-0.060577,0.080499,-0.061196,-0.101333,0.184307,-0.186502,0.049522,0.011856,-0.021131,0.159998,-0.053140,0.189037,-0.550619,1.010503,0.222917,0.089931,-0.048711,-0.125125,-0.144875,0.824781,1.098005,0.001651,0.027173,0.088020
0.001060,0.024593,0.785560,-0.025255,-0.021735,-0.701295,0.712092,0.086069,0.074892,0.151605,0.165867,-0.187310,-0.059817,0.080746,-0.061694,-0.101128,0.184296,-0.186285,0.050329,0.012406,-0.021047,0.159236,-0.054203,0.189302,-0.550318,1.009309,0.228020,0.090053,-0.049653,-0.125189,-0.144768,0.825270,1.097996,-0.002221,0.027447,0.088128
0.001133,0.024526,0.785504,-0.025660,-0.021926,-0.701325,0.712042,0.087388,0.075199,0.151821,0.165430,-0.187543,-0.060793,0.081671,-0.061371,-0.100796,0.184471,-0.186591,0.049992,0.012261,-0.020243,0.158873,-0.054754,0.189487,-0.550214,1.008426,0.227512,0.088256,-0.045838,-0.125322,-0.144663,0.826300,1.098422,-0.002621,0.027457,0.088797
0.001243,0.024481,0.785530,-0.025550,-0.021977,-0.701487,0.711885,0.087467,0.074786,0.152243,0.165509,-0.187873,-0.059988,0.081680,-0.061808,-0.100530,0.184305,-0.186678,0.050658,0.012204,-0.020121,0.157643,-0.054954,0.189541,-0.550872,1.008471,0.226977,0.087707,-0.046980,-0.125206,-0.144598,0.827298,1.098639,-0.002898,0.027532,0.089202
0.001340,0.024484,0.785534,-0.025827,-0.022300,-0.701524,0.711829,0.088280,0.074642,0.152305,0.165888,-0.187909,-0.059819,0.082224,-0.062040,-0.100361,0.185184,-0.187124,0.050032,0.012191,-0.019718,0.157553,-0.055167,0.189513,-0.550901,1.008114,0.223238,0.087663,-0.046712,-0.125266,-0.144570,0.828122,1.099420,-0.002542,0.027047,0.089426
0.001408,0.024466,0.785498,-0.025992,-0.022365,-0.701533,0.711811,0.088927,0.074697,0.152543,0.165479,-0.188130,-0.060257,0.082676,-0.061950,-0.100230,0.184935,-0.187031,0.050350,0.012088,-0.018968,0.156721,-0.054853,0.189368,-0.552123,1.008432,0.225055,0.087274,-0.046044,-0.125171,-0.144667,0.830204,1.100499,-0.001667,0.026624,0.088763
0.001509,0.024504,0.785510,-0.026043,-0.022723,-0.701700,0.711634,0.089513,0.074065,0.152804,0.165809,-0.188233,-0.059338,0.083165,-0.062611,-0.099835,0.185165,-0.187406,0.050959,0.012146,-0.018802,0.156373,-0.054007,0.189202,-0.551402,1.007914,0.225663,0.088404,-0.047184,-0.124773,-0.144829,0.829931,1.100722,-0.002918,0.026951,0.089272
0.001569,0.024579,0.785499,-0.026180,-0.022713,-0.701760,0.711569,0.089812,0.074265,0.153127,0.165458,-0.187984,-0.060027,0.082993,-0.062388,-0.099468,0.185451,-0.187071,0.050555,0.012598,-0.018039,0.155934,-0.053415,0.188961,-0.550657,1.008094,0.226240,0.089147,-0.046889,-0.124681,-0.145193,0.831267,1.101650,-0.000577,0.026097,0.088524
0.001646,0.024652,0.785498,-0.026290,-0.022890,-0.701790,0.711530,0.090201,0.074065,0.153306,0.165382,-0.188050,-0.059903,0.083340,-0.062576,-0.099429,0.185456,-0.187133,0.050785,0.012032,-0.017392,0.156002,-0.052186,0.188700,-0.550034,1.008523,0.230238,0.089080,-0.047819,-0.124702,-0.145689,0.832194,1.102574,-0.000284,0.026143,0.088482
0.001767,0.024885,0.785535,-0.025964,-0.022819,-0.702021,0.711316,0.089356,0.073461,0.153822,0.165456,-0.187766,-0.058913,0.082207,-0.063128,-0.098686,0.185472,-0.186849,0.051356,0.011709,-0.016839,0.155360,-0.051516,0.188591,-0.550982,1.008766,0.226464,0.088897,-0.047506,-0.125135,-0.146255,0.832372,1.103256,0.004457,0.026054,0.089774
0.001808,0.024995,0.785552,-0.026183,-0.022926,-0.701965,0.711361,0.089708,0.073664,0.153962,0.165353,-0.187438,-0.059473,0.082342,-0.063013,-0.098751,0.185846,-0.186799,0.050834,0.011584,-0.016009,0.155801,-0.050713,0.188553,-0.551410,1.009839,0.227683,0.089491,-0.047714,-0.124825,-0.146846,0.832321,1.103984,0.000577,0.025621,0.088235
0.001843,0.025230,0.785571,-0.026052,-0.022871,-0.701979,0.711354,0.088999,0.073433,0.153781,0.165397,-0.187296,-0.058999,0.081832,-0.063254,-0.098903,0.185620,-0.186406,0.051221,0.011212,-0.015369,0.156046,-0.050096,0.188546,-0.552173,1.010357,0.228810,0.089918,-0.046871,-0.125257,-0.147912,0.832890,1.104509,-0.000224,0.025503,0.088238
0.001922,0.025521,0.785624,-0.025885,-0.022766,-0.702016,0.711327,0.088177,0.073162,0.153894,0.165364,-0.186654,-0.058757,0.080761,-0.063495,-0.098631,0.185946,-0.186106,0.050993,0.010719,-0.014683,0.156378,-0.049582,0.188574,-0.552002,1.010650,0.230613,0.089166,-0.047816,-0.125444,-0.148953,0.832067,1.104776,-0.001249,0.025584,0.088250
0.001930,0.025764,0.785685,-0.025635,-0.022488,-0.701906,0.711452,0.086820,0.073167,0.153458,0.165292,-0.185985,-0.058795,0.079681,-0.063453,-0.099016,0.185589,-0.185270,0.051130,0.010767,-0.014300,0.156193,-0.049955,0.188665,-0.552336,1.011374,0.231413,0.088750,-0.047527,-0.125579,-0.149664,0.832529,1.105546,0.000568,0.025468,0.089070
0.001919,0.026067,0.785671,-0.025628,-0.022566,-0.701898,0.711458,0.086562,0.072989,0.153659,0.165142,-0.185687,-0.058641,0.079545,-0.063657,-0.099070,0.185264,-0.185082,0.051596,0.010887,-0.013723,0.157361,-0.050226,0.188840,-0.551933,1.011125,0.230697,0.088728,-0.046081,-0.125519,-0.150758,0.832568,1.105638,-0.000725,0.025956,0.089570
0.001908,0.026359,0.785741,-0.025579,-0.022306,-0.701831,0.711535,0.085470,0.073345,0.153342,0.165329,-0.185254,-0.058835,0.078272,-0.063296,-0.099241,0.185982,-0.184699,0.050201,0.010381,-0.012871,0.157995,-0.050777,0.189098,-0.551944,1.011109,0.232277,0.088512,-0.048056,-0.125788,-0.151973,0.832402,1.105439,-0.001319,0.026705,0.090184
0.001910,0.026627,0.785767,-0.025386,-0.022398,-0.701757,0.711612,0.084749,0.072841,0.152978,0.165419,-0.184472,-0.058349,0.078041,-0.063784,-0.099399,0.185280,-0.184115,0.051436,0.010834,-0.012913,0.159027,-0.051867,0.189570,-0.552523,1.010734,0.232654,0.088740,-0.048230,-0.125152,-0.153587,0.832000,1.103830,0.003139,0.027613,0.089959
0.001820,0.026938,0.785755,-0.025372,-0.022265,-0.701666,0.711706,0.084010,0.073109,0.152929,0.165396,-0.184342,-0.058428,0.077472,-0.063500,-0.099621,0.185199,-0.183874,0.051028,0.010975,-0.012388,0.159975,-0.053108,0.189952,-0.552998,1.010953,0.231138,0.088094,-0.048517,-0.125203,-0.154650,0.832227,1.103727,-0.002641,0.026628,0.088516
0.001795,0.027243,0.785871,-0.025167,-0.022019,-0.701542,0.711843,0.082540,0.073160,0.152507,0.165641,-0.183508,-0.058375,0.076042,-0.063466,-0.100007,0.185730,-0.183197,0.050175,0.010602,-0.012216,0.160547,-0.054198,0.190334,-0.553086,1.011226,0.231332,0.087664,-0.048286,-0.125704,-0.155437,0.833105,1.103153,0.002176,0.026361,0.089115
0.001752,0.027543,0.785870,-0.024948,-0.021896,-0.701498,0.711898,0.081618,0.073008,0.152074,0.165369,-0.182816,-0.058449,0.075487,-0.063576,-0.100275,0.184865,-0.182557,0.051105,0.010525,-0.012285,0.161124,-0.055089,0.190521,-0.552981,1.011045,0.230841,0.087602,-0.048545,-0.126127,-0.155771,0.832843,1.102833,-0.000511,0.026625,0.088642
0.001655,0.027846,0.785899,-0.024998,-0.021795,-0.701330,0.712065,0.080935,0.073346,0.151971,0.165384,-0.182562,-0.058702,0.075050,-0.063231,-0.100626,0.184860,-0.182216,0.050613,0.010116,-0.012260,0.162109,-0.055717,0.190846,-0.552652,1.010527,0.230468,0.087640,-0.048105,-0.125834,-0.156217,0.831891,1.101335,0.001727,0.026265,0.089068
0.001592,0.028060,0.785964,-0.024865,-0.021752,-0.701325,0.712075,0.079884,0.073317,0.151444,0.166125,-0.182207,-0.057979,0.074178,-0.063309,-0.100657,0.185292,-0.181853,0.050259,0.010095,-0.012828,0.162862,-0.056033,0.191212,-0.552213,1.010155,0.230198,0.087740,-0.048450,-0.126099,-0.156480,0.833012,1.100314,0.002235,0.026108,0.088644
0.001543,0.028375,0.785952,-0.024601,-0.021412,-0.701340,0.712081,0.078777,0.073454,0.151673,0.165419,-0.181414,-0.058753,0.072853,-0.063091,-0.100581,0.185004,-0.181468,0.050055,0.009895,-0.012769,0.163119,-0.055847,0.191311,-0.551787,1.009104,0.230509,0.088067,-0.048450,-0.126437,-0.156559,0.832296,1.099724,0.001462,0.025662,0.089125
0.001506,0.028567,0.785989,-0.024744,-0.021544,-0.701334,0.712077,0.078862,0.073504,0.151584,0.165621,-0.181418,-0.058630,0.072958,-0.063014,-0.100506,0.185046,-0.181084,0.050169,0.009690,-0.013100,0.164299,-0.055561,0.191315,-0.552154,1.008788,0.229066,0.088644,-0.050297,-0.126316,-0.156548,0.831975,1.098779,0.000017,0.025813,0.088744
0.001416,0.028757,0.785996,-0.024426,-0.021357,-0.701230,0.712197,0.077379,0.073355,0.150900,0.166006,-0.180755,-0.058095,0.072074,-0.063155,-0.100914,0.184671,-0.180529,0.050599,0.009287,-0.013848,0.164505,-0.055219,0.191287,-0.553484,1.008614,0.225623,0.088695,-0.048344,-0.125956,-0.156389,0.832173,1.097746,-0.002497,0.025847,0.087403
0.001369,0.028969,0.785967,-0.024845,-0.021477,-0.701123,0.712283,0.078111,0.073928,0.151009,0.165674,-0.180931,-0.059177,0.072442,-0.062590,-0.100949,0.185229,-0.180879,0.049363,0.009542,-0.014051,0.165878,-0.054658,0.191057,-0.555084,1.009000,0.228214,0.088238,-0.045137,-0.125298,-0.155997,0.831038,1.096774,0.000124,0.025636,0.088801
0.001308,0.029191,0.786084,-0.024489,-0.021311,-0.701070,0.712353,0.076507,0.073645,0.150559,0.166272,-0.180334,-0.058113,0.071312,-0.062902,-0.101330,0.185067,-0.179829,0.049966,0.009502,-0.015214,0.166046,-0.054110,0.190845,-0.555986,1.009230,0.229014,0.087460,-0.044430,-0.124934,-0.155677,0.831514,1.095760,0.004577,0.026281,0.090008
0.001292,0.029434,0.786025,-0.024653,-0.021452,-0.700987,0.712425,0.076762,0.073737,0.150507,0.165971,-0.179889,-0.058767,0.071690,-0.062869,-0.101667,0.184775,-0.179839,0.050154,0.009366,-0.015882,0.167173,-0.052882,0.190517,-0.557077,1.009252,0.228726,0.086730,-0.045975,-0.124286,-0.155271,0.831386,1.095331,0.001484,0.026851,0.089115
0.001213,0.029564,0.786024,-0.025086,-0.021731,-0.700656,0.712727,0.077300,0.073953,0.149779,0.166315,-0.180320,-0.058892,0.072490,-0.062629,-0.102318,0.185390,-0.180060,0.049309,0.009441,-0.016331,0.168558,-0.052123,0.189830,-0.557187,1.009147,0.222313,0.087109,-0.048151,-0.123241,-0.154673,0.831043,1.095308,-0.003391,0.027460,0.088275
0.001199,0.029829,0.786128,-0.024567,-0.021341,-0.700798,0.712617,0.075332,0.073871,0.149967,0.166670,-0.179485,-0.058103,0.070626,-0.062744,-0.102016,0.185217,-0.178984,0.049712,0.009813,-0.017283,0.167833,-0.051130,0.189222,-0.557265,1.008935,0.226184,0.088014,-0.046933,-0.122295,-0.154118,0.830574,1.095592,0.002711,0.027573,0.090042
0.001173,0.029979,0.786036,-0.025044,-0.021624,-0.700774,0.712616,0.076504,0.074183,0.149836,0.166388,-0.179720,-0.058993,0.071657,-0.062386,-0.101981,0.185149,-0.179401,0.049540,0.009979,-0.017575,0.169085,-0.049989,0.188583,-0.557280,1.008961,0.225041,0.088095,-0.045347,-0.121281,-0.153523,0.830310,1.095882,0.005977,0.027170,0.090343
0.001149,0.030141,0.786100,-0.024975,-0.021598,-0.700636,0.712755,0.075704,0.074144,0.149565,0.166872,-0.179561,-0.058421,0.071289,-0.062506,-0.102641,0.185248,-0.179190,0.049468,0.009973,-0.018203,0.169010,-0.049520,0.187990,-0.557823,1.009807,0.227566,0.088907,-0.047748,-0.120387,-0.152894,0.830460,1.096335,0.000667,0.027582,0.089518
0.001152,0.030423,0.786085,-0.024991,-0.021569,-0.700842,0.712552,0.075484,0.074260,0.149845,0.166769,-0.179162,-0.058723,0.070594,-0.062339,-0.101708,0.185548,-0.178724,0.049275,0.009752,-0.018465,0.169363,-0.048670,0.187625,-0.557800,1.009813,0.229064,0.089901,-0.048058,-0.119852,-0.152430,0.829427,1.096043,0.004627,0.027060,0.091235
0.001232,0.030579,0.786106,-0.025002,-0.021610,-0.700803,0.712589,0.075327,0.074131,0.149912,0.166717,-0.178980,-0.058619,0.070554,-0.062488,-0.101933,0.185224,-0.178470,0.049826,0.009537,-0.018823,0.169513,-0.048203,0.187329,-0.557408,1.010026,0.226260,0.090231,-0.048725,-0.118819,-0.151916,0.828147,1.096167,0.001546,0.027406,0.090768
0.001255,0.030732,0.786107,-0.025043,-0.021692,-0.700888,0.712501,0.075243,0.074002,0.150373,0.166887,-0.178912,-0.058207,0.070397,-0.062634,-0.101693,0.185369,-0.178371,0.049971,0.009839,-0.019051,0.169871,-0.048054,0.187092,-0.557874,1.010265,0.223947,0.090579,-0.048427,-0.118031,-0.151320,0.828287,1.096710,0.001356,0.026693,0.089974
0.001314,0.030920,0.786080,-0.025257,-0.021788,-0.701057,0.712325,0.075668,0.074216,0.150850,0.166822,-0.178902,-0.058582,0.070324,-0.062442,-0.101050,0.185814,-0.178339,0.049501,0.010513,-0.019044,0.170364,-0.047859,0.186944,-0.557513,1.010586,0.224170,0.090966,-0.047675,-0.117291,-0.150984,0.828747,1.096714,-0.000949,0.026682,0.089807
0.001389,0.031043,0.786106,-0.025228,-0.021747,-0.701232,0.712154,0.075429,0.074188,0.151068,0.166866,-0.178919,-0.058418,0.069867,-0.062449,-0.100747,0.185828,-0.177894,0.049725,0.010129,-0.019011,0.170339,-0.047624,0.186821,-0.557405,1.010360,0.224532,0.090591,-0.047884,-0.117105,-0.150632,0.829128,1.096818,-0.000677,0.026802,0.089598
0.001436,0.031185,0.786069,-0.025375,-0.022046,-0.701411,0.711964,0.075889,0.073977,0.151837,0.167278,-0.179077,-0.057687,0.070286,-0.062725,-0.100054,0.185788,-0.178062,0.050410,0.010529,-0.019067,0.170636,-0.047486,0.186759,-0.556983,1.009344,0.225315,0.091275,-0.048150,-0.116241,-0.150202,0.828288,1.096765,0.002159,0.025983,0.088615
0.001524,0.031267,0.786033,-0.025914,-0.022278,-0.701628,0.711724,0.077270,0.074470,0.152193,0.167134,-0.179345,-0.058663,0.070938,-0.062221,-0.099371,0.186447,-0.178266,0.049622,0.010627,-0.018549,0.171343,-0.047247,0.186707,-0.556204,1.008939,0.226012,0.091625,-0.048121,-0.116123,-0.149617,0.827076,1.096378,0.001683,0.026811,0.089230
0.001662,0.031380,0.786031,-0.025828,-0.022464,-0.701782,0.711569,0.077394,0.073864,0.152718,0.167033,-0.179195,-0.058125,0.070941,-0.062858,-0.099166,0.186199,-0.177968,0.050708,0.010189,-0.018649,0.171267,-0.047015,0.186630,-0.555725,1.008635,0.226165,0.091529,-0.047743,-0.116445,-0.149186,0.826684,1.095841,0.003703,0.026379,0.089111
0.001800,0.031589,0.786013,-0.026111,-0.022646,-0.701891,0.711445,0.077819,0.073921,0.153195,0.167402,-0.179546,-0.057726,0.071147,-0.062828,-0.098534,0.186693,-0.178062,0.050517,0.009778,-0.018273,0.171585,-0.047227,0.186406,-0.554720,1.008465,0.226154,0.091838,-0.047241,-0.116934,-0.148525,0.825327,1.095495,0.003082,0.026757,0.089147
0.001949,0.031637,0.786049,-0.026194,-0.022830,-0.701996,0.711332,0.078261,0.073531,0.153432,0.167251,-0.179112,-0.057774,0.071317,-0.063194,-0.098439,0.186703,-0.177771,0.051142,0.009713,-0.018237,0.171443,-0.047519,0.186242,-0.554644,1.007897,0.225684,0.092336,-0.047313,-0.117198,-0.148150,0.825207,1.095396,0.003608,0.026961,0.088966
0.002129,0.031810,0.785995,-0.026402,-0.023169,-0.702243,0.711070,0.079096,0.073136,0.153979,0.167298,-0.179410,-0.057323,0.071628,-0.063638,-0.097566,0.187185,-0.178104,0.051453,0.009713,-0.017795,0.171802,-0.047273,0.185828,-0.553654,1.006855,0.224764,0.092003,-0.046805,-0.117758,-0.147727,0.823924,1.095795,0.001004,0.027103,0.088274
0.002200,0.031933,0.786005,-0.026618,-0.023266,-0.702311,0.710992,0.079502,0.073280,0.154407,0.167234,-0.179313,-0.057669,0.071480,-0.063505,-0.097117,0.187977,-0.178233,0.050646,0.010099,-0.017505,0.171491,-0.047761,0.185016,-0.552730,1.007170,0.227444,0.090828,-0.046860,-0.118408,-0.147319,0.824795,1.096131,0.002916,0.027293,0.088397
0.002364,0.031991,0.785991,-0.026412,-0.023467,-0.702317,0.710987,0.079495,0.072330,0.154407,0.167014,-0.179042,-0.056938,0.072031,-0.064459,-0.097556,0.186761,-0.177526,0.053168,0.009504,-0.017928,0.170620,-0.047989,0.183991,-0.551149,1.006341,0.229971,0.091026,-0.047310,-0.118429,-0.146897,0.823283,1.096030,0.000366,0.027248,0.088932
0.002446,0.032083,0.785956,-0.026424,-0.023436,-0.702463,0.710843,0.079466,0.072327,0.154953,0.167050,-0.179233,-0.056759,0.071455,-0.064479,-0.096908,0.187454,-0.178064,0.052357,0.009583,-0.017912,0.169718,-0.048530,0.182827,-0.550454,1.006082,0.227830,0.090119,-0.046785,-0.119050,-0.146516,0.823492,1.096437,0.001725,0.027305,0.088913
0.002501,0.032134,0.785983,-0.026531,-0.023561,-0.702582,0.710718,0.079808,0.072320,0.155464,0.167074,-0.179265,-0.056745,0.071480,-0.064511,-0.096571,0.187878,-0.177823,0.052360,0.009285,-0.017883,0.169236,-0.048708,0.181413,-0.548828,1.005886,0.231881,0.090690,-0.046415,-0.119404,-0.146163,0.823227,1.096368,0.000949,0.027915,0.088345
0.002568,0.032240,0.785935,-0.026447,-0.023587,-0.702819,0.710485,0.079928,0.071981,0.155655,0.166597,-0.179098,-0.056804,0.071468,-0.064739,-0.096103,0.187068,-0.177623,0.053687,0.009490,-0.018220,0.168741,-0.049573,0.179947,-0.548561,1.005455,0.227727,0.091044,-0.045789,-0.120126,-0.145912,0.823026,1.096545,0.001053,0.027731,0.088689
0.002556,0.032331,0.785939,-0.026836,-0.023899,-0.702970,0.710311,0.080887,0.072249,0.156355,0.167054,-0.179470,-0.056510,0.072213,-0.064528,-0.095822,0.187398,-0.177468,0.053692,0.009871,-0.018280,0.169399,-0.050297,0.178783,-0.548853,1.004493,0.228945,0.091305,-0.046812,-0.120340,-0.145744,0.822504,1.096398,0.000850,0.027844,0.088336
0.002523,0.032441,0.786002,-0.027215,-0.024057,-0.703193,0.710071,0.081521,0.072822,0.156586,0.167343,-0.179478,-0.057087,0.072100,-0.063951,-0.094838,0.188607,-0.177881,0.052051,0.010526,-0.018077,0.169805,-0.051558,0.176896,-0.549312,1.004802,0.229719,0.091605,-0.046577,-0.121061,-0.145427,0.822567,1.097091,0.000431,0.027805,0.087563
0.002438,0.032623,0.785942,-0.027352,-0.024263,-0.703444,0.709809,0.082079,0.072943,0.157492,0.167313,-0.179494,-0.056999,0.072587,-0.063848,-0.094348,0.188003,-0.177666,0.052992,0.011341,-0.018439,0.170431,-0.052224,0.175483,-0.548876,1.004469,0.227227,0.090852,-0.045580,-0.121394,-0.145122,0.821182,1.096689,0.000055,0.028289,0.088067
0.002328,0.032721,0.786011,-0.027713,-0.024377,-0.703483,0.709753,0.082204,0.073630,0.157263,0.168351,-0.180019,-0.056677,0.072571,-0.063267,-0.094282,0.189182,-0.178114,0.051215,0.011259,-0.018560,0.170930,-0.052837,0.174295,-0.549158,1.005037,0.223781,0.090394,-0.045469,-0.121507,-0.144658,0.820722,1.096423,0.000802,0.028607,0.088093
0.002217,0.032869,0.786020,-0.027634,-0.024452,-0.703581,0.709657,0.082149,0.073562,0.157650,0.168007,-0.179429,-0.056937,0.072810,-0.063261,-0.094146,0.188022,-0.176997,0.052885,0.010981,-0.019276,0.171046,-0.052828,0.173853,-0.550142,1.005648,0.228055,0.090643,-0.045655,-0.121261,-0.144285,0.820332,1.095643,0.000069,0.028447,0.087944
0.002074,0.033080,0.785984,-0.027906,-0.024545,-0.703822,0.709404,0.082958,0.074233,0.158347,0.167318,-0.179478,-0.058382,0.072838,-0.062565,-0.093264,0.188320,-0.177207,0.052016,0.011242,-0.019332,0.171872,-0.052400,0.173357,-0.550792,1.006751,0.230544,0.089277,-0.044339,-0.120776,-0.143616,0.819108,1.095147,0.001502,0.027429,0.088023
0.001948,0.033202,0.786052,-0.027849,-0.024322,-0.703954,0.709283,0.081829,0.074710,0.158337,0.168425,-0.179398,-0.057384,0.072067,-0.062109,-0.093369,0.188275,-0.176619,0.051800,0.011170,-0.019473,0.171781,-0.052035,0.173188,-0.551215,1.007595,0.228305,0.089867,-0.046629,-0.120175,-0.143122,0.818987,1.094854,-0.000981,0.027451,0.087151
0.001796,0.033371,0.786027,-0.028086,-0.024480,-0.704160,0.709063,0.082367,0.075207,0.158692,0.168454,-0.179469,-0.057914,0.072257,-0.061580,-0.092507,0.188413,-0.176897,0.051340,0.011456,-0.019467,0.172713,-0.051234,0.173144,-0.551423,1.007913,0.224513,0.090671,-0.046674,-0.119005,-0.142533,0.818411,1.094661,-0.002448,0.027207,0.086169
0.001596,0.033508,0.786079,-0.027865,-0.024165,-0.704222,0.709021,0.081208,0.075686,0.158773,0.168583,-0.179084,-0.058061,0.071195,-0.061082,-0.092431,0.188243,-0.176221,0.051025,0.011757,-0.019654,0.172255,-0.050353,0.173224,-0.551510,1.008982,0.224215,0.090835,-0.046933,-0.117849,-0.141780,0.819422,1.094805,0.001618,0.027014,0.086778
0.001427,0.033633,0.786078,-0.027859,-0.023981,-0.704251,0.708999,0.080634,0.076250,0.158731,0.168771,-0.179194,-0.058152,0.070818,-0.060502,-0.092584,0.188015,-0.175934,0.050706,0.011319,-0.019498,0.172344,-0.048816,0.173527,-0.550500,1.008931,0.228848,0.091573,-0.046307,-0.116962,-0.140572,0.819477,1.095462,-0.001282,0.026792,0.086057
0.001204,0.033729,0.786069,-0.027791,-0.024033,-0.704104,0.709146,0.080317,0.076346,0.158311,0.168842,-0.178698,-0.058399,0.070922,-0.060400,-0.093087,0.187632,-0.175943,0.050822,0.011062,-0.019944,0.172767,-0.048063,0.174107,-0.550959,1.009335,0.229199,0.091476,-0.045240,-0.115334,-0.139262,0.818131,1.096067,0.002780,0.026529,0.087385
0.001018,0.033761,0.786109,-0.027786,-0.023896,-0.703897,0.709356,0.079779,0.076772,0.157691,0.169045,-0.178593,-0.058759,0.070614,-0.060021,-0.093807,0.187967,-0.175952,0.049795,0.011136,-0.019505,0.172885,-0.047462,0.174375,-0.551445,1.010380,0.228395,0.091184,-0.044677,-0.113709,-0.138756,0.818524,1.097052,0.002168,0.026394,0.086485
0.000810,0.033769,0.786084,-0.027690,-0.023821,-0.703710,0.709548,0.079503,0.077005,0.157336,0.168713,-0.178528,-0.059421,0.070621,-0.059774,-0.094275,0.187667,-0.175973,0.049633,0.011116,-0.019556,0.172617,-0.046772,0.174699,-0.551473,1.011018,0.225286,0.090853,-0.043832,-0.112127,-0.138175,0.818294,1.097045,-0.000959,0.027565,0.087326
0.000656,0.033750,0.786083,-0.027538,-0.023711,-0.703502,0.709763,0.079245,0.077107,0.157091,0.168046,-0.177985,-0.060372,0.070630,-0.059714,-0.094944,0.187064,-0.175896,0.049903,0.011193,-0.019832,0.172221,-0.046064,0.175210,-0.549842,1.010667,0.224589,0.091523,-0.045879,-0.110825,-0.137286,0.818253,1.096848,-0.002119,0.028298,0.087515
0.000518,0.033707,0.786116,-0.027414,-0.023708,-0.703396,0.709874,0.078514,0.076999,0.156129,0.169228,-0.178217,-0.059041,0.070277,-0.059771,-0.095182,0.187653,-0.176239,0.049244,0.011220,-0.019641,0.172339,-0.045755,0.175413,-0.549778,1.009892,0.224082,0.091799,-0.046640,-0.110292,-0.136915,0.818868,1.097472,0.000391,0.028562,0.087268
0.000366,0.033687,0.786075,-0.027566,-0.023859,-0.703186,0.710071,0.079125,0.077199,0.155963,0.168679,-0.178087,-0.060055,0.071175,-0.059561,-0.095645,0.187194,-0.176291,0.049550,0.010757,-0.019367,0.172966,-0.045068,0.175504,-0.549289,1.008987,0.224552,0.092014,-0.045346,-0.109894,-0.136622,0.818535,1.097767,-0.000721,0.028618,0.087831
0.000222,0.033594,0.786093,-0.027333,-0.023665,-0.702978,0.710292,0.078131,0.077189,0.154969,0.169204,-0.178072,-0.059504,0.070653,-0.059523,-0.096123,0.187314,-0.176496,0.049124,0.010805,-0.019187,0.172538,-0.044700,0.175404,-0.548759,1.008432,0.225084,0.091539,-0.046683,-0.109883,-0.136313,0.818802,1.097865,-0.001367,0.029005,0.087220
0.000087,0.033469,0.786041,-0.027508,-0.023934,-0.702805,0.710447,0.079105,0.077224,0.154744,0.168936,-0.178118,-0.060082,0.071920,-0.059520,-0.096586,0.186897,-0.176704,0.049674,0.010729,-0.019234,0.172814,-0.044109,0.175065,-0.548021,1.007488,0.228059,0.092649,-0.046876,-0.110079,-0.136072,0.819312,1.098157,-0.001885,0.028784,0.087433
-0.000004,0.033425,0.786062,-0.027291,-0.023812,-0.702737,0.710527,0.078516,0.077174,0.154492,0.169088,-0.178024,-0.059846,0.071438,-0.059603,-0.096849,0.187004,-0.176839,0.049401,0.010422,-0.019360,0.172320,-0.043849,0.174382,-0.546333,1.006758,0.227738,0.092953,-0.045760,-0.110986,-0.135796,0.819659,1.098545,-0.000956,0.027800,0.087398
-0.000099,0.033338,0.786092,-0.027234,-0.023684,-0.702841,0.710431,0.078427,0.077533,0.154802,0.168927,-0.177726,-0.060424,0.070884,-0.059276,-0.096590,0.187632,-0.177094,0.048355,0.010757,-0.018979,0.172243,-0.044001,0.173393,-0.544219,1.006083,0.227285,0.093016,-0.044989,-0.112206,-0.135662,0.819406,1.098223,-0.001821,0.027752,0.086691
-0.000202,0.033250,0.786010,-0.027533,-0.024078,-0.702974,0.710274,0.079937,0.077580,0.155442,0.168845,-0.178330,-0.060415,0.072205,-0.059205,-0.096087,0.187426,-0.177617,0.048894,0.011610,-0.018985,0.173207,-0.044835,0.172192,-0.543700,1.005606,0.226465,0.092762,-0.044245,-0.113893,-0.135767,0.820287,1.097622,0.001564,0.027206,0.087673
-0.000295,0.033139,0.786013,-0.027222,-0.023969,-0.702939,0.710325,0.079392,0.077336,0.154964,0.168675,-0.177976,-0.060414,0.071879,-0.059390,-0.096321,0.187085,-0.177409,0.049355,0.011424,-0.019282,0.172516,-0.045523,0.171150,-0.543760,1.005449,0.227994,0.090636,-0.044860,-0.115846,-0.136045,0.820984,1.097378,0.002606,0.026927,0.088449
-0.000415,0.033021,0.786020,-0.027196,-0.023844,-0.702794,0.710474,0.079249,0.077651,0.154787,0.168683,-0.178048,-0.060768,0.071653,-0.059070,-0.096548,0.187545,-0.177965,0.048220,0.011483,-0.019037,0.172472,-0.046581,0.169272,-0.543611,1.005021,0.230606,0.092625,-0.043791,-0.117391,-0.136661,0.819383,1.097063,-0.003042,0.027339,0.088010
-0.000633,0.032777,0.785997,-0.027017,-0.023721,-0.702425,0.710849,0.078851,0.077714,0.153680,0.168686,-0.178201,-0.060960,0.072068,-0.059044,-0.097716,0.187081,-0.178331,0.048229,0.011115,-0.019271,0.171851,-0.047451,0.167474,-0.543142,1.005090,0.227287,0.092132,-0.044522,-0.118451,-0.137311,0.819248,1.097789,-0.004308,0.027086,0.085431
-0.000776,0.032608,0.785986,-0.026797,-0.023463,-0.702189,0.711099,0.078249,0.077895,0.153052,0.168506,-0.178023,-0.061354,0.071846,-0.058827,-0.098387,0.186714,-0.178373,0.048091,0.010638,-0.019959,0.171090,-0.048193,0.166735,-0.543715,1.004940,0.227270,0.091305,-0.045929,-0.120417,-0.137636,0.819986,1.098381,0.002792,0.026916,0.087102
-0.000984,0.032364,0.785961,-0.026944,-0.023525,-0.702054,0.711225,0.078819,0.078309,0.152627,0.168603,-0.178640,-0.061721,0.072678,-0.058360,-0.098746,0.186714,-0.178705,0.047662,0.010563,-0.020176,0.171043,-0.048861,0.165886,-0.544719,1.005868,0.227050,0.090652,-0.045572,-0.121117,-0.138085,0.819574,1.098063,0.001522,0.027716,0.086870
-0.001112,0.032107,0.785956,-0.027191,-0.023796,-0.702033,0.711227,0.079897,0.078534,0.152740,0.168975,-0.178962,-0.061754,0.073995,-0.058222,-0.098836,0.186600,-0.179251,0.047825,0.011259,-0.020306,0.171200,-0.049375,0.165337,-0.545144,1.006582,0.227243,0.091240,-0.045453,-0.121117,-0.138514,0.818581,1.097972,-0.000106,0.027045,0.085506
-0.001286,0.031826,0.785878,-0.027552,-0.024106,-0.702132,0.711105,0.081472,0.078975,0.152998,0.169069,-0.179705,-0.062265,0.075389,-0.057841,-0.098774,0.186749,-0.179818,0.047461,0.011401,-0.020331,0.171425,-0.049446,0.165192,-0.545444,1.007655,0.227799,0.091115,-0.045214,-0.121075,-0.138822,0.818190,1.097747,-0.001133,0.027558,0.085596
-0.001371,0.031492,0.785864,-0.027332,-0.023980,-0.702098,0.711151,0.081578,0.078949,0.153012,0.168699,-0.179867,-0.062609,0.075484,-0.057835,-0.098791,0.186493,-0.180162,0.047542,0.011633,-0.020459,0.169971,-0.049116,0.165299,-0.545139,1.008562,0.229455,0.091119,-0.044990,-0.119897,-0.139049,0.817030,1.097323,-0.001873,0.027455,0.084605
-0.001552,0.031139,0.785853,-0.027376,-0.023976,-0.702199,0.711050,0.082188,0.079294,0.153077,0.168711,-0.180331,-0.062962,0.076022,-0.057424,-0.098540,0.186491,-0.180515,0.047217,0.012122,-0.020255,0.169298,-0.048920,0.165489,-0.545485,1.009397,0.229684,0.091340,-0.044326,-0.119155,-0.139107,0.817380,1.097746,0.000571,0.027503,0.085454
-0.001620,0.030828,0.785795,-0.027963,-0.024220,-0.702586,0.710637,0.084231,0.080308,0.154430,0.169081,-0.181414,-0.063504,0.077063,-0.056547,-0.097355,0.187553,-0.181716,0.045519,0.013025,-0.019554,0.169609,-0.047917,0.166067,-0.544583,1.009668,0.227288,0.091669,-0.043552,-0.117821,-0.139168,0.817823,1.097257,-0.005040,0.027962,0.085307
-0.001775,0.030472,0.785826,-0.027506,-0.023871,-0.702601,0.710651,0.083409,0.080298,0.154110,0.169067,-0.181388,-0.063310,0.076602,-0.056548,-0.097611,0.186891,-0.181541,0.046103,0.012779,-0.019559,0.167711,-0.047479,0.166482,-0.544399,1.010526,0.227615,0.092106,-0.044788,-0.116470,-0.139112,0.818486,1.096970,-0.004361,0.027912,0.085517
-0.001803,0.030187,0.785731,-0.028001,-0.024330,-0.703043,0.710180,0.085935,0.080650,0.155484,0.168716,-0.182241,-0.063901,0.078701,-0.056217,-0.096576,0.186257,-0.181466,0.047303,0.013413,-0.019277,0.168262,-0.046300,0.167482,-0.544540,1.010413,0.225673,0.091423,-0.043820,-0.114768,-0.138795,0.818027,1.096474,-0.001840,0.027570,0.086113
-0.001869,0.029899,0.785711,-0.027931,-0.024199,-0.703339,0.709893,0.086252,0.080970,0.156178,0.168717,-0.182646,-0.063922,0.078708,-0.055886,-0.095891,0.186073,-0.181393,0.047444,0.013482,-0.019008,0.167188,-0.045442,0.168136,-0.544143,1.009938,0.225163,0.091223,-0.043165,-0.114138,-0.138490,0.818624,1.096739,-0.001259,0.028126,0.087374
-0.001910,0.029583,0.785697,-0.028092,-0.024397,-0.703354,0.709865,0.087211,0.081020,0.156290,0.169053,-0.183320,-0.063678,0.079699,-0.055909,-0.095885,0.186259,-0.182156,0.047294,0.012611,-0.019109,0.166686,-0.044658,0.168663,-0.543087,1.010584,0.228979,0.091716,-0.043925,-0.112951,-0.138106,0.819219,1.096433,0.000290,0.028442,0.087495
-0.001928,0.029313,0.785631,-0.028225,-0.024538,-0.703526,0.709684,0.088577,0.081092,0.156911,0.168329,-0.183588,-0.064537,0.080695,-0.055809,-0.095529,0.185896,-0.182307,0.047817,0.011879,-0.018896,0.165928,-0.044244,0.169265,-0.544795,1.010553,0.226467,0.091519,-0.043668,-0.111956,-0.137598,0.819189,1.096623,0.000139,0.028205,0.086976
-0.001867,0.029103,0.785646,-0.028140,-0.024529,-0.703718,0.709498,0.088682,0.080983,0.157500,0.168642,-0.183863,-0.063896,0.080483,-0.055976,-0.094923,0.186298,-0.182638,0.047672,0.012043,-0.018772,0.164795,-0.043781,0.169610,-0.544263,1.009567,0.227742,0.091435,-0.045419,-0.111484,-0.137292,0.819010,1.097313,-0.000022,0.027849,0.086978
-0.001800,0.028930,0.785657,-0.028041,-0.024461,-0.703948,0.709276,0.088986,0.080903,0.157883,0.168365,-0.184079,-0.063991,0.080425,-0.056063,-0.094435,0.186210,-0.182724,0.047937,0.011690,-0.018385,0.163845,-0.043747,0.169881,-0.544041,1.008270,0.227100,0.091776,-0.044948,-0.111673,-0.137088,0.819238,1.098973,-0.001952,0.027381,0.086677
-0.001667,0.028776,0.785589,-0.028271,-0.024744,-0.704149,0.709058,0.090479,0.080705,0.158835,0.167832,-0.184105,-0.064449,0.081498,-0.056287,-0.093772,0.185932,-0.182898,0.048835,0.011966,-0.018020,0.163703,-0.043867,0.169957,-0.543685,1.007823,0.223990,0.090861,-0.045679,-0.111732,-0.137084,0.819305,1.100066,-0.002634,0.027671,0.085719
-0.001571,0.028705,0.785620,-0.028101,-0.024583,-0.704335,0.708885,0.090243,0.080578,0.158977,0.167618,-0.184055,-0.064395,0.080996,-0.056413,-0.093418,0.185799,-0.182619,0.049142,0.011517,-0.017717,0.162611,-0.044393,0.170076,-0.543237,1.007577,0.225891,0.090806,-0.045884,-0.112446,-0.137234,0.819591,1.101232,-0.002641,0.027204,0.085814
-0.001415,0.028625,0.785600,-0.028224,-0.024710,-0.704320,0.708890,0.090931,0.080382,0.159341,0.167428,-0.184218,-0.064476,0.081510,-0.056642,-0.093214,0.185890,-0.182831,0.049387,0.011057,-0.017372,0.162192,-0.044576,0.170192,-0.542474,1.006961,0.230701,0.090912,-0.044273,-0.112795,-0.137475,0.819317,1.101756,-0.000748,0.027086,0.086014
-0.001272,0.028598,0.785587,-0.028043,-0.024650,-0.704375,0.708846,0.090812,0.079971,0.159437,0.166952,-0.184012,-0.064504,0.081426,-0.057041,-0.093209,0.185333,-0.182750,0.050261,0.010736,-0.017251,0.161466,-0.044834,0.170324,-0.542156,1.006909,0.233791,0.090502,-0.042866,-0.113545,-0.137825,0.818883,1.101814,-0.001357,0.027441,0.085702
-0.001110,0.028648,0.785574,-0.027901,-0.024640,-0.704365,0.708861,0.090672,0.079479,0.159813,0.166619,-0.183912,-0.064314,0.081043,-0.057588,-0.093155,0.185481,-0.182692,0.050515,0.010335,-0.017051,0.161082,-0.045158,0.170446,-0.542030,1.007289,0.229964,0.089823,-0.041800,-0.114309,-0.138171,0.818288,1.102225,-0.002482,0.027428,0.085315
-0.000980,0.028767,0.785599,-0.027870,-0.024490,-0.704471,0.708762,0.090231,0.079532,0.159679,0.166628,-0.183730,-0.064294,0.080573,-0.057487,-0.092742,0.185305,-0.182493,0.050694,0.010129,-0.016660,0.160919,-0.045496,0.170578,-0.542410,1.007414,0.228237,0.089808,-0.041135,-0.115198,-0.138442,0.817765,1.102469,-0.001848,0.027745,0.085530
-0.000842,0.028878,0.785614,-0.027770,-0.024506,-0.704520,0.708717,0.090022,0.079110,0.159910,0.166456,-0.183581,-0.063996,0.080218,-0.057869,-0.092441,0.185327,-0.182256,0.051070,0.010786,-0.016744,0.161073,-0.045333,0.170907,-0.542361,1.007252,0.229978,0.089432,-0.042511,-0.115326,-0.139089,0.817088,1.101931,-0.003706,0.028078,0.085210
-0.000705,0.029078,0.785610,-0.027792,-0.024406,-0.704584,0.708656,0.089684,0.079148,0.160057,0.166416,-0.183456,-0.064031,0.079561,-0.057947,-0.092635,0.185662,-0.181943,0.050652,0.010933,-0.016587,0.161391,-0.045261,0.171187,-0.542437,1.007522,0.225947,0.090456,-0.042945,-0.115371,-0.139546,0.816974,1.101139,-0.003419,0.028336,0.085279
-0.000555,0.029312,0.785663,-0.027755,-0.024422,-0.704608,0.708633,0.089363,0.078778,0.159891,0.166302,-0.183158,-0.063853,0.079152,-0.058261,-0.092255,0.185602,-0.181694,0.051123,0.011048,-0.016558,0.161850,-0.044749,0.171436,-0.541845,1.007143,0.227976,0.092770,-0.046026,-0.115066,-0.139902,0.816348,1.100097,-0.001227,0.027687,0.085402
-0.000445,0.029512,0.785647,-0.027787,-0.024488,-0.704519,0.708718,0.089108,0.078553,0.160114,0.166348,-0.182826,-0.063642,0.079062,-0.058493,-0.092601,0.185690,-0.181604,0.051169,0.011114,-0.016508,0.162326,-0.044330,0.171595,-0.542226,1.007905,0.223568,0.092032,-0.046977,-0.114721,-0.140063,0.816678,1.099975,-0.001821,0.027374,0.085051
-0.000293,0.029663,0.785661,-0.027782,-0.024546,-0.704500,0.708735,0.088830,0.078155,0.159867,0.166658,-0.183005,-0.062874,0.078810,-0.058903,-0.092432,0.185850,-0.181355,0.051512,0.011052,-0.016593,0.162326,-0.043537,0.171971,-0.544233,1.008418,0.226549,0.092047,-0.045891,-0.113850,-0.140207,0.817144,1.099454,-0.000758,0.027711,0.086073
-0.000173,0.029870,0.785703,-0.027914,-0.024623,-0.704415,0.708811,0.088822,0.078082,0.159436,0.166548,-0.182538,-0.063209,0.079177,-0.058967,-0.092879,0.185334,-0.180924,0.052124,0.011068,-0.016663,0.162750,-0.042289,0.172462,-0.544578,1.008369,0.228813,0.091520,-0.043716,-0.112492,-0.140163,0.817056,1.098460,0.001128,0.027654,0.085385
-0.000097,0.030079,0.785662,-0.027972,-0.024596,-0.704346,0.708879,0.088510,0.078069,0.159828,0.166563,-0.182379,-0.063106,0.078625,-0.058988,-0.092635,0.185944,-0.180977,0.051389,0.011728,-0.016378,0.162970,-0.041252,0.172612,-0.544216,1.008003,0.225304,0.092921,-0.044184,-0.111399,-0.140104,0.816950,1.098542,0.000559,0.027922,0.086193
0.000059,0.030249,0.785707,-0.028043,-0.024771,-0.704306,0.708909,0.088403,0.077608,0.159251,0.167000,-0.182334,-0.062409,0.078588,-0.059511,-0.092918,0.186260,-0.180648,0.051753,0.011873,-0.016614,0.163173,-0.040035,0.172801,-0.543517,1.007555,0.224402,0.093945,-0.046443,-0.110398,-0.140024,0.817746,1.099007,-0.001011,0.026824,0.085921
0.000187,0.030542,0.785727,-0.028163,-0.024856,-0.704358,0.708851,0.088574,0.077584,0.159528,0.166619,-0.181848,-0.062840,0.078893,-0.059522,-0.092837,0.185432,-0.180072,0.052820,0.012224,-0.016484,0.163690,-0.039354,0.173059,-0.542563,1.007869,0.224111,0.093416,-0.045720,-0.109270,-0.139892,0.817032,1.098346,-0.000429,0.027031,0.086419
0.000238,0.030730,0.785684,-0.028375,-0.025033,-0.704033,0.709159,0.088394,0.077345,0.158877,0.167077,-0.181982,-0.062364,0.078726,-0.059780,-0.093290,0.186851,-0.180693,0.051266,0.012325,-0.016443,0.164313,-0.038987,0.173363,-0.542567,1.008838,0.227207,0.091674,-0.045105,-0.109003,-0.139805,0.818476,1.099500,-0.003600,0.026768,0.086681
0.000433,0.030971,0.785809,-0.027619,-0.024505,-0.703741,0.709497,0.085762,0.076551,0.157999,0.166952,-0.180689,-0.061632,0.076937,-0.060666,-0.094562,0.185861,-0.179258,0.052745,0.011254,-0.017007,0.162696,-0.038839,0.173669,-0.542773,1.009233,0.227176,0.090817,-0.045481,-0.108830,-0.139780,0.819477,1.099709,-0.000838,0.027338,0.087589
0.000506,0.031315,0.785737,-0.028245,-0.024895,-0.704089,0.709113,0.087345,0.076963,0.158451,0.166685,-0.180980,-0.062397,0.078064,-0.060108,-0.093355,0.185418,-0.179358,0.053271,0.012469,-0.016738,0.164381,-0.038775,0.173999,-0.542502,1.008822,0.230220,0.091468,-0.045075,-0.109022,-0.139794,0.819609,1.100275,0.000664,0.027768,0.088725
0.000531,0.031527,0.785794,-0.027766,-0.024466,-0.703703,0.709530,0.085091,0.076647,0.158397,0.166809,-0.180280,-0.061632,0.076011,-0.060504,-0.094287,0.186325,-0.178928,0.051987,0.012573,-0.017061,0.163396,-0.039927,0.174763,-0.544846,1.009948,0.229020,0.090990,-0.043310,-0.109396,-0.140105,0.822735,1.101568,-0.000381,0.026891,0.087354
0.000713,0.031858,0.785844,-0.027864,-0.024532,-0.703824,0.709404,0.084895,0.076510,0.158116,0.166914,-0.179957,-0.061380,0.076055,-0.060648,-0.094253,0.185724,-0.178569,0.052838,0.013044,-0.016974,0.163934,-0.041018,0.175323,-0.546411,1.009965,0.227463,0.091180,-0.043837,-0.110633,-0.140439,0.824324,1.102817,0.001886,0.026802,0.088642
0.000723,0.032198,0.785857,-0.027831,-0.024502,-0.703678,0.709550,0.084344,0.076321,0.157505,0.166623,-0.179411,-0.061692,0.075563,-0.060760,-0.094527,0.185500,-0.177781,0.053170,0.013415,-0.017369,0.164397,-0.041391,0.176474,-0.545579,1.010045,0.227436,0.090319,-0.044384,-0.110956,-0.141218,0.825466,1.102257,0.002077,0.027159,0.088005
0.000766,0.032399,0.785959,-0.027309,-0.023933,-0.703393,0.709873,0.081668,0.076247,0.157479,0.167174,-0.178957,-0.060413,0.073398,-0.060870,-0.095174,0.185974,-0.177594,0.052102,0.013161,-0.017288,0.163143,-0.042242,0.177163,-0.545870,1.010663,0.230586,0.091569,-0.045338,-0.111607,-0.141699,0.826214,1.103544,0.000655,0.026653,0.088422
0.000884,0.032790,0.785959,-0.027274,-0.023854,-0.703584,0.709688,0.081401,0.076008,0.156748,0.166422,-0.178427,-0.061148,0.072992,-0.060998,-0.095037,0.185041,-0.176664,0.053294,0.013191,-0.017373,0.163677,-0.042655,0.178755,-0.546904,1.010232,0.225749,0.091412,-0.045352,-0.112370,-0.142613,0.826679,1.102752,0.002384,0.026871,0.089407
0.001016,0.033209,0.786047,-0.027156,-0.023723,-0.703794,0.709488,0.080241,0.075982,0.157232,0.167034,-0.177927,-0.060171,0.071629,-0.060977,-0.094231,0.185342,-0.175979,0.053224,0.013676,-0.017296,0.164145,-0.043057,0.179705,-0.546207,1.010931,0.223759,0.090514,-0.043210,-0.113343,-0.143158,0.826640,1.102710,0.002196,0.027160,0.089288
0.000988,0.033404,0.786091,-0.026694,-0.023391,-0.703718,0.709592,0.078583,0.075733,0.157585,0.166901,-0.177442,-0.059694,0.069749,-0.061297,-0.094403,0.185837,-0.175657,0.052483,0.013925,-0.017488,0.163697,-0.043730,0.181059,-0.546041,1.011085,0.225946,0.090787,-0.045184,-0.113965,-0.143878,0.827926,1.103002,0.002058,0.026526,0.089127
0.001199,0.033930,0.786067,-0.026921,-0.023259,-0.704181,0.709129,0.078694,0.076109,0.157476,0.166105,-0.177205,-0.060828,0.069191,-0.060821,-0.093471,0.185278,-0.174824,0.052903,0.014105,-0.016785,0.164961,-0.043522,0.182224,-0.544886,1.010148,0.227106,0.090191,-0.044510,-0.115286,-0.144541,0.827175,1.102726,-0.001269,0.027027,0.088933
0.001226,0.034127,0.786204,-0.026136,-0.022972,-0.703859,0.709487,0.076047,0.075061,0.157140,0.166576,-0.176140,-0.059042,0.067333,-0.061868,-0.094208,0.185085,-0.173940,0.053682,0.013937,-0.017651,0.164305,-0.044904,0.183657,-0.546414,1.010829,0.229229,0.090582,-0.045458,-0.115768,-0.145273,0.827804,1.101835,-0.001591,0.027845,0.088510
0.001300,0.034493,0.786190,-0.026059,-0.022735,-0.703675,0.709679,0.075136,0.075184,0.157249,0.166031,-0.175498,-0.059647,0.066494,-0.061826,-0.094565,0.184930,-0.173622,0.053422,0.014275,-0.017206,0.165010,-0.046010,0.184616,-0.545293,1.010475,0.227185,0.090660,-0.045216,-0.116764,-0.145883,0.827381,1.102079,-0.001921,0.027167,0.088326
0.001425,0.034866,0.786236,-0.025635,-0.022215,-0.703669,0.709718,0.073392,0.075000,0.156307,0.165183,-0.174651,-0.060316,0.064773,-0.061921,-0.094987,0.184154,-0.172729,0.053740,0.014299,-0.016932,0.165183,-0.046913,0.185713,-0.543125,1.008596,0.224379,0.090177,-0.045999,-0.118088,-0.146661,0.826560,1.101354,0.000026,0.027494,0.089456
0.001466,0.035117,0.786382,-0.025209,-0.021979,-0.703055,0.710349,0.070980,0.074451,0.155233,0.166078,-0.173891,-0.058692,0.063740,-0.062567,-0.096550,0.183981,-0.171872,0.054141,0.014067,-0.017202,0.165241,-0.048494,0.186373,-0.540883,1.008830,0.228768,0.090578,-0.045400,-0.118833,-0.147120,0.827184,1.101156,-0.001026,0.028128,0.088781
0.001472,0.035331,0.786293,-0.025223,-0.021977,-0.702563,0.710834,0.070674,0.074053,0.153446,0.165439,-0.173549,-0.059468,0.063948,-0.062840,-0.097707,0.183674,-0.172140,0.054000,0.013924,-0.017073,0.166580,-0.050266,0.186995,-0.538684,1.008379,0.228329,0.089593,-0.046694,-0.119794,-0.147470,0.826739,1.101006,-0.000356,0.028151,0.089180
0.001568,0.035531,0.786412,-0.025259,-0.021933,-0.702031,0.711361,0.069881,0.073921,0.151961,0.165619,-0.172688,-0.059694,0.063943,-0.063064,-0.099188,0.183762,-0.171836,0.053720,0.013385,-0.016804,0.167458,-0.052282,0.187909,-0.538664,1.008962,0.226070,0.088603,-0.045169,-0.121026,-0.147859,0.828332,1.101726,-0.000538,0.027268,0.089512
0.001489,0.035697,0.786461,-0.024757,-0.021763,-0.701221,0.712182,0.067492,0.073081,0.150440,0.166470,-0.172340,-0.057765,0.063395,-0.063919,-0.101316,0.183124,-0.171213,0.054552,0.012607,-0.017433,0.167788,-0.054880,0.189074,-0.538717,1.008614,0.228400,0.090137,-0.046590,-0.121721,-0.148121,0.828637,1.100715,-0.001445,0.028203,0.089334
0.001542,0.035707,0.786374,-0.025260,-0.022065,-0.700631,0.712735,0.068785,0.073120,0.148793,0.165862,-0.172178,-0.059475,0.065024,-0.063926,-0.102896,0.183367,-0.172241,0.053606,0.012186,-0.016779,0.169407,-0.056277,0.189993,-0.538818,1.008516,0.225957,0.089689,-0.045492,-0.122319,-0.148252,0.828465,1.100343,-0.002766,0.027494,0.089153
0.001570,0.035717,0.786528,-0.024755,-0.021667,-0.699953,0.713430,0.066608,0.072490,0.146404,0.166071,-0.171396,-0.059011,0.063921,-0.064466,-0.104715,0.183288,-0.171762,0.053391,0.011192,-0.017182,0.168709,-0.058262,0.191143,-0.540787,1.009294,0.226647,0.090369,-0.045162,-0.123051,-0.148301,0.829281,1.099527,-0.002093,0.027079,0.089803
0.001495,0.035734,0.786473,-0.025022,-0.022164,-0.699484,0.713866,0.067133,0.072067,0.145939,0.167036,-0.171906,-0.057600,0.065790,-0.064979,-0.105816,0.182804,-0.171734,0.054662,0.010948,-0.017316,0.170112,-0.058915,0.191856,-0.540594,1.010067,0.226152,0.089532,-0.044376,-0.123276,-0.148263,0.828461,1.098245,-0.004212,0.027544,0.089466
0.001554,0.035588,0.786449,-0.025004,-0.021938,-0.699260,0.714093,0.067314,0.072200,0.145138,0.165944,-0.171494,-0.059411,0.065507,-0.064748,-0.106435,0.183258,-0.172542,0.053050,0.010820,-0.017105,0.169903,-0.059160,0.193077,-0.540968,1.009899,0.224611,0.089397,-0.045654,-0.123673,-0.148177,0.827846,1.098079,-0.002929,0.026059,0.090162
0.001474,0.035529,0.786550,-0.024745,-0.021833,-0.699230,0.714135,0.066549,0.072033,0.144916,0.166411,-0.171329,-0.058564,0.065087,-0.064948,-0.106481,0.183100,-0.172260,0.053400,0.011182,-0.017560,0.169872,-0.059289,0.194023,-0.541462,1.009852,0.222175,0.090021,-0.045401,-0.124639,-0.148040,0.828771,1.097820,-0.000536,0.026056,0.089966
0.001352,0.035434,0.786478,-0.024720,-0.021851,-0.699234,0.714131,0.066533,0.072210,0.145669,0.166737,-0.171700,-0.057910,0.065459,-0.064828,-0.106540,0.182735,-0.172076,0.053836,0.011681,-0.017712,0.170034,-0.058902,0.194949,-0.540725,1.010022,0.222904,0.090052,-0.045479,-0.125577,-0.147865,0.829182,1.097356,-0.000709,0.026956,0.090573
0.001380,0.035226,0.786521,-0.024680,-0.021482,-0.699397,0.713984,0.066783,0.072750,0.145998,0.165599,-0.171374,-0.059685,0.064874,-0.064195,-0.106128,0.182751,-0.172237,0.052888,0.011405,-0.017408,0.169522,-0.058065,0.195372,-0.539880,1.009902,0.222273,0.089811,-0.047918,-0.127201,-0.147868,0.829469,1.098065,-0.007821,0.027302,0.089528
0.001281,0.035112,0.786554,-0.024566,-0.021572,-0.699662,0.713726,0.066851,0.072673,0.145797,0.166145,-0.171579,-0.058961,0.064818,-0.064314,-0.105615,0.182899,-0.172246,0.053050,0.011496,-0.018011,0.169529,-0.057756,0.195863,-0.540326,1.010104,0.221396,0.089854,-0.046767,-0.128523,-0.147889,0.830321,1.098797,-0.006354,0.027073,0.088535
0.001139,0.034822,0.786464,-0.024808,-0.021619,-0.699908,0.713474,0.067883,0.073387,0.147134,0.166333,-0.172495,-0.058922,0.065702,-0.063538,-0.104581,0.182571,-0.172293,0.053281,0.011353,-0.017829,0.169421,-0.056951,0.196421,-0.540807,1.010075,0.221942,0.089430,-0.047601,-0.129075,-0.147970,0.828993,1.099075,-0.008520,0.026521,0.089622
0.001095,0.034554,0.786532,-0.024598,-0.021259,-0.700173,0.713233,0.067679,0.073822,0.147831,0.165846,-0.172466,-0.059548,0.064859,-0.063099,-0.104296,0.182749,-0.172532,0.052298,0.011793,-0.018105,0.168304,-0.057313,0.196994,-0.541969,1.010573,0.223001,0.089543,-0.047867,-0.130079,-0.148181,0.829844,1.099512,-0.005176,0.026419,0.088613
0.000954,0.034390,0.786488,-0.024862,-0.021571,-0.700531,0.712862,0.069272,0.074124,0.148433,0.165837,-0.172921,-0.059894,0.066010,-0.062783,-0.103158,0.182640,-0.172887,0.052612,0.012120,-0.018406,0.169036,-0.056911,0.197586,-0.541431,1.009923,0.229150,0.088837,-0.048383,-0.130619,-0.148500,0.829111,1.099465,-0.002146,0.027072,0.089842
0.000763,0.034034,0.786448,-0.024985,-0.021536,-0.700486,0.712903,0.069696,0.074734,0.148497,0.166148,-0.173524,-0.059940,0.066727,-0.062167,-0.103300,0.182316,-0.172753,0.052593,0.012215,-0.018244,0.168576,-0.057525,0.197926,-0.542291,1.010498,0.234748,0.088037,-0.046957,-0.130877,-0.148741,0.830039,1.100411,-0.003692,0.028080,0.089064
0.000666,0.033857,0.786498,-0.024858,-0.021507,-0.700624,0.712773,0.070037,0.074745,0.148465,0.165654,-0.173260,-0.060669,0.066657,-0.062161,-0.103302,0.182434,-0.173209,0.052201,0.012492,-0.018633,0.168573,-0.058385,0.198529,-0.541163,1.009835,0.230518,0.087880,-0.048422,-0.131984,-0.149389,0.831080,1.101368,-0.001735,0.027317,0.089889
0.000490,0.033677,0.786468,-0.025168,-0.021628,-0.700525,0.712856,0.070778,0.075395,0.148517,0.166247,-0.173903,-0.060684,0.067564,-0.061609,-0.103470,0.182837,-0.173578,0.051346,0.011945,-0.018228,0.169071,-0.059337,0.198864,-0.540770,1.009246,0.228464,0.088551,-0.048321,-0.132583,-0.149814,0.831245,1.101782,-0.005665,0.027870,0.088386
0.000316,0.033440,0.786469,-0.024904,-0.021436,-0.700402,0.712991,0.070294,0.075467,0.148408,0.166055,-0.173944,-0.060667,0.067572,-0.061441,-0.103821,0.181936,-0.173250,0.052049,0.012110,-0.018368,0.168547,-0.061135,0.199329,-0.540971,1.009334,0.226811,0.087950,-0.046753,-0.133165,-0.150353,0.831264,1.101826,-0.003151,0.027363,0.088988
0.000238,0.033309,0.786465,-0.024893,-0.021511,-0.700333,0.713058,0.070673,0.075393,0.147862,0.165837,-0.173627,-0.061356,0.067623,-0.061553,-0.104088,0.182715,-0.174004,0.050952,0.011969,-0.018400,0.168993,-0.062435,0.199825,-0.541276,1.009254,0.225527,0.087610,-0.045636,-0.134362,-0.151032,0.831738,1.102280,0.001625,0.025978,0.090620
0.000090,0.033161,0.786458,-0.024882,-0.021380,-0.700181,0.713212,0.070508,0.075761,0.147547,0.165996,-0.174030,-0.061392,0.067809,-0.061124,-0.104194,0.182526,-0.174133,0.050657,0.011682,-0.018123,0.168996,-0.063797,0.200257,-0.541738,1.009135,0.222148,0.087791,-0.045881,-0.134906,-0.151586,0.831637,1.101920,0.002396,0.025634,0.090105
-0.000060,0.032978,0.786447,-0.024550,-0.021206,-0.699960,0.713445,0.069748,0.075645,0.147157,0.166052,-0.173872,-0.061000,0.067896,-0.061233,-0.105130,0.181446,-0.173722,0.051781,0.011658,-0.018399,0.168381,-0.064218,0.200596,-0.540466,1.008763,0.220418,0.088462,-0.045944,-0.135248,-0.152123,0.830843,1.101055,0.006514,0.026507,0.091557
-0.000128,0.032897,0.786427,-0.024431,-0.021064,-0.699982,0.713432,0.069768,0.075751,0.147109,0.165455,-0.173806,-0.061813,0.067552,-0.061117,-0.105075,0.181705,-0.174440,0.050919,0.011534,-0.018412,0.168416,-0.064189,0.200802,-0.539594,1.007484,0.219128,0.089186,-0.046788,-0.135787,-0.152573,0.830181,1.100732,0.004003,0.026021,0.090399
-0.000233,0.032766,0.786432,-0.024683,-0.021191,-0.699920,0.713480,0.070270,0.076129,0.146965,0.166010,-0.174374,-0.061648,0.068013,-0.060734,-0.105144,0.182353,-0.174569,0.050159,0.011779,-0.018261,0.169020,-0.063757,0.200823,-0.538836,1.007026,0.222182,0.089046,-0.047504,-0.135924,-0.152866,0.830096,1.100085,0.000839,0.025790,0.088971
-0.000326,0.032616,0.786390,-0.024592,-0.021436,-0.699821,0.713573,0.070618,0.075616,0.146554,0.166143,-0.174176,-0.061186,0.069122,-0.061179,-0.105447,0.181254,-0.174640,0.051927,0.011172,-0.018706,0.169167,-0.062852,0.200749,-0.539352,1.006749,0.222476,0.088711,-0.046198,-0.135578,-0.153034,0.829903,1.099298,0.000967,0.026084,0.089051
-0.000328,0.032547,0.786390,-0.024759,-0.021316,-0.699909,0.713485,0.070977,0.076194,0.146800,0.165892,-0.174565,-0.062120,0.068624,-0.060699,-0.105143,0.182551,-0.175262,0.049874,0.011468,-0.018113,0.169308,-0.061419,0.200480,-0.538876,1.005711,0.225531,0.088923,-0.045638,-0.134897,-0.153187,0.828727,1.098627,0.002824,0.025639,0.089479
-0.000330,0.032404,0.786382,-0.024785,-0.021486,-0.699809,0.713577,0.071315,0.075931,0.146835,0.166211,-0.174832,-0.061489,0.069432,-0.060923,-0.105384,0.182084,-0.175431,0.050753,0.010922,-0.018256,0.169248,-0.059842,0.199968,-0.539571,1.005272,0.229483,0.089504,-0.045819,-0.133871,-0.153265,0.828956,1.097663,0.000257,0.026988,0.089546
-0.000333,0.032337,0.786321,-0.024911,-0.021778,-0.699904,0.713470,0.072127,0.075652,0.146712,0.166347,-0.175197,-0.061182,0.070343,-0.061151,-0.105118,0.181851,-0.175710,0.051541,0.011076,-0.018331,0.169552,-0.058052,0.199145,-0.539355,1.004785,0.228519,0.089495,-0.045160,-0.132277,-0.153215,0.828374,1.096964,-0.000776,0.025932,0.088716
-0.000294,0.032242,0.786353,-0.025109,-0.021803,-0.699985,0.713383,0.072734,0.076029,0.147198,0.166269,-0.175127,-0.061909,0.070459,-0.060893,-0.105007,0.182564,-0.175901,0.050568,0.010925,-0.017769,0.169716,-0.056580,0.198237,-0.539394,1.004954,0.224909,0.089749,-0.046057,-0.130812,-0.153077,0.827977,1.096735,-0.000186,0.025501,0.088977
-0.000238,0.032160,0.786282,-0.025298,-0.022125,-0.700142,0.713213,0.073786,0.075710,0.147633,0.166416,-0.175965,-0.061280,0.071308,-0.061158,-0.104343,0.182558,-0.176541,0.051115,0.010989,-0.017557,0.169980,-0.054958,0.196983,-0.539402,1.005086,0.222850,0.090019,-0.047441,-0.128797,-0.152744,0.826954,1.096492,-0.002561,0.026116,0.088240
-0.000144,0.032181,0.786285,-0.025219,-0.022141,-0.700260,0.713099,0.073761,0.075543,0.148075,0.166394,-0.175686,-0.061221,0.071004,-0.061382,-0.104185,0.182771,-0.176209,0.051288,0.010946,-0.017267,0.169992,-0.053772,0.195942,-0.539871,1.005494,0.228187,0.089614,-0.047005,-0.127195,-0.152431,0.827154,1.096352,-0.005958,0.027163,0.087531
-0.000036,0.032142,0.786306,-0.025412,-0.022276,-0.700453,0.712898,0.074401,0.075502,0.148521,0.166504,-0.176015,-0.061135,0.071167,-0.061446,-0.103646,0.183422,-0.176692,0.050778,0.010871,-0.016673,0.170486,-0.052910,0.194595,-0.540781,1.006479,0.230890,0.089844,-0.045652,-0.125852,-0.152049,0.828254,1.096448,0.002850,0.026790,0.090108
0.000050,0.032129,0.786231,-0.025544,-0.022538,-0.700507,0.712832,0.075148,0.075212,0.149012,0.166522,-0.176473,-0.060704,0.072069,-0.061681,-0.103340,0.182834,-0.176786,0.052060,0.010232,-0.016639,0.171132,-0.051616,0.194039,-0.540678,1.006452,0.228493,0.089299,-0.044879,-0.124373,-0.151876,0.828450,1.096268,0.002652,0.026609,0.090282
0.000246,0.032194,0.786260,-0.025542,-0.022509,-0.700720,0.712623,0.075136,0.075036,0.149334,0.166559,-0.176436,-0.060614,0.071432,-0.061899,-0.102931,0.183589,-0.176565,0.051560,0.009668,-0.015906,0.171530,-0.050828,0.193241,-0.540975,1.006193,0.226136,0.089161,-0.043654,-0.123064,-0.151622,0.828533,1.096523,0.004573,0.025864,0.089736
0.000386,0.032190,0.786233,-0.025718,-0.022861,-0.700764,0.712563,0.076131,0.074573,0.149536,0.166321,-0.176397,-0.060762,0.072070,-0.062408,-0.102547,0.184022,-0.177098,0.051763,0.009215,-0.015500,0.172314,-0.050201,0.192376,-0.541199,1.006970,0.226418,0.088942,-0.044271,-0.121938,-0.151394,0.828456,1.097031,0.001236,0.026397,0.089912
0.000499,0.032241,0.786188,-0.025918,-0.023018,-0.700931,0.712386,0.076698,0.074492,0.149963,0.166561,-0.176881,-0.060202,0.072609,-0.062403,-0.102035,0.183723,-0.177085,0.052421,0.008803,-0.014816,0.173220,-0.049727,0.191295,-0.540585,1.007075,0.225561,0.089614,-0.044781,-0.121184,-0.151214,0.828244,1.097007,-0.004336,0.027029,0.088945
0.000633,0.032314,0.786235,-0.025686,-0.022735,-0.701058,0.712279,0.075983,0.074463,0.150405,0.166151,-0.176415,-0.060551,0.071516,-0.062466,-0.101737,0.183817,-0.176604,0.052285,0.007701,-0.014419,0.172797,-0.049545,0.190478,-0.540793,1.007112,0.225103,0.088981,-0.043416,-0.120428,-0.151049,0.827692,1.097042,-0.001972,0.026850,0.088403
0.000743,0.032458,0.786220,-0.025442,-0.022541,-0.701384,0.711972,0.075446,0.074336,0.151388,0.165880,-0.176384,-0.060132,0.070668,-0.062605,-0.100902,0.183262,-0.176180,0.053125,0.007331,-0.014281,0.172986,-0.049640,0.190168,-0.541432,1.006511,0.224593,0.089080,-0.043367,-0.120722,-0.150974,0.827503,1.097746,0.001958,0.026318,0.089577
0.000782,0.032566,0.786243,-0.025386,-0.022332,-0.701595,0.711773,0.074854,0.074615,0.151924,0.166093,-0.176408,-0.059871,0.069898,-0.062301,-0.100318,0.183226,-0.175775,0.053037,0.007012,-0.014069,0.173321,-0.050378,0.189660,-0.542173,1.007143,0.224394,0.089058,-0.043281,-0.121128,-0.150818,0.827135,1.097690,0.004135,0.027074,0.089761
0.000787,0.032687,0.786279,-0.025223,-0.021969,-0.701804,0.711584,0.074089,0.075067,0.152579,0.165745,-0.175817,-0.060580,0.068566,-0.061849,-0.099784,0.183453,-0.175347,0.052311,0.006605,-0.014064,0.173417,-0.051654,0.189313,-0.543182,1.008183,0.224291,0.089462,-0.043132,-0.121074,-0.150550,0.826213,1.097487,0.004656,0.026945,0.088853
0.000769,0.032776,0.786246,-0.024990,-0.021796,-0.702148,0.711259,0.073468,0.075121,0.153215,0.165981,-0.176084,-0.059808,0.067860,-0.061786,-0.098973,0.182952,-0.175124,0.052916,0.006656,-0.014638,0.173490,-0.052616,0.189225,-0.543403,1.008037,0.223474,0.090178,-0.043454,-0.121169,-0.150302,0.825018,1.097405,0.005142,0.026345,0.089234
0.000705,0.032866,0.786290,-0.024825,-0.021420,-0.702390,0.711036,0.072690,0.075673,0.154009,0.165721,-0.175820,-0.060255,0.066647,-0.061174,-0.098370,0.182865,-0.174576,0.052452,0.007075,-0.014992,0.173585,-0.054029,0.189222,-0.543892,1.008320,0.225152,0.090101,-0.042758,-0.121488,-0.150000,0.824561,1.096389,0.005708,0.027075,0.089019
0.000569,0.032868,0.786265,-0.025034,-0.021478,-0.702622,0.710798,0.073245,0.076225,0.154428,0.165804,-0.175962,-0.060689,0.066816,-0.060556,-0.097547,0.183044,-0.174581,0.052027,0.007774,-0.015731,0.174278,-0.055017,0.189245,-0.544191,1.008148,0.226491,0.090428,-0.043181,-0.121469,-0.149453,0.824919,1.095698,0.007190,0.026652,0.088484
0.000463,0.032917,0.786252,-0.024829,-0.021341,-0.702768,0.710666,0.072713,0.076343,0.154633,0.165822,-0.176025,-0.060489,0.066335,-0.060464,-0.097432,0.182708,-0.174463,0.052262,0.007839,-0.016923,0.174422,-0.055991,0.189336,-0.544055,1.007741,0.225539,0.090178,-0.044064,-0.121436,-0.148666,0.823760,1.095122,0.007043,0.026844,0.088859
0.000320,0.032867,0.786253,-0.025111,-0.021348,-0.702842,0.710582,0.073208,0.077109,0.154961,0.166036,-0.176421,-0.060981,0.066540,-0.059700,-0.097087,0.183135,-0.174491,0.051309,0.008807,-0.017164,0.175525,-0.057113,0.189378,-0.544943,1.006641,0.224957,0.090371,-0.044265,-0.121691,-0.147856,0.823054,1.095460,0.005798,0.026827,0.088200
0.000192,0.032871,0.786276,-0.024865,-0.021197,-0.702850,0.710588,0.072539,0.077118,0.154944,0.165960,-0.175965,-0.060957,0.066104,-0.059712,-0.097303,0.182710,-0.174275,0.051698,0.009226,-0.018805,0.175213,-0.057353,0.189316,-0.544643,1.005838,0.223046,0.090238,-0.044635,-0.121505,-0.147378,0.822936,1.094360,0.005168,0.026928,0.088664
0.000110,0.032781,0.786229,-0.025005,-0.021304,-0.702811,0.710617,0.073023,0.077237,0.154530,0.166126,-0.176504,-0.060942,0.066684,-0.059551,-0.097436,0.182807,-0.174653,0.051516,0.009668,-0.020162,0.175426,-0.057147,0.188847,-0.543794,1.004474,0.226482,0.091836,-0.045997,-0.121202,-0.146033,0.821393,1.093834,0.002850,0.027213,0.088980
-0.000010,0.032635,0.786231,-0.025055,-0.021241,-0.702575,0.710851,0.073029,0.077566,0.153932,0.166153,-0.176457,-0.061521,0.066855,-0.059234,-0.098013,0.183075,-0.174876,0.050815,0.009819,-0.021089,0.175154,-0.057459,0.187995,-0.545419,1.004499,0.223787,0.091597,-0.044086,-0.121468,-0.144364,0.820683,1.094291,0.002995,0.026643,0.088766
-0.000105,0.032431,0.786196,-0.025296,-0.021569,-0.702379,0.711026,0.074027,0.077518,0.153645,0.166387,-0.177010,-0.061398,0.068283,-0.059325,-0.098433,0.183040,-0.175707,0.051006,0.010337,-0.022358,0.175348,-0.056314,0.187164,-0.544518,1.003916,0.223229,0.090987,-0.044469,-0.121207,-0.143152,0.820086,1.094023,0.000670,0.027581,0.088363
-0.000120,0.032201,0.786144,-0.025498,-0.021805,-0.702210,0.711179,0.074913,0.077391,0.153071,0.166672,-0.177604,-0.061202,0.069324,-0.059474,-0.098971,0.183374,-0.176171,0.050898,0.009950,-0.023028,0.175346,-0.055442,0.185576,-0.545516,1.004511,0.226922,0.091081,-0.044655,-0.121829,-0.141535,0.819848,1.094751,-0.001106,0.027986,0.087887
-0.000106,0.031955,0.786129,-0.025507,-0.021933,-0.701970,0.711412,0.075502,0.077109,0.152580,0.166369,-0.177485,-0.061661,0.070079,-0.059760,-0.099603,0.183414,-0.176645,0.051000,0.009431,-0.023972,0.174941,-0.054050,0.184597,-0.546542,1.005035,0.225930,0.089999,-0.042558,-0.121796,-0.140684,0.819812,1.094235,-0.001086,0.028170,0.087325
-0.000125,0.031703,0.786108,-0.025589,-0.022161,-0.701818,0.711552,0.076189,0.076821,0.152117,0.166514,-0.177846,-0.061417,0.071125,-0.060009,-0.099792,0.183313,-0.177455,0.051320,0.009537,-0.024523,0.174431,-0.053129,0.183008,-0.547593,1.005991,0.229016,0.090424,-0.044081,-0.121876,-0.139577,0.819708,1.094814,-0.002811,0.027559,0.086816
-0.000077,0.031373,0.786037,-0.025857,-0.022389,-0.701718,0.711634,0.077510,0.076810,0.152105,0.166469,-0.178658,-0.061540,0.072502,-0.060112,-0.100177,0.183391,-0.177944,0.051467,0.009097,-0.024623,0.174044,-0.051471,0.181435,-0.548473,1.006226,0.227424,0.091344,-0.045012,-0.122213,-0.138802,0.820424,1.094589,-0.002406,0.027854,0.086149
-0.000011,0.031104,0.786041,-0.025750,-0.022401,-0.701707,0.711648,0.077768,0.076467,0.151711,0.166436,-0.178700,-0.061502,0.072637,-0.060413,-0.100297,0.183707,-0.178452,0.051343,0.008280,-0.024887,0.172898,-0.049779,0.179902,-0.549558,1.006999,0.228280,0.091279,-0.044960,-0.122478,-0.138190,0.820479,1.094579,-0.000149,0.026708,0.086347
0.000065,0.030758,0.785981,-0.025966,-0.022739,-0.701689,0.711647,0.079249,0.076147,0.152155,0.166357,-0.179351,-0.061313,0.074100,-0.060735,-0.100109,0.183624,-0.179211,0.051982,0.008043,-0.024816,0.172573,-0.048158,0.178579,-0.551558,1.007290,0.224880,0.089525,-0.044763,-0.122431,-0.137838,0.820005,1.095528,0.001458,0.026854,0.086229
0.000129,0.030393,0.785902,-0.026148,-0.023033,-0.701848,0.711474,0.080761,0.075978,0.152688,0.166373,-0.180192,-0.061159,0.075344,-0.060953,-0.099617,0.183787,-0.179925,0.052291,0.008636,-0.024646,0.171725,-0.047125,0.176665,-0.552539,1.008306,0.224998,0.089430,-0.045630,-0.122044,-0.137578,0.818843,1.096422,0.002330,0.027238,0.087279
0.000256,0.030124,0.785901,-0.026152,-0.023080,-0.701956,0.711366,0.081234,0.075742,0.152546,0.166498,-0.180454,-0.061016,0.075362,-0.061152,-0.099322,0.184538,-0.180455,0.051713,0.008308,-0.024295,0.170680,-0.046051,0.175530,-0.552408,1.008340,0.224198,0.089112,-0.045128,-0.122179,-0.137615,0.818521,1.097882,0.002054,0.027392,0.087467
0.000394,0.029870,0.785862,-0.026505,-0.023353,-0.702096,0.711205,0.082886,0.075736,0.153435,0.166371,-0.181273,-0.061030,0.076600,-0.061165,-0.098781,0.184693,-0.180875,0.052056,0.009007,-0.023181,0.170558,-0.045476,0.173650,-0.551798,1.008617,0.226927,0.089221,-0.044440,-0.121864,-0.138056,0.817915,1.099406,0.001361,0.027481,0.086839
0.000482,0.029647,0.785805,-0.026501,-0.023523,-0.702139,0.711158,0.083579,0.075314,0.153539,0.166163,-0.181440,-0.060921,0.077457,-0.061598,-0.098711,0.184295,-0.181218,0.052992,0.009163,-0.022736,0.169947,-0.045746,0.172430,-0.551318,1.008582,0.231670,0.090287,-0.044776,-0.121417,-0.138557,0.817371,1.100345,0.000818,0.027635,0.086267
0.000645,0.029427,0.785812,-0.026578,-0.023749,-0.702159,0.711128,0.084487,0.074833,0.153684,0.166184,-0.181582,-0.060675,0.078093,-0.062073,-0.098546,0.184634,-0.181751,0.053134,0.008829,-0.022078,0.169537,-0.046128,0.171414,-0.550773,1.008902,0.230752,0.091009,-0.044347,-0.121325,-0.139309,0.817867,1.101230,0.002895,0.027565,0.086562
0.000737,0.029247,0.785779,-0.026715,-0.023814,-0.702057,0.711221,0.085127,0.074774,0.153499,0.165971,-0.181976,-0.061047,0.078580,-0.062149,-0.098781,0.185033,-0.182173,0.052638,0.008011,-0.021099,0.169258,-0.046728,0.170777,-0.550432,1.009983,0.232277,0.091402,-0.044920,-0.120905,-0.140037,0.817507,1.101658,0.003052,0.027118,0.086594
0.000832,0.029083,0.785738,-0.026615,-0.023896,-0.702052,0.711227,0.085384,0.074336,0.153759,0.165919,-0.182277,-0.060499,0.079156,-0.062603,-0.098795,0.184381,-0.182330,0.053769,0.007608,-0.020534,0.169096,-0.048036,0.170480,-0.550147,1.010991,0.229163,0.091800,-0.046979,-0.120413,-0.140678,0.816684,1.101529,0.001906,0.027045,0.086439
0.000998,0.029006,0.785757,-0.026581,-0.023908,-0.702107,0.711173,0.085496,0.074026,0.153910,0.165961,-0.182233,-0.060258,0.078954,-0.062927,-0.098657,0.184812,-0.182295,0.053648,0.006728,-0.019411,0.169469,-0.049037,0.170373,-0.550174,1.011133,0.224017,0.091044,-0.046680,-0.120599,-0.141358,0.816259,1.101569,0.002716,0.027538,0.086402
0.001024,0.028896,0.785734,-0.026596,-0.023818,-0.702184,0.711100,0.085597,0.074174,0.153923,0.165972,-0.182712,-0.060290,0.079011,-0.062726,-0.098371,0.184685,-0.182657,0.053429,0.006049,-0.018613,0.169501,-0.050255,0.170505,-0.550515,1.011946,0.226162,0.090826,-0.043208,-0.120153,-0.141688,0.815820,1.100929,-0.000957,0.027909,0.085527
0.001105,0.028837,0.785727,-0.026434,-0.023736,-0.702366,0.710929,0.085520,0.073980,0.154710,0.165806,-0.182693,-0.060058,0.078595,-0.062971,-0.097916,0.184752,-0.182505,0.053651,0.006322,-0.018081,0.169723,-0.051597,0.170736,-0.549722,1.012340,0.230245,0.089737,-0.041241,-0.119894,-0.141840,0.816035,1.100106,0.001399,0.027841,0.085678
0.001193,0.028763,0.785727,-0.026239,-0.023559,-0.702626,0.710685,0.085346,0.073899,0.155257,0.165435,-0.182627,-0.060210,0.078029,-0.062955,-0.097261,0.184467,-0.182285,0.053921,0.006027,-0.017277,0.169924,-0.052880,0.171124,-0.549007,1.012218,0.224979,0.088650,-0.041734,-0.119677,-0.141935,0.816102,1.099657,0.002002,0.027049,0.086314
0.001224,0.028641,0.785723,-0.026385,-0.023712,-0.702760,0.710542,0.086036,0.073894,0.155516,0.165662,-0.182963,-0.059952,0.078697,-0.062990,-0.096820,0.184356,-0.182585,0.054312,0.005534,-0.016975,0.170835,-0.053728,0.171690,-0.548541,1.012649,0.224292,0.089210,-0.043459,-0.118661,-0.141729,0.815480,1.098325,0.001157,0.026446,0.086141
0.001231,0.028575,0.785706,-0.026192,-0.023477,-0.702837,0.710480,0.085615,0.073949,0.155886,0.165422,-0.182972,-0.060052,0.078171,-0.062906,-0.096701,0.184169,-0.182409,0.054256,0.005028,-0.016824,0.170852,-0.054442,0.172614,-0.547793,1.012377,0.223838,0.089390,-0.043045,-0.118021,-0.141046,0.815592,1.096726,-0.000699,0.027673,0.085975
0.001214,0.028465,0.785700,-0.026085,-0.023358,-0.702922,0.710404,0.085459,0.074050,0.156110,0.165361,-0.183152,-0.060078,0.077796,-0.062779,-0.096479,0.184329,-0.182488,0.053839,0.004415,-0.016514,0.171160,-0.054677,0.173718,-0.548397,1.011457,0.223899,0.089608,-0.042228,-0.117753,-0.139819,0.815933,1.096349,0.002109,0.026540,0.085910
0.001228,0.028332,0.785721,-0.026088,-0.023362,-0.702928,0.710399,0.085631,0.074038,0.155949,0.165473,-0.183200,-0.059967,0.078153,-0.062764,-0.096376,0.183996,-0.182479,0.054313,0.003965,-0.016702,0.171310,-0.054690,0.174367,-0.547396,1.010968,0.224627,0.090629,-0.044351,-0.116924,-0.138725,0.816413,1.095169,-0.000558,0.026740,0.086102
0.001216,0.028181,0.785707,-0.026004,-0.023247,-0.703056,0.710279,0.085652,0.074135,0.156256,0.165496,-0.183483,-0.059886,0.078029,-0.062663,-0.096118,0.183965,-0.182766,0.054131,0.003864,-0.016384,0.171160,-0.054404,0.174711,-0.548000,1.010442,0.225600,0.090205,-0.043382,-0.116012,-0.137745,0.816796,1.095138,-0.002885,0.026878,0.085462
0.001204,0.027995,0.785686,-0.026063,-0.023251,-0.702925,0.710406,0.085903,0.074231,0.156201,0.165513,-0.183699,-0.059974,0.078463,-0.062648,-0.096671,0.183958,-0.182684,0.054120,0.003706,-0.015998,0.171390,-0.054023,0.174890,-0.548343,1.009636,0.226188,0.090036,-0.043639,-0.115330,-0.136950,0.817091,1.095355,-0.003231,0.025557,0.085033
0.001238,0.027834,0.785695,-0.026098,-0.023147,-0.702977,0.710356,0.086094,0.074449,0.156157,0.165560,-0.183940,-0.060106,0.078502,-0.062382,-0.096402,0.184119,-0.183038,0.053675,0.003643,-0.015937,0.170954,-0.053096,0.174921,-0.548408,1.009352,0.226549,0.089862,-0.043831,-0.114627,-0.135654,0.817023,1.095541,0.000076,0.025776,0.085912
0.001226,0.027658,0.785683,-0.026068,-0.023193,-0.702864,0.710468,0.086345,0.074288,0.155800,0.165444,-0.183873,-0.060328,0.078813,-0.062562,-0.096677,0.184200,-0.183193,0.053750,0.003803,-0.015895,0.170952,-0.052647,0.174789,-0.549253,1.009118,0.225337,0.089892,-0.043737,-0.114168,-0.134875,0.817440,1.095921,0.000300,0.026229,0.086344
0.001214,0.027518,0.785674,-0.026013,-0.023192,-0.702738,0.710595,0.086465,0.074150,0.155902,0.165290,-0.184017,-0.060214,0.079132,-0.062703,-0.096929,0.183966,-0.183344,0.054075,0.003935,-0.015847,0.170691,-0.051743,0.174289,-0.548607,1.009034,0.225239,0.089890,-0.043696,-0.114404,-0.133752,0.818429,1.097329,-0.000002,0.025894,0.086165
0.001244,0.027395,0.785651,-0.025981,-0.023211,-0.702707,0.710626,0.086754,0.073984,0.155706,0.165030,-0.184071,-0.060383,0.079512,-0.062830,-0.097131,0.183669,-0.183647,0.054407,0.004041,-0.016006,0.170496,-0.050632,0.173892,-0.547645,1.008443,0.225092,0.090165,-0.044539,-0.114377,-0.133289,0.818286,1.097812,-0.000158,0.026151,0.086276
0.001255,0.027221,0.785660,-0.025999,-0.023203,-0.702557,0.710774,0.086836,0.073957,0.155037,0.165205,-0.184247,-0.060390,0.079600,-0.062883,-0.097526,0.184211,-0.183912,0.053731,0.003676,-0.015780,0.170249,-0.049785,0.173480,-0.548488,1.008395,0.225411,0.089769,-0.045201,-0.114925,-0.132984,0.818651,1.099227,0.001199,0.025553,0.085765
0.001248,0.027120,0.785623,-0.025897,-0.023137,-0.702487,0.710849,0.086665,0.073879,0.155121,0.165205,-0.184540,-0.060007,0.079764,-0.062950,-0.097698,0.183716,-0.183811,0.054386,0.003946,-0.015853,0.169885,-0.049052,0.173105,-0.548564,1.008413,0.225211,0.090154,-0.046808,-0.115615,-0.132916,0.818089,1.100499,0.000064,0.025653,0.086459
0.001234,0.027019,0.785619,-0.025930,-0.023086,-0.702323,0.711011,0.086809,0.073941,0.154605,0.164932,-0.184439,-0.060589,0.079978,-0.062876,-0.098177,0.183791,-0.184213,0.053937,0.003783,-0.015871,0.169579,-0.048539,0.172658,-0.548570,1.009143,0.225703,0.089981,-0.045966,-0.116431,-0.133043,0.817578,1.101185,0.001027,0.025930,0.086345
0.001261,0.026971,0.785652,-0.025756,-0.023000,-0.702263,0.711080,0.086349,0.073723,0.154298,0.165048,-0.184264,-0.060290,0.079555,-0.063093,-0.098270,0.184027,-0.184198,0.053828,0.003641,-0.016100,0.169297,-0.048385,0.172404,-0.548844,1.009513,0.223742,0.089840,-0.045593,-0.117599,-0.133289,0.817166,1.102576,-0.000579,0.025425,0.085064
0.001262,0.026938,0.785617,-0.025685,-0.022918,-0.702269,0.711079,0.086208,0.073722,0.154425,0.164937,-0.184509,-0.060083,0.079644,-0.063114,-0.098559,0.183471,-0.183943,0.054468,0.003837,-0.016149,0.169217,-0.048424,0.172136,-0.548951,1.009715,0.222623,0.089538,-0.044381,-0.118665,-0.133754,0.816588,1.103019,-0.000438,0.026402,0.085020
0.001231,0.026933,0.785643,-0.025735,-0.022887,-0.702259,0.711088,0.086226,0.073931,0.154422,0.164956,-0.184341,-0.060375,0.079574,-0.062909,-0.098371,0.183643,-0.184012,0.054042,0.004054,-0.016135,0.169609,-0.048589,0.171864,-0.548360,1.010092,0.223618,0.089651,-0.044434,-0.119528,-0.134598,0.815966,1.103255,0.001557,0.026211,0.085337
0.001222,0.026925,0.785633,-0.025768,-0.022988,-0.702318,0.711025,0.086604,0.073865,0.154577,0.164807,-0.184351,-0.060508,0.079812,-0.062951,-0.098143,0.183629,-0.184258,0.054140,0.004137,-0.016304,0.170165,-0.049126,0.171749,-0.548677,1.010560,0.223936,0.090306,-0.045462,-0.120158,-0.135334,0.815349,1.103346,0.002431,0.026357,0.085984
0.001197,0.026897,0.785628,-0.025554,-0.022734,-0.702291,0.711068,0.085801,0.073910,0.154534,0.164866,-0.184369,-0.060201,0.079226,-0.062869,-0.098327,0.183321,-0.183743,0.054374,0.004270,-0.016287,0.169895,-0.049622,0.171716,-0.548984,1.010638,0.225722,0.090553,-0.045330,-0.120120,-0.136358,0.814378,1.102862,0.000303,0.026640,0.085704
0.001175,0.026870,0.785641,-0.025545,-0.022757,-0.702322,0.711037,0.085921,0.073943,0.154596,0.164777,-0.184299,-0.060408,0.079158,-0.062869,-0.098326,0.183523,-0.183991,0.054033,0.004905,-0.016579,0.170089,-0.049856,0.171717,-0.548320,1.010346,0.225958,0.090626,-0.046555,-0.119661,-0.136950,0.813695,1.102584,-0.003156,0.026714,0.084868
0.001128,0.026877,0.785632,-0.025531,-0.022697,-0.702401,0.710961,0.085832,0.074090,0.154617,0.164834,-0.184384,-0.060401,0.079117,-0.062689,-0.098027,0.183337,-0.184070,0.054093,0.005197,-0.016863,0.170482,-0.050410,0.171733,-0.548023,1.010411,0.225051,0.090454,-0.045589,-0.119562,-0.137338,0.813912,1.102008,-0.001747,0.027346,0.085423
0.001115,0.026850,0.785624,-0.025428,-0.022514,-0.702371,0.711000,0.085403,0.074269,0.154748,0.164785,-0.184474,-0.060366,0.078751,-0.062533,-0.098245,0.183191,-0.183633,0.054131,0.005247,-0.016883,0.170282,-0.050489,0.171688,-0.547430,1.010100,0.225955,0.090600,-0.045694,-0.118763,-0.137682,0.813663,1.101171,-0.003463,0.027621,0.085419
0.001063,0.026820,0.785636,-0.025535,-0.022678,-0.702332,0.711030,0.085745,0.074227,0.154492,0.165020,-0.184502,-0.060259,0.079276,-0.062551,-0.098207,0.183195,-0.184140,0.054072,0.005346,-0.017371,0.170947,-0.050896,0.171592,-0.547710,1.010100,0.226562,0.090728,-0.045525,-0.118037,-0.138011,0.814045,1.100107,-0.002501,0.027630,0.086293
0.001049,0.026766,0.785640,-0.025446,-0.022529,-0.702233,0.711135,0.085447,0.074309,0.154102,0.164836,-0.184487,-0.060662,0.078943,-0.062458,-0.098523,0.183366,-0.184010,0.053601,0.005175,-0.017527,0.170736,-0.050916,0.171501,-0.547834,1.009656,0.224260,0.090547,-0.046251,-0.117121,-0.138104,0.814264,1.098704,-0.001717,0.028356,0.086809
0.001048,0.026746,0.785626,-0.025508,-0.022600,-0.702315,0.711050,0.085790,0.074312,0.154479,0.164819,-0.184529,-0.060627,0.079193,-0.062469,-0.098297,0.183238,-0.183897,0.053950,0.005629,-0.017782,0.170913,-0.050984,0.171304,-0.548355,1.009540,0.225881,0.090930,-0.046470,-0.116399,-0.138034,0.815504,1.098035,0.001153,0.027400,0.087094
0.001036,0.026706,0.785633,-0.025657,-0.022721,-0.702257,0.711098,0.086120,0.074387,0.154241,0.165070,-0.184682,-0.060572,0.079644,-0.062417,-0.098524,0.183412,-0.184116,0.053759,0.005865,-0.017923,0.171325,-0.051015,0.171073,-0.548316,1.009349,0.226043,0.091169,-0.047265,-0.115453,-0.137825,0.816242,1.097231,-0.000457,0.027618,0.086562
0.001062,0.026660,0.785623,-0.025608,-0.022638,-0.702270,0.711089,0.085994,0.074412,0.154361,0.165050,-0.184810,-0.060510,0.079508,-0.062432,-0.098532,0.183382,-0.184169,0.053735,0.006121,-0.018143,0.171047,-0.050766,0.170762,-0.547954,1.009249,0.227441,0.091391,-0.047191,-0.114733,-0.137470,0.816940,1.096715,-0.000995,0.027969,0.086950
0.001079,0.026623,0.785604,-0.025624,-0.022704,-0.702267,0.711090,0.086197,0.074289,0.154181,0.165049,-0.185000,-0.060381,0.079848,-0.062492,-0.098496,0.183122,-0.184231,0.054167,0.006375,-0.018429,0.170961,-0.050495,0.170499,-0.547940,1.009257,0.226758,0.091092,-0.047432,-0.114205,-0.137160,0.817897,1.096189,-0.001682,0.027527,0.086257
0.001121,0.026628,0.785625,-0.025645,-0.022740,-0.702178,0.711176,0.086213,0.074180,0.154178,0.165021,-0.184756,-0.060487,0.079819,-0.062633,-0.098653,0.183414,-0.184193,0.053983,0.006462,-0.018512,0.171141,-0.050560,0.170126,-0.548209,1.009047,0.227651,0.091462,-0.046504,-0.114240,-0.136738,0.818657,1.096164,-0.002771,0.027365,0.085989
0.001147,0.026596,0.785614,-0.025560,-0.022616,-0.702035,0.711324,0.085873,0.074151,0.153943,0.164968,-0.184849,-0.060430,0.079720,-0.062682,-0.099102,0.183271,-0.184506,0.053882,0.006215,-0.018535,0.170792,-0.050398,0.169882,-0.548729,1.009384,0.227550,0.091059,-0.046176,-0.114272,-0.136445,0.818758,1.096446,-0.004129,0.027425,0.085868
0.001206,0.026626,0.785617,-0.025483,-0.022606,-0.701932,0.711429,0.085561,0.073898,0.153557,0.165088,-0.184776,-0.060149,0.079639,-0.062939,-0.099414,0.183186,-0.184100,0.054239,0.006208,-0.018783,0.170662,-0.050363,0.169666,-0.548761,1.009662,0.226758,0.090447,-0.045151,-0.114570,-0.136139,0.818123,1.096716,-0.003152,0.027301,0.085963
0.001246,0.026641,0.785635,-0.025557,-0.022603,-0.701929,0.711429,0.085660,0.073979,0.153475,0.165044,-0.184647,-0.060395,0.079584,-0.062883,-0.099440,0.183480,-0.184274,0.053801,0.006453,-0.018751,0.170776,-0.050344,0.169526,-0.549033,1.009927,0.230718,0.091103,-0.045558,-0.115164,-0.135916,0.818179,1.097632,-0.002077,0.026276,0.085436
0.001334,0.026712,0.785609,-0.025700,-0.022733,-0.702106,0.711245,0.086222,0.073929,0.154327,0.164899,-0.184750,-0.060313,0.079822,-0.062939,-0.098922,0.183475,-0.184382,0.054070,0.006984,-0.018601,0.171436,-0.050370,0.169463,-0.548725,1.010278,0.230152,0.090439,-0.044086,-0.116339,-0.135799,0.818159,1.097939,-0.003187,0.027086,0.085651
0.001395,0.026755,0.785630,-0.025526,-0.022644,-0.702052,0.711307,0.085590,0.073620,0.153812,0.164998,-0.184516,-0.059915,0.079390,-0.063175,-0.098923,0.183363,-0.184019,0.054415,0.006599,-0.018630,0.171098,-0.050173,0.169480,-0.548649,1.010396,0.231559,0.091410,-0.044288,-0.116959,-0.135775,0.817811,1.098311,0.001166,0.026141,0.085916
0.001452,0.026794,0.785629,-0.025504,-0.022602,-0.702077,0.711285,0.085528,0.073570,0.153830,0.164844,-0.184480,-0.060095,0.079120,-0.063239,-0.098930,0.183569,-0.184088,0.054129,0.006881,-0.018425,0.170955,-0.050179,0.169568,-0.548590,1.010779,0.230988,0.090641,-0.042902,-0.117330,-0.135808,0.817263,1.098752,0.001128,0.026798,0.085504
0.001468,0.026786,0.785593,-0.025721,-0.022761,-0.702019,0.711330,0.086173,0.073644,0.153954,0.164789,-0.184784,-0.060258,0.079823,-0.063153,-0.098988,0.183502,-0.184314,0.054164,0.006749,-0.018218,0.171456,-0.050173,0.169785,-0.548379,1.011139,0.231829,0.091120,-0.043437,-0.117637,-0.135875,0.816888,1.099094,-0.000213,0.027406,0.085693
0.001528,0.026830,0.785609,-0.025595,-0.022695,-0.701992,0.711363,0.085668,0.073464,0.153857,0.165065,-0.184787,-0.059659,0.079474,-0.063406,-0.099128,0.183456,-0.184049,0.054459,0.006528,-0.018125,0.171008,-0.050516,0.170009,-0.548524,1.011925,0.230208,0.091100,-0.043345,-0.117635,-0.135956,0.817102,1.099409,0.000122,0.026600,0.085616
0.001492,0.026846,0.785634,-0.025391,-0.022586,-0.701654,0.711707,0.084994,0.073146,0.152859,0.164778,-0.184165,-0.060049,0.079307,-0.063671,-0.100138,0.183198,-0.184011,0.054530,0.005914,-0.018257,0.170350,-0.050800,0.170295,-0.548365,1.012133,0.230828,0.090913,-0.044045,-0.117126,-0.136010,0.817205,1.099265,0.000816,0.026513,0.085477
0.001501,0.026834,0.785608,-0.025602,-0.022746,-0.701608,0.711739,0.085487,0.073274,0.152847,0.165006,-0.184504,-0.059980,0.079912,-0.063568,-0.100151,0.183298,-0.184220,0.054402,0.005711,-0.017982,0.170671,-0.050634,0.170496,-0.548102,1.012000,0.231376,0.090450,-0.044516,-0.116459,-0.136037,0.817336,1.099146,0.000408,0.026338,0.085666
0.001513,0.026852,0.785620,-0.025494,-0.022708,-0.701650,0.711704,0.085198,0.073138,0.152853,0.165091,-0.184467,-0.059660,0.079680,-0.063715,-0.100152,0.183166,-0.183914,0.054752,0.005310,-0.017869,0.170263,-0.050662,0.170842,-0.548284,1.011993,0.230819,0.090662,-0.044328,-0.116095,-0.136063,0.817369,1.099511,0.001070,0.025955,0.086247
0.001535,0.026862,0.785631,-0.025495,-0.022660,-0.701690,0.711666,0.085183,0.073182,0.152732,0.164947,-0.184275,-0.059997,0.079478,-0.063678,-0.100065,0.183349,-0.184019,0.054422,0.005341,-0.017731,0.169837,-0.050636,0.171170,-0.548566,1.012098,0.229906,0.090540,-0.044238,-0.115521,-0.136065,0.817334,1.099542,-0.000192,0.026297,0.085946
0.001495,0.026866,0.785606,-0.025575,-0.022748,-0.701687,0.711663,0.085539,0.073288,0.153151,0.164879,-0.184444,-0.060041,0.079926,-0.063560,-0.099899,0.183036,-0.184167,0.054763,0.005277,-0.017659,0.169800,-0.050594,0.171405,-0.548625,1.011748,0.228368,0.090587,-0.045000,-0.114996,-0.136060,0.817248,1.099206,-0.001355,0.026715,0.086116
0.001486,0.026845,0.785611,-0.025535,-0.022733,-0.701705,0.711647,0.085387,0.073249,0.153233,0.165057,-0.184479,-0.059754,0.079678,-0.063606,-0.099821,0.183341,-0.184144,0.054473,0.005118,-0.017718,0.169293,-0.050308,0.171738,-0.548819,1.011474,0.228064,0.090576,-0.045303,-0.114580,-0.136085,0.817544,1.099108,-0.002485,0.027014,0.085784
0.001456,0.026840,0.785616,-0.025473,-0.022703,-0.701754,0.711601,0.085291,0.073229,0.153033,0.164983,-0.184265,-0.059937,0.079490,-0.063593,-0.099722,0.183324,-0.184107,0.054509,0.004745,-0.017860,0.168412,-0.050045,0.171952,-0.549111,1.011510,0.227292,0.090830,-0.045397,-0.114397,-0.136141,0.817717,1.098975,-0.002823,0.027482,0.086006
0.001381,0.026814,0.785587,-0.025579,-0.022804,-0.701766,0.711583,0.085754,0.073363,0.153136,0.164881,-0.184508,-0.060159,0.079908,-0.063459,-0.099684,0.183298,-0.184253,0.054465,0.004761,-0.017955,0.167974,-0.049814,0.172133,-0.549385,1.011388,0.227011,0.090832,-0.045707,-0.114324,-0.136230,0.817945,1.099625,-0.000508,0.027462,0.086615
0.001337,0.026770,0.785595,-0.025536,-0.022743,-0.701788,0.711565,0.085561,0.073503,0.153222,0.165052,-0.184600,-0.059971,0.079683,-0.063341,-0.099655,0.183419,-0.184231,0.054303,0.004671,-0.018032,0.166801,-0.049104,0.172229,-0.549134,1.010848,0.227507,0.091113,-0.046206,-0.114319,-0.136406,0.818006,1.100135,-0.000722,0.027511,0.086795
0.001274,0.026724,0.785583,-0.025574,-0.022798,-0.701824,0.711526,0.085902,0.073567,0.153389,0.164870,-0.184434,-0.060298,0.080036,-0.063270,-0.099593,0.183236,-0.184448,0.054426,0.004447,-0.018190,0.165788,-0.048779,0.172315,-0.550270,1.011151,0.225637,0.091149,-0.045568,-0.114465,-0.136718,0.818905,1.101167,-0.000668,0.027111,0.086155
0.001163,0.026722,0.785599,-0.025617,-0.022744,-0.701831,0.711519,0.085787,0.073933,0.153078,0.165117,-0.184642,-0.060393,0.079789,-0.062912,-0.099597,0.183678,-0.184587,0.053539,0.004677,-0.018349,0.164829,-0.048319,0.172366,-0.550508,1.011208,0.225131,0.090964,-0.045957,-0.114661,-0.137100,0.819170,1.101776,0.000093,0.026881,0.087188
0.001067,0.026716,0.785583,-0.025644,-0.022769,-0.701857,0.711492,0.085906,0.074073,0.153338,0.165027,-0.184700,-0.060446,0.080026,-0.062743,-0.099570,0.183317,-0.184430,0.053927,0.005159,-0.018624,0.164220,-0.047891,0.172384,-0.550529,1.011175,0.227060,0.091143,-0.045790,-0.115040,-0.137815,0.820924,1.102201,0.001075,0.027048,0.086819
0.000960,0.026729,0.785593,-0.025698,-0.022863,-0.701719,0.711623,0.086030,0.074119,0.152860,0.165005,-0.184396,-0.060783,0.080291,-0.062742,-0.100056,0.183402,-0.184626,0.053666,0.004978,-0.019010,0.164064,-0.047796,0.172457,-0.550804,1.011301,0.224952,0.090383,-0.044366,-0.115213,-0.138618,0.821092,1.103260,-0.003764,0.026726,0.086040
0.000829,0.026778,0.785609,-0.025886,-0.022996,-0.701706,0.711625,0.086345,0.074427,0.152820,0.165357,-0.184577,-0.060742,0.080618,-0.062451,-0.100124,0.183726,-0.184787,0.053123,0.005717,-0.019131,0.164484,-0.047891,0.172538,-0.551333,1.011786,0.226533,0.089812,-0.043502,-0.115508,-0.139401,0.820946,1.103210,-0.003702,0.027682,0.086175
0.000687,0.026842,0.785618,-0.025703,-0.022841,-0.701522,0.711818,0.085605,0.074528,0.152420,0.165177,-0.184308,-0.060941,0.080283,-0.062284,-0.100585,0.183233,-0.184518,0.053274,0.006151,-0.019415,0.164183,-0.048357,0.172747,-0.551900,1.012188,0.227267,0.089681,-0.044128,-0.115690,-0.140675,0.821413,1.102775,0.000037,0.027545,0.087262
0.000545,0.026844,0.785620,-0.025864,-0.022910,-0.701267,0.712061,0.085630,0.074786,0.151522,0.165522,-0.184302,-0.061175,0.080800,-0.062073,-0.101449,0.183360,-0.184651,0.052740,0.006605,-0.019423,0.164606,-0.048803,0.173103,-0.553353,1.013012,0.229516,0.089401,-0.043494,-0.115671,-0.141924,0.822205,1.102730,-0.002341,0.027610,0.087012
0.000412,0.026932,0.785617,-0.025860,-0.022947,-0.701054,0.712269,0.085334,0.074853,0.150822,0.165751,-0.184210,-0.061096,0.080966,-0.061990,-0.101920,0.183139,-0.184531,0.052797,0.007034,-0.019606,0.165188,-0.049237,0.173450,-0.553834,1.013556,0.230805,0.088585,-0.043444,-0.115964,-0.142846,0.822769,1.102672,0.000265,0.027101,0.086746
0.000292,0.027016,0.785638,-0.025655,-0.022748,-0.700865,0.712469,0.084469,0.074904,0.150454,0.165547,-0.183786,-0.061286,0.080423,-0.061906,-0.102420,0.182885,-0.184372,0.052627,0.006882,-0.019765,0.165062,-0.049743,0.173711,-0.555215,1.014523,0.230764,0.088432,-0.041818,-0.116896,-0.143279,0.823471,1.103359,-0.000638,0.026999,0.086859
0.000107,0.027116,0.785664,-0.025690,-0.022786,-0.700561,0.712766,0.084036,0.075117,0.149538,0.165880,-0.183508,-0.061474,0.080543,-0.061748,-0.103399,0.182959,-0.184252,0.052170,0.007630,-0.019795,0.165887,-0.050630,0.174594,-0.556832,1.014994,0.229769,0.088225,-0.043234,-0.116728,-0.144329,0.822977,1.102412,-0.000410,0.026418,0.086911
0.000008,0.027229,0.785686,-0.025482,-0.022614,-0.700456,0.712882,0.083226,0.075138,0.149181,0.165746,-0.183222,-0.061546,0.079907,-0.061680,-0.103565,0.182764,-0.184139,0.052023,0.008239,-0.019786,0.166028,-0.051022,0.175381,-0.557533,1.015372,0.229924,0.088540,-0.043634,-0.117362,-0.145223,0.824175,1.101717,0.000985,0.026242,0.087392
-0.000088,0.027352,0.785707,-0.025312,-0.022450,-0.700315,0.713032,0.082391,0.075180,0.148544,0.165711,-0.182748,-0.061682,0.079325,-0.061605,-0.104095,0.182655,-0.183801,0.051793,0.008461,-0.019665,0.166312,-0.051208,0.175948,-0.557033,1.015545,0.230407,0.089095,-0.044164,-0.118250,-0.145857,0.825389,1.101187,0.000593,0.026656,0.087479
-0.000183,0.027440,0.785743,-0.025194,-0.022267,-0.700176,0.713178,0.081637,0.075390,0.148310,0.165747,-0.182458,-0.061836,0.078837,-0.061455,-0.104567,0.182520,-0.183626,0.051480,0.008071,-0.019485,0.166373,-0.051318,0.176882,-0.558420,1.015407,0.227065,0.088779,-0.044336,-0.118892,-0.146578,0.825996,1.100776,0.001547,0.026801,0.088617
-0.000289,0.027533,0.785774,-0.025015,-0.022118,-0.700091,0.713272,0.080830,0.075437,0.147996,0.165844,-0.182231,-0.061693,0.078323,-0.061360,-0.104750,0.182277,-0.183350,0.051457,0.008350,-0.019502,0.166222,-0.052033,0.177403,-0.558791,1.015770,0.227869,0.089725,-0.046024,-0.119458,-0.146822,0.826569,1.100611,0.004217,0.027114,0.089046
-0.000371,0.027590,0.785786,-0.024867,-0.021899,-0.699998,0.713376,0.080004,0.075669,0.147702,0.165975,-0.182002,-0.061699,0.077731,-0.061121,-0.105076,0.182168,-0.182979,0.051217,0.008041,-0.019213,0.166066,-0.052237,0.178207,-0.558837,1.016219,0.228893,0.089766,-0.046669,-0.119723,-0.147098,0.826815,1.099804,0.003945,0.027248,0.088982
-0.000463,0.027653,0.785799,-0.024761,-0.021764,-0.699893,0.713486,0.079490,0.075778,0.147285,0.165783,-0.181745,-0.062050,0.077374,-0.061007,-0.105374,0.182062,-0.183005,0.050911,0.007527,-0.019375,0.165834,-0.052700,0.178932,-0.559700,1.016953,0.226928,0.089250,-0.044479,-0.119816,-0.147242,0.827298,1.098848,0.003900,0.027110,0.089073
-0.000537,0.027736,0.785818,-0.024628,-0.021613,-0.699801,0.713586,0.078851,0.075895,0.147212,0.165776,-0.181479,-0.062060,0.077109,-0.060863,-0.105708,0.181506,-0.182635,0.051189,0.007273,-0.019369,0.165695,-0.053536,0.179718,-0.560772,1.016754,0.229282,0.089806,-0.044673,-0.119854,-0.147263,0.827782,1.098354,0.004628,0.027494,0.088926
-0.000599,0.027828,0.785852,-0.024522,-0.021383,-0.699801,0.713596,0.078020,0.076153,0.146795,0.165988,-0.181303,-0.062003,0.076336,-0.060577,-0.105698,0.181599,-0.182214,0.050769,0.007162,-0.019469,0.165514,-0.054224,0.180857,-0.561458,1.016451,0.229213,0.089441,-0.045617,-0.119893,-0.147177,0.827947,1.097986,0.002999,0.027735,0.089026
-0.000647,0.027937,0.785900,-0.024313,-0.021142,-0.699792,0.713619,0.077207,0.076259,0.147048,0.165678,-0.180792,-0.062223,0.075650,-0.060481,-0.105842,0.181140,-0.181719,0.050957,0.006988,-0.019483,0.165482,-0.055453,0.181749,-0.561582,1.016327,0.227055,0.089198,-0.045595,-0.120386,-0.147110,0.828587,1.098288,0.002717,0.027712,0.089334
-0.000681,0.028070,0.785904,-0.024271,-0.021091,-0.699907,0.713510,0.076980,0.076369,0.147251,0.165660,-0.180700,-0.062176,0.075118,-0.060336,-0.105464,0.181333,-0.181597,0.050596,0.007199,-0.019466,0.165870,-0.056287,0.182485,-0.560826,1.015949,0.227003,0.089117,-0.045142,-0.120827,-0.147088,0.829413,1.098245,0.003065,0.028422,0.089250
-0.000698,0.028150,0.785937,-0.024118,-0.020913,-0.699956,0.713472,0.076339,0.076422,0.147193,0.165557,-0.180397,-0.062248,0.074491,-0.060266,-0.105415,0.181156,-0.181214,0.050598,0.006582,-0.019398,0.165712,-0.057129,0.183084,-0.560829,1.016224,0.230438,0.089162,-0.045622,-0.121271,-0.147114,0.830218,1.099075,0.004073,0.027832,0.089932
-0.000712,0.028283,0.785952,-0.023965,-0.020756,-0.700048,0.713392,0.075765,0.076481,0.147500,0.165407,-0.180160,-0.062208,0.073861,-0.060181,-0.105232,0.180925,-0.180978,0.050668,0.006273,-0.019363,0.165795,-0.057768,0.183873,-0.560299,1.016027,0.230310,0.088870,-0.046615,-0.121912,-0.147238,0.830489,1.099321,0.002906,0.027502,0.090063
-0.000717,0.028357,0.785962,-0.023952,-0.020731,-0.700126,0.713316,0.075697,0.076518,0.147798,0.165311,-0.179991,-0.062268,0.073583,-0.060143,-0.104993,0.180964,-0.180860,0.050558,0.006020,-0.019190,0.165940,-0.058283,0.184554,-0.560510,1.016027,0.230915,0.089077,-0.047060,-0.122407,-0.147440,0.830792,1.099824,0.003192,0.027280,0.090086
-0.000676,0.028427,0.785977,-0.023903,-0.020679,-0.700270,0.713178,0.075511,0.076511,0.148056,0.165315,-0.179815,-0.062148,0.073162,-0.060137,-0.104656,0.181091,-0.180545,0.050554,0.005898,-0.019099,0.166180,-0.058449,0.185451,-0.559532,1.015639,0.230415,0.088669,-0.047600,-0.123002,-0.147908,0.830644,1.100176,0.003600,0.027637,0.090391
-0.000645,0.028536,0.785992,-0.023857,-0.020636,-0.700327,0.713125,0.075287,0.076507,0.148287,0.165214,-0.179597,-0.062100,0.073002,-0.060155,-0.104433,0.180760,-0.180510,0.050881,0.005629,-0.018905,0.166374,-0.058450,0.186073,-0.557416,1.015264,0.228133,0.087967,-0.048098,-0.123707,-0.148401,0.830685,1.101063,0.002790,0.027149,0.090261
-0.000581,0.028611,0.786008,-0.023866,-0.020540,-0.700365,0.713090,0.075055,0.076594,0.148362,0.165190,-0.179780,-0.061992,0.072569,-0.060057,-0.104339,0.180998,-0.180212,0.050504,0.005522,-0.018423,0.166325,-0.058783,0.186428,-0.556394,1.015676,0.224108,0.087618,-0.047555,-0.124180,-0.148751,0.830764,1.101464,0.002681,0.027540,0.090156
-0.000524,0.028708,0.786041,-0.023739,-0.020495,-0.700395,0.713066,0.074624,0.076359,0.148447,0.165177,-0.179387,-0.061813,0.072019,-0.060273,-0.104208,0.181165,-0.180104,0.050474,0.005036,-0.018081,0.166612,-0.058639,0.187271,-0.554049,1.014415,0.223589,0.087774,-0.047064,-0.124717,-0.149838,0.831624,1.101531,0.002886,0.027626,0.089821
-0.000460,0.028770,0.786048,-0.023709,-0.020549,-0.700355,0.713105,0.074587,0.076101,0.148407,0.165109,-0.179239,-0.061674,0.071991,-0.060552,-0.104310,0.181210,-0.180286,0.050486,0.004675,-0.017956,0.166795,-0.059106,0.187868,-0.553273,1.014074,0.222260,0.087571,-0.045879,-0.125030,-0.150605,0.832436,1.101835,0.004020,0.027499,0.090287
-0.000387,0.028804,0.786053,-0.023619,-0.020564,-0.700274,0.713187,0.074376,0.075750,0.148308,0.165138,-0.179071,-0.061306,0.071896,-0.060915,-0.104416,0.181134,-0.180081,0.050893,0.004438,-0.017589,0.166872,-0.059468,0.188482,-0.553492,1.014155,0.223789,0.087621,-0.045742,-0.125089,-0.151355,0.832565,1.102212,0.002062,0.027564,0.089494
-0.000332,0.028874,0.786039,-0.023552,-0.020559,-0.700178,0.713284,0.074181,0.075496,0.148005,0.164884,-0.178928,-0.061349,0.071836,-0.061133,-0.104731,0.180957,-0.179978,0.051155,0.004370,-0.017206,0.167097,-0.060127,0.188961,-0.553620,1.014602,0.225056,0.088441,-0.045087,-0.125531,-0.151987,0.832740,1.102677,0.002921,0.027203,0.090161
-0.000253,0.028942,0.786082,-0.023441,-0.020433,-0.700056,0.713411,0.073583,0.075362,0.147569,0.164922,-0.178701,-0.061240,0.071410,-0.061270,-0.105034,0.180976,-0.179851,0.051016,0.003979,-0.016887,0.167537,-0.060413,0.189872,-0.553601,1.014659,0.224160,0.088590,-0.044137,-0.125555,-0.153249,0.833088,1.101490,0.001078,0.027168,0.089605
-0.000171,0.028977,0.786087,-0.023333,-0.020503,-0.699958,0.713508,0.073500,0.074880,0.147539,0.164745,-0.178464,-0.060967,0.071520,-0.061725,-0.105170,0.180676,-0.179795,0.051745,0.003739,-0.016747,0.168128,-0.060710,0.190184,-0.553991,1.015140,0.224243,0.088347,-0.043970,-0.126122,-0.153728,0.833687,1.101142,0.001879,0.027459,0.089902
-0.000090,0.029046,0.786079,-0.023169,-0.020333,-0.699919,0.713557,0.072871,0.074746,0.147601,0.164641,-0.178503,-0.060715,0.070791,-0.061874,-0.105261,0.180862,-0.179695,0.051438,0.003510,-0.016530,0.168553,-0.060734,0.190557,-0.553868,1.015021,0.223373,0.088176,-0.043977,-0.126714,-0.154528,0.834453,1.100592,0.001626,0.026940,0.089919
-0.000028,0.029122,0.786120,-0.023001,-0.020180,-0.699836,0.713648,0.072219,0.074538,0.147070,0.164506,-0.177959,-0.060805,0.070154,-0.062075,-0.105522,0.180969,-0.179602,0.051226,0.002970,-0.016492,0.169272,-0.060910,0.190844,-0.554544,1.014987,0.221471,0.087893,-0.044389,-0.127319,-0.155348,0.834862,1.100213,0.003283,0.026256,0.090361
0.000046,0.029197,0.786123,-0.022751,-0.020076,-0.699936,0.713561,0.071650,0.074197,0.147437,0.164389,-0.177791,-0.060267,0.069515,-0.062384,-0.105189,0.180801,-0.179529,0.051628,0.003712,-0.016517,0.170181,-0.060828,0.190877,-0.554534,1.014566,0.223555,0.087968,-0.045881,-0.127684,-0.156115,0.835168,1.099428,0.001918,0.026616,0.089727
0.000081,0.029258,0.786132,-0.022594,-0.019754,-0.700023,0.713489,0.071059,0.074389,0.147722,0.163876,-0.177535,-0.060714,0.068612,-0.062100,-0.104952,0.180630,-0.178871,0.051520,0.003686,-0.016387,0.170770,-0.060264,0.190587,-0.553677,1.014187,0.225481,0.087646,-0.045038,-0.128503,-0.156891,0.837000,1.099165,0.006419,0.026109,0.090992
0.000098,0.029338,0.786174,-0.022309,-0.019536,-0.700127,0.713402,0.070298,0.074324,0.147965,0.163637,-0.177109,-0.060694,0.067595,-0.062222,-0.104775,0.180685,-0.178671,0.051413,0.003879,-0.016745,0.171293,-0.059798,0.190328,-0.553530,1.013381,0.228358,0.087612,-0.046541,-0.129121,-0.157292,0.837142,1.099386,0.006139,0.025917,0.090978
0.000080,0.029361,0.786171,-0.022154,-0.019410,-0.700180,0.713358,0.069821,0.074297,0.148133,0.163643,-0.177043,-0.060374,0.067295,-0.062205,-0.104594,0.180259,-0.178556,0.051863,0.003638,-0.017023,0.171975,-0.059729,0.189885,-0.554130,1.012727,0.225857,0.087431,-0.047097,-0.129487,-0.157949,0.836480,1.099034,0.005575,0.026138,0.091768
0.000055,0.029341,0.786171,-0.022095,-0.019158,-0.700166,0.713381,0.069292,0.074673,0.148056,0.163740,-0.177174,-0.060484,0.066707,-0.061837,-0.104730,0.180438,-0.178343,0.051168,0.004104,-0.017145,0.172256,-0.060077,0.189315,-0.555216,1.013310,0.224515,0.087364,-0.046384,-0.129023,-0.158787,0.835761,1.098756,0.005154,0.025566,0.090950
0.000004,0.029328,0.786186,-0.021876,-0.018948,-0.700136,0.713423,0.068712,0.074677,0.147924,0.163458,-0.176870,-0.060725,0.066168,-0.061787,-0.104731,0.180132,-0.178091,0.051341,0.003939,-0.017732,0.172141,-0.060067,0.189087,-0.555503,1.013489,0.225213,0.087995,-0.046555,-0.128989,-0.159135,0.835158,1.098655,-0.000938,0.025441,0.089840
-0.000037,0.029255,0.786183,-0.021891,-0.018843,-0.700073,0.713487,0.068565,0.074895,0.147591,0.163594,-0.176984,-0.060767,0.066248,-0.061567,-0.105075,0.180004,-0.177898,0.051260,0.004281,-0.018161,0.172255,-0.060169,0.188914,-0.555798,1.013527,0.225564,0.087860,-0.047144,-0.128338,-0.159414,0.834549,1.097963,0.004220,0.025803,0.090798
-0.000074,0.029113,0.786174,-0.021927,-0.018768,-0.700079,0.713482,0.068662,0.075186,0.147654,0.163686,-0.177421,-0.060817,0.066447,-0.061279,-0.105149,0.179844,-0.177875,0.051220,0.004710,-0.018541,0.172196,-0.060192,0.188776,-0.555772,1.013840,0.225607,0.087167,-0.046352,-0.127364,-0.159719,0.833782,1.097149,0.003229,0.026294,0.091032
-0.000082,0.029001,0.786187,-0.021719,-0.018640,-0.700153,0.713419,0.068429,0.075056,0.147789,0.163491,-0.177236,-0.060896,0.066030,-0.061385,-0.104813,0.179880,-0.178179,0.051109,0.004983,-0.019085,0.171497,-0.059846,0.188726,-0.555304,1.013957,0.225918,0.087514,-0.045531,-0.126476,-0.159883,0.833484,1.096722,0.003449,0.025640,0.091259
-0.000104,0.028826,0.786157,-0.021757,-0.018566,-0.700154,0.713418,0.068698,0.075276,0.147852,0.163415,-0.177652,-0.061069,0.066325,-0.061145,-0.104938,0.179722,-0.178207,0.051107,0.005081,-0.019308,0.171142,-0.059558,0.188749,-0.554641,1.014178,0.226359,0.087647,-0.044678,-0.125409,-0.159935,0.832509,1.095914,0.003430,0.025706,0.091371
-0.000095,0.028621,0.786099,-0.022128,-0.018896,-0.700213,0.713341,0.070105,0.075412,0.148185,0.163647,-0.178336,-0.061091,0.067687,-0.061071,-0.104813,0.179819,-0.178763,0.051182,0.005469,-0.019488,0.171837,-0.059275,0.188835,-0.554626,1.013786,0.225965,0.088069,-0.043867,-0.124808,-0.159886,0.832300,1.095528,0.005240,0.025888,0.091502
-0.000054,0.028439,0.786113,-0.021955,-0.018806,-0.700291,0.713272,0.069933,0.075224,0.148147,0.163741,-0.178302,-0.060850,0.067461,-0.061240,-0.104548,0.179872,-0.179002,0.051245,0.005915,-0.019663,0.171273,-0.058976,0.188993,-0.553907,1.013503,0.226516,0.088383,-0.044593,-0.124260,-0.159709,0.831754,1.094773,0.004474,0.026388,0.090931
-0.000021,0.028209,0.786062,-0.022229,-0.018954,-0.700316,0.713235,0.071035,0.075451,0.148353,0.163798,-0.179135,-0.061005,0.068437,-0.061051,-0.104500,0.180007,-0.179439,0.051106,0.005976,-0.019400,0.171278,-0.058544,0.189117,-0.553578,1.013333,0.227970,0.088824,-0.045982,-0.123591,-0.159485,0.831300,1.093377,0.003218,0.027799,0.090457
0.000058,0.027968,0.786046,-0.022149,-0.019037,-0.700378,0.713174,0.071489,0.075053,0.148613,0.163699,-0.179331,-0.060726,0.068897,-0.061428,-0.104501,0.179807,-0.179645,0.051744,0.006169,-0.019633,0.170991,-0.058455,0.189325,-0.553291,1.013482,0.226017,0.088638,-0.045750,-0.123361,-0.159083,0.831083,1.093025,0.002413,0.027868,0.089818
0.000145,0.027768,0.786021,-0.022366,-0.019023,-0.700394,0.713152,0.072169,0.075325,0.148505,0.163642,-0.179738,-0.061194,0.069394,-0.061153,-0.104380,0.180072,-0.179857,0.051316,0.006072,-0.018792,0.171214,-0.058108,0.189470,-0.552985,1.012602,0.221252,0.088318,-0.046191,-0.123663,-0.158607,0.829924,1.093199,0.002333,0.028093,0.090202
0.000236,0.027575,0.786000,-0.022216,-0.018990,-0.700406,0.713146,0.072269,0.075020,0.148792,0.163503,-0.179930,-0.060906,0.069569,-0.061487,-0.104419,0.179754,-0.179940,0.051989,0.006209,-0.018934,0.170786,-0.058012,0.189564,-0.552154,1.012101,0.218165,0.087556,-0.047114,-0.123543,-0.158094,0.828921,1.092618,0.003646,0.027799,0.090624
0.000363,0.027366,0.785975,-0.022237,-0.019068,-0.700454,0.713096,0.072845,0.074715,0.148688,0.163398,-0.180211,-0.060859,0.070007,-0.061747,-0.104112,0.179737,-0.180339,0.052361,0.006108,-0.018643,0.170881,-0.057681,0.189587,-0.551787,1.011253,0.214982,0.087332,-0.046370,-0.123909,-0.157585,0.828613,1.092595,0.005238,0.026865,0.090816
0.000495,0.027197,0.785958,-0.022246,-0.019026,-0.700457,0.713094,0.073071,0.074640,0.148986,0.163344,-0.180379,-0.060801,0.070146,-0.061870,-0.104216,0.179899,-0.180597,0.052215,0.006164,-0.018019,0.171001,-0.057840,0.189506,-0.551370,1.010468,0.211736,0.086970,-0.046746,-0.124256,-0.157001,0.828667,1.092559,0.003309,0.026384,0.089367
0.000620,0.027025,0.785949,-0.022131,-0.018958,-0.700418,0.713138,0.073066,0.074300,0.148906,0.163282,-0.180586,-0.060505,0.070157,-0.062195,-0.104221,0.179880,-0.180777,0.052519,0.006045,-0.017532,0.170826,-0.057744,0.189331,-0.551041,1.009885,0.212846,0.087104,-0.045765,-0.124415,-0.156495,0.828509,1.092133,0.003785,0.026422,0.089657
0.000758,0.026840,0.785928,-0.021989,-0.018930,-0.700360,0.713200,0.073115,0.073866,0.148592,0.163058,-0.180731,-0.060437,0.070228,-0.062588,-0.104384,0.179831,-0.181095,0.052742,0.005712,-0.017061,0.170677,-0.057511,0.189091,-0.551027,1.009296,0.217506,0.087074,-0.046270,-0.124391,-0.156002,0.828250,1.092142,0.002862,0.026982,0.089403
0.000894,0.026649,0.785927,-0.022186,-0.018972,-0.700233,0.713317,0.073687,0.073891,0.148498,0.163222,-0.181114,-0.060519,0.070603,-0.062612,-0.104432,0.180581,-0.182077,0.051710,0.005276,-0.016130,0.171149,-0.057331,0.188886,-0.551040,1.008841,0.219128,0.086916,-0.045120,-0.124318,-0.155669,0.828303,1.091879,-0.000670,0.026960,0.088077
0.001038,0.026519,0.785888,-0.022070,-0.019112,-0.700192,0.713358,0.074002,0.073185,0.148444,0.162962,-0.181178,-0.060155,0.071071,-0.063282,-0.104578,0.180248,-0.181913,0.052876,0.004529,-0.015688,0.171449,-0.056870,0.188340,-0.550535,1.008135,0.221378,0.087186,-0.045465,-0.124426,-0.155093,0.827726,1.092184,0.002844,0.026224,0.088679
0.001186,0.026370,0.785878,-0.021846,-0.019001,-0.700200,0.713359,0.073836,0.072757,0.148537,0.162705,-0.181169,-0.059956,0.070863,-0.063695,-0.104587,0.180027,-0.181743,0.053484,0.003735,-0.015177,0.171033,-0.056680,0.187621,-0.551199,1.008292,0.223380,0.087474,-0.044654,-0.124188,-0.154351,0.826849,1.092438,0.002251,0.026833,0.088868
0.001260,0.026266,0.785891,-0.021645,-0.018824,-0.700202,0.713368,0.073402,0.072545,0.148544,0.162649,-0.181288,-0.059631,0.070419,-0.063880,-0.104537,0.180014,-0.181769,0.053553,0.003538,-0.014872,0.170712,-0.056393,0.187090,-0.551532,1.008557,0.221723,0.087518,-0.045121,-0.123845,-0.153917,0.827326,1.092436,0.003970,0.026654,0.089803
0.001338,0.026145,0.785860,-0.021490,-0.018778,-0.700177,0.713399,0.073400,0.072327,0.149205,0.162309,-0.181290,-0.059531,0.070456,-0.064211,-0.104735,0.179717,-0.181815,0.054071,0.002852,-0.014452,0.170306,-0.056030,0.185630,-0.551167,1.009357,0.220660,0.087144,-0.044393,-0.123678,-0.153083,0.828789,1.093280,0.004618,0.027125,0.089379
0.001410,0.026051,0.785873,-0.021327,-0.018583,-0.700304,0.713284,0.073103,0.072229,0.148761,0.162162,-0.181387,-0.059565,0.069922,-0.064147,-0.104341,0.179677,-0.181665,0.054080,0.002375,-0.014367,0.170062,-0.055560,0.184831,-0.551936,1.008871,0.222717,0.087751,-0.044363,-0.123089,-0.152733,0.828300,1.093691,0.003406,0.027122,0.089147
0.001439,0.025956,0.785864,-0.021331,-0.018699,-0.700365,0.713221,0.073478,0.072061,0.149188,0.162287,-0.181389,-0.059333,0.070097,-0.064374,-0.103927,0.179997,-0.182094,0.054014,0.002184,-0.014463,0.170336,-0.055622,0.184030,-0.553281,1.009120,0.223176,0.088184,-0.044333,-0.122217,-0.152387,0.827489,1.094494,0.000966,0.027915,0.088432
0.001410,0.025880,0.785858,-0.021490,-0.018518,-0.700390,0.713196,0.073497,0.072689,0.149188,0.162449,-0.181815,-0.059736,0.069776,-0.063783,-0.103960,0.180694,-0.182788,0.052397,0.002092,-0.014208,0.170429,-0.055655,0.183303,-0.554669,1.009318,0.223707,0.088551,-0.045112,-0.121652,-0.152152,0.827347,1.095014,0.000802,0.027571,0.088568
0.001428,0.025790,0.785850,-0.021420,-0.018504,-0.700442,0.713148,0.073582,0.072562,0.149309,0.162300,-0.181824,-0.059671,0.069898,-0.063863,-0.103856,0.180352,-0.182666,0.052953,0.001908,-0.014626,0.170207,-0.055796,0.182691,-0.555944,1.009152,0.221273,0.089530,-0.044488,-0.120946,-0.152016,0.827512,1.094987,0.000163,0.028021,0.088175
0.001387,0.025686,0.785855,-0.021543,-0.018571,-0.700510,0.713075,0.073956,0.072801,0.149522,0.162698,-0.182219,-0.059465,0.070038,-0.063673,-0.103585,0.180958,-0.183117,0.052223,0.002213,-0.014830,0.169957,-0.055910,0.181552,-0.557236,1.009455,0.223222,0.089127,-0.044731,-0.119761,-0.151804,0.826795,1.095373,0.000418,0.027966,0.087765
0.001351,0.025634,0.785817,-0.021389,-0.018572,-0.700601,0.712991,0.074156,0.072628,0.149921,0.161984,-0.181935,-0.059899,0.070397,-0.063800,-0.103412,0.179826,-0.182364,0.053909,0.002286,-0.015590,0.169514,-0.055941,0.180866,-0.557371,1.009579,0.224201,0.088708,-0.044958,-0.119067,-0.151650,0.826335,1.095715,-0.000319,0.027660,0.087890
0.001298,0.025584,0.785813,-0.021289,-0.018477,-0.700722,0.712878,0.073946,0.072696,0.149968,0.162020,-0.181966,-0.059801,0.070175,-0.063686,-0.103259,0.179584,-0.182112,0.054172,0.002870,-0.016258,0.168904,-0.056217,0.180157,-0.557447,1.010089,0.223439,0.088540,-0.044749,-0.118725,-0.151515,0.827152,1.095592,0.000799,0.027812,0.087156
0.001272,0.025528,0.785829,-0.021586,-0.018505,-0.700770,0.712820,0.074423,0.073283,0.150111,0.162500,-0.182395,-0.060000,0.070190,-0.063188,-0.102966,0.180716,-0.183012,0.052409,0.002759,-0.016308,0.169046,-0.056223,0.179170,-0.556789,1.010228,0.224070,0.088306,-0.046358,-0.118564,-0.151312,0.827029,1.095824,0.001450,0.027642,0.087124
0.001228,0.025474,0.785809,-0.021475,-0.018536,-0.700838,0.712756,0.074616,0.073132,0.150324,0.162078,-0.182325,-0.060177,0.070565,-0.063296,-0.102934,0.179803,-0.182350,0.053787,0.002822,-0.017116,0.168581,-0.056241,0.178761,-0.556827,1.010342,0.223020,0.087900,-0.045683,-0.118469,-0.151179,0.826632,1.095420,0.001356,0.027748,0.087986
0.001198,0.025425,0.785771,-0.021556,-0.018621,-0.700848,0.712742,0.074860,0.073157,0.150446,0.162299,-0.182682,-0.059908,0.070923,-0.063243,-0.102913,0.179815,-0.182586,0.053848,0.003134,-0.017416,0.168587,-0.056213,0.178396,-0.556771,1.009633,0.223422,0.088282,-0.046937,-0.118515,-0.151021,0.826011,1.094736,0.002044,0.028268,0.087443
0.001153,0.025347,0.785800,-0.021794,-0.018608,-0.700823,0.712760,0.075159,0.073682,0.150187,0.162643,-0.182828,-0.060373,0.070798,-0.062772,-0.102825,0.180985,-0.183464,0.051906,0.003685,-0.017707,0.168522,-0.056499,0.177817,-0.556760,1.010157,0.223119,0.088704,-0.045298,-0.118540,-0.150730,0.825612,1.094776,0.002923,0.027793,0.087110
0.001099,0.025355,0.785797,-0.021882,-0.018723,-0.700753,0.712823,0.075319,0.073707,0.149999,0.162910,-0.182988,-0.060185,0.071161,-0.062806,-0.103024,0.181049,-0.183654,0.051925,0.003947,-0.018293,0.168520,-0.056995,0.177203,-0.556934,1.010662,0.221727,0.088432,-0.045051,-0.119076,-0.150234,0.824395,1.094825,0.002559,0.026981,0.088150
0.001067,0.025362,0.785781,-0.021852,-0.018599,-0.700669,0.712909,0.075060,0.073875,0.149996,0.162829,-0.183156,-0.060292,0.071094,-0.062631,-0.103325,0.180773,-0.183522,0.051999,0.004662,-0.018847,0.168101,-0.057902,0.176666,-0.557577,1.011372,0.221290,0.087636,-0.045350,-0.119898,-0.149598,0.824171,1.094320,0.006345,0.026621,0.088528
0.001068,0.025337,0.785780,-0.021917,-0.018753,-0.700594,0.712977,0.075304,0.073692,0.149403,0.162931,-0.182951,-0.060381,0.071473,-0.062774,-0.103447,0.180839,-0.183547,0.052165,0.004956,-0.019459,0.168004,-0.058350,0.176390,-0.558471,1.011499,0.222561,0.087657,-0.045425,-0.120689,-0.149093,0.824193,1.093948,0.005906,0.026851,0.087987
0.001064,0.025361,0.785760,-0.021933,-0.018844,-0.700502,0.713064,0.075496,0.073563,0.149541,0.162816,-0.183068,-0.060239,0.072048,-0.062955,-0.103891,0.180191,-0.183091,0.053218,0.005561,-0.019989,0.167747,-0.058315,0.176164,-0.558431,1.011065,0.220947,0.087560,-0.044956,-0.121184,-0.148610,0.823873,1.093305,0.006965,0.026577,0.087718
0.001070,0.025331,0.785761,-0.022181,-0.018851,-0.700505,0.713053,0.075782,0.073974,0.149462,0.163190,-0.183435,-0.060428,0.071957,-0.062579,-0.103660,0.181255,-0.183998,0.051525,0.006008,-0.020084,0.167514,-0.058307,0.175714,-0.557835,1.011019,0.221847,0.088014,-0.044985,-0.122061,-0.147488,0.822908,1.093629,0.005216,0.026275,0.087597
0.001122,0.025324,0.785747,-0.021954,-0.018956,-0.700480,0.713082,0.075654,0.073313,0.149338,0.162943,-0.183101,-0.060090,0.072219,-0.063216,-0.103928,0.180421,-0.183360,0.053272,0.006696,-0.020935,0.166924,-0.058306,0.175507,-0.557062,1.010938,0.223370,0.087973,-0.044742,-0.122386,-0.146872,0.822112,1.092328,0.003420,0.027403,0.086516
0.001155,0.025353,0.785729,-0.022336,-0.019099,-0.700472,0.713075,0.076316,0.073684,0.149308,0.163447,-0.183614,-0.060068,0.072668,-0.062870,-0.103778,0.181249,-0.184174,0.052036,0.007053,-0.020564,0.167329,-0.058223,0.175127,-0.555760,1.010760,0.224009,0.087954,-0.044813,-0.123124,-0.145855,0.820768,1.092633,0.001362,0.027312,0.086734
0.001245,0.025347,0.785740,-0.022261,-0.018993,-0.700422,0.713129,0.076064,0.073552,0.149175,0.163192,-0.183502,-0.060179,0.072469,-0.062989,-0.103984,0.181053,-0.183848,0.052392,0.007194,-0.020705,0.166660,-0.057930,0.175006,-0.555194,1.010449,0.224681,0.088480,-0.044073,-0.123178,-0.145561,0.820503,1.091770,0.001008,0.027169,0.086836
0.001371,0.025395,0.785712,-0.022394,-0.019397,-0.700427,0.713109,0.076897,0.072908,0.149206,0.163205,-0.183448,-0.059798,0.073384,-0.063629,-0.103834,0.180854,-0.183698,0.053599,0.006684,-0.021014,0.167395,-0.057523,0.174619,-0.553935,1.010256,0.223145,0.088766,-0.042986,-0.123713,-0.144589,0.819858,1.092167,0.000194,0.027073,0.086770
0.001485,0.025463,0.785727,-0.022538,-0.019480,-0.700387,0.713141,0.077130,0.072832,0.149107,0.163243,-0.183368,-0.059931,0.073424,-0.063759,-0.104009,0.181347,-0.184089,0.053055,0.006104,-0.020964,0.167774,-0.057551,0.174297,-0.554049,1.011202,0.224858,0.088567,-0.043291,-0.124096,-0.143763,0.820318,1.092170,0.002166,0.027160,0.086472
0.001637,0.025558,0.785758,-0.022378,-0.019434,-0.700493,0.713043,0.076732,0.072416,0.149408,0.163141,-0.183109,-0.059505,0.072722,-0.064132,-0.103539,0.181656,-0.184026,0.053089,0.005683,-0.021086,0.167857,-0.057352,0.173884,-0.553854,1.011717,0.224627,0.088823,-0.042755,-0.124449,-0.143041,0.821076,1.092706,0.001614,0.027221,0.086592
0.001737,0.025662,0.785713,-0.022314,-0.019408,-0.700633,0.712908,0.076846,0.072272,0.150301,0.162561,-0.182927,-0.059669,0.072766,-0.064285,-0.103312,0.180825,-0.183214,0.054474,0.005359,-0.021044,0.168300,-0.056781,0.173546,-0.553318,1.011382,0.225401,0.089393,-0.042672,-0.123980,-0.142739,0.820965,1.092228,0.002789,0.027118,0.087017
0.001837,0.025729,0.785740,-0.022364,-0.019399,-0.700846,0.712697,0.076795,0.072306,0.150443,0.162863,-0.183018,-0.059377,0.072130,-0.064262,-0.102491,0.181698,-0.183797,0.053499,0.005265,-0.020967,0.168679,-0.056042,0.172818,-0.552582,1.010766,0.225152,0.089286,-0.042610,-0.123363,-0.142436,0.821338,1.092954,0.001811,0.027659,0.086666
0.001859,0.025828,0.785706,-0.022172,-0.019367,-0.701026,0.712528,0.076541,0.072061,0.151099,0.162525,-0.182831,-0.059122,0.071983,-0.064457,-0.102134,0.180788,-0.182814,0.055044,0.005054,-0.021246,0.168742,-0.055773,0.172169,-0.553032,1.010452,0.224538,0.088861,-0.044294,-0.122350,-0.142168,0.820891,1.094303,0.003340,0.027168,0.087521
0.001886,0.025946,0.785730,-0.022243,-0.019286,-0.701238,0.712319,0.076582,0.072354,0.151623,0.162337,-0.182757,-0.059512,0.071521,-0.064154,-0.101543,0.181020,-0.182780,0.054581,0.005539,-0.021161,0.169316,-0.055389,0.171571,-0.552458,1.009919,0.222342,0.089390,-0.044985,-0.121503,-0.142009,0.820912,1.095060,0.003750,0.028048,0.088503
0.001895,0.026057,0.785747,-0.022188,-0.019210,-0.701339,0.712224,0.076160,0.072413,0.151663,0.162599,-0.182836,-0.059061,0.071121,-0.064099,-0.101303,0.180902,-0.182394,0.054830,0.005030,-0.021291,0.169489,-0.055194,0.170949,-0.551989,1.009895,0.223003,0.090118,-0.045376,-0.120416,-0.141860,0.821016,1.095399,-0.002097,0.028423,0.087206
0.001883,0.026175,0.785744,-0.022178,-0.019082,-0.701401,0.712166,0.075809,0.072652,0.151997,0.162523,-0.182692,-0.059262,0.070692,-0.063880,-0.101336,0.180849,-0.182161,0.054616,0.005024,-0.021358,0.169671,-0.055483,0.170263,-0.551470,1.010139,0.223301,0.089787,-0.045754,-0.119103,-0.141673,0.821257,1.094833,-0.002770,0.029078,0.086365
0.001828,0.026237,0.785790,-0.022237,-0.019011,-0.701472,0.712097,0.075724,0.072995,0.152138,0.162523,-0.182501,-0.059594,0.070515,-0.063531,-0.101176,0.180828,-0.181965,0.054351,0.004875,-0.021236,0.169781,-0.055868,0.169664,-0.551638,1.010370,0.223737,0.090342,-0.044886,-0.117631,-0.141448,0.821207,1.095085,-0.002010,0.028895,0.086174
0.001810,0.026332,0.785797,-0.022133,-0.018869,-0.701599,0.711978,0.075211,0.073118,0.152417,0.162698,-0.182575,-0.059299,0.069802,-0.063397,-0.100697,0.180957,-0.181897,0.054079,0.004975,-0.021261,0.169732,-0.056130,0.169402,-0.551283,1.010714,0.223998,0.090540,-0.045209,-0.117077,-0.141326,0.820818,1.094899,0.001142,0.028006,0.087289
0.001746,0.026409,0.785796,-0.022115,-0.018869,-0.701653,0.711925,0.075041,0.073241,0.152453,0.162790,-0.182481,-0.059299,0.069605,-0.063290,-0.100596,0.180997,-0.181650,0.054083,0.005210,-0.021315,0.170203,-0.056645,0.169111,-0.550436,1.010995,0.224054,0.089944,-0.045063,-0.116866,-0.141142,0.820681,1.094809,0.001553,0.027866,0.086425
0.001599,0.026414,0.785799,-0.022191,-0.018924,-0.701723,0.711853,0.075313,0.073537,0.152530,0.162647,-0.182318,-0.059824,0.069970,-0.062974,-0.100486,0.180575,-0.181551,0.054272,0.005447,-0.021349,0.170429,-0.057469,0.169032,-0.550903,1.011690,0.223031,0.090292,-0.045002,-0.116823,-0.140870,0.821062,1.094858,0.000720,0.027983,0.086679
0.001574,0.026485,0.785802,-0.022069,-0.018733,-0.701870,0.711717,0.074804,0.073700,0.152988,0.162701,-0.182327,-0.059624,0.069188,-0.062793,-0.100098,0.180689,-0.181357,0.053997,0.006117,-0.021226,0.170376,-0.057832,0.169009,-0.550049,1.011763,0.223185,0.089761,-0.044518,-0.117473,-0.140534,0.820963,1.094846,0.002142,0.027623,0.087347
0.001519,0.026527,0.785825,-0.021911,-0.018599,-0.701899,0.711697,0.074322,0.073766,0.152884,0.162538,-0.182037,-0.059844,0.068791,-0.062665,-0.100122,0.180366,-0.180850,0.054204,0.005926,-0.021210,0.170220,-0.058390,0.169139,-0.550269,1.012123,0.222199,0.090126,-0.043921,-0.118478,-0.140108,0.821526,1.094661,0.002173,0.027883,0.087295
0.001423,0.026556,0.785821,-0.021958,-0.018637,-0.701884,0.711709,0.074352,0.073928,0.152932,0.162611,-0.182031,-0.059976,0.068783,-0.062543,-0.100065,0.180570,-0.181134,0.053793,0.006509,-0.021179,0.170447,-0.058373,0.169301,-0.549266,1.012085,0.223247,0.090062,-0.044068,-0.119569,-0.139659,0.821273,1.094422,0.002826,0.028153,0.087717
0.001366,0.026544,0.785819,-0.022061,-0.018654,-0.701828,0.711761,0.074419,0.074170,0.152946,0.162915,-0.182222,-0.059878,0.068828,-0.062335,-0.100229,0.180935,-0.181403,0.053105,0.006228,-0.020768,0.170523,-0.058292,0.169431,-0.548950,1.012173,0.224354,0.090129,-0.044654,-0.120834,-0.139220,0.821086,1.094454,-0.000068,0.027714,0.087075
0.001325,0.026537,0.785836,-0.021949,-0.018573,-0.701661,0.711931,0.073869,0.074115,0.152261,0.163174,-0.182127,-0.059677,0.068751,-0.062409,-0.100757,0.180727,-0.181313,0.053256,0.005991,-0.020708,0.170056,-0.058355,0.169581,-0.549022,1.012468,0.223390,0.089892,-0.044296,-0.121703,-0.138857,0.820888,1.094072,0.000867,0.027740,0.086393
0.001245,0.026565,0.785822,-0.022084,-0.018665,-0.701530,0.712053,0.074186,0.074245,0.152077,0.163023,-0.182116,-0.060114,0.069242,-0.062247,-0.101009,0.180628,-0.181130,0.053278,0.005841,-0.020336,0.170317,-0.058016,0.169909,-0.548169,1.011830,0.221356,0.089133,-0.044370,-0.122728,-0.137970,0.820365,1.094080,0.000465,0.027956,0.084828
0.001224,0.026517,0.785827,-0.022023,-0.018668,-0.701354,0.712229,0.074034,0.074111,0.151709,0.163022,-0.182087,-0.060094,0.069269,-0.062397,-0.101440,0.180694,-0.181512,0.053059,0.005766,-0.019930,0.169988,-0.058109,0.170138,-0.549171,1.012004,0.221079,0.088762,-0.044437,-0.123635,-0.137285,0.820467,1.094645,-0.000930,0.028285,0.084434
0.001204,0.026493,0.785836,-0.022115,-0.018719,-0.701182,0.712393,0.073991,0.074152,0.150973,0.163423,-0.182215,-0.060017,0.069330,-0.062367,-0.101831,0.181321,-0.182088,0.052145,0.005704,-0.019274,0.169945,-0.058037,0.170211,-0.549648,1.011955,0.219357,0.088683,-0.044981,-0.124244,-0.136998,0.820788,1.094979,-0.002133,0.027978,0.084726
0.001178,0.026453,0.785847,-0.022242,-0.018797,-0.700957,0.712608,0.074113,0.074204,0.150422,0.163670,-0.182118,-0.060200,0.069664,-0.062375,-0.102432,0.181726,-0.182500,0.051455,0.005387,-0.018704,0.169810,-0.057588,0.170267,-0.549091,1.011725,0.220796,0.088568,-0.045471,-0.124065,-0.136620,0.820122,1.094960,-0.002885,0.027964,0.084566
0.001180,0.026405,0.785827,-0.022200,-0.018895,-0.700892,0.712671,0.074439,0.073908,0.150434,0.163233,-0.182092,-0.060360,0.070116,-0.062648,-0.102659,0.181255,-0.182372,0.052273,0.005679,-0.018264,0.169607,-0.057100,0.170250,-0.548593,1.011291,0.222084,0.088462,-0.045410,-0.123988,-0.136338,0.820037,1.095224,-0.002022,0.027357,0.084397
0.001168,0.026361,0.785799,-0.022164,-0.019062,-0.700743,0.712815,0.074665,0.073525,0.150180,0.163170,-0.182063,-0.060135,0.070823,-0.063011,-0.103062,0.180693,-0.182032,0.053361,0.005147,-0.018017,0.169281,-0.057136,0.170249,-0.550055,1.011741,0.220513,0.089331,-0.044922,-0.123815,-0.135941,0.820475,1.096067,-0.000917,0.027143,0.084280
0.001158,0.026327,0.785821,-0.022316,-0.018986,-0.700706,0.712848,0.074620,0.073933,0.149727,0.163557,-0.182314,-0.060366,0.070564,-0.062599,-0.102977,0.181536,-0.182830,0.051786,0.004882,-0.017290,0.169069,-0.056726,0.170278,-0.550169,1.011499,0.220046,0.089635,-0.044043,-0.123400,-0.135704,0.819929,1.096653,0.001132,0.026966,0.085055
0.001148,0.026282,0.785789,-0.022320,-0.019075,-0.700778,0.712775,0.075023,0.073811,0.150175,0.163307,-0.182417,-0.060314,0.071132,-0.062706,-0.102982,0.180800,-0.182223,0.053048,0.005152,-0.017001,0.168866,-0.056053,0.170255,-0.549747,1.011517,0.221184,0.089817,-0.045490,-0.122913,-0.135554,0.819977,1.097242,0.003005,0.026256,0.085022
0.001147,0.026263,0.785808,-0.022349,-0.019148,-0.700867,0.712685,0.075134,0.073836,0.150403,0.163647,-0.182485,-0.060065,0.070893,-0.062772,-0.102719,0.181526,-0.182860,0.052202,0.004613,-0.016647,0.168516,-0.055172,0.170215,-0.549715,1.011490,0.219942,0.089495,-0.043023,-0.122631,-0.135476,0.820135,1.097243,0.002633,0.026705,0.085721
0.001154,0.026218,0.785789,-0.022310,-0.019223,-0.700916,0.712635,0.075486,0.073589,0.150509,0.163202,-0.182307,-0.060271,0.071436,-0.062913,-0.102713,0.180649,-0.182107,0.053662,0.004051,-0.016313,0.168123,-0.054615,0.170184,-0.549937,1.011231,0.218870,0.089378,-0.043337,-0.122388,-0.135451,0.820334,1.097374,0.004623,0.026868,0.085062
0.001139,0.026176,0.785784,-0.022735,-0.019465,-0.701042,0.712492,0.076464,0.074061,0.150710,0.163842,-0.182939,-0.060275,0.071842,-0.062555,-0.102094,0.181985,-0.183405,0.051764,0.003798,-0.015782,0.168465,-0.054014,0.170155,-0.549951,1.011092,0.220525,0.089495,-0.044139,-0.122199,-0.135493,0.820538,1.098415,0.004143,0.026932,0.084808
0.001116,0.026143,0.785777,-0.022807,-0.019449,-0.701131,0.712402,0.076610,0.074299,0.151046,0.163876,-0.183078,-0.060380,0.071894,-0.062325,-0.101929,0.181978,-0.183303,0.051724,0.003099,-0.015354,0.168059,-0.053524,0.170122,-0.549590,1.011069,0.221538,0.089592,-0.043873,-0.121851,-0.135604,0.819923,1.098682,0.003407,0.027887,0.085307
0.001120,0.026165,0.785777,-0.022713,-0.019660,-0.701265,0.712268,0.076974,0.073836,0.151298,0.163698,-0.182762,-0.060164,0.072353,-0.062771,-0.101712,0.181281,-0.182652,0.053338,0.002959,-0.015541,0.167665,-0.053467,0.170089,-0.549368,1.011039,0.222465,0.090367,-0.044553,-0.121398,-0.135752,0.819509,1.099056,0.004383,0.026829,0.085134
0.001108,0.026181,0.785751,-0.022928,-0.019698,-0.701451,0.712077,0.077532,0.074234,0.152000,0.163667,-0.183118,-0.060562,0.072227,-0.062402,-0.101050,0.182075,-0.183328,0.052035,0.002099,-0.014950,0.167647,-0.053074,0.170091,-0.549284,1.010954,0.223520,0.088793,-0.043726,-0.121356,-0.135942,0.818560,1.099466,0.002466,0.026930,0.086155
0.001084,0.026215,0.785786,-0.022898,-0.019599,-0.701592,0.711941,0.077217,0.074476,0.152444,0.163868,-0.183085,-0.060409,0.071839,-0.062190,-0.100831,0.182117,-0.183073,0.051917,0.001958,-0.014582,0.167163,-0.053283,0.170166,-0.549259,1.010629,0.224684,0.088626,-0.042249,-0.121268,-0.136211,0.817975,1.099608,0.001920,0.027592,0.086607
0.001035,0.026307,0.785780,-0.023056,-0.019725,-0.701710,0.711817,0.077685,0.074657,0.152642,0.163831,-0.183016,-0.060759,0.071965,-0.061979,-0.100170,0.182261,-0.183252,0.051752,0.002074,-0.014398,0.167213,-0.053919,0.170286,-0.549720,1.010905,0.224125,0.088433,-0.041491,-0.120783,-0.136472,0.817604,1.099570,0.001685,0.027487,0.085980
0.001006,0.026394,0.785754,-0.023134,-0.019983,-0.701785,0.711732,0.078236,0.074413,0.153070,0.163669,-0.182994,-0.060650,0.072635,-0.062213,-0.100222,0.181740,-0.182635,0.052931,0.002112,-0.014536,0.167396,-0.054282,0.170372,-0.549555,1.010955,0.224945,0.088148,-0.041795,-0.120438,-0.136660,0.817155,1.099368,0.002182,0.028153,0.086535
0.000963,0.026486,0.785766,-0.023147,-0.020052,-0.701887,0.711630,0.078161,0.074418,0.153141,0.163854,-0.182919,-0.060472,0.072450,-0.062192,-0.099907,0.181890,-0.182461,0.052867,0.001974,-0.014402,0.167458,-0.055013,0.170503,-0.550222,1.011138,0.224431,0.088222,-0.041228,-0.120341,-0.136833,0.817388,1.099880,0.001726,0.027539,0.086300
0.000887,0.026618,0.785775,-0.023426,-0.020209,-0.701834,0.711668,0.078514,0.074774,0.152918,0.164196,-0.182844,-0.060794,0.072700,-0.061871,-0.099800,0.182452,-0.182974,0.051941,0.002093,-0.014137,0.167860,-0.055299,0.170655,-0.549673,1.010997,0.223890,0.088296,-0.041772,-0.119842,-0.137021,0.816843,1.099861,0.002298,0.026914,0.086447
0.000833,0.026724,0.785797,-0.023373,-0.020116,-0.701814,0.711693,0.077975,0.074901,0.152794,0.164387,-0.182819,-0.060654,0.072086,-0.061752,-0.099734,0.182858,-0.183054,0.051257,0.001993,-0.014094,0.167501,-0.055609,0.170801,-0.549518,1.011253,0.224829,0.088237,-0.042079,-0.119749,-0.137205,0.816777,1.099543,0.003140,0.026874,0.086425
0.000773,0.026872,0.785753,-0.023394,-0.020296,-0.701726,0.711773,0.078096,0.074659,0.152509,0.164213,-0.182621,-0.060729,0.072692,-0.061968,-0.100120,0.182074,-0.182298,0.052597,0.001629,-0.014262,0.167791,-0.055962,0.171016,-0.550462,1.011143,0.223948,0.088567,-0.041517,-0.119577,-0.137413,0.816275,1.099111,0.001487,0.026973,0.086648
0.000689,0.027040,0.785775,-0.023455,-0.020391,-0.701585,0.711908,0.077997,0.074708,0.152370,0.164263,-0.182265,-0.060851,0.072811,-0.061934,-0.100612,0.182001,-0.182127,0.052635,0.001877,-0.014486,0.167792,-0.055928,0.171124,-0.550442,1.011243,0.225151,0.088718,-0.042444,-0.119407,-0.137516,0.815981,1.098697,-0.000053,0.027257,0.086414
0.000643,0.027166,0.785786,-0.023509,-0.020505,-0.701547,0.711940,0.078028,0.074683,0.152222,0.164276,-0.182186,-0.060872,0.072914,-0.062003,-0.100795,0.182014,-0.182052,0.052717,0.002075,-0.014660,0.167772,-0.055585,0.171209,-0.550796,1.011228,0.226569,0.088748,-0.042273,-0.119452,-0.137637,0.816566,1.098840,0.000738,0.026817,0.086189
0.000574,0.027307,0.785762,-0.023669,-0.020717,-0.701494,0.711981,0.078319,0.074680,0.151986,0.164411,-0.182011,-0.060946,0.073368,-0.062028,-0.100980,0.182009,-0.181898,0.052920,0.002063,-0.014894,0.167821,-0.054875,0.171249,-0.550675,1.010978,0.221739,0.088996,-0.043857,-0.119400,-0.137836,0.817612,1.099033,0.001756,0.026107,0.085923
0.000486,0.027417,0.785762,-0.023868,-0.020958,-0.701336,0.712123,0.078662,0.074693,0.151546,0.164599,-0.181984,-0.061068,0.073906,-0.062023,-0.101340,0.182247,-0.182239,0.052563,0.001480,-0.015213,0.167744,-0.054014,0.171251,-0.551181,1.011058,0.219216,0.089529,-0.044846,-0.119379,-0.137926,0.818092,1.098994,0.001622,0.026116,0.086258
0.000386,0.027525,0.785750,-0.023997,-0.021185,-0.701121,0.712323,0.078917,0.074601,0.151009,0.164634,-0.181701,-0.061271,0.074528,-0.062079,-0.101712,0.182082,-0.182191,0.052842,0.000989,-0.015754,0.167261,-0.053169,0.171286,-0.551561,1.011531,0.220189,0.089238,-0.045170,-0.118893,-0.138035,0.818475,1.098737,0.002087,0.026007,0.086067
0.000347,0.027646,0.785738,-0.024095,-0.021350,-0.701059,0.712377,0.079067,0.074556,0.150995,0.164797,-0.181799,-0.061109,0.074739,-0.062164,-0.101805,0.182242,-0.182387,0.052775,-0.000069,-0.016095,0.166797,-0.051918,0.171387,-0.552258,1.011834,0.223275,0.089626,-0.044573,-0.118683,-0.138169,0.818698,1.098339,0.000336,0.026936,0.085711
0.000329,0.027764,0.785774,-0.024132,-0.021393,-0.701017,0.712415,0.078924,0.074574,0.150792,0.164839,-0.181490,-0.061241,0.074610,-0.062180,-0.102004,0.182457,-0.182228,0.052601,-0.000738,-0.016446,0.165849,-0.050715,0.171493,-0.552783,1.013127,0.226145,0.089328,-0.043638,-0.118389,-0.138346,0.819276,1.098121,0.000631,0.026813,0.085598
0.000277,0.027889,0.785739,-0.024348,-0.021668,-0.701059,0.712358,0.079487,0.074592,0.150725,0.165053,-0.181742,-0.061146,0.075111,-0.062163,-0.101849,0.182639,-0.182434,0.052532,-0.001593,-0.016873,0.165617,-0.049166,0.171621,-0.553048,1.013773,0.227838,0.089358,-0.044367,-0.117735,-0.138658,0.818419,1.097600,0.001841,0.027514,0.086710
0.000259,0.028032,0.785755,-0.024403,-0.021728,-0.701206,0.712210,0.079668,0.074652,0.151313,0.164845,-0.181413,-0.061406,0.074959,-0.062109,-0.101503,0.182684,-0.182207,0.052618,-0.001378,-0.016947,0.165223,-0.048437,0.171714,-0.553509,1.014028,0.226519,0.089707,-0.046590,-0.117475,-0.139095,0.818845,1.098543,0.000423,0.028334,0.087150
0.000227,0.028171,0.785779,-0.024551,-0.021888,-0.701538,0.711873,0.079925,0.074842,0.151957,0.165361,-0.181525,-0.060860,0.074801,-0.061932,-0.100632,0.183129,-0.182046,0.052429,-0.000677,-0.016991,0.164996,-0.048188,0.171957,-0.554930,1.013703,0.226156,0.089973,-0.046371,-0.116741,-0.139973,0.819923,1.100895,-0.000529,0.027583,0.087324
0.000174,0.028381,0.785746,-0.024604,-0.021881,-0.701767,0.711645,0.080087,0.075113,0.152742,0.164909,-0.181417,-0.061365,0.074507,-0.061598,-0.099875,0.182938,-0.181646,0.052523,0.000758,-0.016775,0.164793,-0.048532,0.172154,-0.554914,1.013848,0.224857,0.090175,-0.046929,-0.116363,-0.140843,0.820649,1.103058,-0.000766,0.026898,0.087578
0.000162,0.028514,0.785781,-0.024570,-0.021917,-0.701894,0.711520,0.079780,0.075038,0.152974,0.165144,-0.181200,-0.060981,0.074037,-0.061698,-0.099547,0.183250,-0.181624,0.052329,0.000778,-0.016567,0.164596,-0.048519,0.172655,-0.554417,1.013610,0.224267,0.090191,-0.047048,-0.115816,-0.143136,0.824301,1.103291,0.002385,0.026173,0.086417
0.000151,0.028665,0.785788,-0.024644,-0.022039,-0.701816,0.711591,0.079895,0.074960,0.152765,0.165146,-0.181065,-0.061048,0.074236,-0.061773,-0.099723,0.183209,-0.181498,0.052417,0.000772,-0.016590,0.164559,-0.049036,0.173303,-0.554291,1.013916,0.223496,0.089879,-0.047332,-0.114904,-0.145004,0.824299,1.102604,0.003490,0.028132,0.086883
0.000081,0.028794,0.785799,-0.024817,-0.022088,-0.701609,0.711788,0.079872,0.075234,0.152218,0.165158,-0.180844,-0.061560,0.074505,-0.061534,-0.100282,0.183242,-0.181374,0.052061,0.000246,-0.016600,0.164276,-0.049679,0.173822,-0.555331,1.015185,0.223367,0.087952,-0.043868,-0.114851,-0.145939,0.824608,1.103487,0.004606,0.027354,0.087534
0.000090,0.028996,0.785832,-0.024479,-0.021792,-0.701472,0.711943,0.078504,0.075069,0.152104,0.164947,-0.180406,-0.061411,0.073304,-0.061681,-0.100620,0.183028,-0.181065,0.052023,0.000012,-0.016970,0.163306,-0.050530,0.175250,-0.555418,1.015771,0.225186,0.087811,-0.044527,-0.114698,-0.147718,0.823934,1.102554,0.002854,0.027174,0.088843
0.000044,0.029095,0.785827,-0.024739,-0.021921,-0.701320,0.712080,0.078753,0.075269,0.151485,0.165233,-0.180453,-0.061557,0.073919,-0.061483,-0.101108,0.183028,-0.181060,0.051782,-0.000107,-0.016792,0.163382,-0.051584,0.176216,-0.555199,1.016619,0.225420,0.088133,-0.044160,-0.114887,-0.148783,0.823344,1.102215,0.003222,0.026601,0.089566
0.000042,0.029265,0.785869,-0.024676,-0.021866,-0.701224,0.712179,0.078252,0.075223,0.151289,0.165163,-0.180074,-0.061660,0.073535,-0.061517,-0.101234,0.182966,-0.180627,0.051799,0.000517,-0.016866,0.163271,-0.053003,0.177515,-0.554094,1.016187,0.221814,0.088431,-0.045350,-0.115153,-0.149917,0.822593,1.101220,0.003956,0.026819,0.089997
-0.000001,0.029415,0.785880,-0.024689,-0.021822,-0.701311,0.712093,0.078030,0.075436,0.151568,0.165091,-0.179754,-0.061879,0.073148,-0.061343,-0.101173,0.183045,-0.180483,0.051449,0.000711,-0.016796,0.163264,-0.053776,0.179421,-0.554753,1.015177,0.221380,0.089395,-0.045249,-0.116134,-0.151121,0.823624,1.100150,-0.001255,0.027683,0.089169
-0.000024,0.029607,0.785921,-0.024640,-0.021689,-0.701481,0.711932,0.077442,0.075663,0.151836,0.165379,-0.179793,-0.061472,0.072506,-0.061072,-0.100648,0.182883,-0.179952,0.051518,0.001765,-0.016782,0.163534,-0.055101,0.180730,-0.553921,1.015092,0.223876,0.090011,-0.046143,-0.117226,-0.151750,0.824766,1.099225,-0.001925,0.026812,0.087488
-0.000040,0.029763,0.785926,-0.024777,-0.021748,-0.701575,0.711832,0.077482,0.075862,0.152033,0.165626,-0.179814,-0.061355,0.072442,-0.060889,-0.100453,0.183077,-0.179799,0.051212,0.001693,-0.016638,0.164297,-0.056257,0.181911,-0.554142,1.015509,0.223483,0.089713,-0.046466,-0.118786,-0.152060,0.825510,1.098217,-0.001367,0.027457,0.087453
0.000013,0.029976,0.785943,-0.024571,-0.021634,-0.701736,0.711685,0.076959,0.075674,0.152482,0.165127,-0.179181,-0.061510,0.071768,-0.061022,-0.100061,0.182556,-0.179383,0.051847,0.001912,-0.016818,0.164867,-0.057214,0.183226,-0.553760,1.015628,0.222041,0.089352,-0.046264,-0.120570,-0.152291,0.825936,1.097170,-0.000399,0.026784,0.087421
-0.000049,0.030124,0.785971,-0.024562,-0.021499,-0.701610,0.711813,0.076374,0.075883,0.152049,0.165194,-0.178993,-0.061619,0.071427,-0.060808,-0.100537,0.182441,-0.179079,0.051542,0.001340,-0.017033,0.165637,-0.058369,0.184398,-0.554460,1.016189,0.221347,0.088406,-0.046419,-0.121921,-0.152323,0.826183,1.095291,-0.000204,0.027982,0.088218
-0.000009,0.030286,0.785997,-0.024487,-0.021455,-0.701526,0.711899,0.075698,0.075768,0.151880,0.165502,-0.178787,-0.061136,0.070816,-0.060955,-0.100604,0.182841,-0.178908,0.051192,0.001138,-0.017667,0.166704,-0.059168,0.185785,-0.555208,1.016329,0.222255,0.088335,-0.045314,-0.123489,-0.152290,0.827617,1.094043,0.003612,0.027613,0.088087
-0.000023,0.030462,0.786027,-0.024333,-0.021316,-0.701423,0.712011,0.075010,0.075686,0.151437,0.165197,-0.178142,-0.061464,0.070289,-0.060988,-0.100968,0.182514,-0.178433,0.051333,0.000532,-0.018413,0.167561,-0.060111,0.186445,-0.555675,1.016597,0.222126,0.088212,-0.045453,-0.124929,-0.152215,0.827985,1.093262,0.005130,0.027186,0.089119
-0.000043,0.030564,0.786068,-0.024029,-0.020848,-0.701324,0.712133,0.073586,0.075992,0.151508,0.165021,-0.177856,-0.061523,0.068972,-0.060723,-0.101247,0.182379,-0.178190,0.050800,0.000404,-0.018755,0.167491,-0.060368,0.186932,-0.555824,1.015791,0.222349,0.088946,-0.045678,-0.125335,-0.152105,0.827879,1.093295,0.003768,0.027197,0.089235
-0.000058,0.030636,0.786075,-0.023843,-0.020749,-0.701242,0.712222,0.072894,0.075789,0.151159,0.165113,-0.177687,-0.061031,0.068669,-0.060901,-0.101579,0.181979,-0.177656,0.051358,0.000316,-0.019919,0.167807,-0.060384,0.187196,-0.555939,1.015463,0.222595,0.088788,-0.046693,-0.125364,-0.151967,0.828174,1.093179,0.002767,0.027114,0.089277
-0.000062,0.030656,0.786119,-0.023680,-0.020418,-0.701211,0.712268,0.072070,0.076041,0.150968,0.165003,-0.177342,-0.061287,0.067866,-0.060643,-0.101735,0.181910,-0.177331,0.050998,0.000076,-0.020289,0.167627,-0.060309,0.187372,-0.556819,1.015199,0.222790,0.088272,-0.046287,-0.125572,-0.151844,0.828544,1.094112,0.003570,0.026593,0.089915
-0.000085,0.030669,0.786143,-0.023454,-0.020160,-0.701276,0.712219,0.071436,0.076071,0.150977,0.164664,-0.177050,-0.061426,0.067279,-0.060497,-0.101547,0.181359,-0.177178,0.051303,0.000379,-0.020546,0.167174,-0.059929,0.187405,-0.556762,1.014184,0.225043,0.088577,-0.047721,-0.125518,-0.151800,0.828120,1.095320,0.003400,0.026557,0.090468
-0.000076,0.030541,0.786112,-0.023302,-0.019925,-0.701293,0.712214,0.070985,0.076227,0.151075,0.164731,-0.177368,-0.061181,0.066829,-0.060373,-0.101484,0.181334,-0.176991,0.051132,0.000333,-0.020718,0.166304,-0.059396,0.187382,-0.556708,1.014155,0.225285,0.088645,-0.047940,-0.125358,-0.151790,0.828034,1.096311,0.003150,0.026515,0.090056
-0.000064,0.030373,0.786127,-0.023293,-0.019750,-0.701323,0.712190,0.070962,0.076496,0.151035,0.164787,-0.177602,-0.061312,0.066811,-0.060102,-0.101561,0.181238,-0.177008,0.050952,-0.000256,-0.020463,0.165273,-0.058884,0.187392,-0.556962,1.014395,0.225543,0.088791,-0.048917,-0.125160,-0.151804,0.828112,1.097368,0.004038,0.026941,0.090298
0.000029,0.030250,0.786143,-0.023148,-0.019560,-0.701393,0.712130,0.070696,0.076449,0.151256,0.164661,-0.177630,-0.061296,0.066329,-0.060137,-0.101375,0.181399,-0.177047,0.050673,-0.000369,-0.020145,0.164028,-0.058868,0.187454,-0.556889,1.015275,0.223819,0.088206,-0.050378,-0.125188,-0.151859,0.827735,1.098083,0.005736,0.026453,0.090506
0.000100,0.030057,0.786121,-0.023089,-0.019570,-0.701338,0.712186,0.070958,0.076198,0.151049,0.164428,-0.177739,-0.061352,0.066707,-0.060383,-0.101472,0.181130,-0.177132,0.051188,-0.000835,-0.019778,0.163150,-0.059532,0.187759,-0.558043,1.016219,0.220115,0.088011,-0.050419,-0.125369,-0.152094,0.827848,1.098567,0.002471,0.026335,0.089870
0.000165,0.029891,0.786113,-0.023224,-0.019716,-0.701385,0.712132,0.071716,0.076173,0.151478,0.164546,-0.178038,-0.061256,0.067302,-0.060462,-0.101363,0.181282,-0.177405,0.051144,-0.000939,-0.019331,0.162855,-0.060361,0.188166,-0.558424,1.017437,0.221183,0.087373,-0.047555,-0.125381,-0.152287,0.827536,1.098656,0.004172,0.026647,0.090168
0.000283,0.029761,0.786157,-0.023196,-0.019758,-0.701403,0.712113,0.071805,0.075847,0.151492,0.164839,-0.178168,-0.060616,0.067367,-0.060781,-0.101192,0.181585,-0.177582,0.051156,-0.000850,-0.018753,0.162635,-0.061614,0.189000,-0.558755,1.017803,0.221863,0.086908,-0.045991,-0.126180,-0.152641,0.827956,1.099472,0.006304,0.026399,0.090623
0.000384,0.029626,0.786112,-0.023175,-0.019729,-0.701517,0.712003,0.072242,0.075752,0.152004,0.164435,-0.178426,-0.060735,0.067605,-0.060860,-0.100906,0.181194,-0.177589,0.051685,-0.000177,-0.017824,0.162373,-0.062515,0.190132,-0.558684,1.017902,0.225083,0.086452,-0.045035,-0.126584,-0.153174,0.827802,1.098977,0.002942,0.026905,0.090065
0.000487,0.029492,0.786123,-0.023055,-0.019630,-0.701578,0.711949,0.072060,0.075546,0.151961,0.164498,-0.178562,-0.060374,0.067390,-0.061051,-0.100808,0.181265,-0.177628,0.051709,-0.000062,-0.017166,0.161761,-0.063467,0.191002,-0.557553,1.017559,0.223360,0.087592,-0.046449,-0.127586,-0.153640,0.828933,1.099133,0.001405,0.027160,0.089729
0.000601,0.029382,0.786127,-0.023038,-0.019758,-0.701516,0.712007,0.072355,0.075134,0.151837,0.164559,-0.178574,-0.060082,0.067680,-0.061495,-0.100842,0.181499,-0.178098,0.051740,-0.000682,-0.016706,0.161704,-0.064145,0.192219,-0.556373,1.016583,0.220831,0.089144,-0.047425,-0.128360,-0.154206,0.828794,1.098537,0.000685,0.027275,0.088742
0.000684,0.029320,0.786111,-0.023006,-0.019602,-0.701569,0.711960,0.072395,0.075187,0.152089,0.164139,-0.178656,-0.060421,0.067561,-0.061402,-0.100803,0.181249,-0.177827,0.051873,-0.000832,-0.015820,0.161452,-0.065116,0.193044,-0.555824,1.016605,0.222246,0.089006,-0.048841,-0.129403,-0.154524,0.828360,1.098475,0.000446,0.027076,0.089077
0.000792,0.029273,0.786118,-0.022789,-0.019582,-0.701502,0.712034,0.072054,0.074646,0.151822,0.164022,-0.178405,-0.060056,0.067373,-0.061925,-0.100907,0.181082,-0.177909,0.052320,-0.001073,-0.015767,0.161356,-0.065865,0.194163,-0.554427,1.016455,0.226832,0.088966,-0.049360,-0.130538,-0.154969,0.828669,1.097894,0.002645,0.027579,0.089503
0.000884,0.029310,0.786151,-0.022732,-0.019449,-0.701435,0.712105,0.071681,0.074577,0.151759,0.163965,-0.178266,-0.059995,0.066954,-0.062002,-0.101106,0.181236,-0.177919,0.052021,-0.001729,-0.015482,0.161543,-0.066486,0.194998,-0.553790,1.015887,0.226667,0.088387,-0.047019,-0.131481,-0.155323,0.828669,1.097445,0.003091,0.027332,0.089767
0.000902,0.029296,0.786140,-0.022923,-0.019669,-0.701354,0.712173,0.072287,0.074514,0.151498,0.164112,-0.178466,-0.059968,0.067742,-0.062089,-0.101289,0.181193,-0.177903,0.052282,-0.001905,-0.015075,0.162440,-0.067175,0.195639,-0.553716,1.015246,0.225052,0.087630,-0.047600,-0.131957,-0.155605,0.827999,1.097376,-0.001485,0.027289,0.088717
0.000962,0.029359,0.786163,-0.022505,-0.019369,-0.701368,0.712180,0.071081,0.074180,0.151609,0.163885,-0.178016,-0.059559,0.066617,-0.062384,-0.101262,0.180872,-0.177541,0.052655,-0.001981,-0.015374,0.161879,-0.067526,0.196284,-0.553547,1.014746,0.221787,0.087033,-0.046317,-0.132622,-0.155945,0.828554,1.097384,0.001955,0.026597,0.089610
0.001007,0.029415,0.786173,-0.022512,-0.019366,-0.701377,0.712172,0.071100,0.074130,0.151517,0.163686,-0.177778,-0.059811,0.066453,-0.062432,-0.101206,0.181009,-0.177570,0.052514,-0.001932,-0.015525,0.162494,-0.067316,0.196778,-0.552325,1.013924,0.221041,0.087167,-0.046474,-0.132709,-0.156306,0.828184,1.097238,0.000683,0.026213,0.089065
0.001061,0.029497,0.786184,-0.022479,-0.019265,-0.701410,0.712143,0.070709,0.074162,0.151699,0.163877,-0.177828,-0.059442,0.065972,-0.062417,-0.101083,0.181228,-0.177370,0.052317,-0.001923,-0.015470,0.163056,-0.067143,0.196958,-0.552032,1.013338,0.220703,0.086923,-0.045930,-0.133039,-0.156532,0.827736,1.097221,0.000273,0.027173,0.089428
0.001045,0.029534,0.786173,-0.022311,-0.019204,-0.701464,0.712096,0.070437,0.074004,0.151710,0.163568,-0.177810,-0.059430,0.065847,-0.062488,-0.100936,0.180603,-0.177119,0.053102,-0.001672,-0.015766,0.163349,-0.066459,0.197065,-0.551552,1.012383,0.225027,0.087634,-0.046904,-0.132728,-0.156806,0.827300,1.097085,0.002312,0.027481,0.089329
0.001043,0.029605,0.786171,-0.022389,-0.019255,-0.701496,0.712061,0.070643,0.074067,0.151827,0.163372,-0.177433,-0.059872,0.065768,-0.062422,-0.100777,0.180859,-0.177198,0.052749,-0.001390,-0.016011,0.164199,-0.065423,0.197043,-0.551214,1.011851,0.227636,0.088036,-0.047673,-0.132355,-0.157090,0.826924,1.096910,0.002174,0.027658,0.089385
0.001011,0.029682,0.786172,-0.022421,-0.019272,-0.701481,0.712075,0.070561,0.074121,0.151715,0.163499,-0.177634,-0.059658,0.065840,-0.062380,-0.100888,0.180697,-0.177116,0.052913,-0.001408,-0.016331,0.165119,-0.064238,0.196920,-0.550825,1.011257,0.224775,0.088637,-0.049948,-0.131670,-0.157371,0.826370,1.096538,0.004481,0.027150,0.089440
0.001009,0.029804,0.786191,-0.022217,-0.019059,-0.701520,0.712049,0.069680,0.074198,0.152120,0.163543,-0.177329,-0.059451,0.064851,-0.062338,-0.100862,0.180842,-0.176714,0.052660,-0.001139,-0.016886,0.165351,-0.062685,0.196689,-0.550605,1.010800,0.222642,0.088613,-0.048958,-0.130899,-0.157590,0.826161,1.096602,0.003396,0.026173,0.089394
0.000987,0.029926,0.786209,-0.022303,-0.019100,-0.701409,0.712154,0.069554,0.074191,0.151550,0.163687,-0.177130,-0.059445,0.064844,-0.062319,-0.101074,0.181010,-0.176727,0.052452,-0.001065,-0.017355,0.166240,-0.061408,0.196237,-0.550916,1.010514,0.226025,0.088356,-0.046625,-0.130043,-0.157914,0.826112,1.096626,0.004477,0.025764,0.090311
0.000913,0.030052,0.786213,-0.022185,-0.018955,-0.701357,0.712212,0.068856,0.074347,0.151378,0.163758,-0.177076,-0.059366,0.064307,-0.062204,-0.101174,0.180901,-0.176572,0.052365,-0.000864,-0.017916,0.166806,-0.060448,0.195829,-0.551820,1.010996,0.225464,0.087075,-0.045860,-0.128931,-0.158163,0.826179,1.096280,0.006771,0.025145,0.090246
0.000852,0.030145,0.786226,-0.022226,-0.018931,-0.701342,0.712227,0.068667,0.074574,0.151458,0.163908,-0.176968,-0.059393,0.064202,-0.061976,-0.101375,0.180897,-0.176148,0.052251,-0.000497,-0.018434,0.167549,-0.059324,0.195391,-0.553123,1.011217,0.225420,0.087489,-0.045751,-0.127828,-0.158331,0.826418,1.095978,0.003298,0.025658,0.089487
0.000751,0.030272,0.786239,-0.022144,-0.018785,-0.701231,0.712343,0.068032,0.074750,0.150881,0.163858,-0.176669,-0.059692,0.063735,-0.061775,-0.101701,0.180799,-0.175948,0.051961,-0.000103,-0.018891,0.167979,-0.058800,0.195063,-0.552905,1.011045,0.220921,0.087853,-0.047621,-0.126712,-0.158396,0.825749,1.095741,0.002391,0.026343,0.090148
0.000680,0.030372,0.786241,-0.022075,-0.018698,-0.701093,0.712483,0.067496,0.074843,0.150601,0.163901,-0.176478,-0.059761,0.063432,-0.061655,-0.101953,0.180734,-0.175756,0.051838,-0.000278,-0.019546,0.168629,-0.058398,0.194782,-0.553579,1.011385,0.220275,0.087859,-0.046635,-0.125704,-0.158397,0.825700,1.095249,0.004075,0.026786,0.090584
0.000581,0.030489,0.786230,-0.021982,-0.018580,-0.701077,0.712505,0.066954,0.074988,0.150378,0.163892,-0.176298,-0.059879,0.062926,-0.061474,-0.102040,0.180712,-0.175626,0.051539,0.000445,-0.020226,0.169174,-0.058348,0.194509,-0.553664,1.011998,0.220964,0.087527,-0.046402,-0.124718,-0.158318,0.825541,1.094974,0.003453,0.026509,0.090071
0.000521,0.030672,0.786280,-0.021651,-0.018126,-0.701179,0.712426,0.065589,0.075389,0.150821,0.163522,-0.175658,-0.060309,0.061489,-0.061110,-0.101923,0.180298,-0.174965,0.051436,0.001202,-0.020794,0.169180,-0.058177,0.194325,-0.552536,1.011719,0.225049,0.088064,-0.045792,-0.124161,-0.158189,0.824519,1.094426,0.005748,0.026238,0.090980
0.000439,0.030813,0.786274,-0.021459,-0.017934,-0.701269,0.712348,0.064737,0.075453,0.150903,0.163666,-0.175684,-0.059866,0.060679,-0.060985,-0.101601,0.180112,-0.174653,0.051518,0.001606,-0.021455,0.169866,-0.058482,0.194242,-0.552358,1.011488,0.225162,0.089009,-0.045893,-0.124105,-0.158024,0.824294,1.094052,0.003378,0.026726,0.090216
0.000329,0.030946,0.786287,-0.021509,-0.017892,-0.701245,0.712372,0.064504,0.075804,0.150768,0.163711,-0.175278,-0.060270,0.060632,-0.060621,-0.101861,0.179801,-0.174230,0.051527,0.001992,-0.022163,0.171002,-0.058937,0.194252,-0.552628,1.012213,0.223786,0.088493,-0.044973,-0.124186,-0.157703,0.824953,1.093422,0.003968,0.026344,0.090280
