0.000188,0.023749,0.785645,-0.019483,-0.024323,-0.714601,0.698838,0.082595,0.058202,0.108602,0.175475,-0.183320,-0.048085,0.077668,-0.078399,-0.143913,0.171638,-0.189447,0.062115,-0.061684,0.010454,0.171843,-0.085086,0.179753,-0.778108,1.077334,-0.002418,0.028063,-0.085240,-0.090010,-0.156714,0.619894,1.031334,-0.224712,0.088300,0.047198
0.000235,0.023690,0.785607,-0.019671,-0.024590,-0.714578,0.698846,0.083398,0.057946,0.108539,0.175425,-0.183511,-0.048091,0.078454,-0.078647,-0.143860,0.171645,-0.189650,0.062543,-0.062275,0.010671,0.172179,-0.084753,0.179554,-0.778162,1.077487,-0.003995,0.028134,-0.085441,-0.089661,-0.156385,0.619738,1.031676,-0.229548,0.089032,0.049597
0.000269,0.023663,0.785584,-0.019591,-0.024605,-0.714631,0.698794,0.083441,0.057743,0.108823,0.175301,-0.183455,-0.047993,0.078373,-0.078879,-0.144014,0.171678,-0.190005,0.062533,-0.062720,0.011039,0.171731,-0.083881,0.179062,-0.777819,1.077562,-0.002461,0.027190,-0.084797,-0.089303,-0.155730,0.617601,1.031633,-0.228919,0.089242,0.051824
0.000332,0.023683,0.785637,-0.019630,-0.024539,-0.714546,0.698882,0.083298,0.057793,0.108398,0.175318,-0.183301,-0.048261,0.078225,-0.078747,-0.143675,0.171916,-0.189760,0.062309,-0.062962,0.011970,0.171580,-0.083240,0.178571,-0.777008,1.077062,-0.001836,0.028494,-0.085267,-0.088694,-0.155347,0.616852,1.031384,-0.228978,0.088988,0.052762
0.000359,0.023627,0.785630,-0.019730,-0.024829,-0.714513,0.698903,0.083700,0.057387,0.108342,0.175851,-0.183668,-0.047394,0.078893,-0.079258,-0.144275,0.172053,-0.190084,0.062674,-0.063661,0.012335,0.171849,-0.082375,0.178185,-0.776925,1.077010,-0.002571,0.028353,-0.085981,-0.088092,-0.155084,0.616407,1.030955,-0.228957,0.089207,0.052426
0.000381,0.023632,0.785614,-0.019731,-0.024697,-0.714429,0.698993,0.083740,0.057600,0.108321,0.175233,-0.183254,-0.048490,0.078676,-0.079019,-0.144140,0.172160,-0.190105,0.062170,-0.063787,0.013043,0.171971,-0.082132,0.177630,-0.776295,1.076631,-0.008281,0.027602,-0.087475,-0.087634,-0.154653,0.616003,1.030368,-0.228395,0.090036,0.052310
0.000394,0.023683,0.785592,-0.019869,-0.024877,-0.714261,0.699155,0.083825,0.057387,0.107709,0.175851,-0.183418,-0.047867,0.079338,-0.079228,-0.144693,0.172081,-0.190096,0.062587,-0.064023,0.013434,0.172622,-0.081880,0.176894,-0.774890,1.076917,-0.007490,0.027345,-0.087436,-0.087038,-0.153957,0.614180,1.030318,-0.229067,0.089351,0.050939
0.000403,0.023643,0.785622,-0.019805,-0.024913,-0.714204,0.699214,0.083691,0.057189,0.107533,0.175886,-0.183505,-0.047703,0.079330,-0.079427,-0.145005,0.172039,-0.190318,0.062669,-0.064316,0.013960,0.172906,-0.081807,0.176400,-0.774329,1.076841,-0.007787,0.027319,-0.087625,-0.086990,-0.153425,0.613646,1.030484,-0.228279,0.088622,0.049731
0.000418,0.023744,0.785610,-0.019805,-0.024814,-0.714037,0.699388,0.083413,0.057293,0.107173,0.175763,-0.183425,-0.048039,0.079100,-0.079330,-0.145294,0.172216,-0.190131,0.062279,-0.064730,0.014699,0.173255,-0.081890,0.175966,-0.773892,1.076903,-0.007345,0.027653,-0.086979,-0.086827,-0.152930,0.612788,1.029661,-0.228923,0.088937,0.048135
0.000330,0.023746,0.785559,-0.019805,-0.024891,-0.713903,0.699521,0.083231,0.057173,0.106496,0.176130,-0.183583,-0.047609,0.079564,-0.079431,-0.145838,0.171710,-0.190330,0.062820,-0.064665,0.014839,0.173693,-0.082242,0.175645,-0.773634,1.077450,-0.004660,0.027169,-0.086535,-0.086432,-0.152468,0.612146,1.028938,-0.228764,0.089090,0.048442
0.000330,0.023807,0.785608,-0.019639,-0.024693,-0.713938,0.699498,0.082705,0.057273,0.106830,0.175841,-0.183019,-0.048097,0.078729,-0.079340,-0.145661,0.171841,-0.189960,0.062515,-0.064832,0.015177,0.173709,-0.082585,0.175133,-0.773144,1.077636,-0.004616,0.027623,-0.086095,-0.086600,-0.151470,0.611214,1.028562,-0.230036,0.089714,0.048508
0.000248,0.023869,0.785570,-0.019720,-0.024875,-0.713796,0.699634,0.082909,0.057186,0.106293,0.175942,-0.183444,-0.047987,0.079241,-0.079459,-0.146030,0.171867,-0.190343,0.062477,-0.065089,0.014998,0.174409,-0.083007,0.174757,-0.773204,1.078298,-0.004402,0.027299,-0.085753,-0.086595,-0.150501,0.610429,1.028383,-0.229854,0.089847,0.048478
0.000201,0.023907,0.785644,-0.019361,-0.024398,-0.713931,0.699523,0.081448,0.057524,0.106681,0.175991,-0.182755,-0.048100,0.077597,-0.079088,-0.145812,0.171911,-0.189679,0.061955,-0.064651,0.015372,0.173678,-0.083278,0.174537,-0.773218,1.078315,-0.004003,0.027896,-0.085485,-0.086553,-0.149884,0.610080,1.027493,-0.231604,0.091064,0.048828
0.000075,0.023936,0.785556,-0.019680,-0.024675,-0.713871,0.699566,0.082432,0.057752,0.106510,0.176059,-0.183185,-0.048383,0.078793,-0.078897,-0.146058,0.171652,-0.190052,0.062183,-0.064706,0.015185,0.174725,-0.083345,0.174326,-0.773183,1.077996,-0.004165,0.027792,-0.085496,-0.086625,-0.149243,0.609998,1.027337,-0.230207,0.091302,0.048962
0.000039,0.023942,0.785588,-0.019483,-0.024642,-0.713892,0.699551,0.081951,0.057564,0.106460,0.176144,-0.183065,-0.048019,0.078408,-0.079019,-0.145895,0.171630,-0.189884,0.062396,-0.064534,0.014563,0.174204,-0.083116,0.173846,-0.773158,1.078189,-0.002434,0.027828,-0.084558,-0.086948,-0.148045,0.609580,1.028137,-0.230107,0.091637,0.048550
-0.000131,0.023880,0.785604,-0.019584,-0.024415,-0.713865,0.699583,0.081751,0.058374,0.106345,0.176206,-0.182927,-0.048867,0.078212,-0.078267,-0.145877,0.171682,-0.189718,0.061717,-0.064518,0.014609,0.173779,-0.082783,0.173497,-0.772823,1.077570,-0.004023,0.027892,-0.085276,-0.086572,-0.147303,0.608605,1.027903,-0.231210,0.091595,0.049098
-0.000231,0.023911,0.785525,-0.019755,-0.024694,-0.713735,0.699702,0.082534,0.058295,0.105965,0.176100,-0.183283,-0.049095,0.079196,-0.078319,-0.146532,0.171526,-0.190073,0.061900,-0.064425,0.013808,0.174514,-0.082679,0.173255,-0.772845,1.077264,-0.002152,0.027983,-0.084256,-0.086565,-0.146835,0.608417,1.028060,-0.230067,0.091301,0.048619
-0.000421,0.023916,0.785531,-0.019414,-0.024467,-0.713635,0.699821,0.081512,0.058343,0.105804,0.176037,-0.182889,-0.049078,0.078447,-0.078281,-0.146946,0.171186,-0.190154,0.061855,-0.064557,0.012668,0.173484,-0.082616,0.172666,-0.772477,1.077788,-0.001581,0.028145,-0.083469,-0.086970,-0.145753,0.608547,1.028238,-0.230986,0.091708,0.049077
-0.000540,0.023886,0.785555,-0.019745,-0.024692,-0.713621,0.699818,0.082214,0.058744,0.105658,0.176555,-0.183277,-0.049173,0.079244,-0.077883,-0.146871,0.171587,-0.190185,0.061388,-0.064835,0.011899,0.173823,-0.081956,0.171984,-0.771409,1.077876,0.001416,0.028660,-0.082694,-0.087065,-0.144624,0.607501,1.028262,-0.231314,0.091613,0.049099
-0.000695,0.023924,0.785516,-0.019646,-0.024695,-0.713438,0.700008,0.081900,0.058701,0.105100,0.176541,-0.183157,-0.049214,0.079393,-0.077923,-0.147271,0.171175,-0.190250,0.061773,-0.065312,0.010872,0.173422,-0.082430,0.171266,-0.772148,1.078614,0.000500,0.028059,-0.084076,-0.087718,-0.143488,0.607260,1.028991,-0.231073,0.091542,0.048859
-0.000854,0.023894,0.785545,-0.019580,-0.024468,-0.713471,0.699984,0.081527,0.059271,0.105093,0.176313,-0.182801,-0.050031,0.078897,-0.077323,-0.147356,0.171125,-0.190162,0.061119,-0.065438,0.010226,0.172701,-0.082945,0.170933,-0.773047,1.078492,-0.002407,0.028015,-0.085106,-0.088055,-0.142850,0.607076,1.028557,-0.228634,0.091660,0.049146
-0.001027,0.023939,0.785493,-0.019796,-0.024570,-0.713426,0.700020,0.081936,0.059730,0.104915,0.176524,-0.183103,-0.050340,0.079420,-0.076893,-0.147543,0.171228,-0.190311,0.060695,-0.065546,0.009476,0.172820,-0.083351,0.170794,-0.773067,1.078952,-0.002882,0.027411,-0.083980,-0.088242,-0.142518,0.606806,1.027987,-0.226609,0.090399,0.047503
-0.001171,0.023896,0.785533,-0.019753,-0.024561,-0.713514,0.699932,0.081835,0.059923,0.105053,0.176771,-0.183161,-0.050221,0.079300,-0.076712,-0.147327,0.171220,-0.190259,0.060622,-0.065258,0.008584,0.171948,-0.084135,0.170515,-0.773014,1.080468,-0.002562,0.027383,-0.084618,-0.088594,-0.141728,0.606840,1.028346,-0.227331,0.091184,0.048835
-0.001365,0.023882,0.785492,-0.019872,-0.024549,-0.713498,0.699945,0.082060,0.060431,0.104926,0.176659,-0.183188,-0.050935,0.079590,-0.076165,-0.147480,0.171116,-0.190285,0.060280,-0.065462,0.008094,0.171388,-0.085128,0.170428,-0.772975,1.080884,-0.003263,0.028199,-0.084876,-0.088995,-0.141193,0.606441,1.028906,-0.226464,0.091142,0.048582
-0.001491,0.023848,0.785450,-0.020162,-0.024897,-0.713667,0.699752,0.083193,0.060626,0.105351,0.176930,-0.183556,-0.050922,0.080490,-0.076012,-0.146933,0.171357,-0.190784,0.060148,-0.064663,0.007479,0.171227,-0.085898,0.170438,-0.772362,1.081175,-0.000182,0.028045,-0.083661,-0.089026,-0.140834,0.606596,1.029283,-0.228440,0.091157,0.049298
-0.001643,0.023855,0.785512,-0.020040,-0.024708,-0.713654,0.699775,0.082666,0.060964,0.105431,0.176761,-0.183024,-0.051434,0.080049,-0.075647,-0.147093,0.171144,-0.190403,0.060018,-0.064795,0.007163,0.169797,-0.086960,0.170518,-0.772126,1.081886,0.001320,0.028436,-0.083027,-0.089173,-0.140588,0.606750,1.029846,-0.228874,0.089952,0.048324
-0.001797,0.023818,0.785460,-0.020432,-0.025084,-0.713586,0.699820,0.083827,0.061242,0.105130,0.177131,-0.183720,-0.051486,0.081359,-0.075420,-0.147291,0.171351,-0.190878,0.059793,-0.065145,0.006685,0.169880,-0.087568,0.170751,-0.770527,1.081669,0.004101,0.029788,-0.083678,-0.088943,-0.140232,0.605272,1.029719,-0.226737,0.089577,0.048941
-0.001931,0.023773,0.785451,-0.020491,-0.025117,-0.713502,0.699903,0.083887,0.061410,0.104870,0.177305,-0.183761,-0.051588,0.081671,-0.075246,-0.147603,0.171252,-0.191010,0.059720,-0.065830,0.006421,0.169077,-0.088237,0.170982,-0.770546,1.082170,-0.000833,0.029547,-0.083971,-0.089200,-0.140047,0.604365,1.029817,-0.225785,0.090523,0.049822
-0.002075,0.023763,0.785474,-0.020688,-0.025166,-0.713443,0.699955,0.084202,0.061931,0.104736,0.177420,-0.183656,-0.052246,0.081989,-0.074778,-0.147786,0.171506,-0.190959,0.059101,-0.065518,0.006366,0.168253,-0.088667,0.171295,-0.770808,1.082649,0.000057,0.029061,-0.083823,-0.088655,-0.139881,0.603021,1.029666,-0.225847,0.090697,0.050043
-0.002178,0.023811,0.785396,-0.020904,-0.025529,-0.713229,0.700154,0.084875,0.061710,0.103969,0.177687,-0.184181,-0.051968,0.083151,-0.075009,-0.148379,0.171372,-0.191602,0.059384,-0.065880,0.005981,0.168324,-0.088842,0.171608,-0.770790,1.082428,-0.000037,0.029246,-0.083418,-0.088268,-0.139764,0.602541,1.029884,-0.225129,0.089839,0.048175
-0.002325,0.023721,0.785415,-0.021201,-0.025795,-0.713165,0.700201,0.085744,0.061998,0.103996,0.177878,-0.184146,-0.052382,0.084059,-0.074722,-0.148421,0.171584,-0.191821,0.059053,-0.065978,0.005571,0.168243,-0.088793,0.171831,-0.771087,1.082501,-0.000762,0.029071,-0.083258,-0.088047,-0.139705,0.602870,1.029899,-0.226734,0.090511,0.048621
-0.002448,0.023764,0.785384,-0.021308,-0.025880,-0.713000,0.700362,0.085795,0.062187,0.103553,0.178264,-0.184534,-0.052212,0.084403,-0.074580,-0.148731,0.171733,-0.191874,0.058852,-0.066052,0.005363,0.167730,-0.088347,0.172116,-0.771145,1.082326,-0.000276,0.028797,-0.083178,-0.086961,-0.139549,0.601917,1.029568,-0.226846,0.089943,0.048112
-0.002500,0.023766,0.785374,-0.021630,-0.026100,-0.712954,0.700391,0.086649,0.062407,0.103384,0.178277,-0.184530,-0.052731,0.085446,-0.074399,-0.149360,0.171581,-0.192022,0.058916,-0.065841,0.005226,0.167786,-0.087432,0.172303,-0.770459,1.082023,-0.001132,0.028648,-0.084203,-0.086430,-0.139345,0.600986,1.029020,-0.226978,0.090966,0.050540
-0.002623,0.023799,0.785359,-0.021643,-0.026076,-0.712785,0.700563,0.086349,0.062576,0.102931,0.178426,-0.184472,-0.052908,0.085337,-0.074201,-0.149596,0.171763,-0.192310,0.058314,-0.066258,0.005191,0.167285,-0.087121,0.172416,-0.771053,1.082262,-0.003087,0.028195,-0.084324,-0.086100,-0.139131,0.601615,1.028895,-0.227544,0.090384,0.051335
-0.002708,0.023846,0.785354,-0.021793,-0.026243,-0.712641,0.700699,0.086774,0.062678,0.102570,0.178346,-0.184602,-0.053270,0.086089,-0.074147,-0.150249,0.171449,-0.192087,0.058791,-0.066397,0.004954,0.167022,-0.085851,0.172456,-0.770732,1.081938,0.000224,0.028801,-0.083523,-0.085232,-0.138905,0.601289,1.028017,-0.227068,0.090442,0.051534
-0.002807,0.023954,0.785373,-0.021963,-0.026380,-0.712456,0.700876,0.086728,0.062835,0.102035,0.178958,-0.184815,-0.052969,0.086392,-0.074019,-0.150412,0.171782,-0.192323,0.058304,-0.066422,0.004870,0.167256,-0.085242,0.172459,-0.770670,1.082161,-0.001619,0.028342,-0.083835,-0.084748,-0.138528,0.600922,1.027199,-0.226839,0.090906,0.051680
-0.002892,0.024060,0.785345,-0.021959,-0.026330,-0.712226,0.701113,0.086397,0.062936,0.101300,0.178742,-0.184481,-0.053581,0.086403,-0.073885,-0.151262,0.171540,-0.192226,0.058215,-0.066488,0.004793,0.167104,-0.084663,0.172447,-0.770764,1.082347,-0.003247,0.027325,-0.084276,-0.084363,-0.138106,0.600912,1.026898,-0.228656,0.091183,0.051839
-0.002949,0.024195,0.785345,-0.022052,-0.026556,-0.712026,0.701304,0.086388,0.062728,0.100784,0.179164,-0.184604,-0.053026,0.086982,-0.074095,-0.151692,0.171337,-0.192132,0.058703,-0.066598,0.004399,0.167651,-0.084231,0.172432,-0.771264,1.081907,-0.004612,0.028020,-0.084164,-0.084162,-0.137515,0.600907,1.026650,-0.231513,0.092030,0.051277
-0.003027,0.024355,0.785409,-0.021926,-0.026315,-0.711773,0.701574,0.085357,0.062948,0.100073,0.179175,-0.184089,-0.053440,0.086257,-0.073909,-0.152572,0.171363,-0.191764,0.058203,-0.066279,0.004520,0.167489,-0.083935,0.172426,-0.770753,1.081400,-0.001700,0.028433,-0.084261,-0.084094,-0.136957,0.600981,1.026973,-0.231377,0.092235,0.050436
-0.003071,0.024599,0.785357,-0.021965,-0.026441,-0.711434,0.701912,0.084885,0.062706,0.098985,0.179505,-0.183916,-0.053106,0.086546,-0.074136,-0.153456,0.171177,-0.191880,0.058372,-0.066123,0.004141,0.168280,-0.083916,0.172464,-0.769436,1.081193,-0.001036,0.028415,-0.084811,-0.083926,-0.136330,0.600471,1.026989,-0.230031,0.091937,0.050206
-0.003102,0.024786,0.785450,-0.021754,-0.026151,-0.711280,0.702085,0.083795,0.062817,0.098684,0.179058,-0.183198,-0.053740,0.085466,-0.074000,-0.153790,0.171164,-0.191140,0.058064,-0.065885,0.004464,0.168255,-0.084193,0.172533,-0.771189,1.081411,-0.001696,0.028164,-0.083324,-0.084752,-0.135790,0.602190,1.028331,-0.229424,0.091469,0.049047
-0.003085,0.025027,0.785435,-0.021764,-0.026361,-0.711017,0.702344,0.083473,0.062363,0.097887,0.179343,-0.182831,-0.053310,0.085624,-0.074462,-0.154481,0.171252,-0.191320,0.058217,-0.065646,0.004052,0.169055,-0.084032,0.172573,-0.770831,1.081647,0.000009,0.027175,-0.082983,-0.084430,-0.135561,0.602077,1.028494,-0.229541,0.091142,0.048840
-0.003104,0.025244,0.785464,-0.021612,-0.026178,-0.710848,0.702526,0.082601,0.062346,0.097373,0.179038,-0.182306,-0.053672,0.084954,-0.074456,-0.154991,0.171061,-0.190821,0.058231,-0.065046,0.004217,0.169138,-0.083867,0.172575,-0.770160,1.081176,0.001796,0.027272,-0.082575,-0.084597,-0.135462,0.602952,1.028822,-0.230622,0.090996,0.048302
-0.003063,0.025435,0.785488,-0.021655,-0.026330,-0.710778,0.702590,0.082480,0.062063,0.097260,0.179270,-0.182032,-0.053297,0.084878,-0.074719,-0.155076,0.171302,-0.190858,0.058198,-0.064928,0.004253,0.169636,-0.083089,0.172562,-0.769528,1.081385,0.003527,0.027967,-0.082321,-0.084620,-0.135442,0.602872,1.029356,-0.231677,0.090835,0.048934
-0.003017,0.025611,0.785457,-0.021702,-0.026368,-0.710652,0.702715,0.082305,0.061937,0.096822,0.179107,-0.181583,-0.053603,0.084826,-0.074867,-0.155459,0.171384,-0.190694,0.058173,-0.064884,0.004445,0.169924,-0.081958,0.172502,-0.768830,1.081067,0.002702,0.029114,-0.083287,-0.084624,-0.135483,0.602599,1.030099,-0.233774,0.090654,0.048679
-0.002965,0.025767,0.785517,-0.021827,-0.026634,-0.710619,0.702734,0.082533,0.061644,0.096982,0.179526,-0.181784,-0.052852,0.085020,-0.075253,-0.155460,0.171833,-0.190620,0.058239,-0.064860,0.004327,0.170447,-0.081052,0.172400,-0.768988,1.081069,0.002528,0.029818,-0.083775,-0.084862,-0.135640,0.603395,1.030995,-0.233767,0.090041,0.048338
-0.002949,0.025985,0.785519,-0.021730,-0.026545,-0.710558,0.702801,0.081946,0.061564,0.096701,0.179225,-0.181154,-0.053226,0.084517,-0.075226,-0.155570,0.171605,-0.190252,0.058384,-0.065234,0.004389,0.170413,-0.080172,0.172293,-0.768933,1.080710,0.003260,0.029393,-0.083238,-0.085120,-0.135861,0.603273,1.031261,-0.233623,0.089962,0.048517
-0.002908,0.026130,0.785526,-0.021934,-0.026753,-0.710501,0.702846,0.082191,0.061479,0.096593,0.179663,-0.181392,-0.052711,0.084872,-0.075378,-0.155666,0.171918,-0.190330,0.058288,-0.065800,0.004321,0.171035,-0.078926,0.172188,-0.768364,1.080499,-0.001084,0.029168,-0.084340,-0.085055,-0.136115,0.601936,1.031025,-0.232100,0.090390,0.048658
-0.002883,0.026256,0.785553,-0.021876,-0.026722,-0.710582,0.702767,0.081957,0.061477,0.097089,0.179511,-0.181074,-0.052816,0.084343,-0.075407,-0.155404,0.172127,-0.190166,0.058034,-0.065648,0.004199,0.171080,-0.078209,0.172091,-0.768570,1.080721,0.001042,0.029447,-0.084390,-0.085008,-0.136368,0.601373,1.031052,-0.231166,0.090725,0.048234
-0.002846,0.026409,0.785560,-0.022047,-0.026943,-0.710544,0.702791,0.082303,0.061308,0.096848,0.179650,-0.181142,-0.052561,0.084758,-0.075597,-0.155521,0.172215,-0.190035,0.058321,-0.065538,0.004079,0.171790,-0.077730,0.171900,-0.769286,1.080887,-0.001915,0.029154,-0.084688,-0.084931,-0.136910,0.601472,1.030994,-0.231374,0.091596,0.047884
-0.002818,0.026491,0.785565,-0.022024,-0.026899,-0.710679,0.702657,0.082156,0.061330,0.097226,0.179591,-0.180878,-0.052576,0.084438,-0.075568,-0.155390,0.172221,-0.189973,0.058218,-0.065252,0.004161,0.171726,-0.077288,0.171663,-0.769314,1.081312,-0.004267,0.028811,-0.085386,-0.084624,-0.137692,0.602081,1.031028,-0.230144,0.091707,0.048532
-0.002811,0.026604,0.785566,-0.022087,-0.026881,-0.710679,0.702655,0.081978,0.061495,0.097146,0.179748,-0.181000,-0.052503,0.084281,-0.075458,-0.155493,0.172301,-0.189777,0.058057,-0.065444,0.004392,0.172117,-0.077216,0.171500,-0.769354,1.081316,-0.005146,0.028279,-0.085375,-0.084151,-0.138423,0.600877,1.030829,-0.232215,0.091663,0.050537
-0.002805,0.026690,0.785569,-0.022103,-0.026992,-0.710670,0.702660,0.082074,0.061274,0.097079,0.179647,-0.180848,-0.052443,0.084455,-0.075624,-0.155328,0.172090,-0.189659,0.058549,-0.065101,0.004102,0.172499,-0.077353,0.171395,-0.769423,1.081177,-0.004817,0.028407,-0.084512,-0.083660,-0.139045,0.601448,1.030376,-0.228877,0.091558,0.049847
-0.002788,0.026779,0.785610,-0.022017,-0.026785,-0.710714,0.702626,0.081462,0.061502,0.097246,0.179724,-0.180690,-0.052473,0.083702,-0.075423,-0.155172,0.172316,-0.189342,0.058066,-0.065016,0.004324,0.172295,-0.077528,0.171358,-0.769243,1.081275,-0.002981,0.028540,-0.084430,-0.083081,-0.139295,0.601743,1.030337,-0.230863,0.091644,0.050480
-0.002810,0.026837,0.785567,-0.021954,-0.026744,-0.710652,0.702692,0.081194,0.061435,0.096973,0.179634,-0.180604,-0.052522,0.083571,-0.075431,-0.155445,0.172074,-0.189279,0.058241,-0.065304,0.004246,0.172346,-0.077824,0.171338,-0.769281,1.081480,-0.005160,0.027946,-0.084577,-0.082386,-0.139591,0.601635,1.029947,-0.232356,0.091421,0.050541
-0.002769,0.026880,0.785595,-0.022016,-0.026835,-0.710717,0.702622,0.081471,0.061375,0.097259,0.179505,-0.180392,-0.052705,0.083629,-0.075481,-0.155084,0.172219,-0.189199,0.058244,-0.064914,0.004304,0.172856,-0.078153,0.171324,-0.769511,1.081292,-0.003994,0.028297,-0.084294,-0.081917,-0.139792,0.602252,1.029782,-0.233418,0.091529,0.049607
-0.002785,0.026943,0.785607,-0.021892,-0.026683,-0.710721,0.702627,0.080887,0.061427,0.097197,0.179605,-0.180369,-0.052474,0.083127,-0.075442,-0.154982,0.172110,-0.189028,0.058299,-0.065242,0.004463,0.172706,-0.078282,0.171313,-0.769465,1.081368,-0.005248,0.027933,-0.084397,-0.081346,-0.139900,0.602467,1.029258,-0.234850,0.091387,0.049806
-0.002762,0.026960,0.785604,-0.021910,-0.026734,-0.710794,0.702551,0.081053,0.061397,0.097421,0.179519,-0.180428,-0.052529,0.083186,-0.075486,-0.154990,0.172068,-0.189030,0.058337,-0.065035,0.004454,0.173110,-0.078336,0.171306,-0.769376,1.081036,-0.004098,0.028075,-0.084342,-0.080686,-0.139869,0.602344,1.028336,-0.234085,0.091374,0.049089
-0.002743,0.026974,0.785616,-0.021878,-0.026700,-0.710907,0.702438,0.080953,0.061389,0.097694,0.179646,-0.180464,-0.052284,0.082854,-0.075459,-0.154416,0.172339,-0.189027,0.058138,-0.064771,0.004785,0.172986,-0.078311,0.171287,-0.769824,1.080656,-0.004299,0.028272,-0.084660,-0.080300,-0.139743,0.602897,1.028053,-0.234958,0.091593,0.048305
-0.002702,0.026963,0.785588,-0.021869,-0.026673,-0.710948,0.702399,0.081020,0.061371,0.097635,0.179457,-0.180443,-0.052464,0.082997,-0.075483,-0.154670,0.171871,-0.188779,0.058734,-0.064701,0.004920,0.172960,-0.078177,0.171254,-0.769929,1.080629,-0.004844,0.028122,-0.084793,-0.080050,-0.139581,0.603133,1.027494,-0.234418,0.091785,0.048901
-0.002686,0.026956,0.785611,-0.021976,-0.026758,-0.710975,0.702364,0.081239,0.061415,0.097923,0.179751,-0.180561,-0.052248,0.083059,-0.075491,-0.154277,0.172369,-0.188922,0.058324,-0.064672,0.005175,0.173219,-0.078096,0.171199,-0.770141,1.080597,-0.004928,0.028261,-0.084736,-0.079974,-0.139369,0.603883,1.027429,-0.233128,0.091703,0.048485
-0.002658,0.026924,0.785581,-0.022238,-0.027084,-0.710838,0.702482,0.082113,0.061147,0.097349,0.179777,-0.180607,-0.052371,0.084251,-0.075711,-0.154847,0.172233,-0.189104,0.058727,-0.065106,0.005112,0.173785,-0.077932,0.171133,-0.770017,1.080797,-0.005889,0.027843,-0.085179,-0.079870,-0.138954,0.603856,1.027432,-0.233299,0.091564,0.049184
-0.002612,0.026870,0.785550,-0.022055,-0.026790,-0.710964,0.702372,0.081679,0.061349,0.097832,0.179504,-0.180627,-0.052519,0.083497,-0.075489,-0.154319,0.172168,-0.189131,0.058465,-0.064636,0.005501,0.172885,-0.077676,0.171084,-0.769927,1.080650,-0.005444,0.028014,-0.085020,-0.079987,-0.138745,0.603897,1.027485,-0.231713,0.091536,0.049557
-0.002568,0.026797,0.785585,-0.022124,-0.026895,-0.710933,0.702397,0.081848,0.061219,0.097696,0.179839,-0.180949,-0.052090,0.083780,-0.075612,-0.154179,0.172383,-0.189180,0.058529,-0.064741,0.005657,0.172668,-0.077664,0.171029,-0.770756,1.080593,-0.005122,0.028216,-0.085120,-0.080137,-0.138514,0.604654,1.027954,-0.230616,0.091608,0.048673
-0.002516,0.026748,0.785572,-0.022083,-0.026968,-0.710848,0.702482,0.081971,0.060895,0.097554,0.179825,-0.180892,-0.051935,0.084068,-0.075967,-0.154721,0.172238,-0.189503,0.058838,-0.064926,0.005632,0.172339,-0.077740,0.171019,-0.771208,1.080676,-0.003908,0.028235,-0.084944,-0.080298,-0.138280,0.604590,1.028516,-0.231771,0.092136,0.048570
-0.002477,0.026655,0.785544,-0.022059,-0.026724,-0.710925,0.702414,0.081863,0.061252,0.097847,0.179482,-0.180875,-0.052459,0.083756,-0.075611,-0.154487,0.172116,-0.189178,0.058695,-0.064710,0.006241,0.171347,-0.077525,0.171033,-0.771548,1.080709,-0.003041,0.028497,-0.083586,-0.080918,-0.138088,0.605151,1.028781,-0.229365,0.092205,0.050134
-0.002424,0.026588,0.785526,-0.022262,-0.027075,-0.710805,0.702515,0.082639,0.060890,0.097469,0.179856,-0.181211,-0.051999,0.084772,-0.075999,-0.154689,0.172301,-0.189684,0.058986,-0.064872,0.006042,0.171359,-0.077655,0.171084,-0.771485,1.081207,-0.001204,0.028870,-0.083235,-0.081163,-0.137970,0.605861,1.029020,-0.230138,0.092235,0.049990
-0.002369,0.026530,0.785540,-0.022122,-0.026854,-0.710948,0.702383,0.082396,0.060968,0.097955,0.179527,-0.181104,-0.052206,0.084252,-0.075935,-0.154560,0.172128,-0.189434,0.059029,-0.064861,0.006695,0.170037,-0.077570,0.171201,-0.772065,1.081565,-0.001659,0.028348,-0.083371,-0.081695,-0.137924,0.605863,1.029833,-0.230542,0.092813,0.050302
-0.002314,0.026447,0.785487,-0.022316,-0.027149,-0.710978,0.702336,0.083206,0.060719,0.097813,0.179798,-0.181517,-0.051886,0.084971,-0.076179,-0.154231,0.172578,-0.190048,0.058937,-0.064558,0.007013,0.169802,-0.077558,0.171302,-0.772108,1.081531,0.001528,0.028744,-0.082706,-0.081974,-0.137955,0.606004,1.030463,-0.231725,0.092834,0.050271
-0.002310,0.026423,0.785501,-0.022200,-0.026935,-0.710876,0.702451,0.082761,0.060846,0.097715,0.179526,-0.181284,-0.052280,0.084604,-0.076029,-0.154465,0.172368,-0.189986,0.058780,-0.064874,0.007458,0.168674,-0.077850,0.171546,-0.772500,1.082574,0.000640,0.027845,-0.083108,-0.082235,-0.138089,0.606050,1.030274,-0.229042,0.092584,0.051199
-0.002271,0.026423,0.785525,-0.022364,-0.027132,-0.710962,0.702351,0.083258,0.060763,0.097936,0.179845,-0.181617,-0.051817,0.085088,-0.076164,-0.154392,0.172555,-0.189829,0.059028,-0.064438,0.007521,0.168696,-0.078153,0.171742,-0.772638,1.083122,0.000676,0.027499,-0.083570,-0.082878,-0.138271,0.606843,1.030880,-0.229215,0.092108,0.049241
-0.002226,0.026418,0.785535,-0.022273,-0.027167,-0.710927,0.702388,0.083105,0.060477,0.097621,0.179832,-0.181432,-0.051703,0.084958,-0.076431,-0.154468,0.172579,-0.190011,0.059069,-0.064903,0.007514,0.168485,-0.078619,0.172134,-0.772856,1.083146,0.002728,0.028009,-0.083802,-0.083637,-0.138669,0.607628,1.031566,-0.229501,0.091841,0.051451
-0.002255,0.026481,0.785503,-0.022308,-0.027151,-0.710937,0.702377,0.083207,0.060636,0.098059,0.179676,-0.181418,-0.051908,0.084953,-0.076277,-0.154374,0.172498,-0.189987,0.058991,-0.064941,0.007731,0.168577,-0.079063,0.172830,-0.772862,1.083148,0.000442,0.027803,-0.083746,-0.084028,-0.139318,0.607143,1.032292,-0.228321,0.091095,0.050544
-0.002237,0.026560,0.785563,-0.022236,-0.027085,-0.711026,0.702292,0.082755,0.060603,0.098048,0.179931,-0.181338,-0.051441,0.084521,-0.076278,-0.153960,0.172512,-0.189495,0.059219,-0.064712,0.007743,0.168561,-0.080213,0.173397,-0.773944,1.083644,0.002592,0.029038,-0.083800,-0.085162,-0.139926,0.608324,1.032884,-0.225741,0.091222,0.049745
-0.002287,0.026640,0.785538,-0.022086,-0.026907,-0.711008,0.702322,0.082298,0.060678,0.098146,0.179555,-0.181106,-0.051763,0.083960,-0.076156,-0.154127,0.172341,-0.189518,0.058987,-0.064880,0.007754,0.168060,-0.080574,0.173907,-0.773712,1.084098,0.004590,0.028553,-0.083518,-0.085321,-0.140522,0.608077,1.033579,-0.227385,0.090544,0.049664
-0.002315,0.026693,0.785562,-0.022136,-0.026987,-0.711100,0.702224,0.082508,0.060763,0.098451,0.179457,-0.180834,-0.052012,0.083920,-0.076116,-0.153691,0.172551,-0.189448,0.058803,-0.064576,0.007716,0.168267,-0.081397,0.174607,-0.774424,1.084072,0.001670,0.028399,-0.084332,-0.085903,-0.141340,0.609001,1.034285,-0.229729,0.091351,0.051949
-0.002346,0.026871,0.785607,-0.021756,-0.026626,-0.711233,0.702115,0.081005,0.060803,0.098571,0.179580,-0.180416,-0.051561,0.082414,-0.076027,-0.153443,0.172421,-0.188758,0.058815,-0.064578,0.007780,0.167615,-0.081979,0.175578,-0.774636,1.083952,-0.003268,0.027969,-0.085253,-0.086092,-0.142499,0.608994,1.034018,-0.228906,0.090117,0.052305
-0.002325,0.026976,0.785585,-0.021639,-0.026578,-0.711343,0.702009,0.080803,0.060700,0.098849,0.179280,-0.180397,-0.051543,0.082042,-0.076118,-0.153415,0.172131,-0.188686,0.059057,-0.064633,0.007626,0.167627,-0.082300,0.176349,-0.774893,1.083743,-0.003080,0.028236,-0.085193,-0.086333,-0.143464,0.609671,1.033963,-0.229420,0.089975,0.052811
-0.002376,0.027092,0.785669,-0.021577,-0.026487,-0.711486,0.701869,0.080634,0.060919,0.099450,0.178971,-0.179908,-0.052027,0.081375,-0.075946,-0.153030,0.172439,-0.188428,0.058531,-0.064681,0.007999,0.167703,-0.082560,0.177163,-0.775468,1.082885,-0.002978,0.028421,-0.085285,-0.086809,-0.144559,0.610589,1.034363,-0.225973,0.090158,0.052403
-0.002378,0.027252,0.785688,-0.021478,-0.026396,-0.711565,0.701795,0.080028,0.060921,0.099606,0.179101,-0.179532,-0.051751,0.080689,-0.075898,-0.152421,0.172520,-0.187994,0.058566,-0.064680,0.008049,0.167673,-0.083006,0.177460,-0.775851,1.082815,-0.004143,0.028426,-0.085246,-0.087272,-0.145038,0.610833,1.034950,-0.227293,0.090202,0.051709
-0.002414,0.027367,0.785671,-0.021398,-0.026427,-0.711642,0.701719,0.079847,0.060847,0.099739,0.179077,-0.179558,-0.051500,0.080581,-0.076015,-0.152737,0.172130,-0.188035,0.058869,-0.064893,0.007805,0.167858,-0.083318,0.177963,-0.776414,1.082760,-0.003728,0.028307,-0.085355,-0.087456,-0.145967,0.611722,1.035278,-0.229462,0.090362,0.050384
-0.002440,0.027500,0.785741,-0.021318,-0.026328,-0.711621,0.701747,0.079429,0.060899,0.099815,0.178848,-0.179031,-0.051883,0.079747,-0.075956,-0.152383,0.172787,-0.187792,0.058097,-0.064838,0.007920,0.167941,-0.083628,0.178335,-0.776949,1.082275,-0.002730,0.028291,-0.085590,-0.087823,-0.146918,0.612553,1.035600,-0.226959,0.089462,0.050370
-0.002460,0.027707,0.785782,-0.021041,-0.026160,-0.711545,0.701838,0.078258,0.060731,0.099533,0.178921,-0.178495,-0.051491,0.078899,-0.076101,-0.152475,0.172507,-0.187127,0.058496,-0.064512,0.007853,0.167704,-0.084281,0.178547,-0.777047,1.081808,-0.002026,0.028503,-0.085930,-0.087928,-0.148205,0.613279,1.035280,-0.227351,0.089512,0.050766
-0.002491,0.027917,0.785801,-0.020658,-0.025858,-0.711539,0.701867,0.076972,0.060642,0.099543,0.178595,-0.178093,-0.051359,0.077632,-0.076199,-0.152941,0.172128,-0.186846,0.058455,-0.064375,0.007817,0.167220,-0.085212,0.178604,-0.777557,1.081642,0.000853,0.028224,-0.085230,-0.088599,-0.148935,0.614083,1.035578,-0.224967,0.089709,0.051638
-0.002565,0.028074,0.785795,-0.020850,-0.026068,-0.711356,0.702039,0.077245,0.060643,0.098919,0.178569,-0.177860,-0.051699,0.078110,-0.076196,-0.153237,0.172287,-0.186812,0.058305,-0.063953,0.007674,0.168089,-0.086342,0.178633,-0.777742,1.081255,-0.001182,0.028555,-0.085865,-0.088948,-0.149617,0.614561,1.036000,-0.226824,0.089208,0.052993
-0.002582,0.028265,0.785905,-0.020505,-0.025689,-0.711336,0.702083,0.075734,0.060685,0.098972,0.178545,-0.176939,-0.051583,0.076532,-0.076089,-0.153083,0.172359,-0.186003,0.057989,-0.063598,0.007984,0.167642,-0.087525,0.178664,-0.778476,1.080568,-0.001233,0.029245,-0.085719,-0.090048,-0.150952,0.615764,1.036371,-0.225942,0.089222,0.052952
-0.002641,0.028524,0.785917,-0.020482,-0.025775,-0.711190,0.702228,0.075382,0.060518,0.098571,0.178461,-0.176670,-0.051510,0.076522,-0.076295,-0.153853,0.172115,-0.185917,0.058127,-0.063427,0.007642,0.168498,-0.088771,0.178747,-0.777995,1.080742,0.003895,0.028757,-0.084659,-0.091109,-0.151971,0.615786,1.036650,-0.226969,0.089474,0.053031
-0.002688,0.028738,0.785913,-0.020394,-0.025708,-0.711189,0.702235,0.074865,0.060613,0.098618,0.178277,-0.176285,-0.051710,0.075971,-0.076146,-0.153739,0.171976,-0.185690,0.057961,-0.063173,0.007373,0.169224,-0.089447,0.179026,-0.775897,1.079148,0.001654,0.028535,-0.084821,-0.091893,-0.152808,0.613174,1.036206,-0.229665,0.089509,0.054556
-0.002824,0.028975,0.785986,-0.020247,-0.025389,-0.711246,0.702193,0.073592,0.061149,0.098610,0.178631,-0.175902,-0.051619,0.074716,-0.075636,-0.153459,0.172063,-0.184791,0.057418,-0.062218,0.007165,0.169737,-0.090713,0.179518,-0.774519,1.079472,0.003361,0.028523,-0.084512,-0.093596,-0.153693,0.614101,1.035634,-0.230587,0.089333,0.052077
-0.002851,0.029163,0.785996,-0.020129,-0.025401,-0.711252,0.702189,0.073304,0.060955,0.098652,0.178310,-0.175698,-0.051597,0.074417,-0.075811,-0.153567,0.171837,-0.184851,0.057586,-0.062486,0.006452,0.170195,-0.091506,0.180214,-0.775339,1.080490,-0.000452,0.028656,-0.085231,-0.095369,-0.154578,0.615486,1.035718,-0.231647,0.089459,0.052329
-0.002990,0.029387,0.786025,-0.019998,-0.025150,-0.711148,0.702308,0.072402,0.061289,0.098210,0.177966,-0.175057,-0.052350,0.073629,-0.075396,-0.153812,0.171532,-0.184337,0.057264,-0.062000,0.006219,0.170341,-0.092640,0.180926,-0.775344,1.081760,0.001386,0.028927,-0.085860,-0.096552,-0.155172,0.614785,1.035874,-0.230757,0.089028,0.051688
-0.003069,0.029564,0.786054,-0.019684,-0.024698,-0.711383,0.702094,0.070971,0.061791,0.098840,0.178009,-0.174608,-0.052290,0.071977,-0.074889,-0.153343,0.171399,-0.183527,0.056844,-0.061468,0.005776,0.169970,-0.092945,0.182210,-0.775704,1.082055,0.002209,0.029475,-0.085795,-0.097663,-0.155869,0.614549,1.034908,-0.228160,0.088332,0.051217
-0.003146,0.029775,0.786088,-0.019590,-0.024825,-0.711380,0.702096,0.070672,0.061564,0.098897,0.178206,-0.174627,-0.051656,0.071824,-0.075168,-0.153437,0.171316,-0.183417,0.057122,-0.061305,0.004908,0.170259,-0.092974,0.183118,-0.775411,1.082759,0.001754,0.029041,-0.086492,-0.098282,-0.156233,0.613554,1.034235,-0.227422,0.087494,0.049585
-0.003168,0.029923,0.786169,-0.019454,-0.024595,-0.711448,0.702039,0.070125,0.061803,0.099285,0.177671,-0.173903,-0.052398,0.070815,-0.074898,-0.153093,0.171411,-0.182913,0.056673,-0.060941,0.004473,0.170371,-0.093040,0.184369,-0.775821,1.082628,0.000827,0.029149,-0.087721,-0.098868,-0.156645,0.611285,1.033545,-0.228710,0.088342,0.052001
-0.003256,0.030072,0.786182,-0.019458,-0.024412,-0.711417,0.702076,0.069373,0.062200,0.099003,0.178067,-0.173896,-0.052237,0.070212,-0.074560,-0.153592,0.171656,-0.182516,0.055889,-0.060715,0.004093,0.170325,-0.093251,0.185612,-0.777435,1.083077,-0.001559,0.029109,-0.088283,-0.099441,-0.157073,0.612140,1.033547,-0.227034,0.088964,0.051131
-0.003270,0.030199,0.786119,-0.019295,-0.024630,-0.711387,0.702104,0.069453,0.061573,0.098867,0.177684,-0.173575,-0.051931,0.070671,-0.075078,-0.153534,0.170705,-0.182647,0.057445,-0.060212,0.002796,0.170553,-0.093070,0.186908,-0.777770,1.083051,-0.003135,0.028325,-0.088704,-0.099460,-0.157590,0.612906,1.033589,-0.227180,0.089065,0.051044
-0.003334,0.030301,0.786249,-0.019347,-0.024173,-0.711413,0.702092,0.068519,0.062559,0.098936,0.177881,-0.173356,-0.052609,0.069399,-0.074131,-0.153328,0.171482,-0.182143,0.055584,-0.060117,0.002914,0.170331,-0.093039,0.187716,-0.777417,1.082695,-0.002502,0.029254,-0.088725,-0.099386,-0.157882,0.612164,1.034041,-0.229473,0.089435,0.051614
-0.003350,0.030371,0.786233,-0.019247,-0.024144,-0.711304,0.702206,0.067982,0.062350,0.098290,0.178045,-0.173307,-0.052145,0.069376,-0.074266,-0.153905,0.170940,-0.181669,0.056242,-0.059825,0.002199,0.170166,-0.093417,0.189088,-0.778491,1.081876,-0.002120,0.028788,-0.088557,-0.098827,-0.158308,0.611731,1.034189,-0.229977,0.088712,0.051655
-0.003314,0.030436,0.786174,-0.018948,-0.024147,-0.711191,0.702329,0.067651,0.061787,0.098317,0.177563,-0.173108,-0.051888,0.069259,-0.074842,-0.154222,0.170290,-0.182045,0.057094,-0.059659,0.001551,0.169620,-0.093573,0.189741,-0.778307,1.081623,-0.004557,0.028105,-0.089346,-0.098006,-0.158505,0.611178,1.034233,-0.232790,0.089301,0.051314
-0.003308,0.030488,0.786267,-0.018940,-0.023501,-0.711147,0.702395,0.066652,0.062824,0.098234,0.177136,-0.172376,-0.053394,0.067869,-0.073761,-0.153910,0.170695,-0.181246,0.055520,-0.059687,0.001962,0.168840,-0.093888,0.190695,-0.778393,1.081405,-0.003989,0.028026,-0.088493,-0.097675,-0.158775,0.611630,1.034411,-0.231322,0.088180,0.051104
-0.003212,0.030452,0.786263,-0.019149,-0.024181,-0.711146,0.702367,0.067553,0.061889,0.098062,0.178254,-0.173049,-0.051419,0.069351,-0.074779,-0.154428,0.170816,-0.181515,0.056751,-0.059317,0.001183,0.169727,-0.094159,0.191212,-0.778245,1.081299,-0.004577,0.028595,-0.089001,-0.097079,-0.158894,0.611625,1.034967,-0.232632,0.088013,0.050844
-0.003154,0.030474,0.786319,-0.018703,-0.023440,-0.711225,0.702325,0.066021,0.062338,0.098329,0.177535,-0.172873,-0.051988,0.067367,-0.074257,-0.153879,0.170566,-0.180980,0.056168,-0.059201,0.001674,0.167837,-0.094635,0.191837,-0.779198,1.081374,-0.004225,0.027668,-0.088063,-0.097337,-0.159088,0.613336,1.034869,-0.232029,0.088580,0.051714
-0.003068,0.030475,0.786263,-0.018958,-0.023789,-0.711284,0.702246,0.066890,0.062022,0.098418,0.177906,-0.172936,-0.051558,0.068288,-0.074615,-0.153632,0.170774,-0.181284,0.056592,-0.059081,0.001449,0.168296,-0.094584,0.192414,-0.778660,1.080712,-0.007204,0.027586,-0.088643,-0.096985,-0.159222,0.613041,1.034319,-0.231872,0.088538,0.051626
-0.002866,0.030373,0.786259,-0.018699,-0.023606,-0.711464,0.702077,0.066682,0.061671,0.099018,0.177247,-0.172777,-0.051565,0.067801,-0.074927,-0.153716,0.170262,-0.181156,0.057183,-0.059504,0.001557,0.167050,-0.094343,0.192873,-0.779305,1.080267,-0.007450,0.027974,-0.088691,-0.097426,-0.159323,0.613549,1.034428,-0.230792,0.087618,0.050978
-0.002700,0.030311,0.786292,-0.018990,-0.023815,-0.711629,0.701895,0.067638,0.061584,0.099390,0.177535,-0.173396,-0.051210,0.068167,-0.075028,-0.152745,0.171177,-0.181588,0.056673,-0.059494,0.001870,0.167176,-0.094114,0.193287,-0.779036,1.079485,-0.003906,0.028605,-0.088535,-0.097678,-0.159456,0.613358,1.034446,-0.228413,0.087066,0.051696
-0.002526,0.030221,0.786247,-0.019041,-0.023841,-0.711819,0.701700,0.067951,0.061505,0.099984,0.177638,-0.173385,-0.050902,0.068331,-0.075137,-0.152159,0.171049,-0.181269,0.057254,-0.059505,0.002196,0.166707,-0.094480,0.193689,-0.780754,1.079312,-0.004688,0.028129,-0.087891,-0.098401,-0.159624,0.614148,1.034463,-0.224072,0.086859,0.051275
-0.002451,0.030204,0.786204,-0.018752,-0.023729,-0.711854,0.701676,0.067589,0.061015,0.100248,0.177182,-0.173441,-0.050614,0.067905,-0.075564,-0.152112,0.170507,-0.181491,0.057915,-0.059555,0.002035,0.165886,-0.094859,0.194264,-0.780652,1.079029,-0.003644,0.028391,-0.088344,-0.098540,-0.159832,0.613868,1.034020,-0.228592,0.087327,0.053575
-0.002208,0.030173,0.786272,-0.019193,-0.023926,-0.711977,0.701532,0.068843,0.061166,0.100577,0.177137,-0.173677,-0.051058,0.068594,-0.075465,-0.151681,0.171291,-0.181567,0.057323,-0.059748,0.002724,0.166611,-0.094972,0.194602,-0.781238,1.078753,-0.007277,0.028065,-0.089097,-0.099500,-0.160030,0.614272,1.034856,-0.225993,0.087016,0.053995
-0.002100,0.030144,0.786274,-0.019068,-0.023877,-0.711935,0.701581,0.068228,0.060785,0.100348,0.177682,-0.173715,-0.050069,0.068325,-0.075813,-0.151582,0.171338,-0.181258,0.057755,-0.060160,0.002955,0.166265,-0.095384,0.195005,-0.781692,1.078271,-0.007740,0.028257,-0.089848,-0.099703,-0.160255,0.613602,1.034986,-0.228506,0.087476,0.053516
-0.001901,0.030116,0.786264,-0.018948,-0.023729,-0.712053,0.701469,0.068084,0.060622,0.100741,0.177268,-0.173637,-0.050213,0.067844,-0.076021,-0.151837,0.171347,-0.181450,0.057577,-0.060289,0.003323,0.166004,-0.095659,0.195429,-0.781950,1.078116,-0.009594,0.028105,-0.089837,-0.100153,-0.160475,0.613153,1.034944,-0.225904,0.087919,0.054940
-0.001761,0.030155,0.786245,-0.018989,-0.023838,-0.711892,0.701628,0.068521,0.060196,0.100529,0.176758,-0.173508,-0.050516,0.068317,-0.076366,-0.151941,0.170943,-0.181240,0.058459,-0.060442,0.003425,0.166440,-0.096016,0.195956,-0.780833,1.078612,-0.009067,0.027801,-0.090230,-0.099912,-0.160755,0.612046,1.034209,-0.227409,0.087694,0.054867
-0.001568,0.030027,0.786242,-0.019330,-0.024322,-0.712009,0.701483,0.069636,0.059702,0.100719,0.177670,-0.174093,-0.049245,0.069403,-0.076915,-0.151308,0.171721,-0.181880,0.058594,-0.060484,0.003537,0.167499,-0.095480,0.196305,-0.780682,1.078203,-0.008165,0.028286,-0.088404,-0.099885,-0.161013,0.611360,1.034155,-0.227507,0.087971,0.054671
-0.001425,0.030069,0.786246,-0.019208,-0.024017,-0.711828,0.701680,0.069055,0.059692,0.100483,0.177082,-0.173837,-0.049904,0.068711,-0.076905,-0.151666,0.171781,-0.181525,0.058285,-0.060865,0.004223,0.167469,-0.095516,0.196668,-0.779843,1.077935,-0.006309,0.028506,-0.088537,-0.099699,-0.161325,0.610279,1.033893,-0.227167,0.088110,0.052978
-0.001261,0.030019,0.786213,-0.019433,-0.024515,-0.711830,0.701655,0.069972,0.059012,0.100435,0.177936,-0.174611,-0.048351,0.069953,-0.077659,-0.151663,0.171852,-0.182105,0.059256,-0.061186,0.004011,0.168565,-0.094769,0.196862,-0.779493,1.077271,-0.008681,0.028978,-0.088154,-0.099390,-0.161512,0.609822,1.033475,-0.226957,0.088398,0.053443
-0.001199,0.030054,0.786223,-0.019221,-0.024195,-0.711788,0.701715,0.069335,0.059008,0.100363,0.177112,-0.173825,-0.049333,0.069148,-0.077606,-0.151861,0.171591,-0.181556,0.059237,-0.060920,0.004218,0.168187,-0.094573,0.196973,-0.778739,1.077071,-0.004651,0.028872,-0.088240,-0.098726,-0.161610,0.609628,1.032632,-0.229202,0.088454,0.052287
-0.001070,0.030068,0.786226,-0.019362,-0.024275,-0.711886,0.701608,0.069641,0.058979,0.100498,0.177352,-0.174116,-0.049108,0.069185,-0.077633,-0.151405,0.172135,-0.181969,0.058723,-0.061378,0.004532,0.168846,-0.093613,0.197062,-0.778859,1.076356,-0.003967,0.028936,-0.087630,-0.098271,-0.161645,0.609549,1.031967,-0.230156,0.088455,0.049883
-0.000958,0.030012,0.786223,-0.019314,-0.024419,-0.711933,0.701557,0.069860,0.058485,0.100599,0.177474,-0.174403,-0.048426,0.069499,-0.078119,-0.151322,0.171880,-0.181896,0.059698,-0.061166,0.004300,0.169132,-0.092658,0.197031,-0.779180,1.076101,-0.003635,0.028489,-0.087271,-0.097407,-0.161608,0.609724,1.031655,-0.230848,0.088024,0.049416
-0.000932,0.029969,0.786180,-0.019418,-0.024321,-0.712055,0.701434,0.070233,0.058854,0.101054,0.177039,-0.174394,-0.049221,0.069522,-0.077762,-0.151209,0.171823,-0.181883,0.059428,-0.061120,0.004561,0.169301,-0.091300,0.196907,-0.779412,1.075345,-0.002605,0.028671,-0.086654,-0.096157,-0.161497,0.610011,1.030729,-0.230949,0.087481,0.049646
-0.000870,0.029848,0.786150,-0.019858,-0.024789,-0.712142,0.701317,0.071695,0.058769,0.101243,0.177631,-0.175046,-0.048756,0.070839,-0.077878,-0.150829,0.172470,-0.182576,0.059287,-0.060974,0.004372,0.170101,-0.089462,0.196404,-0.779174,1.074625,-0.007007,0.028315,-0.088451,-0.094495,-0.161070,0.610548,1.030618,-0.229459,0.086847,0.051019
-0.000864,0.029807,0.786186,-0.019718,-0.024675,-0.712248,0.701217,0.071335,0.058728,0.101558,0.177818,-0.175269,-0.048279,0.070452,-0.077948,-0.150274,0.172407,-0.182269,0.059655,-0.060900,0.004338,0.169604,-0.088354,0.195741,-0.779394,1.074141,-0.006225,0.028300,-0.088965,-0.093348,-0.160515,0.610998,1.030772,-0.229605,0.086911,0.052291
-0.000813,0.029691,0.786096,-0.020179,-0.024954,-0.712342,0.701098,0.072823,0.059040,0.101848,0.177784,-0.175783,-0.048838,0.071673,-0.077635,-0.150243,0.172558,-0.182714,0.059423,-0.061121,0.004440,0.170470,-0.086910,0.195049,-0.779154,1.073662,-0.007615,0.027842,-0.089125,-0.092055,-0.159880,0.611246,1.030514,-0.226358,0.086716,0.052444
-0.000820,0.029611,0.786100,-0.020168,-0.024981,-0.712435,0.701003,0.073059,0.059013,0.102166,0.177820,-0.175835,-0.048708,0.071852,-0.077657,-0.149922,0.172405,-0.182881,0.059747,-0.060882,0.004196,0.170430,-0.085944,0.194510,-0.779420,1.073384,-0.004537,0.028807,-0.088181,-0.090899,-0.159402,0.611951,1.030063,-0.227022,0.087113,0.052370
-0.000845,0.029575,0.786107,-0.020332,-0.025211,-0.712462,0.700963,0.073599,0.058970,0.102169,0.178157,-0.176096,-0.048528,0.072297,-0.077722,-0.149401,0.172923,-0.183141,0.059594,-0.060794,0.003824,0.170825,-0.085293,0.193636,-0.779678,1.073576,-0.007650,0.028554,-0.088550,-0.089893,-0.158673,0.612911,1.029437,-0.228711,0.088150,0.051752
-0.000854,0.029499,0.786058,-0.020451,-0.025125,-0.712505,0.700918,0.073903,0.059318,0.102230,0.177913,-0.176270,-0.049145,0.072434,-0.077396,-0.149993,0.172895,-0.183312,0.059151,-0.061035,0.003912,0.170740,-0.084477,0.192715,-0.779307,1.073536,-0.002891,0.028974,-0.087196,-0.089117,-0.157930,0.614149,1.029708,-0.227968,0.087848,0.051558
-0.000888,0.029435,0.786055,-0.020521,-0.025377,-0.712584,0.700828,0.074381,0.059129,0.102427,0.178291,-0.176441,-0.048624,0.073045,-0.077582,-0.149480,0.172832,-0.183556,0.059774,-0.061087,0.003228,0.170741,-0.083828,0.191644,-0.779980,1.074305,-0.004775,0.028911,-0.086796,-0.088389,-0.157088,0.615637,1.030492,-0.226243,0.088209,0.051376
-0.000965,0.029398,0.786025,-0.020663,-0.025288,-0.712507,0.700904,0.074767,0.059561,0.102162,0.177775,-0.176441,-0.049761,0.073338,-0.077109,-0.149721,0.172717,-0.183516,0.059399,-0.061024,0.003165,0.170525,-0.083012,0.190951,-0.779934,1.074259,-0.004592,0.028905,-0.087419,-0.086745,-0.156601,0.615810,1.030301,-0.230414,0.088849,0.052425
-0.001019,0.029350,0.785995,-0.020719,-0.025421,-0.712516,0.700889,0.074881,0.059547,0.102135,0.178344,-0.176755,-0.049118,0.073609,-0.077157,-0.149896,0.172881,-0.183820,0.059353,-0.061212,0.002493,0.170766,-0.082220,0.190326,-0.780068,1.074603,-0.002339,0.028778,-0.087072,-0.085735,-0.156161,0.615563,1.030613,-0.229291,0.089599,0.053084
-0.001043,0.029339,0.786024,-0.020792,-0.025565,-0.712475,0.700923,0.075103,0.059451,0.102119,0.178561,-0.176909,-0.048852,0.073899,-0.077295,-0.149875,0.173046,-0.183841,0.059466,-0.060649,0.001838,0.171159,-0.080981,0.189967,-0.779571,1.074116,-0.002559,0.028551,-0.086494,-0.084595,-0.155966,0.615413,1.030770,-0.228899,0.089972,0.053704
-0.001163,0.029358,0.785991,-0.020981,-0.025514,-0.712350,0.701046,0.075373,0.059970,0.101633,0.178343,-0.176955,-0.049798,0.074290,-0.076744,-0.150178,0.173003,-0.183834,0.058997,-0.060896,0.001501,0.171500,-0.079894,0.189252,-0.777987,1.074026,-0.003243,0.028802,-0.086692,-0.083868,-0.155668,0.615278,1.030970,-0.226189,0.089379,0.053767
-0.001204,0.029335,0.785982,-0.020803,-0.025493,-0.712424,0.700977,0.075040,0.059801,0.101750,0.178450,-0.176719,-0.049472,0.074009,-0.076920,-0.150178,0.172785,-0.183954,0.059335,-0.061161,0.001028,0.171373,-0.079401,0.188714,-0.778695,1.074436,-0.005052,0.028532,-0.086881,-0.083521,-0.155455,0.615517,1.031775,-0.228462,0.089407,0.053768
-0.001273,0.029357,0.786007,-0.020852,-0.025550,-0.712326,0.701074,0.075049,0.059835,0.101579,0.178669,-0.176925,-0.049324,0.074132,-0.076859,-0.150168,0.172963,-0.184033,0.059149,-0.060894,0.000589,0.171538,-0.078859,0.188156,-0.778495,1.075310,-0.006737,0.028430,-0.086396,-0.082721,-0.155230,0.614855,1.031548,-0.228398,0.089681,0.052972
-0.001345,0.029329,0.785952,-0.020905,-0.025510,-0.712351,0.701048,0.075340,0.060144,0.101674,0.178154,-0.176738,-0.050280,0.074358,-0.076577,-0.150310,0.172647,-0.183981,0.059202,-0.060504,0.000473,0.171605,-0.078117,0.187718,-0.777384,1.076161,-0.004440,0.027981,-0.085657,-0.082283,-0.155076,0.614433,1.030795,-0.230287,0.089933,0.053384
-0.001356,0.029271,0.785961,-0.020968,-0.025609,-0.712374,0.701019,0.075521,0.060116,0.101750,0.178610,-0.176983,-0.049782,0.074589,-0.076631,-0.150349,0.172917,-0.184294,0.058968,-0.060734,0.000550,0.171699,-0.077472,0.187369,-0.777157,1.077152,-0.003821,0.027474,-0.085429,-0.082215,-0.154947,0.614381,1.031105,-0.229546,0.089502,0.053321
-0.001396,0.029200,0.785941,-0.021053,-0.025673,-0.712351,0.701038,0.075811,0.060213,0.101703,0.178726,-0.177219,-0.049840,0.074923,-0.076542,-0.150254,0.172968,-0.184302,0.059031,-0.060782,0.000945,0.171349,-0.076886,0.186815,-0.777117,1.077437,-0.004436,0.027431,-0.085741,-0.082094,-0.154655,0.614404,1.031372,-0.227584,0.089167,0.050127
-0.001454,0.029155,0.785932,-0.020947,-0.025574,-0.712339,0.701057,0.075599,0.060292,0.101597,0.178623,-0.177291,-0.050066,0.074681,-0.076454,-0.150247,0.172941,-0.184608,0.058773,-0.060931,0.001474,0.170359,-0.076312,0.186395,-0.776546,1.077267,-0.004732,0.028214,-0.085769,-0.082166,-0.154407,0.613828,1.030558,-0.229260,0.090087,0.052040
-0.001531,0.029067,0.785943,-0.020855,-0.025454,-0.712319,0.701084,0.075400,0.060473,0.101693,0.178552,-0.177099,-0.050390,0.074457,-0.076272,-0.150325,0.172999,-0.184784,0.058425,-0.060890,0.001915,0.169098,-0.075962,0.186070,-0.776413,1.077589,-0.004146,0.028350,-0.085496,-0.082243,-0.154212,0.613564,1.029746,-0.227815,0.089906,0.051707
-0.001555,0.029003,0.785918,-0.020803,-0.025423,-0.712352,0.701053,0.075363,0.060477,0.101639,0.178609,-0.177445,-0.050269,0.074530,-0.076239,-0.150377,0.172759,-0.184606,0.058781,-0.061375,0.002756,0.167973,-0.075733,0.185686,-0.776014,1.077005,-0.004041,0.028852,-0.085394,-0.082555,-0.153965,0.612945,1.028837,-0.228258,0.090235,0.051166
-0.001591,0.028856,0.785905,-0.021031,-0.025612,-0.712378,0.701013,0.076092,0.060599,0.101583,0.178983,-0.177794,-0.050225,0.075299,-0.076162,-0.150292,0.173005,-0.185082,0.058631,-0.061448,0.003797,0.167685,-0.075747,0.185047,-0.774613,1.076627,-0.003970,0.028807,-0.085215,-0.082550,-0.153577,0.610021,1.028010,-0.227745,0.090167,0.049920
-0.001641,0.028820,0.785884,-0.020945,-0.025552,-0.712268,0.701129,0.075847,0.060620,0.101496,0.179078,-0.177837,-0.050297,0.075188,-0.076147,-0.150520,0.173025,-0.185145,0.058537,-0.061687,0.004627,0.167010,-0.076411,0.184558,-0.773304,1.076007,-0.006054,0.029734,-0.085772,-0.082819,-0.153271,0.608384,1.027205,-0.227785,0.090229,0.050127
-0.001649,0.028686,0.785853,-0.021140,-0.025757,-0.712203,0.701182,0.076634,0.060548,0.101107,0.179046,-0.178135,-0.050524,0.076198,-0.076242,-0.150850,0.172876,-0.185466,0.058886,-0.061897,0.005578,0.167059,-0.077311,0.184007,-0.772797,1.076509,-0.003643,0.029395,-0.085894,-0.083049,-0.152887,0.607600,1.027239,-0.229142,0.090864,0.050557
-0.001666,0.028592,0.785858,-0.020952,-0.025624,-0.712202,0.701194,0.076213,0.060521,0.101235,0.179176,-0.178238,-0.050266,0.075786,-0.076254,-0.150904,0.172905,-0.185626,0.058657,-0.061642,0.006583,0.166524,-0.078461,0.183491,-0.771805,1.076121,-0.003038,0.029337,-0.085358,-0.083264,-0.152542,0.607802,1.027205,-0.227019,0.090972,0.049978
-0.001698,0.028506,0.785816,-0.021077,-0.025719,-0.712083,0.701308,0.076587,0.060541,0.100873,0.179325,-0.178448,-0.050337,0.076432,-0.076191,-0.150999,0.172840,-0.185919,0.058721,-0.062253,0.007508,0.166884,-0.079363,0.182998,-0.770597,1.075847,-0.005678,0.028451,-0.085803,-0.083414,-0.152071,0.606867,1.027098,-0.228455,0.091096,0.051232
-0.001766,0.028420,0.785832,-0.020884,-0.025438,-0.711967,0.701442,0.075979,0.060743,0.100599,0.178977,-0.178477,-0.050835,0.076047,-0.075983,-0.151433,0.172440,-0.185660,0.058759,-0.062573,0.008578,0.166368,-0.080552,0.182381,-0.770297,1.076178,-0.003194,0.028158,-0.085010,-0.084111,-0.151391,0.606849,1.026903,-0.225718,0.091888,0.052279
-0.001775,0.028299,0.785788,-0.021041,-0.025718,-0.711880,0.701515,0.076691,0.060553,0.100340,0.179389,-0.178862,-0.050482,0.076858,-0.076230,-0.151613,0.172752,-0.186390,0.058599,-0.063384,0.009038,0.167183,-0.080942,0.181870,-0.769573,1.075914,-0.001852,0.028302,-0.084202,-0.084029,-0.150650,0.605535,1.026251,-0.224346,0.090868,0.052733
-0.001840,0.028184,0.785794,-0.021003,-0.025700,-0.711864,0.701533,0.076748,0.060572,0.100396,0.179371,-0.178901,-0.050457,0.077096,-0.076195,-0.151809,0.172479,-0.186316,0.058891,-0.063601,0.009384,0.167087,-0.081645,0.181041,-0.769652,1.076549,-0.002023,0.028678,-0.083901,-0.084954,-0.149422,0.607361,1.026619,-0.223339,0.090404,0.052223
-0.001873,0.028077,0.785820,-0.020845,-0.025410,-0.711905,0.701506,0.076338,0.060894,0.100507,0.179123,-0.178931,-0.050929,0.076516,-0.075878,-0.151532,0.172445,-0.186211,0.058488,-0.064386,0.010177,0.166853,-0.081616,0.180632,-0.769808,1.075919,0.001490,0.029242,-0.083624,-0.085046,-0.148769,0.606769,1.025423,-0.225664,0.090912,0.053456
-0.001930,0.027908,0.785734,-0.021144,-0.025744,-0.711937,0.701453,0.077651,0.060932,0.100386,0.179201,-0.179344,-0.051123,0.077948,-0.075827,-0.151916,0.172245,-0.186844,0.058692,-0.065014,0.010284,0.167908,-0.081049,0.180173,-0.770666,1.075709,0.001517,0.028770,-0.082524,-0.084777,-0.147921,0.606399,1.024726,-0.226453,0.091266,0.051575
-0.002026,0.027716,0.785760,-0.021041,-0.025647,-0.712036,0.701359,0.077469,0.061128,0.100735,0.179538,-0.179674,-0.050745,0.077694,-0.075644,-0.151328,0.172452,-0.186903,0.058455,-0.064879,0.010437,0.167233,-0.080894,0.179303,-0.772179,1.076300,-0.000203,0.028484,-0.083085,-0.084848,-0.146435,0.607017,1.025494,-0.224729,0.091986,0.051022
-0.002119,0.027568,0.785744,-0.021170,-0.025701,-0.712052,0.701337,0.078181,0.061390,0.100925,0.179244,-0.179828,-0.051394,0.078283,-0.075380,-0.151176,0.172368,-0.186926,0.058502,-0.064968,0.010747,0.167824,-0.080193,0.178746,-0.771711,1.075939,-0.004781,0.028068,-0.084935,-0.084265,-0.145612,0.606090,1.026048,-0.224564,0.091238,0.050336
-0.002143,0.027402,0.785693,-0.021152,-0.025801,-0.712182,0.701201,0.078678,0.061293,0.101027,0.179216,-0.180165,-0.051238,0.078647,-0.075505,-0.151148,0.172253,-0.187546,0.058573,-0.064859,0.010719,0.167946,-0.079529,0.178307,-0.771833,1.075775,-0.002741,0.028254,-0.084901,-0.083708,-0.145017,0.606160,1.026298,-0.226772,0.092137,0.049834
-0.002239,0.027271,0.785712,-0.021037,-0.025605,-0.712138,0.701257,0.078456,0.061546,0.101144,0.178919,-0.179925,-0.051797,0.078379,-0.075243,-0.151259,0.172208,-0.187362,0.058280,-0.064465,0.010954,0.167783,-0.079678,0.177845,-0.772267,1.075819,-0.002446,0.028123,-0.085456,-0.082938,-0.144399,0.606034,1.026991,-0.229516,0.092389,0.050355
-0.002311,0.027150,0.785698,-0.020933,-0.025651,-0.712090,0.701308,0.078407,0.061405,0.100928,0.179162,-0.180242,-0.051259,0.078611,-0.075401,-0.151281,0.172062,-0.187744,0.058591,-0.063679,0.011008,0.167747,-0.080076,0.177381,-0.771777,1.076508,-0.002148,0.028470,-0.084493,-0.082297,-0.143880,0.606520,1.028146,-0.227788,0.091794,0.048581
-0.002322,0.026978,0.785702,-0.021043,-0.025835,-0.712024,0.701364,0.079119,0.061265,0.100803,0.179132,-0.180272,-0.051480,0.079200,-0.075544,-0.151437,0.172415,-0.188083,0.058314,-0.063047,0.011102,0.168106,-0.080363,0.177126,-0.770902,1.077517,-0.001664,0.028353,-0.084586,-0.081864,-0.143667,0.607148,1.029028,-0.230735,0.092006,0.049832
-0.002401,0.026813,0.785651,-0.021016,-0.025827,-0.711868,0.701523,0.079415,0.061274,0.100388,0.178677,-0.180326,-0.052012,0.079728,-0.075521,-0.152019,0.171966,-0.188257,0.058628,-0.062775,0.011298,0.167904,-0.080828,0.176898,-0.769631,1.078640,-0.002783,0.028402,-0.084603,-0.081640,-0.143557,0.608110,1.030414,-0.228798,0.091776,0.049670
-0.002414,0.026682,0.785649,-0.021081,-0.025991,-0.711783,0.701602,0.079671,0.061105,0.100005,0.179278,-0.180643,-0.051324,0.080305,-0.075714,-0.152161,0.172168,-0.188703,0.058583,-0.062584,0.011403,0.168182,-0.081310,0.176855,-0.768389,1.079427,0.000135,0.028217,-0.083733,-0.081776,-0.143595,0.608400,1.031524,-0.228511,0.091987,0.049691
-0.002436,0.026521,0.785670,-0.020908,-0.025932,-0.711635,0.701759,0.079500,0.060847,0.099762,0.179019,-0.180359,-0.051548,0.080213,-0.075938,-0.152468,0.172269,-0.188865,0.058418,-0.063135,0.011676,0.167576,-0.081385,0.176936,-0.767802,1.079473,0.002738,0.029063,-0.082235,-0.082219,-0.143717,0.608282,1.032192,-0.228801,0.092315,0.050961
-0.002477,0.026418,0.785625,-0.020905,-0.025985,-0.711370,0.702026,0.079760,0.060747,0.099235,0.178748,-0.180544,-0.051875,0.080743,-0.076097,-0.153296,0.172073,-0.189174,0.058509,-0.063471,0.011723,0.167800,-0.081896,0.177109,-0.767054,1.080168,0.001094,0.028902,-0.082898,-0.082701,-0.143902,0.607398,1.031819,-0.225751,0.092348,0.052208
-0.002521,0.026305,0.785654,-0.020918,-0.026031,-0.711283,0.702112,0.079762,0.060728,0.098885,0.179126,-0.180596,-0.051568,0.081056,-0.076128,-0.153706,0.172131,-0.189339,0.058458,-0.063367,0.011860,0.168069,-0.082155,0.177268,-0.766910,1.080248,0.001825,0.029359,-0.082008,-0.083275,-0.144069,0.607230,1.031836,-0.225545,0.091389,0.049480
-0.002551,0.026244,0.785628,-0.020980,-0.026110,-0.711166,0.702226,0.079996,0.060683,0.098574,0.179183,-0.180823,-0.051544,0.081477,-0.076152,-0.153759,0.172100,-0.189533,0.058499,-0.063608,0.011905,0.168742,-0.082149,0.177609,-0.766089,1.079808,0.001344,0.029089,-0.082053,-0.084168,-0.144347,0.605614,1.030675,-0.227731,0.091780,0.049572
-0.002613,0.026195,0.785611,-0.020924,-0.025969,-0.711109,0.702291,0.079958,0.060922,0.098621,0.178701,-0.180543,-0.052377,0.081376,-0.075939,-0.154131,0.171912,-0.189432,0.058293,-0.063650,0.012163,0.169015,-0.082244,0.177817,-0.765895,1.079404,0.001924,0.029362,-0.082797,-0.084846,-0.144417,0.604000,1.030135,-0.226827,0.091235,0.048276
-0.002654,0.026119,0.785662,-0.020775,-0.025917,-0.711161,0.702244,0.079550,0.060810,0.098588,0.179064,-0.180664,-0.051728,0.081108,-0.076043,-0.154046,0.171872,-0.189499,0.058424,-0.063319,0.011996,0.169435,-0.082289,0.177927,-0.766380,1.079077,0.002431,0.029226,-0.082328,-0.085632,-0.144370,0.603985,1.029443,-0.225889,0.090907,0.047760
-0.002697,0.026074,0.785608,-0.020784,-0.025854,-0.711139,0.702269,0.079703,0.061009,0.098499,0.178806,-0.180765,-0.052166,0.081244,-0.075801,-0.153975,0.171691,-0.189647,0.058297,-0.063400,0.011935,0.169705,-0.082001,0.177945,-0.766158,1.078209,0.003192,0.029097,-0.082889,-0.085641,-0.144169,0.603794,1.028635,-0.228835,0.090244,0.048784
-0.002771,0.026052,0.785650,-0.020483,-0.025542,-0.711171,0.702257,0.078771,0.061144,0.098596,0.178743,-0.180651,-0.052115,0.080272,-0.075626,-0.153837,0.171588,-0.189325,0.058113,-0.063219,0.011802,0.169492,-0.081683,0.177830,-0.766250,1.077571,0.001327,0.028604,-0.083214,-0.086039,-0.143805,0.603871,1.027902,-0.228492,0.090634,0.048525
-0.002763,0.025961,0.785618,-0.020626,-0.025800,-0.711292,0.702120,0.079623,0.060991,0.098873,0.178676,-0.180753,-0.052138,0.080889,-0.075840,-0.153855,0.171786,-0.189769,0.058126,-0.062951,0.011448,0.170526,-0.081402,0.177579,-0.766761,1.076744,0.000332,0.028894,-0.084404,-0.086102,-0.143385,0.604722,1.027075,-0.230173,0.091475,0.049502
-0.002854,0.026033,0.785618,-0.020420,-0.025428,-0.711265,0.702167,0.078828,0.061354,0.098741,0.178213,-0.180482,-0.052724,0.080117,-0.075394,-0.153785,0.171305,-0.189384,0.058095,-0.063051,0.011400,0.170521,-0.081092,0.177109,-0.766514,1.076117,-0.000021,0.028452,-0.084130,-0.086005,-0.142744,0.605176,1.026968,-0.231850,0.091059,0.049500
-0.002868,0.025993,0.785655,-0.020255,-0.025456,-0.711306,0.702129,0.078341,0.061107,0.098955,0.178921,-0.180627,-0.051582,0.079721,-0.075706,-0.153490,0.171713,-0.189415,0.058118,-0.062751,0.010799,0.170510,-0.080820,0.176361,-0.767057,1.076171,0.000931,0.028504,-0.083898,-0.085945,-0.141993,0.606243,1.027457,-0.231348,0.091001,0.050003
-0.002904,0.025951,0.785643,-0.020263,-0.025308,-0.711320,0.702120,0.078469,0.061423,0.099025,0.178254,-0.180475,-0.052553,0.079669,-0.075367,-0.153704,0.171463,-0.189397,0.057903,-0.062796,0.010898,0.170567,-0.080192,0.175406,-0.766858,1.075669,0.000875,0.029009,-0.084127,-0.085749,-0.141377,0.607389,1.028366,-0.230573,0.090621,0.050336
-0.002892,0.025955,0.785631,-0.020194,-0.025371,-0.711280,0.702161,0.078545,0.061116,0.098788,0.178085,-0.180376,-0.052479,0.079781,-0.075607,-0.153809,0.171288,-0.189464,0.058262,-0.062880,0.010331,0.170626,-0.079583,0.174659,-0.767231,1.074869,0.003262,0.029583,-0.082556,-0.084975,-0.141000,0.607355,1.028964,-0.232772,0.090236,0.051534
-0.002936,0.025920,0.785686,-0.020027,-0.025152,-0.711256,0.702198,0.077716,0.061284,0.098751,0.178539,-0.180223,-0.052025,0.079050,-0.075504,-0.153736,0.171586,-0.189239,0.057870,-0.062084,0.010071,0.170167,-0.079447,0.173565,-0.767227,1.075182,0.000444,0.029458,-0.083452,-0.084376,-0.140675,0.608314,1.029641,-0.230501,0.090499,0.050810
-0.002915,0.025903,0.785628,-0.020034,-0.025171,-0.711195,0.702258,0.078079,0.061181,0.098586,0.177832,-0.180223,-0.052730,0.079373,-0.075581,-0.154452,0.171178,-0.189449,0.058084,-0.062306,0.009543,0.170297,-0.079017,0.172594,-0.767007,1.075417,-0.000299,0.028638,-0.083124,-0.084206,-0.140559,0.608443,1.030736,-0.228761,0.090513,0.051424
-0.002946,0.025865,0.785652,-0.019981,-0.025117,-0.711167,0.702290,0.077855,0.061224,0.098453,0.177965,-0.180155,-0.052562,0.079292,-0.075522,-0.154142,0.171181,-0.189357,0.058156,-0.062214,0.008953,0.170077,-0.078381,0.171997,-0.767096,1.075681,0.000254,0.029187,-0.083094,-0.083663,-0.140570,0.608301,1.031392,-0.228664,0.090870,0.050790
-0.002972,0.025822,0.785689,-0.019968,-0.025052,-0.711089,0.702372,0.077498,0.061297,0.098135,0.178508,-0.180202,-0.052118,0.079123,-0.075467,-0.154476,0.171473,-0.189334,0.057761,-0.062132,0.008251,0.169833,-0.078282,0.171388,-0.767841,1.076731,-0.000933,0.028507,-0.083675,-0.083324,-0.140652,0.608243,1.032225,-0.228911,0.091184,0.051441
-0.002946,0.025829,0.785630,-0.020041,-0.025207,-0.711074,0.702380,0.078155,0.061106,0.098346,0.177946,-0.180221,-0.052443,0.079752,-0.075615,-0.154443,0.170974,-0.189384,0.058552,-0.061647,0.007655,0.170158,-0.077571,0.170981,-0.766599,1.077268,-0.001033,0.028295,-0.084119,-0.083059,-0.140856,0.607460,1.032508,-0.228368,0.090703,0.052075
-0.002938,0.025751,0.785662,-0.020144,-0.025084,-0.711251,0.702202,0.078388,0.061554,0.098671,0.177827,-0.180204,-0.053031,0.079525,-0.075177,-0.154040,0.171296,-0.189331,0.057805,-0.061192,0.007579,0.169911,-0.077429,0.170433,-0.766165,1.078235,0.001199,0.029411,-0.083884,-0.083167,-0.141351,0.607810,1.032614,-0.230250,0.090886,0.051840
-0.002923,0.025723,0.785632,-0.020029,-0.025062,-0.711355,0.702100,0.078132,0.061389,0.098811,0.178099,-0.180405,-0.052351,0.079323,-0.075302,-0.153580,0.171237,-0.189434,0.058054,-0.060692,0.007047,0.169181,-0.077235,0.170246,-0.766256,1.079812,0.000072,0.029251,-0.084413,-0.082949,-0.141650,0.607550,1.032877,-0.231091,0.091161,0.052792
-0.002909,0.025680,0.785652,-0.020106,-0.025119,-0.711440,0.702010,0.078513,0.061474,0.099139,0.178143,-0.180805,-0.052221,0.079620,-0.075225,-0.153310,0.171110,-0.189381,0.058387,-0.060182,0.006881,0.168974,-0.077308,0.170205,-0.766521,1.080944,-0.002945,0.028439,-0.084573,-0.082955,-0.141888,0.607195,1.032961,-0.231760,0.091238,0.050965
-0.002873,0.025622,0.785626,-0.020181,-0.025064,-0.711633,0.701814,0.078817,0.061694,0.099549,0.177926,-0.180613,-0.052729,0.079530,-0.074994,-0.153133,0.171228,-0.189376,0.057976,-0.059610,0.006924,0.168453,-0.077189,0.170266,-0.767006,1.081308,-0.000140,0.028582,-0.083345,-0.082947,-0.142225,0.607034,1.032596,-0.229580,0.090517,0.049032
-0.002845,0.025606,0.785623,-0.020210,-0.024986,-0.711603,0.701847,0.078817,0.061836,0.099482,0.177793,-0.180861,-0.052911,0.079564,-0.074838,-0.153053,0.171108,-0.189340,0.058016,-0.059601,0.006984,0.168025,-0.077163,0.170433,-0.767045,1.082237,-0.001140,0.027568,-0.083572,-0.082850,-0.142500,0.606616,1.031763,-0.230562,0.090469,0.049305
-0.002808,0.025581,0.785632,-0.020337,-0.025169,-0.711556,0.701884,0.079203,0.061626,0.099391,0.178129,-0.180969,-0.052524,0.080047,-0.075092,-0.153122,0.171302,-0.189470,0.058170,-0.059452,0.006656,0.168131,-0.077383,0.170709,-0.767377,1.082898,-0.001277,0.027070,-0.082955,-0.082311,-0.142653,0.605743,1.030675,-0.229551,0.090442,0.048257
-0.002738,0.025539,0.785614,-0.020345,-0.025190,-0.711596,0.701842,0.079179,0.061538,0.099458,0.178496,-0.181307,-0.051952,0.080067,-0.075171,-0.153147,0.171397,-0.189603,0.058136,-0.059366,0.006583,0.167846,-0.077382,0.171077,-0.767677,1.082901,-0.000026,0.027518,-0.082662,-0.082088,-0.142708,0.605886,1.030483,-0.229745,0.089970,0.048265
-0.002672,0.025521,0.785587,-0.020470,-0.025225,-0.711449,0.701987,0.079610,0.061562,0.099202,0.178002,-0.181082,-0.052800,0.080641,-0.075148,-0.153528,0.171052,-0.189607,0.058400,-0.059579,0.006765,0.167896,-0.077826,0.171414,-0.767881,1.082806,0.002012,0.027609,-0.082015,-0.081557,-0.142596,0.605700,1.029631,-0.230105,0.090243,0.048652
-0.002625,0.025521,0.785589,-0.020450,-0.025154,-0.711383,0.702056,0.079239,0.061525,0.098973,0.178406,-0.181565,-0.052138,0.080452,-0.075187,-0.153445,0.171239,-0.189647,0.058228,-0.059598,0.006856,0.167755,-0.078134,0.171676,-0.767941,1.082477,-0.001948,0.027410,-0.083449,-0.081217,-0.142403,0.605972,1.029187,-0.230013,0.090388,0.048668
-0.002516,0.025487,0.785583,-0.020681,-0.025406,-0.711342,0.702082,0.079794,0.061353,0.098914,0.178948,-0.181698,-0.051672,0.081212,-0.075406,-0.153551,0.171399,-0.189770,0.058471,-0.059815,0.006946,0.168317,-0.078353,0.172078,-0.768517,1.082127,-0.002013,0.027479,-0.082904,-0.080794,-0.141972,0.606456,1.029041,-0.230854,0.090721,0.049679
-0.002442,0.025505,0.785574,-0.020735,-0.025446,-0.711297,0.702125,0.080110,0.061198,0.098898,0.178449,-0.181546,-0.052256,0.081317,-0.075575,-0.153796,0.171525,-0.189903,0.058335,-0.060133,0.007024,0.168594,-0.078982,0.172538,-0.768679,1.081747,-0.003351,0.027874,-0.084540,-0.080713,-0.141420,0.607061,1.028765,-0.230343,0.090665,0.049933
-0.002350,0.025541,0.785577,-0.020648,-0.025359,-0.711270,0.702158,0.079695,0.061073,0.098822,0.178559,-0.181669,-0.051812,0.081193,-0.075641,-0.153538,0.171064,-0.189455,0.059074,-0.060761,0.007153,0.168463,-0.079437,0.172975,-0.768644,1.082310,-0.005054,0.027557,-0.084236,-0.080628,-0.140903,0.606890,1.028319,-0.229573,0.090023,0.049699
-0.002253,0.025578,0.785575,-0.020776,-0.025476,-0.711366,0.702053,0.080050,0.060969,0.099113,0.178778,-0.181535,-0.051587,0.081372,-0.075783,-0.153475,0.171320,-0.189564,0.059012,-0.061317,0.007251,0.168978,-0.080263,0.173593,-0.769052,1.082020,-0.002004,0.028786,-0.084253,-0.080785,-0.140321,0.607070,1.028446,-0.228540,0.090225,0.049473
-0.002155,0.025570,0.785571,-0.020807,-0.025485,-0.711567,0.701847,0.080448,0.060930,0.099650,0.178299,-0.181626,-0.051984,0.081172,-0.075824,-0.153027,0.171577,-0.189680,0.058758,-0.061785,0.007516,0.168928,-0.080916,0.174167,-0.769312,1.082253,-0.001503,0.028976,-0.083986,-0.080938,-0.139947,0.607089,1.028758,-0.228827,0.090852,0.051124
-0.002085,0.025633,0.785597,-0.020612,-0.025417,-0.711682,0.701739,0.079951,0.060642,0.099960,0.178394,-0.181540,-0.051367,0.080626,-0.076094,-0.152528,0.171443,-0.189423,0.059189,-0.062238,0.007364,0.168520,-0.081784,0.174929,-0.769768,1.082984,-0.004905,0.028021,-0.083498,-0.081244,-0.139676,0.607205,1.029689,-0.229134,0.091361,0.052411
-0.001980,0.025635,0.785602,-0.020564,-0.025293,-0.711967,0.701456,0.079915,0.060709,0.100573,0.178261,-0.181477,-0.051357,0.080123,-0.076033,-0.152109,0.171518,-0.189284,0.059117,-0.062043,0.007533,0.168115,-0.082409,0.175876,-0.769031,1.083726,-0.004495,0.027454,-0.083774,-0.081301,-0.139688,0.607629,1.030891,-0.229920,0.090985,0.049371
-0.001911,0.025644,0.785575,-0.020402,-0.025190,-0.712174,0.701254,0.079665,0.060617,0.101346,0.178190,-0.181602,-0.050940,0.079411,-0.076088,-0.151109,0.171723,-0.189215,0.059084,-0.062324,0.007559,0.167388,-0.083490,0.176631,-0.768890,1.084465,-0.000800,0.028353,-0.084088,-0.082025,-0.140013,0.608202,1.031832,-0.229744,0.091756,0.050146
-0.001839,0.025616,0.785603,-0.020515,-0.025345,-0.712328,0.701089,0.080366,0.060429,0.101576,0.177892,-0.181555,-0.051194,0.079902,-0.076231,-0.150903,0.171520,-0.189045,0.059641,-0.063063,0.007409,0.167262,-0.084025,0.177713,-0.769282,1.084536,-0.000786,0.028481,-0.082677,-0.082279,-0.140642,0.607692,1.032918,-0.228962,0.091365,0.051319
-0.001750,0.025613,0.785596,-0.020441,-0.025184,-0.712418,0.701005,0.080179,0.060489,0.101935,0.177641,-0.181412,-0.051318,0.079368,-0.076194,-0.150393,0.171591,-0.188888,0.059530,-0.063554,0.007603,0.166848,-0.084161,0.179453,-0.768014,1.083538,-0.000640,0.029211,-0.083754,-0.082568,-0.142109,0.607586,1.032946,-0.228682,0.091855,0.051195
-0.001682,0.025554,0.785592,-0.020333,-0.025163,-0.712491,0.700935,0.080082,0.060282,0.102171,0.177793,-0.181630,-0.050707,0.079242,-0.076425,-0.150484,0.171577,-0.188936,0.059689,-0.064359,0.007656,0.166015,-0.084554,0.180693,-0.768013,1.083704,-0.000833,0.028771,-0.084696,-0.082853,-0.143406,0.606706,1.033696,-0.229936,0.091245,0.053613
-0.001578,0.025536,0.785650,-0.019963,-0.024937,-0.712598,0.700845,0.079288,0.059927,0.102743,0.177460,-0.181251,-0.050382,0.078187,-0.076762,-0.149912,0.171582,-0.188922,0.059786,-0.064619,0.007893,0.164828,-0.085947,0.182183,-0.771244,1.083058,-0.005457,0.029208,-0.085482,-0.083144,-0.145291,0.606319,1.033746,-0.226639,0.091717,0.053233
-0.001483,0.025454,0.785629,-0.020236,-0.025012,-0.712604,0.700828,0.080120,0.060108,0.102606,0.177219,-0.181244,-0.051117,0.078725,-0.076605,-0.149928,0.171935,-0.188913,0.059447,-0.064627,0.008551,0.164494,-0.086564,0.182879,-0.770547,1.082885,-0.000772,0.028228,-0.084096,-0.083727,-0.146426,0.606092,1.034402,-0.227962,0.091717,0.051158
-0.001406,0.025374,0.785577,-0.020120,-0.025203,-0.712611,0.700817,0.080246,0.059446,0.102742,0.177468,-0.181620,-0.049920,0.079132,-0.077267,-0.149959,0.171632,-0.189335,0.060347,-0.065054,0.008547,0.164010,-0.087443,0.183617,-0.770190,1.082419,-0.006010,0.027043,-0.084825,-0.084928,-0.148418,0.606649,1.034284,-0.231263,0.091825,0.051077
-0.001316,0.025215,0.785622,-0.020207,-0.025215,-0.712715,0.700709,0.080790,0.059503,0.103192,0.177359,-0.181791,-0.050092,0.079239,-0.077250,-0.149710,0.172056,-0.189433,0.059993,-0.064475,0.009043,0.163199,-0.088407,0.184067,-0.770246,1.081557,-0.002118,0.027793,-0.084444,-0.086076,-0.150307,0.606628,1.034598,-0.230795,0.091609,0.050766
-0.001230,0.025092,0.785580,-0.020379,-0.025457,-0.712761,0.700648,0.081787,0.059258,0.103263,0.177194,-0.181927,-0.050164,0.079988,-0.077493,-0.149385,0.172267,-0.189732,0.060183,-0.064213,0.009341,0.162573,-0.089269,0.184201,-0.770019,1.080253,-0.002422,0.027938,-0.085741,-0.087445,-0.151631,0.607146,1.035554,-0.229763,0.090197,0.048958
-0.001200,0.025014,0.785588,-0.020169,-0.025368,-0.712673,0.700748,0.081340,0.058976,0.103095,0.177146,-0.181913,-0.049793,0.079863,-0.077754,-0.149765,0.171873,-0.189779,0.060688,-0.064668,0.009497,0.161409,-0.089868,0.184223,-0.769697,1.079118,-0.002621,0.028453,-0.084831,-0.089002,-0.153628,0.606571,1.033246,-0.225709,0.091170,0.049857
-0.001197,0.024909,0.785596,-0.020522,-0.025747,-0.712417,0.700984,0.082315,0.058820,0.102375,0.177757,-0.182421,-0.049446,0.081120,-0.077951,-0.150137,0.172493,-0.190452,0.060266,-0.064907,0.009676,0.161271,-0.090576,0.184077,-0.770003,1.078650,-0.003830,0.028165,-0.085085,-0.089621,-0.154759,0.605283,1.032317,-0.228870,0.090627,0.049269
-0.001231,0.024772,0.785553,-0.020687,-0.025713,-0.712269,0.701130,0.082673,0.059154,0.101938,0.177553,-0.182381,-0.050173,0.081743,-0.077606,-0.150709,0.172206,-0.190372,0.060258,-0.065327,0.009837,0.160174,-0.091200,0.183917,-0.770742,1.078437,-0.003841,0.028943,-0.085821,-0.091423,-0.155410,0.604959,1.032262,-0.230660,0.090143,0.050832
-0.001292,0.024685,0.785535,-0.020816,-0.026069,-0.712040,0.701346,0.083315,0.058745,0.101281,0.177957,-0.183002,-0.049499,0.082938,-0.078003,-0.151246,0.172122,-0.191056,0.060615,-0.065652,0.009196,0.159548,-0.091637,0.183755,-0.771882,1.078696,-0.003259,0.028935,-0.086216,-0.092501,-0.155826,0.604510,1.031707,-0.225443,0.089849,0.054191
-0.001352,0.024598,0.785553,-0.020996,-0.025999,-0.711914,0.701471,0.083567,0.059240,0.101076,0.177932,-0.182777,-0.050304,0.083160,-0.077515,-0.151608,0.172405,-0.190901,0.059856,-0.066248,0.009121,0.158761,-0.091672,0.183684,-0.772324,1.078665,0.000636,0.029183,-0.086247,-0.093648,-0.155943,0.604240,1.030624,-0.230551,0.089988,0.055218
-0.001426,0.024531,0.785496,-0.021188,-0.026404,-0.711863,0.701502,0.084491,0.058917,0.100738,0.178111,-0.183086,-0.049968,0.084480,-0.077824,-0.151828,0.171978,-0.191143,0.060832,-0.066144,0.008317,0.158366,-0.091831,0.183614,-0.773243,1.079091,0.001136,0.029193,-0.086927,-0.094276,-0.156010,0.604120,1.029824,-0.230195,0.088199,0.051400
-0.001535,0.024485,0.785523,-0.021237,-0.026291,-0.711706,0.701664,0.084495,0.059359,0.100473,0.177945,-0.183173,-0.050633,0.084562,-0.077407,-0.152253,0.172035,-0.191459,0.060026,-0.065986,0.008254,0.156993,-0.091747,0.183536,-0.774613,1.079415,0.001158,0.029272,-0.087230,-0.094367,-0.155979,0.604847,1.029944,-0.229475,0.087655,0.052443
-0.001632,0.024489,0.785528,-0.021562,-0.026575,-0.711648,0.701703,0.085054,0.059582,0.100301,0.178818,-0.183615,-0.050006,0.085392,-0.077272,-0.152320,0.172406,-0.191491,0.059859,-0.066081,0.007847,0.156979,-0.091835,0.183539,-0.775159,1.080154,0.001010,0.028778,-0.087521,-0.094690,-0.155914,0.604852,1.029609,-0.225854,0.087587,0.052145
-0.001701,0.024471,0.785493,-0.021628,-0.026737,-0.711629,0.701713,0.085494,0.059498,0.100165,0.178582,-0.183527,-0.050325,0.086042,-0.077321,-0.152562,0.171986,-0.191707,0.060296,-0.065914,0.007121,0.156066,-0.091809,0.183670,-0.777360,1.081267,0.000070,0.028371,-0.086848,-0.094301,-0.155683,0.605996,1.029964,-0.227717,0.087209,0.051511
-0.001802,0.024508,0.785506,-0.021983,-0.026790,-0.711451,0.701880,0.085998,0.060152,0.099773,0.178773,-0.183879,-0.050933,0.086627,-0.076697,-0.152826,0.172323,-0.191816,0.059377,-0.065962,0.006937,0.155704,-0.091377,0.183872,-0.777070,1.081461,0.001346,0.028691,-0.087344,-0.093561,-0.155475,0.605210,1.029587,-0.228335,0.088328,0.052662
-0.001862,0.024583,0.785495,-0.021975,-0.026926,-0.711387,0.701941,0.085808,0.059934,0.099403,0.179103,-0.183570,-0.050530,0.086924,-0.076895,-0.153149,0.171974,-0.191568,0.060066,-0.066569,0.006244,0.155204,-0.091264,0.184143,-0.778199,1.082443,-0.000931,0.027849,-0.086636,-0.093048,-0.155300,0.604648,1.029831,-0.228874,0.089084,0.052374
-0.001939,0.024656,0.785495,-0.022151,-0.027035,-0.711346,0.701972,0.086149,0.060124,0.099361,0.179116,-0.183635,-0.050760,0.087298,-0.076697,-0.153331,0.171929,-0.191650,0.059942,-0.065906,0.005528,0.155177,-0.091306,0.184715,-0.779303,1.083409,-0.001329,0.027894,-0.086595,-0.091741,-0.155017,0.603921,1.030271,-0.232913,0.089029,0.053375
-0.002060,0.024889,0.785532,-0.022079,-0.026709,-0.711134,0.702202,0.085035,0.060675,0.098628,0.179101,-0.183338,-0.051330,0.086457,-0.076096,-0.153843,0.171996,-0.191363,0.058953,-0.065582,0.005066,0.154527,-0.091685,0.185273,-0.779481,1.084024,-0.006021,0.027855,-0.087961,-0.091168,-0.154908,0.604837,1.030653,-0.229119,0.088821,0.052989
-0.002101,0.024999,0.785550,-0.022188,-0.026928,-0.711179,0.702145,0.085176,0.060561,0.098693,0.179460,-0.183279,-0.050809,0.086825,-0.076295,-0.153985,0.171857,-0.191013,0.059512,-0.065457,0.004199,0.154924,-0.091261,0.185970,-0.779424,1.084617,-0.002181,0.027398,-0.086355,-0.090383,-0.154870,0.605267,1.031764,-0.230336,0.089418,0.053232
-0.002135,0.025233,0.785569,-0.022133,-0.026799,-0.711173,0.702158,0.084668,0.060800,0.098850,0.179234,-0.182886,-0.051196,0.086118,-0.076064,-0.153800,0.171902,-0.190873,0.059038,-0.065059,0.003589,0.155102,-0.091827,0.186812,-0.779943,1.085494,-0.001313,0.027233,-0.086335,-0.089777,-0.154866,0.605973,1.032376,-0.231522,0.089840,0.052437
-0.002214,0.025525,0.785623,-0.022027,-0.026632,-0.711146,0.702194,0.083600,0.061039,0.098583,0.179562,-0.182590,-0.050968,0.085278,-0.075798,-0.153908,0.171903,-0.190247,0.058796,-0.064615,0.002868,0.155433,-0.091699,0.188114,-0.779089,1.085325,-0.000322,0.027353,-0.086334,-0.089290,-0.154918,0.605887,1.032625,-0.233270,0.089110,0.053399
-0.002224,0.025767,0.785683,-0.021747,-0.026381,-0.711274,0.702083,0.082527,0.060996,0.098975,0.179183,-0.181743,-0.051106,0.083920,-0.075800,-0.153466,0.171825,-0.189576,0.058831,-0.064684,0.002364,0.155436,-0.091087,0.190129,-0.779688,1.084517,-0.002337,0.027341,-0.087262,-0.089577,-0.155132,0.606273,1.032946,-0.234008,0.088694,0.053150
-0.002212,0.026071,0.785669,-0.021825,-0.026372,-0.711279,0.702075,0.082401,0.061202,0.099029,0.178830,-0.181537,-0.051573,0.083643,-0.075623,-0.153667,0.171710,-0.189296,0.058678,-0.064840,0.001735,0.156641,-0.091065,0.191135,-0.779487,1.084701,-0.000851,0.027810,-0.087785,-0.089990,-0.155268,0.605815,1.032766,-0.233399,0.088662,0.051714
-0.002202,0.026363,0.785737,-0.021564,-0.026327,-0.711358,0.702005,0.081118,0.060836,0.099208,0.179576,-0.181172,-0.050177,0.082548,-0.075984,-0.153340,0.171898,-0.188859,0.058873,-0.064388,0.000916,0.157146,-0.091279,0.192105,-0.779276,1.084692,-0.000267,0.028547,-0.088344,-0.090579,-0.155492,0.605948,1.032863,-0.234893,0.088458,0.053704
-0.002203,0.026631,0.785765,-0.021659,-0.026132,-0.711437,0.701930,0.080890,0.061329,0.099370,0.178875,-0.180590,-0.051411,0.081846,-0.075470,-0.152975,0.171954,-0.188061,0.058386,-0.064607,0.000954,0.158007,-0.091206,0.192841,-0.779059,1.084334,-0.004727,0.029399,-0.088143,-0.091695,-0.155718,0.606306,1.032827,-0.235328,0.088672,0.053856
-0.002112,0.026942,0.785752,-0.021527,-0.026119,-0.711531,0.701839,0.080318,0.061047,0.099592,0.178802,-0.180351,-0.051004,0.081110,-0.075736,-0.152923,0.171926,-0.187927,0.058465,-0.064743,0.000444,0.158832,-0.091428,0.193433,-0.779237,1.084753,0.001056,0.028355,-0.086557,-0.092949,-0.155943,0.606769,1.033197,-0.233854,0.088032,0.054091
-0.002087,0.027247,0.785868,-0.021282,-0.025916,-0.711670,0.701713,0.078908,0.061005,0.099989,0.179306,-0.179663,-0.050150,0.079646,-0.075791,-0.152491,0.172165,-0.187090,0.058413,-0.064460,0.000239,0.159391,-0.091864,0.194230,-0.779900,1.084190,-0.003627,0.028112,-0.087262,-0.094080,-0.156280,0.606972,1.033478,-0.234027,0.087605,0.053864
-0.002044,0.027548,0.785867,-0.021160,-0.025695,-0.711726,0.701668,0.078340,0.061126,0.100259,0.178475,-0.179044,-0.051081,0.078710,-0.075629,-0.152054,0.171913,-0.186407,0.058485,-0.064370,0.000302,0.160125,-0.092178,0.194868,-0.779651,1.083468,-0.000995,0.028369,-0.086771,-0.095033,-0.156581,0.606854,1.033141,-0.233489,0.087523,0.054151
-0.001947,0.027850,0.785895,-0.021063,-0.025747,-0.711892,0.701501,0.077911,0.060781,0.100605,0.178466,-0.178702,-0.050590,0.078036,-0.075965,-0.151953,0.171936,-0.186161,0.058737,-0.063917,0.000186,0.161095,-0.091782,0.195380,-0.778784,1.081876,-0.003260,0.028040,-0.087245,-0.095568,-0.156890,0.606538,1.032511,-0.233120,0.087567,0.053695
-0.001884,0.028064,0.785959,-0.021014,-0.025615,-0.711905,0.701494,0.077047,0.060846,0.100647,0.178868,-0.178322,-0.050233,0.076964,-0.075947,-0.151416,0.172687,-0.185804,0.058016,-0.063957,0.000693,0.161858,-0.092064,0.195664,-0.779782,1.080916,-0.003768,0.027875,-0.086836,-0.095997,-0.157196,0.606170,1.032253,-0.232839,0.087665,0.054005
-0.001834,0.028381,0.785948,-0.020675,-0.025347,-0.711912,0.701506,0.075717,0.060637,0.100579,0.178577,-0.177934,-0.050032,0.075851,-0.076077,-0.151636,0.171986,-0.185015,0.058789,-0.063697,0.000601,0.162161,-0.092420,0.195812,-0.779078,1.080280,-0.002979,0.027431,-0.087330,-0.095775,-0.157343,0.605669,1.031077,-0.233188,0.087999,0.054029
-0.001798,0.028572,0.785984,-0.020808,-0.025491,-0.711909,0.701500,0.075818,0.060562,0.100504,0.178638,-0.177561,-0.050146,0.075948,-0.076124,-0.151547,0.172169,-0.185009,0.058666,-0.063475,0.000857,0.163337,-0.092251,0.195809,-0.778828,1.079298,-0.001596,0.027584,-0.086885,-0.095447,-0.157344,0.606121,1.030739,-0.231604,0.088582,0.055814
-0.001707,0.028762,0.785991,-0.020618,-0.025171,-0.712030,0.701395,0.074939,0.060697,0.100918,0.178233,-0.176987,-0.050575,0.074441,-0.075979,-0.150855,0.172579,-0.184356,0.058131,-0.063071,0.001579,0.163545,-0.091933,0.195624,-0.779072,1.078339,0.000808,0.027585,-0.085492,-0.095037,-0.157304,0.607496,1.030565,-0.228173,0.088614,0.053778
-0.001661,0.028974,0.785961,-0.020739,-0.025592,-0.712116,0.701289,0.075294,0.060134,0.100950,0.178827,-0.177359,-0.049339,0.075189,-0.076550,-0.150966,0.172226,-0.184523,0.059213,-0.063281,0.001680,0.164958,-0.091274,0.195211,-0.777920,1.077336,-0.001743,0.027403,-0.086968,-0.094388,-0.157050,0.609000,1.030895,-0.230919,0.088176,0.050660
-0.001600,0.029196,0.786079,-0.020567,-0.025234,-0.712188,0.701233,0.074171,0.060437,0.101343,0.178636,-0.176294,-0.049942,0.073557,-0.076274,-0.150504,0.172852,-0.183936,0.058149,-0.063180,0.002817,0.165136,-0.090970,0.194850,-0.778538,1.076375,-0.006253,0.028107,-0.088235,-0.093745,-0.156827,0.609924,1.031114,-0.231685,0.087407,0.049945
-0.001584,0.029440,0.786019,-0.020702,-0.025390,-0.712257,0.701154,0.074499,0.060408,0.101664,0.178395,-0.176328,-0.050129,0.073792,-0.076364,-0.150465,0.172550,-0.183489,0.058803,-0.063038,0.003432,0.166338,-0.090486,0.194402,-0.778370,1.076079,-0.003239,0.028584,-0.087346,-0.092584,-0.156506,0.610863,1.031230,-0.231492,0.086637,0.051499
-0.001505,0.029570,0.786019,-0.020990,-0.025835,-0.712561,0.700820,0.075351,0.060160,0.102322,0.178963,-0.176527,-0.049285,0.074356,-0.076582,-0.149728,0.172900,-0.183926,0.058929,-0.063034,0.003779,0.167829,-0.089238,0.194010,-0.778072,1.075606,0.001709,0.029215,-0.086386,-0.091497,-0.156090,0.610957,1.030639,-0.224960,0.087015,0.053598
-0.001491,0.029835,0.786122,-0.020595,-0.025314,-0.712453,0.700961,0.073472,0.060273,0.102030,0.178808,-0.175460,-0.049686,0.072363,-0.076506,-0.149906,0.173286,-0.183106,0.058139,-0.063474,0.004717,0.167061,-0.088380,0.193280,-0.777513,1.076182,-0.004299,0.029340,-0.088282,-0.090622,-0.155369,0.611107,1.030727,-0.228855,0.087915,0.052448
-0.001465,0.029984,0.786029,-0.020881,-0.025793,-0.712450,0.700937,0.074517,0.059916,0.101990,0.178725,-0.175870,-0.049516,0.073554,-0.076815,-0.149781,0.172981,-0.183330,0.059030,-0.063595,0.004937,0.168352,-0.087404,0.192655,-0.777306,1.076441,-0.007581,0.028983,-0.088631,-0.089440,-0.154777,0.611072,1.030724,-0.227749,0.088008,0.050836
-0.001442,0.030147,0.786093,-0.020862,-0.025731,-0.712587,0.700801,0.074184,0.060031,0.102647,0.178794,-0.175646,-0.049443,0.072796,-0.076773,-0.149515,0.173419,-0.183149,0.058458,-0.063550,0.005567,0.168414,-0.086671,0.191969,-0.777500,1.076926,-0.002374,0.029339,-0.087717,-0.088978,-0.154195,0.611529,1.031571,-0.230180,0.088778,0.053253
-0.001444,0.030429,0.786078,-0.020825,-0.025742,-0.712388,0.701004,0.073462,0.059864,0.101725,0.179124,-0.175196,-0.049250,0.072538,-0.076896,-0.149781,0.173360,-0.182772,0.058760,-0.063314,0.005785,0.168707,-0.085982,0.191525,-0.776528,1.076503,-0.006255,0.028872,-0.089481,-0.088021,-0.153895,0.611547,1.031497,-0.231689,0.089816,0.053638
-0.001524,0.030585,0.786098,-0.020866,-0.025751,-0.712425,0.700965,0.073419,0.060017,0.101948,0.178793,-0.174937,-0.049801,0.072373,-0.076765,-0.149851,0.173313,-0.182590,0.058656,-0.063145,0.006131,0.168901,-0.084936,0.191038,-0.775270,1.076560,-0.003274,0.029191,-0.088977,-0.087567,-0.153652,0.611208,1.031691,-0.228886,0.090133,0.054233
-0.001547,0.030738,0.786100,-0.020948,-0.025795,-0.712338,0.701050,0.073283,0.060156,0.101713,0.178901,-0.174818,-0.049946,0.072295,-0.076642,-0.150308,0.173490,-0.182530,0.058244,-0.063467,0.006351,0.169287,-0.084073,0.190408,-0.775286,1.076966,-0.002970,0.028509,-0.088168,-0.087375,-0.153437,0.611651,1.031870,-0.226579,0.090493,0.053912
-0.001606,0.030925,0.786072,-0.021043,-0.026008,-0.712162,0.701218,0.073185,0.059967,0.101071,0.179394,-0.174811,-0.049475,0.072704,-0.076860,-0.150781,0.173444,-0.182526,0.058619,-0.064048,0.006305,0.169724,-0.083570,0.189820,-0.775842,1.077338,-0.000697,0.028448,-0.087944,-0.087188,-0.153221,0.611185,1.032297,-0.226838,0.090866,0.053164
-0.001681,0.031048,0.786099,-0.020999,-0.025979,-0.711990,0.701395,0.072729,0.059972,0.100765,0.179392,-0.174355,-0.049699,0.072475,-0.076836,-0.151005,0.173464,-0.182531,0.058457,-0.063778,0.006279,0.169677,-0.083351,0.189420,-0.776107,1.077439,-0.000948,0.028577,-0.087710,-0.086973,-0.153123,0.611209,1.032090,-0.227180,0.090503,0.053374
-0.001728,0.031190,0.786062,-0.021304,-0.026130,-0.711798,0.701575,0.073146,0.060253,0.100069,0.179394,-0.174548,-0.050384,0.072952,-0.076625,-0.151779,0.173874,-0.182690,0.057726,-0.064218,0.006310,0.170061,-0.082539,0.188921,-0.775081,1.077412,-0.003661,0.027761,-0.086836,-0.086892,-0.153078,0.610718,1.031041,-0.228066,0.091193,0.053695
-0.001816,0.031271,0.786026,-0.021530,-0.026667,-0.711558,0.701790,0.073811,0.059742,0.099387,0.180003,-0.174724,-0.049595,0.074312,-0.077127,-0.152131,0.173751,-0.182967,0.058703,-0.064251,0.005729,0.170684,-0.082437,0.188371,-0.774109,1.077058,-0.003338,0.028575,-0.087416,-0.086649,-0.153054,0.610043,1.030669,-0.228611,0.091536,0.053622
-0.001954,0.031384,0.786025,-0.021721,-0.026578,-0.711403,0.701946,0.073806,0.060390,0.099181,0.179781,-0.174441,-0.050683,0.074464,-0.076509,-0.152664,0.173602,-0.182794,0.058164,-0.063790,0.005857,0.170594,-0.082886,0.187754,-0.773688,1.076750,-0.005307,0.028156,-0.087336,-0.086416,-0.152995,0.609511,1.030394,-0.228802,0.091440,0.053249
-0.002092,0.031593,0.786006,-0.021899,-0.026863,-0.711279,0.702055,0.074005,0.060355,0.098549,0.180288,-0.174545,-0.050490,0.074870,-0.076578,-0.153139,0.174007,-0.183163,0.057766,-0.063369,0.005470,0.170855,-0.083336,0.187055,-0.772425,1.076391,-0.004757,0.028543,-0.087331,-0.086569,-0.152810,0.608551,1.030171,-0.228749,0.091769,0.052713
-0.002241,0.031641,0.786043,-0.022083,-0.026949,-0.711166,0.702160,0.074189,0.060715,0.098455,0.180274,-0.174240,-0.051114,0.075309,-0.076195,-0.153378,0.173863,-0.182730,0.057815,-0.063305,0.005427,0.170730,-0.083684,0.186644,-0.772234,1.076400,-0.005200,0.028735,-0.087187,-0.086860,-0.152644,0.608426,1.029596,-0.228330,0.092253,0.052801
-0.002421,0.031814,0.785990,-0.022414,-0.027154,-0.710906,0.702405,0.074506,0.061152,0.097593,0.180713,-0.174550,-0.051424,0.076120,-0.075810,-0.153917,0.173933,-0.183040,0.057365,-0.063298,0.004969,0.170988,-0.084185,0.186185,-0.771029,1.076805,-0.002711,0.028866,-0.086428,-0.086578,-0.152223,0.607483,1.028566,-0.227366,0.091950,0.052244
-0.002492,0.031937,0.786000,-0.022517,-0.027375,-0.710823,0.702477,0.074360,0.061021,0.097132,0.181530,-0.174693,-0.050617,0.076552,-0.075955,-0.154358,0.173858,-0.182944,0.057712,-0.063758,0.004676,0.170671,-0.084903,0.185768,-0.771770,1.077241,-0.004477,0.029064,-0.086596,-0.087036,-0.151409,0.606571,1.028870,-0.230106,0.090776,0.052352
-0.002656,0.031995,0.785987,-0.022721,-0.027163,-0.710819,0.702483,0.074888,0.061991,0.097570,0.180351,-0.174002,-0.053141,0.076558,-0.074987,-0.154365,0.173602,-0.182654,0.056978,-0.063111,0.005162,0.169875,-0.084873,0.185434,-0.770304,1.076986,-0.001920,0.029002,-0.087112,-0.087130,-0.150548,0.604871,1.027813,-0.232659,0.090976,0.052886
-0.002738,0.032087,0.785953,-0.022687,-0.027172,-0.710672,0.702632,0.074286,0.062012,0.096913,0.181081,-0.174559,-0.052329,0.076518,-0.074988,-0.154919,0.173651,-0.182852,0.056799,-0.063149,0.005168,0.168921,-0.085560,0.185074,-0.770628,1.077481,-0.003328,0.029078,-0.087106,-0.087605,-0.149327,0.604090,1.027621,-0.230548,0.090045,0.052289
-0.002792,0.032136,0.785980,-0.022811,-0.027285,-0.710550,0.702747,0.074353,0.062033,0.096591,0.181433,-0.174280,-0.052331,0.076858,-0.074993,-0.155417,0.173687,-0.182888,0.056787,-0.062934,0.005183,0.168431,-0.085830,0.184772,-0.770327,1.077324,-0.002583,0.029665,-0.086521,-0.087734,-0.148041,0.602601,1.027358,-0.234520,0.090641,0.052005
-0.002860,0.032242,0.785932,-0.022841,-0.027202,-0.710317,0.702985,0.074360,0.062267,0.096120,0.180610,-0.174079,-0.053659,0.076994,-0.074648,-0.155614,0.173192,-0.182711,0.056846,-0.063190,0.005463,0.167903,-0.086605,0.184498,-0.770049,1.077687,-0.002624,0.029481,-0.086873,-0.088757,-0.146214,0.602269,1.027333,-0.230444,0.090975,0.051245
-0.002848,0.032333,0.785935,-0.023149,-0.027592,-0.710140,0.703138,0.075102,0.062049,0.095833,0.180932,-0.173915,-0.053663,0.077947,-0.074927,-0.156319,0.173664,-0.183095,0.056553,-0.063592,0.005465,0.168530,-0.086779,0.184352,-0.769523,1.077545,-0.002429,0.029599,-0.086506,-0.089422,-0.145014,0.602563,1.026409,-0.231659,0.091242,0.052283
-0.002815,0.032442,0.785998,-0.023306,-0.027970,-0.709901,0.703360,0.074979,0.061472,0.094852,0.182166,-0.174345,-0.052022,0.078599,-0.075501,-0.156547,0.173907,-0.183077,0.057132,-0.064165,0.005362,0.169047,-0.087465,0.184135,-0.769670,1.077936,-0.002047,0.029567,-0.085734,-0.090196,-0.143504,0.602932,1.026018,-0.232375,0.091566,0.052155
-0.002729,0.032625,0.785937,-0.023512,-0.028104,-0.709639,0.703612,0.075460,0.061375,0.094359,0.181562,-0.174128,-0.052963,0.079149,-0.075621,-0.157455,0.173891,-0.183100,0.057044,-0.064876,0.005800,0.169794,-0.087747,0.183952,-0.768444,1.077277,-0.001738,0.030053,-0.086240,-0.090458,-0.142617,0.602423,1.025054,-0.229823,0.090815,0.051171
-0.002620,0.032723,0.786005,-0.023620,-0.028471,-0.709583,0.703650,0.075448,0.060773,0.094296,0.182732,-0.174572,-0.051183,0.079252,-0.076333,-0.157218,0.174977,-0.183651,0.056726,-0.064878,0.005879,0.170338,-0.087812,0.183513,-0.767839,1.076906,-0.002417,0.030386,-0.086300,-0.091090,-0.141391,0.602739,1.025659,-0.226373,0.090342,0.050993
-0.002509,0.032870,0.786014,-0.023699,-0.028389,-0.709485,0.703749,0.075674,0.060783,0.094153,0.181604,-0.173470,-0.052854,0.079214,-0.076250,-0.157611,0.174603,-0.183047,0.056983,-0.064700,0.006542,0.170423,-0.087635,0.183020,-0.767345,1.076382,-0.001664,0.030195,-0.086136,-0.091288,-0.140648,0.603794,1.026701,-0.230651,0.090587,0.051235
-0.002366,0.033081,0.785977,-0.023793,-0.028662,-0.709231,0.703992,0.075721,0.060089,0.093266,0.181870,-0.173663,-0.051986,0.080028,-0.076923,-0.158311,0.173913,-0.183094,0.058429,-0.064932,0.006521,0.171256,-0.087145,0.182369,-0.766159,1.075868,-0.003109,0.029177,-0.086259,-0.090897,-0.140063,0.604376,1.027923,-0.233199,0.089214,0.049978
-0.002240,0.033204,0.786043,-0.023564,-0.028606,-0.709113,0.704120,0.074941,0.059620,0.093382,0.181829,-0.173078,-0.051768,0.078873,-0.077415,-0.158286,0.175051,-0.183029,0.057433,-0.064902,0.006668,0.171112,-0.086585,0.181651,-0.766000,1.075723,-0.000633,0.029190,-0.085296,-0.090595,-0.139779,0.604896,1.028923,-0.230855,0.089807,0.052191
-0.002088,0.033372,0.786017,-0.023727,-0.028848,-0.708887,0.704332,0.075149,0.059089,0.092502,0.181956,-0.173349,-0.051307,0.079434,-0.077917,-0.158657,0.175079,-0.183104,0.057964,-0.065210,0.006606,0.172033,-0.085405,0.180937,-0.765342,1.075562,0.000879,0.028932,-0.084288,-0.089826,-0.139708,0.605075,1.029317,-0.227063,0.090614,0.052158
-0.001887,0.033510,0.786068,-0.023410,-0.028623,-0.708852,0.704388,0.074080,0.058599,0.092444,0.181792,-0.172679,-0.050995,0.078273,-0.078388,-0.158718,0.175185,-0.182703,0.058109,-0.065271,0.006832,0.171563,-0.084687,0.179881,-0.766710,1.076185,-0.003321,0.028749,-0.084926,-0.088903,-0.139802,0.604947,1.030424,-0.226797,0.090743,0.052402
-0.001720,0.033635,0.786066,-0.023223,-0.028620,-0.708830,0.704416,0.073714,0.058011,0.092599,0.181542,-0.172379,-0.050675,0.077674,-0.078963,-0.158668,0.175426,-0.182841,0.058200,-0.065105,0.006537,0.171725,-0.083383,0.179264,-0.766464,1.076052,-0.000388,0.028554,-0.084210,-0.087714,-0.139975,0.604204,1.030619,-0.231431,0.091494,0.051850
-0.001498,0.033731,0.786057,-0.023277,-0.028551,-0.708977,0.704269,0.073814,0.057913,0.093101,0.181169,-0.172395,-0.050794,0.077357,-0.079052,-0.158247,0.175493,-0.182341,0.058445,-0.064796,0.006885,0.172236,-0.081680,0.178145,-0.765206,1.076351,-0.004472,0.028335,-0.085653,-0.087040,-0.140483,0.604574,1.031058,-0.231865,0.091389,0.050801
-0.001311,0.033763,0.786097,-0.023134,-0.028541,-0.709190,0.704060,0.073479,0.057533,0.093825,0.181522,-0.172411,-0.049765,0.076801,-0.079476,-0.157620,0.175693,-0.182232,0.058806,-0.064830,0.006519,0.172190,-0.080160,0.177276,-0.765714,1.077649,-0.003920,0.028169,-0.084658,-0.086241,-0.140921,0.605160,1.031978,-0.230952,0.091115,0.050202
-0.001102,0.033772,0.786073,-0.023065,-0.028448,-0.709381,0.703873,0.073511,0.057288,0.094291,0.181196,-0.172418,-0.049604,0.076549,-0.079702,-0.157265,0.175339,-0.182159,0.059468,-0.064852,0.006661,0.172002,-0.078702,0.176393,-0.765217,1.077773,-0.000510,0.029322,-0.085497,-0.085605,-0.141398,0.605108,1.032557,-0.227958,0.090768,0.049371
-0.000949,0.033753,0.786072,-0.022958,-0.028295,-0.709595,0.703667,0.073514,0.057233,0.094954,0.180614,-0.172354,-0.049875,0.076296,-0.079796,-0.157025,0.174670,-0.181616,0.060417,-0.065008,0.006851,0.171645,-0.077365,0.175699,-0.765227,1.077401,0.000503,0.030041,-0.085652,-0.085086,-0.141783,0.603614,1.032342,-0.227175,0.091435,0.051333
-0.000810,0.033710,0.786105,-0.022949,-0.028174,-0.709708,0.703558,0.073155,0.057275,0.095201,0.181202,-0.172697,-0.049214,0.075528,-0.079705,-0.156052,0.175903,-0.181869,0.059088,-0.064972,0.006652,0.171711,-0.076896,0.175273,-0.765933,1.078097,-0.002027,0.030327,-0.085430,-0.084705,-0.142017,0.603502,1.031520,-0.226679,0.091713,0.052083
-0.000659,0.033691,0.786064,-0.023104,-0.028324,-0.709903,0.703350,0.074048,0.057073,0.095655,0.180758,-0.172756,-0.049521,0.076158,-0.079893,-0.155894,0.175328,-0.181728,0.060102,-0.064490,0.006348,0.172333,-0.076529,0.174899,-0.765544,1.078433,-0.000841,0.030375,-0.085991,-0.084039,-0.142141,0.602932,1.030630,-0.227240,0.091922,0.050815
-0.000514,0.033597,0.786081,-0.022913,-0.028092,-0.710125,0.703141,0.073560,0.057033,0.096139,0.180822,-0.172934,-0.049096,0.075189,-0.079875,-0.154896,0.175810,-0.181691,0.059550,-0.064672,0.006165,0.171921,-0.076444,0.174750,-0.765686,1.078388,-0.000205,0.030749,-0.085385,-0.083711,-0.142123,0.602646,1.030028,-0.227642,0.091454,0.052143
-0.000380,0.033472,0.786029,-0.023176,-0.028263,-0.710279,0.702971,0.074782,0.057027,0.096593,0.180458,-0.173165,-0.049645,0.076117,-0.079917,-0.154675,0.175605,-0.181768,0.060128,-0.064646,0.006214,0.172151,-0.076564,0.174528,-0.766185,1.078597,0.000312,0.030532,-0.085574,-0.083043,-0.141893,0.601990,1.028999,-0.230578,0.092583,0.052397
-0.000289,0.033428,0.786051,-0.023054,-0.028042,-0.710359,0.702903,0.074278,0.057119,0.096853,0.180597,-0.173317,-0.049373,0.075545,-0.079855,-0.154427,0.175707,-0.181649,0.059891,-0.064191,0.006361,0.171724,-0.077629,0.174312,-0.766579,1.079049,-0.000537,0.029544,-0.085602,-0.082550,-0.141416,0.600013,1.027906,-0.230438,0.092915,0.051320
-0.000193,0.033341,0.786081,-0.022927,-0.027991,-0.710264,0.703005,0.073745,0.056783,0.096602,0.181207,-0.173565,-0.048325,0.075456,-0.080224,-0.154728,0.175572,-0.181366,0.060470,-0.064441,0.006002,0.171516,-0.078871,0.174101,-0.766544,1.078902,0.000211,0.029500,-0.084822,-0.082675,-0.140455,0.597876,1.027356,-0.229952,0.092968,0.050512
-0.000089,0.033252,0.785999,-0.023318,-0.028286,-0.710107,0.703139,0.075063,0.056715,0.096094,0.180986,-0.174077,-0.048865,0.076952,-0.080274,-0.155373,0.175498,-0.181972,0.060463,-0.065330,0.006071,0.172432,-0.080525,0.174157,-0.767342,1.078320,-0.003088,0.028975,-0.085875,-0.083323,-0.139491,0.597372,1.026702,-0.229135,0.092711,0.049796
0.000003,0.033142,0.786004,-0.023213,-0.027976,-0.710157,0.703105,0.074743,0.056906,0.096325,0.180651,-0.173873,-0.049326,0.076435,-0.080017,-0.154900,0.175284,-0.181596,0.060458,-0.065119,0.006294,0.171679,-0.082529,0.174573,-0.768169,1.078233,-0.004204,0.028708,-0.086651,-0.084171,-0.137946,0.597344,1.027007,-0.230711,0.090577,0.050361
0.000124,0.033024,0.786011,-0.023088,-0.027949,-0.710306,0.702959,0.074512,0.056584,0.096552,0.181117,-0.174433,-0.048190,0.076293,-0.080334,-0.154721,0.175291,-0.181668,0.060814,-0.065193,0.006170,0.171670,-0.084026,0.175116,-0.766511,1.077923,0.001480,0.029065,-0.086116,-0.084945,-0.136403,0.597203,1.026209,-0.233280,0.092583,0.049411
0.000342,0.032780,0.785988,-0.022968,-0.027766,-0.710681,0.702591,0.074911,0.056565,0.097718,0.180680,-0.174813,-0.048199,0.075900,-0.080382,-0.153614,0.175272,-0.181809,0.061006,-0.064794,0.006561,0.171114,-0.085153,0.175669,-0.766405,1.078725,0.002687,0.028784,-0.083504,-0.085474,-0.134955,0.596697,1.025816,-0.229884,0.092101,0.050118
0.000485,0.032611,0.785976,-0.022709,-0.027548,-0.710933,0.702353,0.074702,0.056342,0.098392,0.180286,-0.174841,-0.048062,0.075286,-0.080565,-0.152981,0.175118,-0.181645,0.061398,-0.064338,0.007178,0.170335,-0.087069,0.176213,-0.767167,1.079303,-0.004404,0.028686,-0.085310,-0.086413,-0.133773,0.597224,1.026115,-0.229892,0.091255,0.051462
0.000692,0.032368,0.785950,-0.022761,-0.027685,-0.711055,0.702222,0.075495,0.055874,0.098739,0.180294,-0.175172,-0.047633,0.075834,-0.080978,-0.152564,0.175195,-0.182247,0.061766,-0.064233,0.007429,0.170265,-0.087725,0.176671,-0.766810,1.078970,-0.003183,0.029462,-0.085064,-0.086979,-0.132955,0.598130,1.026982,-0.229697,0.090614,0.051149
0.000820,0.032111,0.785945,-0.023041,-0.027943,-0.711058,0.702200,0.076853,0.055732,0.098829,0.180160,-0.175710,-0.047795,0.076951,-0.081205,-0.152678,0.175553,-0.182566,0.061800,-0.064864,0.007623,0.170501,-0.087757,0.176977,-0.765867,1.078924,-0.001563,0.028783,-0.083647,-0.087337,-0.132557,0.598496,1.027509,-0.229866,0.091184,0.051042
0.000995,0.031829,0.785867,-0.023352,-0.028304,-0.710934,0.702301,0.078235,0.055352,0.098756,0.180331,-0.176287,-0.047432,0.078525,-0.081648,-0.152943,0.175657,-0.183316,0.062311,-0.065165,0.007599,0.170743,-0.087580,0.177391,-0.765276,1.078567,-0.000483,0.029289,-0.083742,-0.087587,-0.132266,0.598931,1.028787,-0.230411,0.091058,0.050801
0.001079,0.031496,0.785855,-0.023226,-0.028083,-0.710979,0.702268,0.078337,0.055348,0.098772,0.180061,-0.176623,-0.047512,0.078631,-0.081619,-0.152960,0.175290,-0.183481,0.062655,-0.065399,0.007773,0.169289,-0.086326,0.177595,-0.764147,1.078093,0.000211,0.029186,-0.082735,-0.087344,-0.132289,0.598617,1.029811,-0.232070,0.091066,0.050598
0.001260,0.031142,0.785843,-0.023224,-0.028131,-0.710875,0.702371,0.078878,0.054935,0.098511,0.180069,-0.176983,-0.047187,0.079254,-0.081967,-0.153032,0.175295,-0.183943,0.063009,-0.065937,0.007614,0.168624,-0.085543,0.177694,-0.764488,1.078424,-0.002237,0.029251,-0.083643,-0.087215,-0.132506,0.599019,1.030707,-0.232273,0.091273,0.049943
0.001327,0.030831,0.785785,-0.023463,-0.028721,-0.710462,0.702758,0.079930,0.054048,0.097324,0.181106,-0.178170,-0.045488,0.081292,-0.083000,-0.154383,0.175677,-0.185033,0.063553,-0.066808,0.006817,0.168915,-0.084258,0.177751,-0.764906,1.077950,0.003380,0.029671,-0.083386,-0.086353,-0.132979,0.598020,1.031098,-0.229973,0.091595,0.049114
0.001482,0.030475,0.785817,-0.023107,-0.028260,-0.710479,0.702770,0.079466,0.054042,0.097591,0.180416,-0.177979,-0.046071,0.080428,-0.082997,-0.154050,0.175708,-0.185026,0.063360,-0.066591,0.006959,0.166910,-0.082769,0.177668,-0.765666,1.077545,0.002619,0.029645,-0.083570,-0.085944,-0.133446,0.597952,1.032055,-0.230182,0.092025,0.050350
0.001511,0.030190,0.785721,-0.023577,-0.028754,-0.710002,0.703217,0.081554,0.053735,0.096531,0.179834,-0.177930,-0.047275,0.082995,-0.083333,-0.155448,0.175317,-0.185862,0.063948,-0.067316,0.006565,0.167571,-0.081172,0.177321,-0.764978,1.077084,0.000215,0.029309,-0.084263,-0.084950,-0.134346,0.598162,1.031983,-0.228290,0.091348,0.049314
0.001576,0.029902,0.785700,-0.023445,-0.028685,-0.709716,0.703513,0.081562,0.053405,0.095845,0.179649,-0.177857,-0.047417,0.083313,-0.083656,-0.156143,0.175318,-0.186267,0.063970,-0.067395,0.006280,0.166458,-0.080559,0.177061,-0.765597,1.077347,-0.000357,0.029882,-0.085528,-0.084215,-0.134857,0.597760,1.031676,-0.227839,0.091146,0.048617
0.001616,0.029586,0.785687,-0.023642,-0.028845,-0.709687,0.703529,0.082547,0.053427,0.095837,0.179843,-0.178623,-0.047266,0.084274,-0.083706,-0.156257,0.175655,-0.186946,0.063725,-0.066433,0.006438,0.165969,-0.079512,0.176535,-0.766292,1.077154,-0.001917,0.030205,-0.085664,-0.083347,-0.135567,0.596625,1.032142,-0.231652,0.091658,0.049482
0.001636,0.029315,0.785622,-0.023787,-0.028978,-0.709505,0.703703,0.083556,0.053332,0.095473,0.179461,-0.178763,-0.047789,0.085658,-0.083773,-0.156887,0.174904,-0.187199,0.064585,-0.065726,0.006286,0.165242,-0.078563,0.175974,-0.766247,1.077324,-0.001775,0.029967,-0.085150,-0.082950,-0.136190,0.598354,1.032110,-0.229137,0.091435,0.049185
0.001575,0.029105,0.785638,-0.023778,-0.028898,-0.709319,0.703893,0.083367,0.053493,0.094873,0.179833,-0.179080,-0.047644,0.085772,-0.083672,-0.157473,0.175218,-0.187477,0.063945,-0.065921,0.006218,0.164117,-0.078108,0.175625,-0.766061,1.078014,-0.001636,0.029627,-0.085140,-0.082531,-0.136565,0.597893,1.031131,-0.230321,0.091365,0.050898
0.001507,0.028932,0.785650,-0.023710,-0.028793,-0.709094,0.704127,0.083273,0.053591,0.094374,0.179798,-0.179191,-0.047910,0.086067,-0.083587,-0.157867,0.174934,-0.187686,0.064038,-0.065588,0.005873,0.163092,-0.078289,0.175416,-0.766274,1.079743,0.000345,0.029115,-0.084797,-0.082469,-0.136835,0.597677,1.029820,-0.229729,0.091707,0.050457
0.001374,0.028777,0.785582,-0.023991,-0.029021,-0.708875,0.704328,0.084332,0.053818,0.093708,0.179535,-0.179371,-0.048807,0.087549,-0.083393,-0.158822,0.174427,-0.187729,0.064497,-0.065851,0.005540,0.162924,-0.078342,0.175395,-0.766361,1.080817,0.001002,0.029402,-0.083826,-0.082558,-0.136953,0.597299,1.029320,-0.226626,0.090790,0.051115
0.001278,0.028706,0.785613,-0.023835,-0.028852,-0.708703,0.704514,0.083848,0.053951,0.093356,0.179395,-0.179094,-0.049115,0.087330,-0.083258,-0.158966,0.174197,-0.187671,0.064442,-0.065514,0.005328,0.161775,-0.079010,0.175473,-0.766543,1.082051,0.001064,0.028948,-0.083890,-0.083157,-0.137021,0.597029,1.029182,-0.228437,0.090752,0.051329
0.001122,0.028626,0.785594,-0.023965,-0.028974,-0.708707,0.704500,0.084352,0.054188,0.093147,0.179504,-0.179312,-0.049362,0.088046,-0.083054,-0.159337,0.173959,-0.187810,0.064522,-0.065093,0.005022,0.161326,-0.079413,0.175651,-0.766271,1.082721,-0.000883,0.028811,-0.084129,-0.083377,-0.137110,0.596261,1.028632,-0.233407,0.090864,0.049790
0.000980,0.028599,0.785581,-0.023906,-0.028794,-0.708662,0.704555,0.084272,0.054586,0.093140,0.178949,-0.179233,-0.050235,0.087908,-0.082647,-0.159434,0.173531,-0.187629,0.064551,-0.064676,0.004954,0.160553,-0.080094,0.176022,-0.765986,1.082756,-0.000304,0.029168,-0.083788,-0.083628,-0.137260,0.595849,1.028576,-0.236458,0.090507,0.048515
0.000818,0.028649,0.785570,-0.023896,-0.028645,-0.708677,0.704546,0.083867,0.055146,0.093087,0.179122,-0.179188,-0.050491,0.087775,-0.082141,-0.159815,0.173161,-0.187509,0.064359,-0.064333,0.004781,0.160264,-0.080790,0.176542,-0.765214,1.082966,0.000936,0.029153,-0.083442,-0.083988,-0.137442,0.595751,1.028860,-0.232638,0.089774,0.047356
0.000688,0.028768,0.785594,-0.023748,-0.028617,-0.708580,0.704650,0.083432,0.055044,0.092681,0.178892,-0.178960,-0.050670,0.087350,-0.082193,-0.159675,0.173154,-0.187321,0.064339,-0.064090,0.004434,0.160041,-0.081587,0.176855,-0.764798,1.083179,0.000245,0.029470,-0.083634,-0.084267,-0.137579,0.596086,1.028981,-0.230980,0.089766,0.046672
0.000550,0.028878,0.785609,-0.023761,-0.028514,-0.708534,0.704700,0.083045,0.055427,0.092378,0.178961,-0.178749,-0.051046,0.087111,-0.081776,-0.159908,0.173019,-0.187188,0.064041,-0.064750,0.004489,0.160157,-0.081738,0.177402,-0.764146,1.082787,0.002056,0.029803,-0.083259,-0.084158,-0.137842,0.596116,1.028905,-0.232624,0.089404,0.048031
0.000413,0.029078,0.785605,-0.023663,-0.028542,-0.708474,0.704762,0.082417,0.055498,0.092579,0.179266,-0.178422,-0.050627,0.086791,-0.081819,-0.160049,0.172974,-0.187064,0.064076,-0.064873,0.004297,0.160511,-0.081765,0.177890,-0.763993,1.081963,0.001818,0.030050,-0.083357,-0.084081,-0.138114,0.596102,1.029159,-0.228692,0.090361,0.048395
0.000262,0.029312,0.785658,-0.023677,-0.028501,-0.708451,0.704786,0.082000,0.055817,0.092201,0.179206,-0.178173,-0.051099,0.086462,-0.081444,-0.159884,0.172853,-0.186758,0.063897,-0.064974,0.004221,0.160968,-0.081431,0.178268,-0.763380,1.080892,-0.000409,0.029438,-0.083530,-0.083627,-0.138383,0.595558,1.028780,-0.230567,0.092714,0.051506
0.000153,0.029512,0.785643,-0.023742,-0.028531,-0.708537,0.704697,0.081911,0.056048,0.092550,0.179286,-0.178080,-0.051144,0.086208,-0.081217,-0.160107,0.172894,-0.186424,0.063686,-0.065067,0.004151,0.161424,-0.081035,0.178480,-0.763743,1.080706,0.000109,0.029103,-0.083164,-0.083198,-0.138603,0.596056,1.029524,-0.226043,0.091946,0.052357
0.000001,0.029663,0.785657,-0.023800,-0.028531,-0.708555,0.704677,0.081671,0.056451,0.092386,0.179430,-0.177821,-0.051486,0.085920,-0.080830,-0.159856,0.173229,-0.186614,0.062920,-0.064980,0.004231,0.161571,-0.080191,0.178692,-0.764058,1.080013,-0.000810,0.029459,-0.084269,-0.082345,-0.139075,0.597893,1.029838,-0.229193,0.091963,0.051431
-0.000120,0.029871,0.785698,-0.023879,-0.028660,-0.708630,0.704593,0.082005,0.056523,0.092826,0.178977,-0.177423,-0.052100,0.085916,-0.080745,-0.159430,0.173108,-0.186145,0.063251,-0.064990,0.004182,0.161932,-0.078817,0.178643,-0.764042,1.079060,-0.002789,0.029425,-0.083595,-0.081171,-0.139371,0.598291,1.029965,-0.231492,0.091473,0.049246
-0.000196,0.030080,0.785656,-0.023849,-0.028716,-0.708696,0.704526,0.081437,0.056544,0.092578,0.179597,-0.177479,-0.051365,0.085602,-0.080735,-0.159828,0.173114,-0.185980,0.063150,-0.065596,0.003891,0.162060,-0.077651,0.178517,-0.763925,1.079139,-0.002101,0.029686,-0.084420,-0.080051,-0.139621,0.597834,1.029516,-0.227967,0.092910,0.049705
-0.000352,0.030250,0.785702,-0.024023,-0.028793,-0.708728,0.704485,0.081442,0.057052,0.092870,0.179840,-0.177112,-0.051727,0.085499,-0.080284,-0.159245,0.173551,-0.185934,0.062454,-0.065831,0.004083,0.162383,-0.076797,0.178422,-0.764663,1.079618,-0.000651,0.028598,-0.084104,-0.079077,-0.139811,0.597313,1.029266,-0.226977,0.093841,0.051831
-0.000480,0.030542,0.785720,-0.024110,-0.028907,-0.708669,0.704536,0.081714,0.057080,0.092786,0.179072,-0.176568,-0.052796,0.085658,-0.080248,-0.159523,0.173185,-0.185456,0.062882,-0.066161,0.003865,0.162770,-0.075550,0.178321,-0.764187,1.078945,-0.001408,0.028788,-0.084545,-0.078423,-0.139978,0.596535,1.029689,-0.226550,0.093358,0.051041
-0.000531,0.030731,0.785679,-0.024284,-0.029128,-0.708978,0.704210,0.081590,0.057314,0.093249,0.180423,-0.177156,-0.051239,0.085479,-0.080027,-0.158865,0.173654,-0.185594,0.062410,-0.066280,0.003816,0.163458,-0.075333,0.178182,-0.765348,1.080079,0.002019,0.028504,-0.084805,-0.078109,-0.140335,0.596327,1.030643,-0.229890,0.091609,0.050583
-0.000726,0.030972,0.785803,-0.023762,-0.028370,-0.709319,0.703916,0.079801,0.058210,0.094530,0.179441,-0.175724,-0.052720,0.082863,-0.079215,-0.157982,0.173500,-0.184287,0.061674,-0.065248,0.004495,0.161890,-0.075196,0.178132,-0.766298,1.080307,-0.000693,0.029094,-0.085752,-0.078016,-0.140642,0.596566,1.031074,-0.229835,0.090752,0.050955
-0.000799,0.031316,0.785730,-0.024161,-0.029007,-0.708925,0.704273,0.080980,0.057648,0.093297,0.178961,-0.175809,-0.053245,0.084500,-0.079633,-0.158462,0.173209,-0.184574,0.062444,-0.066404,0.004202,0.163642,-0.075505,0.178121,-0.766631,1.080913,-0.002317,0.029518,-0.086899,-0.077920,-0.141125,0.596248,1.030527,-0.232918,0.091419,0.050616
-0.000823,0.031529,0.785788,-0.023718,-0.028516,-0.709353,0.703877,0.078875,0.058041,0.094263,0.179891,-0.175386,-0.051960,0.082171,-0.079319,-0.158372,0.173382,-0.183889,0.061675,-0.066485,0.004614,0.162523,-0.075896,0.178368,-0.769764,1.082301,-0.001278,0.028640,-0.085460,-0.078991,-0.141771,0.598692,1.031712,-0.231624,0.090938,0.048828
-0.001006,0.031860,0.785836,-0.023785,-0.028613,-0.709228,0.703997,0.078903,0.058191,0.094229,0.179325,-0.175048,-0.052812,0.081977,-0.079178,-0.158091,0.173484,-0.183563,0.061424,-0.066951,0.004554,0.163061,-0.077228,0.178668,-0.771333,1.083660,-0.003487,0.028564,-0.086778,-0.080128,-0.142253,0.600250,1.031797,-0.230051,0.091112,0.049337
-0.001015,0.032200,0.785849,-0.023757,-0.028578,-0.709374,0.703852,0.078426,0.058307,0.094503,0.179075,-0.174248,-0.053145,0.081433,-0.078981,-0.157481,0.173178,-0.183010,0.061734,-0.067455,0.004892,0.163462,-0.077605,0.179280,-0.772246,1.083406,-0.003579,0.028905,-0.086140,-0.080817,-0.143141,0.599561,1.032285,-0.230045,0.090255,0.049829
-0.001058,0.032402,0.785949,-0.023182,-0.028056,-0.709702,0.703562,0.076249,0.058407,0.095169,0.179563,-0.174069,-0.052075,0.078717,-0.078918,-0.157433,0.173778,-0.182576,0.060456,-0.067053,0.004950,0.162320,-0.078211,0.180013,-0.773206,1.084351,-0.002249,0.028397,-0.086537,-0.081462,-0.144150,0.599722,1.032442,-0.233153,0.091505,0.050921
-0.001177,0.032792,0.785950,-0.023110,-0.028021,-0.709516,0.703753,0.075859,0.058547,0.095029,0.178617,-0.173133,-0.053270,0.078474,-0.078663,-0.156708,0.173003,-0.182037,0.061189,-0.067036,0.004937,0.162704,-0.079141,0.180641,-0.773633,1.084135,-0.003864,0.028620,-0.087532,-0.082220,-0.145147,0.600616,1.032704,-0.228487,0.091312,0.050773
-0.001308,0.033211,0.786037,-0.022976,-0.027905,-0.709318,0.703961,0.074503,0.058520,0.094233,0.178901,-0.172440,-0.053199,0.077304,-0.078648,-0.157183,0.173627,-0.181541,0.060213,-0.067518,0.004890,0.163243,-0.079998,0.181386,-0.773625,1.083822,-0.003733,0.028907,-0.087425,-0.082539,-0.146378,0.600015,1.033062,-0.226442,0.090420,0.048619
-0.001280,0.033407,0.786081,-0.022645,-0.027444,-0.709426,0.703881,0.072625,0.058841,0.094418,0.179403,-0.172123,-0.052459,0.075655,-0.078396,-0.157525,0.173482,-0.181050,0.059735,-0.067705,0.005156,0.162908,-0.080552,0.182275,-0.774975,1.083813,-0.003635,0.028314,-0.087252,-0.083090,-0.147927,0.599847,1.032812,-0.228562,0.090737,0.050661
-0.001490,0.033932,0.786056,-0.022517,-0.027669,-0.708961,0.704345,0.072072,0.058376,0.093483,0.178848,-0.171296,-0.052880,0.075759,-0.078767,-0.157417,0.172701,-0.180818,0.060869,-0.067939,0.004382,0.164132,-0.081846,0.182954,-0.774075,1.083629,-0.000232,0.028764,-0.087037,-0.083116,-0.149016,0.598719,1.032077,-0.229804,0.090123,0.050014
-0.001517,0.034129,0.786195,-0.022229,-0.026883,-0.709322,0.704021,0.070209,0.059422,0.094235,0.178655,-0.170409,-0.053659,0.073100,-0.077716,-0.157071,0.173185,-0.179759,0.059081,-0.067717,0.005242,0.163404,-0.082433,0.183547,-0.774763,1.083095,0.000081,0.029563,-0.086581,-0.084671,-0.150091,0.600204,1.033155,-0.231967,0.090499,0.050966
-0.001591,0.034496,0.786182,-0.021994,-0.026803,-0.709516,0.703836,0.069376,0.059387,0.094594,0.178488,-0.170088,-0.053400,0.072212,-0.077827,-0.157180,0.172580,-0.179083,0.059686,-0.068104,0.004827,0.164114,-0.083217,0.184329,-0.774359,1.083036,0.000331,0.028902,-0.086374,-0.085661,-0.151268,0.599287,1.032447,-0.229785,0.090614,0.050661
-0.001716,0.034869,0.786227,-0.021476,-0.026376,-0.709556,0.703828,0.067643,0.059493,0.095022,0.177743,-0.169213,-0.053720,0.070462,-0.077630,-0.156232,0.171742,-0.178240,0.060352,-0.068155,0.004532,0.164205,-0.084595,0.184971,-0.773487,1.082620,-0.001572,0.029223,-0.087540,-0.086921,-0.152102,0.597152,1.031001,-0.226992,0.090100,0.051327
-0.001757,0.035121,0.786372,-0.021240,-0.025951,-0.710192,0.703209,0.066607,0.060134,0.096600,0.177577,-0.168360,-0.054120,0.068037,-0.077078,-0.155142,0.172652,-0.177486,0.058727,-0.067816,0.004821,0.164350,-0.085298,0.185614,-0.774214,1.082193,-0.000561,0.029879,-0.086850,-0.088370,-0.152936,0.594809,1.030858,-0.231439,0.090554,0.050841
-0.001763,0.035334,0.786282,-0.021237,-0.025960,-0.710668,0.702728,0.066780,0.060405,0.097728,0.177304,-0.168641,-0.053979,0.067717,-0.076677,-0.153384,0.172026,-0.177151,0.059504,-0.067675,0.004661,0.165606,-0.086028,0.186105,-0.773828,1.081814,-0.001233,0.029925,-0.087263,-0.089972,-0.153660,0.592677,1.030149,-0.230977,0.089599,0.052099
-0.001858,0.035536,0.786401,-0.021194,-0.026002,-0.711205,0.702184,0.066825,0.060617,0.099246,0.177316,-0.168300,-0.053698,0.066915,-0.076545,-0.151862,0.172224,-0.176296,0.059729,-0.067038,0.004451,0.166715,-0.087436,0.186666,-0.775486,1.082375,-0.001148,0.029011,-0.087603,-0.092302,-0.154712,0.592580,1.030754,-0.228594,0.088524,0.050591
-0.001779,0.035703,0.786450,-0.021024,-0.025499,-0.712026,0.701375,0.066254,0.061471,0.101374,0.176722,-0.167703,-0.054530,0.064531,-0.075696,-0.150341,0.173056,-0.175938,0.057799,-0.066329,0.005051,0.167072,-0.088081,0.186963,-0.775611,1.081353,-0.000113,0.029947,-0.087436,-0.094911,-0.155732,0.592643,1.030346,-0.231008,0.090088,0.052080
-0.001832,0.035714,0.786363,-0.021326,-0.026000,-0.712577,0.700788,0.067866,0.061477,0.102941,0.176981,-0.168734,-0.053584,0.065829,-0.075725,-0.148706,0.172431,-0.175766,0.059508,-0.065896,0.004257,0.168583,-0.088682,0.187076,-0.775450,1.081110,0.001203,0.029230,-0.087222,-0.096509,-0.156268,0.592729,1.030581,-0.228639,0.089634,0.050886
-0.001860,0.035724,0.786517,-0.020930,-0.025499,-0.713276,0.700107,0.066793,0.062007,0.104775,0.176855,-0.168234,-0.053368,0.063647,-0.075091,-0.146305,0.172642,-0.174982,0.059044,-0.064945,0.004739,0.167955,-0.089426,0.187178,-0.776271,1.080226,0.000474,0.028819,-0.087866,-0.098610,-0.157261,0.594802,1.031441,-0.229228,0.090303,0.050565
-0.001786,0.035742,0.786461,-0.021427,-0.025769,-0.713710,0.699639,0.068656,0.062511,0.105872,0.176387,-0.168212,-0.054638,0.064169,-0.074673,-0.145843,0.173630,-0.175506,0.057633,-0.064696,0.004822,0.169444,-0.089620,0.187173,-0.775319,1.078850,0.002699,0.029262,-0.087536,-0.099263,-0.158122,0.594560,1.032048,-0.228817,0.089465,0.049817
-0.001845,0.035596,0.786438,-0.021202,-0.025749,-0.713936,0.699416,0.068382,0.062283,0.106488,0.176816,-0.169008,-0.053027,0.064359,-0.074796,-0.145046,0.172515,-0.175084,0.059442,-0.064507,0.004540,0.169114,-0.089999,0.187137,-0.774886,1.078778,0.001318,0.027792,-0.088240,-0.099737,-0.158937,0.594891,1.032324,-0.227293,0.089298,0.050995
-0.001766,0.035538,0.786539,-0.021095,-0.025490,-0.713979,0.699385,0.067952,0.062482,0.106537,0.176676,-0.168733,-0.053378,0.063582,-0.074631,-0.144820,0.172999,-0.174925,0.058595,-0.064987,0.004885,0.169079,-0.090973,0.187100,-0.775580,1.078572,-0.000980,0.027820,-0.088118,-0.100250,-0.159387,0.595409,1.032797,-0.224965,0.089913,0.050646
-0.001644,0.035443,0.786466,-0.021113,-0.025464,-0.713975,0.699389,0.068325,0.062360,0.106593,0.176307,-0.168549,-0.053813,0.063561,-0.074811,-0.145574,0.173340,-0.175305,0.057941,-0.065444,0.005040,0.169209,-0.091891,0.187005,-0.776130,1.078079,-0.000844,0.028717,-0.088698,-0.099868,-0.160373,0.594713,1.032939,-0.225668,0.089947,0.050731
-0.001671,0.035234,0.786508,-0.020747,-0.025425,-0.713828,0.699551,0.067744,0.061735,0.106181,0.176324,-0.168711,-0.052867,0.063813,-0.075348,-0.145901,0.172202,-0.174978,0.059715,-0.065113,0.004800,0.168663,-0.093528,0.187038,-0.776508,1.078817,0.006229,0.029014,-0.087496,-0.099013,-0.160939,0.593827,1.032763,-0.224990,0.089707,0.053153
-0.001572,0.035120,0.786543,-0.020834,-0.025310,-0.713570,0.699816,0.067687,0.061850,0.105669,0.176471,-0.168722,-0.053027,0.063881,-0.075274,-0.145701,0.172744,-0.175183,0.058993,-0.065304,0.005459,0.168687,-0.094849,0.187119,-0.777361,1.079553,0.004672,0.028776,-0.086508,-0.098676,-0.161633,0.594566,1.032859,-0.223945,0.089755,0.051963
-0.001430,0.034830,0.786452,-0.020885,-0.025556,-0.713313,0.700068,0.068589,0.061072,0.104615,0.176118,-0.168752,-0.053258,0.064944,-0.075995,-0.147054,0.172907,-0.176093,0.058956,-0.065115,0.005251,0.168623,-0.095406,0.187225,-0.776001,1.079830,0.006941,0.028202,-0.087612,-0.097837,-0.162172,0.594850,1.032751,-0.224633,0.089321,0.052861
-0.001387,0.034561,0.786520,-0.020522,-0.025341,-0.713076,0.700328,0.067724,0.060644,0.104343,0.176325,-0.169005,-0.052277,0.064718,-0.076426,-0.147735,0.172430,-0.176063,0.059580,-0.065535,0.005660,0.167511,-0.096357,0.187476,-0.776907,1.080161,0.003545,0.028145,-0.086625,-0.098148,-0.162784,0.596038,1.033175,-0.225638,0.089456,0.053149
-0.001245,0.034396,0.786477,-0.020832,-0.025602,-0.712704,0.700688,0.068864,0.060333,0.103197,0.176222,-0.169362,-0.052591,0.066293,-0.076730,-0.148344,0.172453,-0.176536,0.059926,-0.065829,0.005886,0.168144,-0.096902,0.187726,-0.776310,1.080319,0.000451,0.028818,-0.087868,-0.097890,-0.163243,0.595574,1.032807,-0.231726,0.088782,0.053721
-0.001054,0.034040,0.786435,-0.020798,-0.025726,-0.712744,0.700643,0.069589,0.059714,0.103335,0.175892,-0.169226,-0.052572,0.066730,-0.077342,-0.148410,0.172743,-0.177128,0.059973,-0.065943,0.005802,0.167799,-0.097104,0.188125,-0.777143,1.080984,0.002061,0.029825,-0.087097,-0.098350,-0.163784,0.596389,1.033009,-0.237410,0.088014,0.052490
-0.000957,0.033864,0.786486,-0.020772,-0.025599,-0.712614,0.700782,0.069525,0.059716,0.103334,0.176008,-0.169682,-0.052181,0.067088,-0.077342,-0.148381,0.172224,-0.176852,0.060700,-0.066311,0.006218,0.167806,-0.098244,0.188720,-0.778020,1.082075,0.000208,0.029068,-0.087967,-0.099353,-0.164323,0.595342,1.032457,-0.233163,0.087838,0.053852
-0.000781,0.033684,0.786455,-0.020890,-0.025911,-0.712695,0.700684,0.070425,0.059154,0.103497,0.176419,-0.170054,-0.051325,0.067819,-0.078005,-0.148434,0.172837,-0.177506,0.060717,-0.065674,0.005808,0.168329,-0.098771,0.189321,-0.778296,1.082282,0.004068,0.029596,-0.086396,-0.100216,-0.164767,0.594851,1.031666,-0.231118,0.088497,0.053741
-0.000607,0.033447,0.786456,-0.020701,-0.025643,-0.712831,0.700561,0.070420,0.058997,0.103844,0.175544,-0.169741,-0.052029,0.067344,-0.078064,-0.148327,0.172621,-0.177534,0.060699,-0.065864,0.006028,0.167868,-0.099256,0.189992,-0.778298,1.082130,0.001543,0.029102,-0.087068,-0.102024,-0.165272,0.595086,1.031655,-0.229449,0.087878,0.052161
-0.000529,0.033316,0.786454,-0.020775,-0.025633,-0.712897,0.700492,0.070483,0.059104,0.104113,0.176298,-0.170481,-0.050931,0.067733,-0.077991,-0.147781,0.172387,-0.177208,0.061389,-0.065717,0.006043,0.168261,-0.100464,0.190612,-0.778702,1.082746,-0.003103,0.027768,-0.088788,-0.103285,-0.165658,0.595340,1.031595,-0.228288,0.087557,0.051015
-0.000381,0.033168,0.786446,-0.020645,-0.025622,-0.713050,0.700341,0.070658,0.058676,0.104213,0.176129,-0.170620,-0.050636,0.067566,-0.078357,-0.147469,0.172543,-0.177609,0.061425,-0.065416,0.005782,0.168249,-0.100952,0.191195,-0.778672,1.082332,-0.003946,0.027438,-0.088267,-0.104613,-0.166033,0.595842,1.031430,-0.224848,0.087731,0.051163
-0.000231,0.032985,0.786433,-0.020475,-0.025289,-0.713282,0.700121,0.070735,0.058791,0.105143,0.175078,-0.170226,-0.051762,0.066812,-0.078232,-0.147083,0.172604,-0.177458,0.061030,-0.065421,0.006063,0.167711,-0.101141,0.191971,-0.777865,1.081223,-0.008049,0.028327,-0.089812,-0.105067,-0.166450,0.594613,1.030957,-0.223075,0.088370,0.051191
-0.000163,0.032904,0.786415,-0.020329,-0.025170,-0.713273,0.700139,0.070408,0.058670,0.105103,0.175287,-0.170915,-0.050900,0.066815,-0.078342,-0.147020,0.172019,-0.177393,0.061844,-0.065298,0.006089,0.167658,-0.101708,0.192314,-0.777233,1.081070,-0.005680,0.027849,-0.088660,-0.105152,-0.166572,0.593795,1.029893,-0.221755,0.089081,0.051969
-0.000058,0.032774,0.786419,-0.020459,-0.025429,-0.713319,0.700079,0.070885,0.058279,0.105166,0.175934,-0.171046,-0.050138,0.067330,-0.078728,-0.146880,0.172578,-0.177965,0.061681,-0.065508,0.005821,0.168309,-0.101814,0.192699,-0.777096,1.080384,-0.002407,0.027570,-0.087136,-0.104685,-0.166589,0.592938,1.029331,-0.224894,0.088964,0.052766
0.000035,0.032624,0.786378,-0.020701,-0.025328,-0.713411,0.699982,0.071952,0.058736,0.105461,0.174875,-0.171134,-0.051908,0.067659,-0.078202,-0.146478,0.172712,-0.177767,0.061216,-0.064796,0.006238,0.168507,-0.101523,0.192916,-0.777010,1.079560,-0.002594,0.027873,-0.087248,-0.103803,-0.166513,0.593308,1.029072,-0.225235,0.088621,0.051506
0.000036,0.032555,0.786378,-0.020575,-0.025503,-0.713327,0.700065,0.071508,0.058234,0.105175,0.176075,-0.171706,-0.049853,0.068003,-0.078802,-0.146705,0.172502,-0.178179,0.062152,-0.065121,0.005578,0.168604,-0.100772,0.193080,-0.775864,1.078868,-0.004514,0.027439,-0.087694,-0.102471,-0.166258,0.593047,1.028152,-0.228079,0.088841,0.050943
0.000038,0.032412,0.786370,-0.020750,-0.025526,-0.713416,0.699969,0.072283,0.058467,0.105401,0.175673,-0.171908,-0.050733,0.068361,-0.078529,-0.146755,0.172787,-0.178430,0.061521,-0.064598,0.005655,0.168507,-0.099707,0.193127,-0.775992,1.077919,-0.001855,0.028793,-0.087739,-0.100644,-0.165725,0.593652,1.027540,-0.232265,0.089476,0.051222
0.000041,0.032345,0.786309,-0.021040,-0.025651,-0.713307,0.700067,0.073190,0.058695,0.105128,0.175434,-0.172183,-0.051521,0.069161,-0.078252,-0.146641,0.172938,-0.178800,0.061213,-0.064798,0.005613,0.168731,-0.098097,0.192978,-0.775296,1.077368,-0.000780,0.027719,-0.086906,-0.098979,-0.164732,0.593406,1.027387,-0.231397,0.089453,0.050511
0.000002,0.032248,0.786342,-0.021066,-0.025851,-0.713217,0.700150,0.073302,0.058436,0.105008,0.176164,-0.172384,-0.050548,0.069784,-0.078631,-0.147135,0.172846,-0.178728,0.061941,-0.064647,0.005029,0.168801,-0.096543,0.192779,-0.774920,1.077112,-0.001357,0.027303,-0.087172,-0.097285,-0.164006,0.593496,1.027376,-0.227686,0.089715,0.051346
-0.000055,0.032167,0.786271,-0.021386,-0.026041,-0.713048,0.700305,0.074156,0.058698,0.104349,0.176153,-0.173019,-0.051094,0.070825,-0.078320,-0.147566,0.173012,-0.179573,0.061313,-0.064664,0.004821,0.169183,-0.094666,0.192334,-0.773974,1.076863,0.000890,0.027889,-0.086379,-0.095689,-0.162852,0.593430,1.027473,-0.225578,0.089952,0.052680
-0.000148,0.032188,0.786275,-0.021401,-0.025960,-0.712934,0.700424,0.073851,0.058923,0.104193,0.176357,-0.172682,-0.051266,0.070800,-0.078153,-0.148009,0.172990,-0.179297,0.061254,-0.064597,0.004556,0.169202,-0.093042,0.192014,-0.774189,1.076607,0.004279,0.028907,-0.085607,-0.094249,-0.162113,0.593884,1.027575,-0.230901,0.089570,0.052399
-0.000256,0.032148,0.786296,-0.021536,-0.026156,-0.712733,0.700617,0.074017,0.058984,0.103653,0.177013,-0.173170,-0.050755,0.071457,-0.078116,-0.148457,0.173071,-0.179610,0.061169,-0.064529,0.003974,0.169715,-0.091788,0.191547,-0.775245,1.076691,-0.004448,0.028605,-0.088364,-0.093209,-0.160957,0.594744,1.028364,-0.233645,0.089813,0.051157
-0.000343,0.032135,0.786222,-0.021798,-0.026287,-0.712666,0.700672,0.074934,0.059220,0.103346,0.176391,-0.173245,-0.052038,0.072206,-0.077826,-0.148953,0.173079,-0.180060,0.060738,-0.063833,0.003807,0.170239,-0.090408,0.191177,-0.775515,1.076805,-0.004256,0.028422,-0.088500,-0.091999,-0.160113,0.594585,1.028688,-0.231306,0.089260,0.050266
-0.000539,0.032200,0.786250,-0.021770,-0.026285,-0.712455,0.700887,0.074277,0.059441,0.102931,0.177187,-0.173045,-0.051538,0.072189,-0.077652,-0.149281,0.173137,-0.180037,0.060648,-0.063303,0.003026,0.170565,-0.089102,0.190823,-0.775537,1.077141,-0.006152,0.027683,-0.087970,-0.091139,-0.159341,0.594939,1.028425,-0.228925,0.089130,0.048969
-0.000678,0.032195,0.786226,-0.022119,-0.026463,-0.712397,0.700929,0.074943,0.059940,0.102555,0.177566,-0.173551,-0.051739,0.073186,-0.077197,-0.149481,0.172899,-0.180000,0.060797,-0.062812,0.002649,0.171480,-0.088039,0.190636,-0.775482,1.077449,-0.002860,0.028191,-0.088123,-0.090329,-0.158837,0.595095,1.028798,-0.229180,0.088899,0.049682
-0.000791,0.032247,0.786179,-0.022276,-0.026662,-0.712218,0.701098,0.075476,0.059939,0.102039,0.177279,-0.173543,-0.052397,0.073750,-0.077118,-0.149910,0.173147,-0.180488,0.060238,-0.062390,0.001932,0.172351,-0.087270,0.190396,-0.775238,1.077412,0.002740,0.028783,-0.087042,-0.089750,-0.157867,0.594432,1.028805,-0.228336,0.089577,0.050188
-0.000925,0.032319,0.786227,-0.021995,-0.026428,-0.712111,0.701224,0.074375,0.060009,0.101742,0.177382,-0.173065,-0.052262,0.073044,-0.077083,-0.150354,0.172709,-0.180006,0.060587,-0.061386,0.001561,0.171877,-0.086498,0.190130,-0.774597,1.077527,0.000373,0.028605,-0.086546,-0.089626,-0.157006,0.594747,1.028993,-0.227860,0.088933,0.048795
-0.001035,0.032463,0.786212,-0.021802,-0.026182,-0.711805,0.701550,0.073511,0.060158,0.100907,0.176861,-0.172660,-0.053103,0.072510,-0.076950,-0.151337,0.172431,-0.179971,0.060166,-0.060989,0.001416,0.172078,-0.086878,0.190027,-0.774460,1.078298,-0.003592,0.028103,-0.087807,-0.089676,-0.156698,0.595375,1.028345,-0.227328,0.089037,0.048742
-0.001074,0.032571,0.786234,-0.021593,-0.026127,-0.711608,0.701758,0.072746,0.059854,0.100332,0.176834,-0.172264,-0.053015,0.071906,-0.077235,-0.151862,0.172676,-0.180011,0.059906,-0.060546,0.001251,0.172463,-0.087273,0.189909,-0.774196,1.078116,-0.005726,0.028889,-0.088023,-0.090152,-0.156398,0.595951,1.028632,-0.227159,0.089014,0.048711
-0.001079,0.032692,0.786270,-0.021231,-0.025966,-0.711423,0.701963,0.071451,0.059401,0.099811,0.176998,-0.171806,-0.052290,0.071144,-0.077690,-0.152504,0.172326,-0.179418,0.060615,-0.060058,0.001241,0.172594,-0.087243,0.189643,-0.773363,1.077890,-0.006303,0.028768,-0.087128,-0.091236,-0.156057,0.596884,1.029461,-0.227060,0.089425,0.048573
-0.001061,0.032781,0.786236,-0.021060,-0.025728,-0.711097,0.702308,0.070712,0.059355,0.098995,0.176556,-0.171611,-0.052896,0.070534,-0.077733,-0.153144,0.172533,-0.179669,0.059842,-0.060173,0.001829,0.172703,-0.087289,0.189368,-0.772112,1.077787,-0.006777,0.028165,-0.087522,-0.092272,-0.155910,0.597188,1.029392,-0.226176,0.090128,0.048874
-0.000996,0.032870,0.786279,-0.020683,-0.025564,-0.710876,0.702548,0.069507,0.058742,0.098399,0.176461,-0.171061,-0.052433,0.069740,-0.078293,-0.153928,0.172305,-0.179420,0.060289,-0.060659,0.002186,0.172822,-0.087647,0.188975,-0.771538,1.076862,-0.007294,0.028891,-0.087329,-0.093688,-0.155831,0.597745,1.029673,-0.227871,0.090067,0.048215
-0.000860,0.032872,0.786253,-0.020739,-0.025775,-0.710637,0.702781,0.069666,0.058121,0.097570,0.176661,-0.171078,-0.052007,0.070295,-0.078852,-0.154350,0.172395,-0.179568,0.060724,-0.061387,0.002887,0.173552,-0.087665,0.188415,-0.771872,1.076180,-0.008783,0.028487,-0.086818,-0.094731,-0.155760,0.598060,1.029581,-0.229204,0.090393,0.048660
-0.000755,0.032922,0.786241,-0.020601,-0.025567,-0.710503,0.702927,0.069186,0.058034,0.097452,0.176312,-0.170953,-0.052242,0.069766,-0.078965,-0.154557,0.172390,-0.179617,0.060523,-0.061596,0.004070,0.173909,-0.087491,0.187850,-0.770431,1.075216,-0.008500,0.028700,-0.087253,-0.096016,-0.155769,0.597950,1.029330,-0.228249,0.090106,0.049577
-0.000611,0.032871,0.786242,-0.020610,-0.025852,-0.710420,0.703001,0.069393,0.057269,0.097107,0.176747,-0.170987,-0.051290,0.070271,-0.079734,-0.154882,0.172599,-0.180011,0.061016,-0.062440,0.004196,0.174897,-0.087820,0.187021,-0.770013,1.075761,-0.007424,0.028641,-0.086538,-0.096870,-0.155715,0.598852,1.028123,-0.227623,0.090301,0.049705
-0.000483,0.032875,0.786265,-0.020454,-0.025600,-0.710429,0.703006,0.068948,0.057284,0.097332,0.176309,-0.170760,-0.051679,0.069577,-0.079740,-0.154854,0.172537,-0.179559,0.060992,-0.062736,0.005941,0.174601,-0.087899,0.186008,-0.769879,1.075130,-0.006612,0.028766,-0.086974,-0.097155,-0.155534,0.598271,1.027501,-0.225872,0.090187,0.050057
-0.000401,0.032785,0.786217,-0.020565,-0.025746,-0.710456,0.702970,0.069543,0.057118,0.097457,0.176413,-0.171146,-0.051497,0.070082,-0.079862,-0.154448,0.172700,-0.180102,0.060977,-0.063255,0.007185,0.174867,-0.087633,0.184726,-0.768384,1.074691,-0.004404,0.028998,-0.087229,-0.096896,-0.155070,0.597640,1.026092,-0.229178,0.091784,0.051429
-0.000281,0.032639,0.786218,-0.020503,-0.025796,-0.710689,0.702734,0.069711,0.056801,0.098030,0.176676,-0.171361,-0.050796,0.070098,-0.080186,-0.153852,0.172704,-0.180041,0.061556,-0.063237,0.008137,0.174750,-0.087934,0.183300,-0.767909,1.074848,-0.004625,0.028439,-0.087046,-0.096965,-0.154370,0.598985,1.025811,-0.226581,0.091512,0.049551
-0.000187,0.032436,0.786184,-0.020830,-0.026038,-0.710863,0.702540,0.071141,0.056886,0.098446,0.176638,-0.172191,-0.050986,0.071099,-0.080142,-0.153569,0.172935,-0.180595,0.061434,-0.063870,0.009339,0.174866,-0.087791,0.181760,-0.767194,1.074992,-0.002240,0.029351,-0.086558,-0.095930,-0.153302,0.598225,1.025581,-0.226018,0.090922,0.049829
-0.000172,0.032205,0.786131,-0.021064,-0.026240,-0.711014,0.702372,0.072176,0.057029,0.098979,0.176970,-0.172653,-0.050877,0.071980,-0.080017,-0.153001,0.173221,-0.181189,0.061239,-0.063455,0.010057,0.175080,-0.088163,0.180758,-0.767061,1.074890,-0.000542,0.029762,-0.086108,-0.094601,-0.152323,0.599202,1.025413,-0.229618,0.091022,0.050208
-0.000186,0.031959,0.786118,-0.021191,-0.026247,-0.711246,0.702133,0.072937,0.057311,0.099608,0.176987,-0.173115,-0.050979,0.072570,-0.079733,-0.152516,0.172911,-0.181068,0.061697,-0.063141,0.010932,0.174464,-0.088252,0.179544,-0.766911,1.074990,-0.000584,0.029917,-0.085479,-0.093402,-0.150935,0.600571,1.026600,-0.228551,0.089959,0.047953
-0.000167,0.031707,0.786096,-0.021419,-0.026331,-0.711386,0.701982,0.073976,0.057559,0.099793,0.176904,-0.173933,-0.051298,0.073259,-0.079445,-0.152055,0.173055,-0.181427,0.061454,-0.063158,0.011494,0.173939,-0.088589,0.178203,-0.766879,1.075940,0.001171,0.029271,-0.084929,-0.092424,-0.149194,0.601372,1.027735,-0.231741,0.090372,0.049564
-0.000215,0.031378,0.786025,-0.021648,-0.026598,-0.711466,0.701884,0.075341,0.057664,0.100170,0.177008,-0.174434,-0.051446,0.074577,-0.079433,-0.152051,0.173019,-0.182244,0.061577,-0.062733,0.011630,0.173569,-0.089006,0.177380,-0.767554,1.075749,0.000806,0.029571,-0.084273,-0.090703,-0.147644,0.602169,1.028015,-0.230172,0.091267,0.050495
-0.000281,0.031109,0.786030,-0.021661,-0.026494,-0.711481,0.701872,0.075486,0.057960,0.100293,0.177304,-0.174931,-0.051320,0.074831,-0.079094,-0.151655,0.173007,-0.182299,0.061540,-0.061811,0.012022,0.172595,-0.089270,0.176942,-0.767713,1.075405,-0.001455,0.028470,-0.084537,-0.088687,-0.146529,0.603057,1.028284,-0.231052,0.091212,0.050565
-0.000357,0.030763,0.785971,-0.021999,-0.026708,-0.711478,0.701856,0.076941,0.058286,0.100099,0.177236,-0.175698,-0.051960,0.076321,-0.078771,-0.152109,0.172911,-0.182944,0.061350,-0.061567,0.011895,0.172141,-0.089257,0.176499,-0.767298,1.076578,-0.003077,0.028629,-0.084427,-0.087012,-0.144991,0.605032,1.028858,-0.227685,0.089444,0.050245
-0.000420,0.030397,0.785893,-0.022293,-0.026887,-0.711302,0.702018,0.078165,0.058508,0.099596,0.177425,-0.176424,-0.052267,0.077839,-0.078599,-0.152655,0.172909,-0.183777,0.061196,-0.062116,0.011931,0.171405,-0.088747,0.176362,-0.766270,1.077084,-0.004006,0.029019,-0.085508,-0.085327,-0.143876,0.606008,1.028926,-0.227653,0.089371,0.051221
-0.000548,0.030128,0.785893,-0.022339,-0.026893,-0.711192,0.702128,0.078181,0.058706,0.099297,0.178187,-0.176960,-0.051690,0.078323,-0.078365,-0.152518,0.173017,-0.184029,0.061053,-0.061951,0.011461,0.170197,-0.088794,0.176411,-0.765736,1.078732,-0.003610,0.029167,-0.085704,-0.084383,-0.142305,0.605983,1.029427,-0.226941,0.089059,0.050615
-0.000686,0.029874,0.785854,-0.022610,-0.027248,-0.711031,0.702269,0.079438,0.058711,0.098753,0.178299,-0.177357,-0.052032,0.079967,-0.078370,-0.153411,0.172916,-0.184867,0.061068,-0.062763,0.010373,0.170003,-0.088303,0.176891,-0.765073,1.080087,-0.002966,0.029260,-0.085047,-0.084135,-0.140282,0.605414,1.030231,-0.229647,0.089127,0.049976
-0.000774,0.029651,0.785798,-0.022774,-0.027240,-0.710982,0.702313,0.080276,0.059140,0.098680,0.177901,-0.177696,-0.052966,0.080621,-0.077957,-0.153520,0.172754,-0.185051,0.060960,-0.062903,0.009950,0.169391,-0.087812,0.177415,-0.764519,1.080950,-0.002408,0.029421,-0.084478,-0.084320,-0.139090,0.604918,1.030100,-0.234311,0.090218,0.050389
-0.000938,0.029431,0.785805,-0.023006,-0.027322,-0.710951,0.702334,0.080928,0.059617,0.098514,0.178236,-0.178229,-0.053110,0.081559,-0.077471,-0.153670,0.172747,-0.185183,0.060714,-0.062604,0.009303,0.168946,-0.087625,0.178243,-0.765020,1.081762,-0.004516,0.029363,-0.084794,-0.084666,-0.138050,0.604337,1.030427,-0.233476,0.090959,0.049962
-0.001030,0.029250,0.785773,-0.023070,-0.027460,-0.711044,0.702233,0.081419,0.059689,0.098747,0.178633,-0.178648,-0.052612,0.082203,-0.077415,-0.153488,0.172542,-0.185585,0.061087,-0.061871,0.008354,0.168655,-0.087064,0.179024,-0.764531,1.082024,-0.004632,0.028922,-0.084853,-0.085349,-0.137403,0.604051,1.031572,-0.234960,0.091343,0.050579
-0.001124,0.029087,0.785733,-0.023153,-0.027356,-0.711049,0.702229,0.081981,0.060152,0.098756,0.177992,-0.178808,-0.053746,0.082456,-0.076971,-0.153755,0.172481,-0.185879,0.060538,-0.061416,0.007835,0.168434,-0.086584,0.179544,-0.763836,1.082001,-0.003583,0.028831,-0.084649,-0.086495,-0.137169,0.603778,1.032404,-0.231726,0.091745,0.052549
-0.001290,0.029010,0.785753,-0.023167,-0.027325,-0.710996,0.702283,0.081799,0.060472,0.098622,0.178402,-0.178766,-0.053623,0.082575,-0.076664,-0.153905,0.172519,-0.185832,0.060298,-0.060573,0.006732,0.168818,-0.086731,0.180207,-0.763284,1.081993,-0.004322,0.029328,-0.084648,-0.087583,-0.137056,0.603771,1.032579,-0.226606,0.090953,0.052168
-0.001316,0.028900,0.785728,-0.023077,-0.027339,-0.710923,0.702360,0.081841,0.060276,0.098335,0.178310,-0.179147,-0.053404,0.082680,-0.076809,-0.153917,0.172524,-0.186309,0.060329,-0.059898,0.005943,0.168821,-0.086292,0.180477,-0.762827,1.081390,-0.000683,0.029655,-0.083713,-0.088782,-0.137168,0.604122,1.033329,-0.228799,0.090762,0.048780
-0.001397,0.028840,0.785722,-0.022995,-0.027177,-0.710751,0.702542,0.081429,0.060520,0.097881,0.178368,-0.178989,-0.053626,0.082597,-0.076620,-0.154705,0.172375,-0.186299,0.060097,-0.060161,0.005426,0.169078,-0.085992,0.180712,-0.763039,1.080402,-0.003034,0.029616,-0.083914,-0.090107,-0.137455,0.603307,1.033591,-0.232939,0.089687,0.046894
-0.001485,0.028766,0.785723,-0.022820,-0.026980,-0.710509,0.702801,0.080854,0.060515,0.097226,0.178106,-0.178783,-0.053898,0.082441,-0.076529,-0.155253,0.171964,-0.186212,0.060248,-0.059856,0.004603,0.169238,-0.085800,0.180791,-0.763123,1.079983,-0.003653,0.028834,-0.084560,-0.091374,-0.137790,0.602618,1.033406,-0.227657,0.088595,0.047245
-0.001516,0.028644,0.785719,-0.022974,-0.027128,-0.710364,0.702937,0.081547,0.060547,0.096783,0.177952,-0.179060,-0.054288,0.083133,-0.076527,-0.155516,0.172201,-0.186554,0.059990,-0.059330,0.004233,0.170185,-0.084810,0.180579,-0.762538,1.078611,-0.002851,0.028223,-0.084374,-0.092361,-0.138290,0.602140,1.033908,-0.226889,0.089134,0.048949
-0.001523,0.028578,0.785702,-0.022741,-0.026935,-0.710303,0.703013,0.081017,0.060469,0.096665,0.177779,-0.178890,-0.054233,0.082713,-0.076579,-0.155885,0.171968,-0.186568,0.060088,-0.058884,0.003993,0.170203,-0.084235,0.179898,-0.762526,1.077071,-0.000949,0.029428,-0.084200,-0.093239,-0.139037,0.601456,1.033764,-0.226465,0.089314,0.048496
-0.001508,0.028468,0.785696,-0.022619,-0.026832,-0.710227,0.703097,0.080654,0.060333,0.096446,0.177917,-0.178959,-0.053817,0.082541,-0.076693,-0.156105,0.171943,-0.186766,0.060114,-0.058279,0.003417,0.170557,-0.083690,0.179351,-0.762832,1.076009,-0.003745,0.028384,-0.084270,-0.093967,-0.139475,0.601878,1.033472,-0.226763,0.089475,0.047655
-0.001521,0.028336,0.785717,-0.022624,-0.026831,-0.710222,0.703103,0.081004,0.060325,0.096340,0.177594,-0.178954,-0.054292,0.082714,-0.076672,-0.155945,0.172044,-0.186808,0.060003,-0.057885,0.003698,0.170661,-0.083146,0.177871,-0.763319,1.075293,-0.001125,0.028518,-0.084344,-0.093894,-0.140361,0.601148,1.032791,-0.227254,0.090526,0.049757
-0.001509,0.028184,0.785702,-0.022513,-0.026749,-0.710102,0.703231,0.080877,0.060229,0.096083,0.177587,-0.179256,-0.054109,0.082763,-0.076765,-0.156254,0.172028,-0.187072,0.059922,-0.057585,0.003459,0.170569,-0.082575,0.176571,-0.763832,1.075531,0.001238,0.028625,-0.083678,-0.093464,-0.140885,0.601404,1.032042,-0.228417,0.090094,0.048901
-0.001496,0.027998,0.785681,-0.022513,-0.026806,-0.710228,0.703101,0.081301,0.060208,0.096634,0.177583,-0.179175,-0.054098,0.083003,-0.076865,-0.156199,0.172052,-0.187293,0.060012,-0.057479,0.003136,0.170574,-0.081918,0.175417,-0.764236,1.076057,0.001495,0.027302,-0.083128,-0.092948,-0.141131,0.602039,1.031268,-0.228816,0.089966,0.049089
-0.001530,0.027837,0.785689,-0.022410,-0.026839,-0.710178,0.703153,0.081328,0.059950,0.096360,0.177765,-0.179539,-0.053654,0.083190,-0.077078,-0.156157,0.172103,-0.187534,0.060143,-0.057427,0.003089,0.170140,-0.081503,0.173899,-0.764075,1.076617,-0.001708,0.027493,-0.084095,-0.092045,-0.141187,0.602070,1.031004,-0.229208,0.089782,0.049309
-0.001518,0.027661,0.785679,-0.022455,-0.026811,-0.710290,0.703040,0.081665,0.060122,0.096638,0.177794,-0.179667,-0.053726,0.083456,-0.076920,-0.155800,0.171961,-0.187454,0.060367,-0.057541,0.003109,0.170067,-0.081320,0.172706,-0.764544,1.077463,-0.001897,0.027937,-0.084480,-0.091530,-0.141078,0.602883,1.030823,-0.227997,0.089815,0.049182
-0.001506,0.027521,0.785669,-0.022456,-0.026754,-0.710415,0.702916,0.081971,0.060268,0.096883,0.177580,-0.179825,-0.054053,0.083572,-0.076777,-0.155910,0.171809,-0.187598,0.060252,-0.057969,0.003067,0.169961,-0.081072,0.172240,-0.765224,1.077840,-0.001529,0.027658,-0.084363,-0.090600,-0.140868,0.602552,1.030391,-0.227807,0.089833,0.049178
-0.001537,0.027398,0.785646,-0.022476,-0.026721,-0.710448,0.702883,0.082339,0.060400,0.097088,0.177307,-0.180142,-0.054385,0.083858,-0.076606,-0.155710,0.171559,-0.187659,0.060419,-0.057934,0.003172,0.169695,-0.081089,0.171850,-0.765267,1.078407,-0.001419,0.027916,-0.084472,-0.089275,-0.140538,0.601440,1.029651,-0.227723,0.090129,0.050027
-0.001547,0.027224,0.785656,-0.022466,-0.026739,-0.710595,0.702734,0.082429,0.060447,0.097480,0.177841,-0.180403,-0.053708,0.083936,-0.076583,-0.155043,0.171734,-0.187833,0.060427,-0.057487,0.003024,0.169496,-0.081689,0.171583,-0.765745,1.079743,-0.002806,0.027329,-0.083974,-0.088466,-0.140201,0.602112,1.029667,-0.228075,0.089693,0.050714
-0.001541,0.027123,0.785617,-0.022399,-0.026637,-0.710669,0.702665,0.082587,0.060513,0.097651,0.177346,-0.180299,-0.054363,0.083763,-0.076505,-0.155130,0.171741,-0.188134,0.060044,-0.057743,0.003131,0.169060,-0.082362,0.171463,-0.765320,1.081118,-0.001720,0.027409,-0.084610,-0.087695,-0.139865,0.602246,1.029748,-0.227780,0.090073,0.052293
-0.001526,0.027023,0.785613,-0.022350,-0.026669,-0.710832,0.702501,0.082800,0.060444,0.098130,0.177430,-0.180709,-0.053916,0.083913,-0.076559,-0.154614,0.171454,-0.188025,0.060625,-0.057568,0.003155,0.168738,-0.083180,0.171578,-0.764778,1.081860,-0.002649,0.027698,-0.084525,-0.087188,-0.139344,0.602178,1.030552,-0.228336,0.089910,0.051466
-0.001553,0.026974,0.785647,-0.022264,-0.026494,-0.710902,0.702439,0.082383,0.060660,0.098228,0.177653,-0.180687,-0.053806,0.083450,-0.076339,-0.154302,0.171569,-0.187847,0.060326,-0.057445,0.003396,0.168442,-0.084310,0.171859,-0.764343,1.083289,-0.001056,0.027173,-0.083209,-0.087034,-0.139033,0.602450,1.030990,-0.226403,0.089763,0.051048
-0.001554,0.026941,0.785612,-0.022181,-0.026424,-0.710901,0.702445,0.082477,0.060677,0.098517,0.177085,-0.180426,-0.054446,0.083300,-0.076343,-0.154429,0.171468,-0.188094,0.060119,-0.057685,0.003426,0.168397,-0.085338,0.172456,-0.763694,1.083673,-0.001185,0.028159,-0.083206,-0.087128,-0.138724,0.602574,1.031243,-0.225305,0.089447,0.049800
-0.001523,0.026936,0.785637,-0.022150,-0.026471,-0.710910,0.702436,0.082396,0.060477,0.098326,0.177274,-0.180504,-0.054020,0.083323,-0.076547,-0.154428,0.171478,-0.187924,0.060411,-0.057904,0.003480,0.168692,-0.086058,0.173161,-0.763142,1.083961,-0.003190,0.027982,-0.083499,-0.087264,-0.138521,0.602046,1.031670,-0.226239,0.089583,0.049867
-0.001515,0.026929,0.785628,-0.022253,-0.026507,-0.710846,0.702495,0.082645,0.060519,0.098098,0.177251,-0.180745,-0.054118,0.083708,-0.076481,-0.154584,0.171329,-0.187934,0.060544,-0.058112,0.003571,0.169407,-0.086593,0.174149,-0.762291,1.083789,-0.004001,0.028132,-0.084257,-0.087943,-0.138383,0.602440,1.032102,-0.226535,0.090234,0.050952
-0.001489,0.026900,0.785622,-0.021999,-0.026291,-0.710890,0.702468,0.082046,0.060442,0.098283,0.176958,-0.180236,-0.054354,0.082915,-0.076519,-0.154540,0.171360,-0.187939,0.060237,-0.058093,0.003641,0.169039,-0.086566,0.174943,-0.761535,1.083549,-0.001931,0.028401,-0.083862,-0.088292,-0.138358,0.602607,1.032181,-0.228338,0.090484,0.050830
-0.001467,0.026874,0.785635,-0.022022,-0.026281,-0.710859,0.702499,0.081986,0.060442,0.098280,0.177145,-0.180476,-0.054012,0.083033,-0.076552,-0.154603,0.171270,-0.187865,0.060443,-0.058748,0.003867,0.169323,-0.085949,0.175750,-0.760742,1.083003,0.001567,0.028439,-0.083014,-0.088579,-0.138348,0.601886,1.031836,-0.228598,0.090541,0.052092
-0.001420,0.026880,0.785626,-0.021962,-0.026268,-0.710784,0.702577,0.081936,0.060261,0.097983,0.176982,-0.180570,-0.054072,0.082942,-0.076703,-0.154621,0.171330,-0.187951,0.060436,-0.059081,0.004121,0.169719,-0.085806,0.176109,-0.760915,1.082411,0.000169,0.029089,-0.083593,-0.089106,-0.138354,0.601670,1.031859,-0.227701,0.090381,0.051089
-0.001408,0.026853,0.785618,-0.021779,-0.026165,-0.710823,0.702546,0.081581,0.060104,0.098203,0.176815,-0.180123,-0.054110,0.082499,-0.076884,-0.154748,0.171311,-0.188058,0.060401,-0.059110,0.004155,0.169506,-0.085008,0.176393,-0.760748,1.081607,0.001811,0.029360,-0.083535,-0.089203,-0.138318,0.601134,1.031569,-0.228524,0.090533,0.051179
-0.001355,0.026823,0.785629,-0.021941,-0.026272,-0.710852,0.702508,0.082089,0.060119,0.098163,0.176841,-0.180638,-0.054051,0.082842,-0.076844,-0.154495,0.171540,-0.188084,0.060295,-0.059178,0.004600,0.170220,-0.084362,0.176644,-0.761082,1.080632,0.000904,0.029361,-0.084442,-0.089566,-0.138226,0.601331,1.031508,-0.229181,0.090650,0.051048
-0.001348,0.026780,0.785639,-0.021824,-0.026199,-0.710943,0.702422,0.081842,0.060052,0.098434,0.176938,-0.180453,-0.053592,0.082738,-0.076872,-0.154151,0.171091,-0.187932,0.060682,-0.058988,0.004732,0.170043,-0.083653,0.176696,-0.761257,1.079525,0.000413,0.030027,-0.084841,-0.089574,-0.138149,0.601412,1.031182,-0.227205,0.090481,0.051549
-0.001340,0.026749,0.785620,-0.021865,-0.026244,-0.710872,0.702492,0.082004,0.060042,0.098251,0.176900,-0.180406,-0.053929,0.082900,-0.076923,-0.154484,0.171315,-0.188096,0.060663,-0.059428,0.004993,0.170209,-0.082819,0.176606,-0.762576,1.078612,-0.002774,0.029172,-0.085307,-0.089596,-0.137912,0.601950,1.030927,-0.228478,0.090848,0.051973
-0.001328,0.026709,0.785627,-0.021985,-0.026398,-0.710921,0.702432,0.082480,0.059979,0.098482,0.177030,-0.180600,-0.053737,0.083218,-0.077008,-0.154242,0.171604,-0.188270,0.060609,-0.059644,0.005112,0.170627,-0.081835,0.176406,-0.763315,1.077713,-0.001144,0.029397,-0.084718,-0.089574,-0.137708,0.601885,1.030682,-0.228638,0.091098,0.052787
-0.001354,0.026663,0.785616,-0.021902,-0.026348,-0.710912,0.702446,0.082330,0.059998,0.098488,0.177027,-0.180669,-0.053714,0.083094,-0.077031,-0.154362,0.171573,-0.188393,0.060547,-0.059904,0.005302,0.170419,-0.081311,0.176020,-0.763963,1.077334,-0.000605,0.029712,-0.085142,-0.089334,-0.137406,0.601507,1.030532,-0.230039,0.091307,0.052741
-0.001371,0.026626,0.785597,-0.021969,-0.026363,-0.710913,0.702443,0.082672,0.060060,0.098449,0.176756,-0.180722,-0.054145,0.083297,-0.076904,-0.154185,0.171571,-0.188582,0.060417,-0.060230,0.005599,0.170378,-0.080763,0.175758,-0.764763,1.076705,0.000146,0.029269,-0.084457,-0.089067,-0.137200,0.601523,1.030500,-0.229366,0.091004,0.052987
-0.001413,0.026631,0.785619,-0.022005,-0.026385,-0.710996,0.702356,0.082644,0.060199,0.098602,0.177050,-0.180685,-0.053960,0.083320,-0.076797,-0.154188,0.171536,-0.188334,0.060523,-0.060283,0.005684,0.170539,-0.080802,0.175391,-0.765633,1.076616,0.001147,0.029109,-0.084160,-0.089026,-0.136894,0.601765,1.030204,-0.230248,0.091375,0.052114
-0.001439,0.026600,0.785607,-0.021881,-0.026299,-0.711147,0.702211,0.082545,0.060248,0.099058,0.176910,-0.181003,-0.053861,0.082973,-0.076766,-0.153946,0.171489,-0.188431,0.060466,-0.060027,0.005726,0.170162,-0.080862,0.175028,-0.765809,1.076962,0.002482,0.029170,-0.083966,-0.088818,-0.136605,0.602344,1.030560,-0.230128,0.091001,0.051728
-0.001498,0.026630,0.785610,-0.021871,-0.026220,-0.711252,0.702108,0.082448,0.060507,0.099369,0.176853,-0.180612,-0.054218,0.082671,-0.076507,-0.153562,0.171586,-0.188345,0.060184,-0.059988,0.006000,0.170021,-0.081185,0.174657,-0.765232,1.077304,0.001493,0.029050,-0.084067,-0.088793,-0.136353,0.602318,1.030906,-0.229365,0.090385,0.050686
-0.001538,0.026645,0.785628,-0.021869,-0.026298,-0.711250,0.702106,0.082406,0.060447,0.099394,0.177129,-0.180775,-0.053779,0.082769,-0.076593,-0.153481,0.171555,-0.188224,0.060431,-0.060258,0.005964,0.170154,-0.081838,0.174446,-0.765257,1.078281,0.000414,0.028006,-0.083574,-0.088803,-0.136218,0.602560,1.031212,-0.233391,0.091039,0.051196
-0.001627,0.026716,0.785602,-0.021997,-0.026438,-0.711067,0.702283,0.082644,0.060506,0.098876,0.177106,-0.180872,-0.054049,0.083326,-0.076544,-0.154334,0.171410,-0.188327,0.060349,-0.060803,0.005804,0.170749,-0.082951,0.174341,-0.765246,1.078580,0.001542,0.028818,-0.083753,-0.088837,-0.136151,0.602334,1.031609,-0.232768,0.090388,0.049696
-0.001687,0.026759,0.785623,-0.021908,-0.026264,-0.711130,0.702228,0.082203,0.060742,0.098881,0.177016,-0.180521,-0.054393,0.082685,-0.076235,-0.153815,0.171525,-0.188101,0.059951,-0.060434,0.005854,0.170437,-0.083613,0.174317,-0.764842,1.079001,-0.002775,0.027900,-0.084126,-0.088693,-0.136160,0.602229,1.031765,-0.234209,0.091358,0.049941
-0.001744,0.026797,0.785622,-0.021866,-0.026243,-0.711109,0.702252,0.081947,0.060802,0.098890,0.177197,-0.180578,-0.054107,0.082631,-0.076185,-0.153833,0.171360,-0.188059,0.060131,-0.060731,0.005674,0.170278,-0.083931,0.174357,-0.764290,1.079412,-0.002738,0.028556,-0.083705,-0.088736,-0.136266,0.602202,1.032186,-0.233639,0.090587,0.048543
-0.001760,0.026790,0.785587,-0.022025,-0.026458,-0.711151,0.702196,0.082624,0.060723,0.098940,0.177173,-0.180826,-0.054143,0.083266,-0.076256,-0.153962,0.171316,-0.188370,0.060293,-0.060601,0.005446,0.170742,-0.084199,0.174427,-0.763957,1.079745,-0.001416,0.029163,-0.083847,-0.088743,-0.136456,0.602015,1.032572,-0.234463,0.091081,0.049071
-0.001820,0.026834,0.785603,-0.021956,-0.026334,-0.711186,0.702167,0.082294,0.060966,0.099089,0.177085,-0.180537,-0.054436,0.082746,-0.076086,-0.153858,0.171622,-0.188387,0.059696,-0.060351,0.005419,0.170322,-0.084160,0.174570,-0.764248,1.079929,-0.001807,0.028357,-0.083776,-0.089059,-0.136804,0.602166,1.033251,-0.232780,0.091045,0.048973
-0.001784,0.026851,0.785628,-0.021853,-0.026128,-0.711530,0.701830,0.082124,0.061239,0.100096,0.176847,-0.180512,-0.054508,0.082092,-0.075752,-0.152863,0.171302,-0.187749,0.060084,-0.059717,0.005600,0.169747,-0.083664,0.174655,-0.764309,1.079693,-0.002459,0.028283,-0.083676,-0.089276,-0.137174,0.601923,1.033267,-0.233443,0.090862,0.049718
-0.001793,0.026839,0.785601,-0.022011,-0.026339,-0.711561,0.701785,0.082719,0.061134,0.100106,0.176957,-0.180725,-0.054380,0.082581,-0.075882,-0.152854,0.171533,-0.188088,0.060015,-0.059496,0.005313,0.170070,-0.083022,0.174675,-0.764459,1.079566,-0.002066,0.028102,-0.083864,-0.089129,-0.137428,0.601633,1.033115,-0.233993,0.090395,0.050205
-0.001804,0.026856,0.785613,-0.021972,-0.026230,-0.711526,0.701826,0.082489,0.061281,0.100110,0.176816,-0.180412,-0.054730,0.082286,-0.075748,-0.152858,0.171621,-0.188051,0.059696,-0.059126,0.005233,0.169660,-0.082620,0.174678,-0.764445,1.079887,-0.002691,0.027724,-0.084455,-0.089128,-0.137816,0.601886,1.033023,-0.233395,0.090619,0.050009
-0.001826,0.026866,0.785624,-0.021926,-0.026234,-0.711489,0.701865,0.082294,0.061242,0.100025,0.176998,-0.180518,-0.054400,0.082275,-0.075793,-0.152735,0.171489,-0.187869,0.060032,-0.059153,0.005085,0.169245,-0.082107,0.174646,-0.764408,1.079985,-0.001446,0.028050,-0.084139,-0.089159,-0.138089,0.602152,1.033195,-0.232514,0.090484,0.049895
-0.001787,0.026871,0.785599,-0.022014,-0.026313,-0.711485,0.701863,0.082738,0.061127,0.099855,0.176689,-0.180668,-0.054741,0.082633,-0.075898,-0.153157,0.171416,-0.188034,0.060076,-0.059083,0.004996,0.169177,-0.081567,0.174623,-0.764343,1.079666,-0.000288,0.028459,-0.084277,-0.089162,-0.138223,0.602203,1.032940,-0.230968,0.090518,0.050607
-0.001778,0.026849,0.785604,-0.021994,-0.026269,-0.711470,0.701881,0.082482,0.061172,0.099779,0.176986,-0.180639,-0.054450,0.082476,-0.075858,-0.153237,0.171571,-0.188055,0.059789,-0.058931,0.005063,0.168599,-0.081107,0.174614,-0.764640,1.079584,0.000878,0.028769,-0.083908,-0.088919,-0.138482,0.602455,1.032779,-0.230625,0.090507,0.050896
-0.001749,0.026844,0.785610,-0.021972,-0.026214,-0.711423,0.701932,0.082320,0.061160,0.099678,0.176961,-0.180601,-0.054488,0.082400,-0.075839,-0.153044,0.171508,-0.187851,0.059971,-0.058604,0.005230,0.167879,-0.080993,0.174646,-0.764761,1.079488,0.001267,0.029155,-0.084034,-0.088728,-0.138650,0.602675,1.032824,-0.230008,0.090710,0.050936
-0.001673,0.026818,0.785581,-0.022070,-0.026317,-0.711405,0.701942,0.082722,0.061026,0.099639,0.176959,-0.180761,-0.054444,0.082855,-0.075972,-0.153142,0.171403,-0.188092,0.060193,-0.058606,0.005350,0.167296,-0.080901,0.174707,-0.765004,1.080202,-0.001081,0.029218,-0.084776,-0.088506,-0.138770,0.602991,1.032843,-0.229630,0.090749,0.051257
-0.001629,0.026774,0.785590,-0.022008,-0.026276,-0.711387,0.701964,0.082520,0.060903,0.099613,0.177027,-0.180710,-0.054281,0.082667,-0.076116,-0.153228,0.171564,-0.188180,0.060007,-0.058532,0.005479,0.166104,-0.080861,0.174911,-0.765088,1.080701,-0.000888,0.029262,-0.084949,-0.087786,-0.138880,0.602746,1.032313,-0.230132,0.091033,0.051759
-0.001567,0.026728,0.785577,-0.022063,-0.026312,-0.711347,0.702001,0.082859,0.060835,0.099547,0.176870,-0.180939,-0.054404,0.082994,-0.076181,-0.153395,0.171407,-0.188024,0.060333,-0.058330,0.005723,0.165099,-0.081031,0.175144,-0.765915,1.081774,-0.000898,0.028880,-0.084297,-0.087469,-0.138943,0.603839,1.032659,-0.228311,0.091069,0.051100
-0.001455,0.026726,0.785593,-0.022012,-0.026357,-0.711342,0.702007,0.082610,0.060480,0.099553,0.177331,-0.181090,-0.053518,0.082902,-0.076540,-0.153082,0.171617,-0.188212,0.060428,-0.058564,0.005951,0.164121,-0.081275,0.175391,-0.766191,1.082565,-0.001608,0.028644,-0.085296,-0.087034,-0.138976,0.604125,1.032798,-0.227758,0.090885,0.051448
-0.001360,0.026720,0.785577,-0.022033,-0.026381,-0.711314,0.702034,0.082848,0.060309,0.099523,0.176949,-0.180921,-0.053906,0.083011,-0.076683,-0.153344,0.171528,-0.188270,0.060481,-0.059009,0.006236,0.163469,-0.081658,0.176241,-0.768057,1.082985,-0.002691,0.028803,-0.084971,-0.086550,-0.139016,0.604138,1.032760,-0.229677,0.091061,0.051331
-0.001252,0.026733,0.785587,-0.022126,-0.026435,-0.711445,0.701896,0.083106,0.060305,0.100007,0.177037,-0.181116,-0.053644,0.083122,-0.076731,-0.152866,0.171524,-0.187973,0.060819,-0.058892,0.006589,0.163401,-0.081546,0.177456,-0.768139,1.083557,0.002128,0.028461,-0.084139,-0.086457,-0.139121,0.604438,1.032791,-0.227632,0.090294,0.049894
-0.001122,0.026782,0.785602,-0.022256,-0.026626,-0.711446,0.701883,0.083445,0.060003,0.100077,0.177340,-0.181267,-0.053101,0.083429,-0.077048,-0.152823,0.171903,-0.188172,0.060778,-0.059663,0.006677,0.163845,-0.081723,0.178311,-0.767947,1.083378,0.002077,0.029419,-0.084284,-0.086564,-0.139203,0.605048,1.033259,-0.229172,0.089732,0.049055
-0.000979,0.026846,0.785611,-0.022103,-0.026441,-0.711640,0.701698,0.083112,0.059840,0.100538,0.176845,-0.180999,-0.053252,0.082694,-0.077144,-0.152421,0.171709,-0.187895,0.060978,-0.060068,0.007059,0.163516,-0.081990,0.179291,-0.768445,1.083206,-0.001670,0.029319,-0.085401,-0.087036,-0.139364,0.605576,1.033748,-0.229895,0.089606,0.049683
-0.000837,0.026849,0.785612,-0.022172,-0.026604,-0.711882,0.701444,0.083610,0.059627,0.101398,0.177010,-0.181150,-0.052717,0.082726,-0.077399,-0.151524,0.172041,-0.187882,0.061211,-0.060425,0.007068,0.163897,-0.082204,0.180259,-0.769240,1.083646,0.000790,0.029330,-0.085098,-0.087472,-0.139617,0.606884,1.034672,-0.232241,0.089323,0.049124
-0.000705,0.026937,0.785609,-0.022209,-0.026598,-0.712091,0.701232,0.083766,0.059546,0.101868,0.176808,-0.181042,-0.052775,0.082424,-0.077462,-0.150823,0.172276,-0.187793,0.061132,-0.060908,0.007212,0.164549,-0.082229,0.181542,-0.769747,1.083125,-0.001844,0.028863,-0.084905,-0.087863,-0.140044,0.607457,1.035042,-0.233484,0.088520,0.049110
-0.000584,0.027021,0.785630,-0.022009,-0.026392,-0.712293,0.701040,0.083230,0.059462,0.102376,0.176530,-0.180870,-0.052605,0.081547,-0.077510,-0.150446,0.172078,-0.187371,0.061320,-0.060936,0.007388,0.164522,-0.082811,0.182569,-0.770433,1.083128,-0.001113,0.028758,-0.085021,-0.088260,-0.140564,0.609284,1.035667,-0.233199,0.088376,0.047476
-0.000399,0.027122,0.785655,-0.022051,-0.026429,-0.712584,0.700742,0.083347,0.059303,0.103337,0.176616,-0.180754,-0.052148,0.081142,-0.077717,-0.149546,0.172376,-0.187076,0.061509,-0.061266,0.007342,0.165203,-0.082959,0.183051,-0.770172,1.082903,-0.001166,0.028216,-0.085045,-0.089057,-0.140933,0.610130,1.036439,-0.232612,0.088160,0.048862
-0.000300,0.027235,0.785678,-0.021878,-0.026222,-0.712705,0.700632,0.082726,0.059229,0.103518,0.176393,-0.180627,-0.052000,0.080309,-0.077745,-0.149173,0.172282,-0.186809,0.061581,-0.062171,0.007358,0.165386,-0.083606,0.183901,-0.770965,1.082331,-0.002457,0.027987,-0.085589,-0.089831,-0.141670,0.611211,1.037122,-0.232629,0.088443,0.049302
-0.000204,0.027358,0.785699,-0.021714,-0.026051,-0.712857,0.700489,0.082140,0.059155,0.104055,0.176288,-0.180291,-0.051770,0.079461,-0.077781,-0.148528,0.172255,-0.186334,0.061716,-0.062240,0.007250,0.165733,-0.084461,0.184778,-0.772486,1.081503,-0.002294,0.028436,-0.085629,-0.089863,-0.142418,0.610671,1.036949,-0.232999,0.089025,0.049830
-0.000109,0.027447,0.785734,-0.021532,-0.025934,-0.713004,0.700349,0.081663,0.059003,0.104528,0.176139,-0.180110,-0.051458,0.078725,-0.077989,-0.148292,0.172271,-0.186037,0.061870,-0.061841,0.007048,0.165705,-0.085239,0.185279,-0.772944,1.081515,-0.003046,0.028567,-0.086796,-0.090168,-0.143044,0.611932,1.037219,-0.229816,0.088668,0.049939
-0.000003,0.027539,0.785765,-0.021393,-0.025759,-0.713097,0.700265,0.081154,0.058921,0.104705,0.175931,-0.179853,-0.051438,0.077959,-0.078020,-0.147984,0.172329,-0.185792,0.061726,-0.062211,0.007088,0.165573,-0.085711,0.185571,-0.773370,1.081267,-0.005607,0.028895,-0.087280,-0.090804,-0.143575,0.612453,1.037459,-0.230502,0.089611,0.051586
0.000079,0.027597,0.785776,-0.021165,-0.025606,-0.713203,0.700170,0.080556,0.058673,0.105041,0.175790,-0.179465,-0.051196,0.077091,-0.078261,-0.147678,0.172493,-0.185575,0.061731,-0.061873,0.006784,0.165390,-0.086061,0.185834,-0.773727,1.080533,-0.005483,0.029039,-0.087194,-0.091173,-0.144249,0.612511,1.038043,-0.231502,0.089686,0.052269
0.000170,0.027660,0.785789,-0.021024,-0.025495,-0.713318,0.700061,0.080189,0.058558,0.105352,0.175682,-0.179492,-0.050890,0.076547,-0.078370,-0.147245,0.172320,-0.185325,0.062082,-0.061353,0.006988,0.165148,-0.086242,0.185939,-0.774298,1.079682,-0.005524,0.028886,-0.087274,-0.091915,-0.144802,0.613462,1.039170,-0.229494,0.089101,0.049965
0.000245,0.027744,0.785807,-0.020879,-0.025365,-0.713415,0.699972,0.079922,0.058419,0.105676,0.175150,-0.179133,-0.051169,0.075927,-0.078482,-0.147181,0.172311,-0.185064,0.062091,-0.061098,0.007015,0.165066,-0.086274,0.186000,-0.774711,1.079111,-0.006194,0.029276,-0.087155,-0.092536,-0.145750,0.614468,1.038581,-0.231909,0.089702,0.050309
0.000307,0.027835,0.785841,-0.020649,-0.025262,-0.713426,0.699970,0.079167,0.058128,0.105672,0.175215,-0.178699,-0.050749,0.075092,-0.078743,-0.146757,0.172526,-0.184885,0.062035,-0.060948,0.007042,0.164862,-0.086335,0.185959,-0.774916,1.078787,-0.004569,0.029516,-0.087221,-0.093358,-0.146544,0.615066,1.038511,-0.231931,0.089338,0.051215
0.000355,0.027945,0.785887,-0.020410,-0.025049,-0.713450,0.699961,0.078467,0.058040,0.105816,0.174777,-0.178215,-0.050938,0.074273,-0.078843,-0.147007,0.172218,-0.184372,0.062254,-0.060781,0.007139,0.164863,-0.086824,0.185917,-0.775584,1.078999,-0.004313,0.029490,-0.087511,-0.094645,-0.147543,0.615277,1.038326,-0.229663,0.089069,0.051165
0.000389,0.028077,0.785892,-0.020355,-0.025004,-0.713339,0.700077,0.077921,0.057895,0.105432,0.174972,-0.178090,-0.050577,0.074043,-0.078954,-0.147217,0.172194,-0.184280,0.062208,-0.060870,0.007139,0.165309,-0.087394,0.185932,-0.776580,1.078954,-0.004724,0.030213,-0.087416,-0.095507,-0.148336,0.614338,1.037849,-0.229702,0.088993,0.050731
0.000406,0.028157,0.785925,-0.020177,-0.024851,-0.713305,0.700122,0.077301,0.057826,0.105398,0.174801,-0.177716,-0.050578,0.073395,-0.079007,-0.147143,0.172107,-0.183983,0.062279,-0.060255,0.007146,0.165158,-0.087813,0.185984,-0.777399,1.079702,-0.005771,0.029607,-0.088112,-0.096147,-0.149145,0.614461,1.037772,-0.233019,0.089070,0.051307
0.000421,0.028290,0.785940,-0.020025,-0.024700,-0.713225,0.700213,0.076683,0.057746,0.105215,0.174569,-0.177483,-0.050650,0.072840,-0.079060,-0.147451,0.171934,-0.183735,0.062238,-0.060073,0.007053,0.165166,-0.088390,0.186085,-0.777468,1.080049,-0.004462,0.029286,-0.088224,-0.097018,-0.149641,0.614060,1.037915,-0.232919,0.088793,0.052233
0.000425,0.028364,0.785950,-0.020000,-0.024687,-0.713150,0.700291,0.076411,0.057708,0.104981,0.174598,-0.177360,-0.050540,0.072778,-0.079098,-0.147744,0.171827,-0.183560,0.062299,-0.059798,0.006912,0.165317,-0.088838,0.186355,-0.777776,1.080463,-0.004718,0.029077,-0.088251,-0.097529,-0.150377,0.614255,1.037868,-0.233523,0.088992,0.052688
0.000384,0.028433,0.785966,-0.019947,-0.024640,-0.713013,0.700434,0.075994,0.057700,0.104645,0.174714,-0.177037,-0.050536,0.072581,-0.079096,-0.148001,0.171859,-0.183399,0.062179,-0.059805,0.006752,0.165387,-0.089380,0.186678,-0.777593,1.081082,-0.005180,0.029430,-0.088503,-0.097971,-0.150928,0.613544,1.037944,-0.232933,0.088619,0.053106
0.000354,0.028543,0.785980,-0.019904,-0.024590,-0.712959,0.700492,0.075825,0.057725,0.104420,0.174398,-0.177012,-0.050864,0.072367,-0.079085,-0.148235,0.171725,-0.183164,0.062130,-0.059571,0.006564,0.165568,-0.090017,0.187236,-0.777586,1.081915,-0.004356,0.028933,-0.088372,-0.098062,-0.151643,0.611527,1.037539,-0.230593,0.087907,0.053552
0.000290,0.028618,0.785995,-0.019808,-0.024597,-0.712924,0.700530,0.075381,0.057631,0.104324,0.174643,-0.176714,-0.050487,0.072130,-0.079169,-0.148312,0.171698,-0.183343,0.062021,-0.058980,0.006145,0.165899,-0.090458,0.188253,-0.778008,1.081422,-0.004239,0.029365,-0.088397,-0.098071,-0.152620,0.609684,1.037037,-0.226798,0.087476,0.053155
0.000232,0.028715,0.786029,-0.019762,-0.024473,-0.712900,0.700560,0.074847,0.057840,0.104196,0.174787,-0.176595,-0.050456,0.071697,-0.078942,-0.148396,0.171699,-0.182958,0.061844,-0.058827,0.005760,0.165898,-0.090970,0.188963,-0.778571,1.082093,-0.004418,0.029406,-0.087995,-0.098341,-0.153102,0.607852,1.036470,-0.226200,0.087666,0.052505
0.000168,0.028777,0.786037,-0.019817,-0.024444,-0.712940,0.700519,0.074809,0.058120,0.104302,0.174854,-0.176787,-0.050468,0.071650,-0.078685,-0.148351,0.171657,-0.182825,0.061704,-0.058422,0.005645,0.166159,-0.091161,0.189986,-0.779443,1.082056,-0.005594,0.029315,-0.088492,-0.098784,-0.153830,0.607050,1.035924,-0.224896,0.087468,0.051310
0.000095,0.028811,0.786042,-0.019833,-0.024353,-0.713022,0.700438,0.074716,0.058485,0.104409,0.174783,-0.176589,-0.050875,0.071449,-0.078330,-0.148255,0.171661,-0.182641,0.061335,-0.058188,0.005276,0.166216,-0.091157,0.190732,-0.779535,1.082397,-0.003627,0.029370,-0.087664,-0.099171,-0.154396,0.607282,1.036009,-0.226436,0.087528,0.051206
0.000040,0.028880,0.786029,-0.019827,-0.024286,-0.713119,0.700341,0.074671,0.058701,0.104727,0.174570,-0.176468,-0.051137,0.071251,-0.078075,-0.147950,0.171418,-0.182506,0.061378,-0.058135,0.004905,0.166537,-0.091329,0.191790,-0.779705,1.082278,-0.004513,0.029043,-0.088383,-0.099687,-0.155112,0.607431,1.036064,-0.227702,0.088361,0.050628
-0.000039,0.028949,0.786072,-0.019703,-0.024173,-0.713246,0.700219,0.074227,0.058845,0.105029,0.174628,-0.176361,-0.050999,0.070653,-0.077933,-0.147515,0.171450,-0.182276,0.061268,-0.057742,0.004535,0.166794,-0.091613,0.192597,-0.779996,1.081873,-0.002635,0.028939,-0.087763,-0.100272,-0.155654,0.607449,1.036704,-0.226836,0.088487,0.049598
-0.000121,0.028984,0.786077,-0.019773,-0.024065,-0.713345,0.700121,0.074347,0.059300,0.105170,0.174306,-0.176293,-0.051729,0.070577,-0.077447,-0.147484,0.171251,-0.182025,0.060994,-0.057435,0.004372,0.167426,-0.092140,0.193291,-0.780812,1.081302,-0.003637,0.029244,-0.088065,-0.100500,-0.156056,0.607898,1.037027,-0.226792,0.088236,0.049409
-0.000202,0.029053,0.786069,-0.019603,-0.023900,-0.713394,0.700081,0.073618,0.059448,0.105262,0.174496,-0.176196,-0.051422,0.069940,-0.077315,-0.147543,0.171166,-0.182074,0.060743,-0.057220,0.004134,0.167835,-0.092622,0.194104,-0.781400,1.080668,-0.003214,0.028750,-0.088092,-0.100490,-0.156393,0.607680,1.036845,-0.226066,0.088087,0.049436
-0.000264,0.029129,0.786112,-0.019451,-0.023732,-0.713486,0.699997,0.072984,0.059650,0.105527,0.174596,-0.176099,-0.051210,0.069298,-0.077103,-0.147011,0.171013,-0.181522,0.060832,-0.056689,0.004054,0.168507,-0.093248,0.194875,-0.781762,1.080456,-0.004838,0.028066,-0.088568,-0.100674,-0.156626,0.608389,1.036885,-0.224156,0.087792,0.049800
-0.000337,0.029204,0.786114,-0.019348,-0.023481,-0.713400,0.700097,0.072334,0.059963,0.105198,0.174454,-0.176041,-0.051612,0.068711,-0.076762,-0.147376,0.170927,-0.181368,0.060294,-0.057386,0.004045,0.169353,-0.093703,0.195447,-0.782073,1.079957,-0.003463,0.028402,-0.087891,-0.100555,-0.156633,0.608365,1.036504,-0.226216,0.087877,0.051321
-0.000372,0.029264,0.786124,-0.019026,-0.023323,-0.713329,0.700183,0.071429,0.059684,0.104962,0.174286,-0.175384,-0.051505,0.068132,-0.076949,-0.147658,0.170384,-0.181095,0.060740,-0.057351,0.003824,0.169936,-0.094385,0.196570,-0.783912,1.079421,-0.007952,0.027959,-0.089259,-0.100037,-0.156291,0.607468,1.036183,-0.228205,0.087563,0.050514
-0.000390,0.029345,0.786166,-0.018806,-0.023036,-0.713242,0.700286,0.070421,0.059805,0.104789,0.174299,-0.175159,-0.051399,0.067351,-0.076887,-0.147898,0.170171,-0.180682,0.060719,-0.057536,0.004030,0.170498,-0.094897,0.197266,-0.784052,1.079420,-0.007699,0.027787,-0.089271,-0.099600,-0.155875,0.607274,1.035413,-0.231132,0.087548,0.052063
-0.000372,0.029368,0.786164,-0.018683,-0.022881,-0.713201,0.700337,0.070129,0.059795,0.104615,0.173881,-0.175052,-0.051850,0.066881,-0.076854,-0.148061,0.170176,-0.180617,0.060398,-0.057173,0.004395,0.171167,-0.095402,0.197624,-0.783523,1.079395,-0.007148,0.027978,-0.090018,-0.099353,-0.155646,0.607813,1.034626,-0.228550,0.087345,0.052574
-0.000346,0.029347,0.786162,-0.018436,-0.022829,-0.713223,0.700323,0.069559,0.059423,0.104752,0.174061,-0.174844,-0.051153,0.066377,-0.077232,-0.147981,0.170254,-0.180738,0.060509,-0.057596,0.004597,0.171481,-0.094963,0.198241,-0.782820,1.079216,-0.006764,0.027408,-0.089203,-0.099540,-0.155225,0.608795,1.035050,-0.227260,0.087264,0.051901
-0.000295,0.029335,0.786176,-0.018222,-0.022604,-0.713266,0.700292,0.069004,0.059377,0.104752,0.173757,-0.174591,-0.051328,0.065776,-0.077232,-0.147848,0.169986,-0.180440,0.060749,-0.057769,0.005098,0.171431,-0.094578,0.198866,-0.781716,1.078739,-0.000494,0.027230,-0.088017,-0.099799,-0.154807,0.609440,1.035462,-0.227886,0.087909,0.052046
-0.000255,0.029262,0.786173,-0.018113,-0.022620,-0.713330,0.700229,0.069097,0.059148,0.105099,0.173595,-0.174379,-0.051247,0.065604,-0.077459,-0.147510,0.170168,-0.180577,0.060791,-0.058153,0.005437,0.171563,-0.093696,0.199430,-0.781145,1.077706,-0.005743,0.027658,-0.089083,-0.099986,-0.154450,0.609810,1.035646,-0.228191,0.087762,0.052604
-0.000217,0.029120,0.786163,-0.018042,-0.022655,-0.713325,0.700235,0.069286,0.058869,0.105169,0.173461,-0.174370,-0.051208,0.065727,-0.077739,-0.147576,0.170207,-0.180986,0.060840,-0.058488,0.005817,0.171568,-0.092749,0.199689,-0.780424,1.076889,-0.004722,0.028138,-0.089317,-0.099961,-0.154352,0.609615,1.035875,-0.228316,0.087065,0.051842
-0.000210,0.029008,0.786177,-0.017913,-0.022447,-0.713262,0.700309,0.068859,0.058975,0.104834,0.173513,-0.174682,-0.051096,0.065497,-0.077609,-0.147711,0.170007,-0.180801,0.060919,-0.058703,0.006402,0.170877,-0.091910,0.199750,-0.780227,1.076565,-0.004991,0.027483,-0.089530,-0.099561,-0.154340,0.609097,1.035954,-0.228643,0.087419,0.051022
-0.000188,0.028833,0.786146,-0.017839,-0.022484,-0.713261,0.700310,0.069151,0.058738,0.104957,0.173356,-0.174707,-0.051095,0.065738,-0.077832,-0.147772,0.169985,-0.181242,0.061092,-0.058757,0.006617,0.170550,-0.090910,0.199719,-0.779374,1.075839,-0.005088,0.027537,-0.089627,-0.099292,-0.154391,0.608470,1.036155,-0.229007,0.087560,0.050148
-0.000197,0.028628,0.786088,-0.018169,-0.022857,-0.713182,0.700370,0.070514,0.058660,0.104826,0.173464,-0.175273,-0.051170,0.067158,-0.077973,-0.148112,0.170196,-0.181916,0.061116,-0.059148,0.006765,0.171267,-0.090323,0.199618,-0.779123,1.075467,-0.006848,0.027739,-0.089801,-0.099025,-0.154484,0.608425,1.035769,-0.228679,0.087981,0.049344
-0.000238,0.028445,0.786102,-0.018078,-0.022684,-0.713112,0.700450,0.070284,0.058828,0.104558,0.173521,-0.175514,-0.051231,0.066987,-0.077785,-0.148077,0.170288,-0.181881,0.060875,-0.059616,0.006965,0.170698,-0.089754,0.199333,-0.778491,1.074740,-0.006032,0.028249,-0.089211,-0.098743,-0.154683,0.607654,1.035486,-0.229270,0.088300,0.050106
-0.000271,0.028216,0.786050,-0.018226,-0.022960,-0.713075,0.700475,0.071258,0.058636,0.104509,0.173662,-0.175952,-0.051093,0.068091,-0.078015,-0.148284,0.170350,-0.182718,0.061029,-0.059666,0.006694,0.170704,-0.089182,0.199057,-0.778099,1.073455,-0.004841,0.029620,-0.088720,-0.098348,-0.154821,0.607403,1.035329,-0.230626,0.088731,0.051493
-0.000351,0.027975,0.786035,-0.018308,-0.022878,-0.713014,0.700537,0.071727,0.059012,0.104508,0.173432,-0.176141,-0.051731,0.068539,-0.077620,-0.148548,0.170256,-0.182918,0.060751,-0.059883,0.006945,0.170416,-0.088990,0.198568,-0.777892,1.073155,-0.004082,0.029685,-0.088053,-0.098247,-0.155067,0.607146,1.035446,-0.228684,0.088549,0.051214
-0.000437,0.027775,0.786010,-0.018296,-0.023097,-0.712990,0.700554,0.072232,0.058738,0.104384,0.173693,-0.176350,-0.051303,0.069236,-0.077889,-0.148443,0.170190,-0.183325,0.061219,-0.059776,0.006079,0.170608,-0.089330,0.198062,-0.776682,1.073417,-0.003904,0.029899,-0.088460,-0.097911,-0.155228,0.606816,1.034557,-0.223927,0.088203,0.051560
-0.000528,0.027582,0.785990,-0.018264,-0.022945,-0.712985,0.700566,0.072389,0.059079,0.104420,0.173409,-0.176452,-0.051975,0.069342,-0.077579,-0.148734,0.170029,-0.183503,0.060931,-0.059906,0.006286,0.170152,-0.089304,0.197319,-0.775727,1.073043,-0.005235,0.029607,-0.088883,-0.097798,-0.155399,0.606034,1.034033,-0.220765,0.087434,0.052392
-0.000654,0.027372,0.785965,-0.018346,-0.022967,-0.712934,0.700615,0.072842,0.059342,0.104113,0.173378,-0.176846,-0.052348,0.069940,-0.077268,-0.148635,0.169893,-0.183768,0.060884,-0.059710,0.006009,0.170204,-0.089982,0.196496,-0.775480,1.073527,-0.006783,0.028643,-0.089100,-0.097399,-0.155463,0.605552,1.033159,-0.217644,0.087205,0.051583
-0.000786,0.027203,0.785947,-0.018301,-0.022974,-0.712931,0.700619,0.072960,0.059464,0.104214,0.173566,-0.177115,-0.052201,0.070137,-0.077200,-0.148933,0.169885,-0.183960,0.060827,-0.059803,0.005394,0.170274,-0.090249,0.196004,-0.775548,1.073331,-0.004922,0.028175,-0.087601,-0.097536,-0.155425,0.605194,1.032337,-0.214372,0.086830,0.051881
-0.000911,0.027032,0.785938,-0.018234,-0.022859,-0.712975,0.700579,0.072972,0.059790,0.104221,0.173546,-0.177295,-0.052506,0.070140,-0.076858,-0.148854,0.169809,-0.184158,0.060531,-0.059650,0.004916,0.170062,-0.090523,0.195371,-0.775428,1.073067,-0.005389,0.028206,-0.087895,-0.097416,-0.155245,0.604817,1.031755,-0.215521,0.086969,0.050926
-0.001049,0.026847,0.785919,-0.018207,-0.022717,-0.713037,0.700522,0.073047,0.060184,0.104384,0.173492,-0.177611,-0.052729,0.070186,-0.076420,-0.148543,0.169585,-0.184303,0.060462,-0.059293,0.004450,0.169902,-0.090546,0.194926,-0.775232,1.073065,-0.004520,0.028744,-0.087641,-0.097191,-0.155052,0.604815,1.031168,-0.220110,0.086940,0.051527
-0.001185,0.026656,0.785917,-0.018248,-0.022915,-0.713154,0.700395,0.073426,0.060202,0.104431,0.174235,-0.178588,-0.051696,0.070751,-0.076453,-0.148448,0.169769,-0.184696,0.060545,-0.058813,0.003450,0.170207,-0.090663,0.194236,-0.775276,1.073286,-0.000922,0.028696,-0.086196,-0.096966,-0.154630,0.604746,1.030870,-0.221878,0.086821,0.050376
-0.001329,0.026526,0.785879,-0.018389,-0.022798,-0.713194,0.700354,0.073890,0.060877,0.104577,0.173897,-0.178418,-0.052862,0.071077,-0.075739,-0.148400,0.169494,-0.184755,0.060180,-0.058088,0.002993,0.170470,-0.090835,0.193596,-0.774693,1.073700,-0.004433,0.027976,-0.086870,-0.096562,-0.154074,0.604254,1.030272,-0.224126,0.087090,0.050761
-0.001477,0.026377,0.785870,-0.018277,-0.022569,-0.713199,0.700360,0.073675,0.061297,0.104592,0.173685,-0.178256,-0.053471,0.070912,-0.075301,-0.148490,0.169204,-0.184724,0.059978,-0.057095,0.002533,0.170157,-0.090449,0.193242,-0.774096,1.073357,-0.003950,0.028627,-0.087082,-0.095955,-0.153738,0.604694,1.029798,-0.226170,0.087385,0.050070
-0.001551,0.026273,0.785883,-0.018100,-0.022371,-0.713206,0.700364,0.073237,0.061477,0.104540,0.173667,-0.178279,-0.053539,0.070477,-0.075096,-0.148499,0.169172,-0.184861,0.059654,-0.057081,0.002233,0.169806,-0.090071,0.192787,-0.774358,1.073373,-0.005582,0.028440,-0.088056,-0.095729,-0.153186,0.605226,1.030156,-0.224429,0.087423,0.050496
-0.001629,0.026151,0.785853,-0.018058,-0.022213,-0.713236,0.700339,0.073259,0.061820,0.104734,0.173407,-0.178345,-0.054059,0.070495,-0.074866,-0.149167,0.168787,-0.184836,0.059553,-0.056488,0.001891,0.169449,-0.089838,0.192120,-0.775714,1.073922,-0.006192,0.028928,-0.087654,-0.095216,-0.151999,0.604931,1.030687,-0.223332,0.087063,0.049788
-0.001700,0.026057,0.785866,-0.017865,-0.022051,-0.713123,0.700465,0.072731,0.061758,0.104344,0.173362,-0.178193,-0.054068,0.070201,-0.074765,-0.148719,0.168642,-0.184935,0.059586,-0.055873,0.001809,0.169229,-0.089342,0.191750,-0.775420,1.074351,-0.005068,0.028918,-0.087393,-0.094676,-0.151154,0.605493,1.030214,-0.225447,0.087654,0.049820
-0.001730,0.025962,0.785858,-0.017977,-0.022054,-0.713058,0.700528,0.072899,0.061982,0.103927,0.173684,-0.178622,-0.054002,0.070551,-0.074607,-0.149150,0.168808,-0.184959,0.059356,-0.055963,0.001823,0.169367,-0.088324,0.191273,-0.774308,1.075301,-0.002537,0.029680,-0.086604,-0.094861,-0.150074,0.607209,1.030835,-0.225802,0.088114,0.049716
-0.001702,0.025886,0.785851,-0.017796,-0.022217,-0.713035,0.700551,0.072590,0.061384,0.103964,0.174369,-0.179312,-0.052385,0.070590,-0.075237,-0.149145,0.168941,-0.185371,0.059759,-0.055756,0.001547,0.169489,-0.087853,0.190995,-0.774241,1.075847,-0.002365,0.029336,-0.086754,-0.094803,-0.149277,0.608373,1.031008,-0.226419,0.088458,0.050550
-0.001720,0.025796,0.785843,-0.017781,-0.022146,-0.712987,0.700602,0.072712,0.061466,0.103862,0.174021,-0.179186,-0.052941,0.070666,-0.075111,-0.149263,0.168806,-0.185387,0.059693,-0.055680,0.001927,0.169198,-0.087070,0.190822,-0.774383,1.075856,-0.001779,0.029792,-0.086302,-0.094928,-0.148466,0.609894,1.030995,-0.223878,0.089463,0.049798
-0.001678,0.025692,0.785848,-0.017847,-0.022270,-0.712913,0.700671,0.072857,0.061271,0.103588,0.174614,-0.179629,-0.052209,0.071041,-0.075356,-0.149479,0.169199,-0.185779,0.059490,-0.055828,0.002216,0.169094,-0.085911,0.190661,-0.773777,1.076023,-0.002037,0.029732,-0.085941,-0.094737,-0.147677,0.610851,1.030867,-0.225929,0.089029,0.050207
-0.001642,0.025640,0.785810,-0.017852,-0.022112,-0.712828,0.700763,0.073223,0.061411,0.103410,0.173473,-0.178873,-0.053897,0.071251,-0.075169,-0.149884,0.168472,-0.185491,0.059921,-0.055936,0.003005,0.168699,-0.085204,0.190488,-0.773290,1.076351,-0.001302,0.029415,-0.086060,-0.094782,-0.146974,0.611014,1.031037,-0.226873,0.088603,0.050453
-0.001589,0.025590,0.785805,-0.017759,-0.022014,-0.712716,0.700882,0.072999,0.061300,0.103261,0.173251,-0.178633,-0.054161,0.071051,-0.075235,-0.149927,0.168496,-0.185515,0.059823,-0.056543,0.003701,0.168177,-0.084917,0.190351,-0.774017,1.076220,-0.002362,0.029574,-0.085366,-0.094948,-0.146335,0.611079,1.031377,-0.226131,0.088454,0.050234
-0.001563,0.025534,0.785822,-0.017780,-0.022313,-0.712658,0.700931,0.073014,0.060787,0.102967,0.174360,-0.179515,-0.052396,0.071499,-0.075843,-0.150067,0.169022,-0.185966,0.060025,-0.056410,0.003732,0.168274,-0.084752,0.190118,-0.773991,1.076475,-0.003087,0.029416,-0.085314,-0.094941,-0.145303,0.610397,1.031599,-0.226700,0.088215,0.051842
-0.001519,0.025480,0.785802,-0.017814,-0.022198,-0.712593,0.701000,0.073369,0.060907,0.102930,0.173491,-0.178881,-0.053775,0.071697,-0.075680,-0.150285,0.168589,-0.185891,0.060201,-0.056491,0.004568,0.167859,-0.084660,0.189967,-0.773571,1.076077,-0.002972,0.029521,-0.086179,-0.094931,-0.144895,0.610431,1.031690,-0.225669,0.087806,0.051150
-0.001490,0.025431,0.785763,-0.017900,-0.022280,-0.712578,0.701011,0.073736,0.060855,0.102905,0.173485,-0.179104,-0.053837,0.071970,-0.075701,-0.150413,0.168756,-0.186221,0.059931,-0.056903,0.004816,0.167815,-0.084743,0.189682,-0.772792,1.075626,-0.003578,0.030034,-0.085664,-0.095079,-0.144287,0.610403,1.031341,-0.226121,0.088174,0.052383
-0.001444,0.025353,0.785792,-0.017884,-0.022522,-0.712596,0.700985,0.073620,0.060371,0.102821,0.174636,-0.179972,-0.051892,0.072261,-0.076239,-0.150147,0.169122,-0.186379,0.060398,-0.057384,0.005121,0.167788,-0.084762,0.189437,-0.772532,1.075571,-0.004548,0.029568,-0.085337,-0.095227,-0.143835,0.610384,1.031679,-0.225761,0.088597,0.050751
-0.001390,0.025360,0.785789,-0.017995,-0.022606,-0.712656,0.700918,0.073949,0.060404,0.103010,0.174735,-0.180175,-0.051910,0.072397,-0.076266,-0.149967,0.169418,-0.186555,0.060210,-0.057375,0.005727,0.167824,-0.085188,0.189200,-0.771861,1.075288,-0.004400,0.028794,-0.086290,-0.095276,-0.143522,0.610327,1.031650,-0.224358,0.088342,0.050507
-0.001359,0.025367,0.785773,-0.017875,-0.022579,-0.712746,0.700831,0.073915,0.060229,0.103321,0.174427,-0.180032,-0.051985,0.072155,-0.076431,-0.149955,0.169319,-0.186711,0.060317,-0.058305,0.006329,0.167536,-0.086052,0.188539,-0.771183,1.074786,-0.007966,0.028459,-0.086839,-0.096292,-0.142949,0.611099,1.032396,-0.223926,0.087546,0.050810
-0.001359,0.025343,0.785772,-0.018033,-0.022649,-0.712816,0.700754,0.074318,0.060371,0.103449,0.174478,-0.180055,-0.052151,0.072406,-0.076247,-0.149356,0.169431,-0.186513,0.060406,-0.058650,0.006964,0.167466,-0.087015,0.187835,-0.771154,1.074692,-0.007520,0.028675,-0.086267,-0.096798,-0.142506,0.612047,1.032690,-0.225215,0.087562,0.050886
-0.001355,0.025368,0.785751,-0.018122,-0.022663,-0.712900,0.700665,0.074864,0.060552,0.103882,0.173866,-0.179612,-0.053204,0.072582,-0.076122,-0.149503,0.169332,-0.186635,0.060265,-0.059234,0.007495,0.167199,-0.087585,0.187260,-0.770786,1.074206,-0.008525,0.028392,-0.086041,-0.096757,-0.142215,0.611885,1.032320,-0.223650,0.087461,0.050391
-0.001362,0.025337,0.785752,-0.018124,-0.022913,-0.712889,0.700668,0.074779,0.060163,0.103654,0.174904,-0.180506,-0.051509,0.072863,-0.076543,-0.149421,0.169711,-0.187008,0.060455,-0.059677,0.007555,0.167000,-0.088281,0.186550,-0.770041,1.074089,-0.006977,0.028077,-0.085893,-0.096692,-0.141906,0.611436,1.032113,-0.224385,0.087901,0.050441
-0.001413,0.025330,0.785739,-0.018235,-0.022682,-0.712917,0.700644,0.075039,0.060815,0.103919,0.174085,-0.179875,-0.053258,0.072765,-0.075864,-0.149305,0.169407,-0.186643,0.060115,-0.060400,0.008456,0.166437,-0.088917,0.185548,-0.768989,1.073379,-0.004933,0.029152,-0.084819,-0.096885,-0.141555,0.610479,1.032340,-0.226144,0.087847,0.050271
-0.001447,0.025359,0.785720,-0.018372,-0.023067,-0.712909,0.700636,0.075477,0.060454,0.103767,0.174919,-0.180692,-0.052020,0.073406,-0.076252,-0.149272,0.169950,-0.187178,0.060095,-0.060781,0.008052,0.166784,-0.089407,0.184740,-0.767821,1.073299,-0.003046,0.029102,-0.084937,-0.096696,-0.141259,0.609354,1.032016,-0.226625,0.087874,0.050279
-0.001537,0.025354,0.785731,-0.018267,-0.022993,-0.712964,0.700585,0.075294,0.060575,0.103977,0.174695,-0.180350,-0.052376,0.073143,-0.076118,-0.149136,0.169717,-0.187075,0.060206,-0.060815,0.008222,0.166090,-0.089750,0.184099,-0.767513,1.072930,-0.002539,0.028919,-0.085069,-0.096455,-0.141012,0.608495,1.031875,-0.227516,0.088385,0.049591
-0.001663,0.025401,0.785703,-0.018658,-0.023114,-0.712942,0.700594,0.076156,0.061212,0.103820,0.174524,-0.180210,-0.053581,0.073929,-0.075480,-0.149176,0.169754,-0.187032,0.059826,-0.060461,0.008467,0.166776,-0.090008,0.183557,-0.767013,1.072890,-0.001980,0.028822,-0.084948,-0.096069,-0.140809,0.607666,1.031626,-0.225725,0.088673,0.048435
-0.001777,0.025469,0.785719,-0.018753,-0.023270,-0.712975,0.700552,0.076245,0.061341,0.103999,0.174997,-0.180597,-0.053038,0.074216,-0.075399,-0.149076,0.169755,-0.186937,0.059958,-0.059885,0.008403,0.167267,-0.090411,0.182824,-0.767292,1.072750,-0.003799,0.028934,-0.084745,-0.096069,-0.140523,0.607641,1.032470,-0.227527,0.088473,0.048813
-0.001929,0.025563,0.785751,-0.018706,-0.023108,-0.712878,0.700658,0.075532,0.061718,0.103532,0.175320,-0.180539,-0.053073,0.073809,-0.074985,-0.149376,0.169666,-0.186683,0.059532,-0.059487,0.008517,0.167364,-0.090687,0.182282,-0.768073,1.073064,-0.003264,0.029009,-0.084852,-0.095790,-0.140191,0.607494,1.032874,-0.227276,0.088736,0.048277
-0.002029,0.025668,0.785706,-0.018684,-0.023039,-0.712742,0.700798,0.075573,0.061885,0.103302,0.174500,-0.179735,-0.054460,0.073938,-0.074829,-0.150275,0.169056,-0.186487,0.059694,-0.059150,0.008449,0.167771,-0.090236,0.181928,-0.768004,1.072635,-0.004454,0.028917,-0.085292,-0.095196,-0.139846,0.606947,1.032566,-0.228066,0.089313,0.048197
-0.002128,0.025734,0.785733,-0.018671,-0.023094,-0.712532,0.701010,0.074949,0.061850,0.102487,0.175355,-0.180312,-0.053482,0.073868,-0.074878,-0.150410,0.169396,-0.186596,0.059405,-0.059177,0.008397,0.168229,-0.089499,0.181730,-0.768199,1.073071,-0.003427,0.029453,-0.084941,-0.094335,-0.139489,0.606407,1.031617,-0.227710,0.089220,0.048161
-0.002150,0.025833,0.785699,-0.018644,-0.022896,-0.712362,0.701191,0.074785,0.062065,0.102127,0.174476,-0.179344,-0.055031,0.073629,-0.074616,-0.151072,0.169025,-0.186394,0.059146,-0.058843,0.008622,0.168223,-0.088645,0.181235,-0.767913,1.074740,-0.004965,0.028974,-0.085794,-0.094134,-0.138494,0.606643,1.031638,-0.227169,0.088780,0.049793
-0.002178,0.025951,0.785722,-0.018561,-0.022968,-0.712154,0.701402,0.074316,0.061762,0.101536,0.174722,-0.179317,-0.054568,0.073664,-0.074914,-0.151593,0.168851,-0.186326,0.059536,-0.059250,0.008471,0.168763,-0.087831,0.181021,-0.767992,1.075554,-0.005326,0.029863,-0.086781,-0.093701,-0.137870,0.605925,1.031130,-0.225038,0.089291,0.050445
-0.002187,0.026061,0.785739,-0.018480,-0.022914,-0.712060,0.701501,0.073942,0.061694,0.101305,0.174537,-0.178894,-0.054816,0.073222,-0.074986,-0.151626,0.169138,-0.186417,0.059087,-0.058775,0.008515,0.168808,-0.086717,0.180698,-0.768016,1.076099,0.000608,0.030198,-0.085316,-0.093744,-0.136877,0.605421,1.031646,-0.225775,0.090022,0.050795
-0.002175,0.026180,0.785736,-0.018355,-0.022904,-0.712002,0.701564,0.073512,0.061482,0.101334,0.174503,-0.178672,-0.054602,0.072898,-0.075216,-0.151964,0.169030,-0.186260,0.059287,-0.058802,0.008621,0.169077,-0.085429,0.180523,-0.768279,1.075401,0.001145,0.030839,-0.084479,-0.093928,-0.136410,0.604986,1.031634,-0.225963,0.089696,0.051188
-0.002120,0.026242,0.785781,-0.018285,-0.022964,-0.711932,0.701634,0.073329,0.061136,0.101175,0.174498,-0.178485,-0.054338,0.072799,-0.075561,-0.152100,0.169055,-0.186080,0.059620,-0.058632,0.008504,0.169223,-0.083991,0.180244,-0.768233,1.075617,0.000372,0.030654,-0.084316,-0.094240,-0.135856,0.605121,1.031760,-0.226409,0.090249,0.050351
-0.002102,0.026336,0.785787,-0.018142,-0.022860,-0.711815,0.701760,0.072616,0.061000,0.100699,0.174632,-0.178420,-0.054066,0.072296,-0.075688,-0.152376,0.169213,-0.186144,0.059325,-0.058747,0.008525,0.169181,-0.083476,0.180063,-0.767814,1.075496,-0.002751,0.029783,-0.085499,-0.094548,-0.135563,0.604761,1.032161,-0.226657,0.090442,0.050676
-0.002038,0.026414,0.785786,-0.018143,-0.022844,-0.711762,0.701815,0.072433,0.060889,0.100599,0.174646,-0.178159,-0.054069,0.072131,-0.075812,-0.152411,0.169300,-0.186050,0.059325,-0.058985,0.008569,0.169662,-0.083290,0.179830,-0.767685,1.075438,-0.003186,0.029641,-0.084623,-0.095128,-0.135274,0.603917,1.032503,-0.226704,0.089842,0.050522
-0.001890,0.026418,0.785789,-0.018198,-0.022917,-0.711690,0.701884,0.072780,0.060581,0.100487,0.174258,-0.178078,-0.054260,0.072392,-0.076104,-0.152487,0.169170,-0.185891,0.059849,-0.059171,0.008599,0.169945,-0.083299,0.179584,-0.768034,1.075427,-0.002273,0.029761,-0.084905,-0.095854,-0.135206,0.604239,1.033035,-0.225788,0.090185,0.050491
-0.001865,0.026490,0.785792,-0.018007,-0.022797,-0.711554,0.702030,0.072018,0.060397,0.100104,0.174341,-0.177871,-0.053984,0.071876,-0.076274,-0.152939,0.169242,-0.185907,0.059650,-0.059827,0.008505,0.169858,-0.084020,0.179188,-0.768019,1.075539,-0.003753,0.029396,-0.085575,-0.096286,-0.135198,0.603441,1.033189,-0.225847,0.089652,0.049985
-0.001810,0.026531,0.785815,-0.017876,-0.022637,-0.711534,0.702059,0.071602,0.060279,0.100126,0.174055,-0.177383,-0.054192,0.071403,-0.076329,-0.152837,0.169056,-0.185606,0.059869,-0.059736,0.008508,0.169716,-0.084961,0.178916,-0.768502,1.075207,-0.003785,0.029666,-0.085524,-0.096918,-0.135292,0.603789,1.033602,-0.224820,0.090016,0.049358
-0.001714,0.026561,0.785811,-0.017913,-0.022685,-0.711547,0.702044,0.071610,0.060153,0.100070,0.174225,-0.177647,-0.053781,0.071438,-0.076493,-0.152883,0.169129,-0.185602,0.060002,-0.060246,0.008458,0.169956,-0.086164,0.178462,-0.768271,1.075081,-0.004372,0.029939,-0.085979,-0.096935,-0.135447,0.602631,1.033575,-0.225974,0.089949,0.049550
-0.001657,0.026549,0.785809,-0.017927,-0.022790,-0.711600,0.701986,0.071649,0.059937,0.100239,0.174600,-0.177923,-0.053091,0.071485,-0.076747,-0.152891,0.169465,-0.185808,0.059905,-0.060049,0.008037,0.169987,-0.087380,0.178045,-0.768052,1.075083,-0.001509,0.029480,-0.085245,-0.096898,-0.135582,0.602502,1.033707,-0.226972,0.090024,0.050114
-0.001616,0.026542,0.785826,-0.017848,-0.022677,-0.711769,0.701820,0.071570,0.060013,0.100763,0.174398,-0.177837,-0.053243,0.070948,-0.076684,-0.152210,0.169697,-0.185699,0.059703,-0.059814,0.008028,0.169490,-0.088317,0.177661,-0.767895,1.074819,-0.002501,0.029502,-0.084588,-0.096959,-0.135737,0.602580,1.034011,-0.225993,0.089793,0.049739
-0.001537,0.026570,0.785812,-0.017935,-0.022808,-0.711889,0.701692,0.072030,0.059851,0.101008,0.174327,-0.177662,-0.053265,0.071241,-0.076815,-0.152029,0.169572,-0.185703,0.060139,-0.059733,0.007579,0.169682,-0.089112,0.177149,-0.767428,1.074463,-0.002226,0.029717,-0.083057,-0.096763,-0.135941,0.601831,1.033543,-0.223970,0.089044,0.049733
-0.001516,0.026523,0.785816,-0.017941,-0.022751,-0.712067,0.701513,0.072092,0.059995,0.101446,0.174352,-0.178029,-0.053045,0.071092,-0.076684,-0.151655,0.169583,-0.185680,0.060120,-0.059629,0.007166,0.169394,-0.090078,0.176542,-0.767552,1.074975,-0.000814,0.030065,-0.082606,-0.096828,-0.136160,0.602815,1.033656,-0.223661,0.088649,0.049792
-0.001495,0.026498,0.785826,-0.017991,-0.022846,-0.712231,0.701342,0.072168,0.059956,0.101839,0.174939,-0.178581,-0.052130,0.071064,-0.076727,-0.150919,0.169954,-0.185792,0.060044,-0.059520,0.006582,0.169260,-0.090937,0.175932,-0.767878,1.075773,0.000448,0.029713,-0.082850,-0.096639,-0.136339,0.603248,1.033534,-0.221925,0.088571,0.050316
-0.001469,0.026459,0.785837,-0.018069,-0.022975,-0.712447,0.701117,0.072491,0.059959,0.102438,0.175375,-0.179010,-0.051438,0.071196,-0.076780,-0.150369,0.170185,-0.185685,0.060228,-0.059189,0.006015,0.169137,-0.090795,0.175509,-0.767144,1.075764,0.001286,0.029691,-0.082711,-0.096217,-0.136419,0.602562,1.033285,-0.223480,0.088450,0.050878
-0.001472,0.026411,0.785817,-0.018167,-0.022931,-0.712509,0.701053,0.072934,0.060236,0.102661,0.174917,-0.178889,-0.052257,0.071499,-0.076483,-0.150385,0.169790,-0.185682,0.060388,-0.059475,0.005593,0.168872,-0.090669,0.175234,-0.767156,1.075966,0.000345,0.029107,-0.082532,-0.095744,-0.136421,0.602120,1.032895,-0.224708,0.088356,0.050811
-0.001459,0.026368,0.785789,-0.018336,-0.022892,-0.712650,0.700906,0.073635,0.060606,0.103058,0.174362,-0.178550,-0.053347,0.071736,-0.076091,-0.150138,0.169707,-0.185643,0.060162,-0.058843,0.005365,0.168621,-0.090565,0.174955,-0.767624,1.076699,-0.000704,0.028899,-0.082475,-0.095703,-0.136433,0.603309,1.033231,-0.223294,0.089191,0.050370
-0.001449,0.026333,0.785812,-0.018259,-0.023048,-0.712687,0.700866,0.073398,0.060184,0.102983,0.175176,-0.179338,-0.051770,0.071718,-0.076501,-0.149677,0.170043,-0.185868,0.060394,-0.058692,0.004659,0.168341,-0.090113,0.174613,-0.767060,1.077329,-0.002782,0.028742,-0.083230,-0.095360,-0.136485,0.603746,1.033067,-0.222638,0.089514,0.049410
-0.001439,0.026288,0.785780,-0.018348,-0.023049,-0.712612,0.700939,0.073960,0.060298,0.102982,0.174436,-0.178724,-0.053033,0.072117,-0.076374,-0.150130,0.169792,-0.185968,0.060340,-0.058921,0.004376,0.168056,-0.089694,0.174339,-0.767135,1.078093,-0.004664,0.028028,-0.083250,-0.094608,-0.136494,0.603253,1.033061,-0.223811,0.089707,0.050891
-0.001439,0.026268,0.785798,-0.018421,-0.023081,-0.712521,0.701029,0.073732,0.060357,0.102720,0.175145,-0.179352,-0.052186,0.072231,-0.076408,-0.150359,0.170136,-0.186042,0.060093,-0.058405,0.004038,0.167681,-0.089392,0.174252,-0.767285,1.078069,-0.004277,0.028482,-0.083933,-0.093762,-0.136467,0.603230,1.033090,-0.222625,0.089385,0.048399
-0.001445,0.026224,0.785779,-0.018496,-0.023035,-0.712471,0.701079,0.074241,0.060512,0.102707,0.174323,-0.178628,-0.053647,0.072565,-0.076151,-0.150470,0.169715,-0.185876,0.060297,-0.057866,0.003748,0.167276,-0.089140,0.174231,-0.767463,1.078161,-0.006269,0.028661,-0.083320,-0.093225,-0.136453,0.603464,1.032850,-0.221543,0.089261,0.048690
-0.001431,0.026181,0.785776,-0.018728,-0.023460,-0.712330,0.701202,0.074652,0.060137,0.102100,0.175611,-0.179897,-0.051748,0.073522,-0.076639,-0.150658,0.170349,-0.186496,0.060303,-0.057609,0.003187,0.167588,-0.088949,0.174276,-0.767671,1.079173,-0.005816,0.028723,-0.083041,-0.092672,-0.136444,0.603523,1.032748,-0.223131,0.089393,0.049496
-0.001408,0.026148,0.785768,-0.018719,-0.023540,-0.712237,0.701295,0.074710,0.059907,0.101922,0.175637,-0.179815,-0.051707,0.073705,-0.076878,-0.151005,0.170367,-0.186635,0.060409,-0.056910,0.002760,0.167146,-0.088561,0.174366,-0.767095,1.079465,-0.005073,0.029670,-0.083518,-0.092132,-0.136441,0.603156,1.032695,-0.224173,0.089494,0.049265
-0.001412,0.026170,0.785768,-0.018931,-0.023443,-0.712102,0.701429,0.075177,0.060358,0.101703,0.174925,-0.179158,-0.053323,0.074063,-0.076414,-0.151263,0.170205,-0.186328,0.060193,-0.056826,0.002966,0.166807,-0.088018,0.174587,-0.766582,1.079682,-0.006009,0.028629,-0.083391,-0.092112,-0.136424,0.602938,1.032644,-0.225122,0.090268,0.049984
-0.001399,0.026186,0.785742,-0.018968,-0.023659,-0.711912,0.701614,0.075057,0.059988,0.101045,0.175706,-0.179826,-0.052019,0.074623,-0.076815,-0.151961,0.170172,-0.186684,0.060591,-0.056005,0.002388,0.166770,-0.087903,0.174780,-0.765618,1.080037,-0.004105,0.028712,-0.084359,-0.091771,-0.136451,0.602903,1.032564,-0.226176,0.088739,0.049196
-0.001376,0.026219,0.785777,-0.018868,-0.023631,-0.711776,0.701756,0.074665,0.059773,0.100824,0.175763,-0.179580,-0.051900,0.074311,-0.077063,-0.152406,0.170363,-0.186644,0.060440,-0.055837,0.002035,0.166271,-0.087791,0.175068,-0.765040,1.080168,-0.003523,0.029371,-0.084827,-0.091929,-0.136558,0.602866,1.032192,-0.227364,0.088542,0.047730
-0.001326,0.026311,0.785772,-0.018994,-0.023790,-0.711650,0.701874,0.074804,0.059560,0.100162,0.175878,-0.179742,-0.051735,0.074776,-0.077248,-0.152603,0.170346,-0.186589,0.060790,-0.055854,0.001856,0.166326,-0.087348,0.175259,-0.764774,1.080175,-0.003320,0.029266,-0.084186,-0.092481,-0.136655,0.603189,1.032388,-0.226872,0.088349,0.046971
-0.001297,0.026398,0.785746,-0.019254,-0.023866,-0.711565,0.701951,0.075466,0.059804,0.100210,0.175379,-0.179137,-0.052915,0.075336,-0.076997,-0.153038,0.170165,-0.186555,0.060680,-0.055951,0.002002,0.166546,-0.086947,0.175462,-0.764219,1.079908,-0.003767,0.029935,-0.084765,-0.092911,-0.136759,0.603062,1.032461,-0.227686,0.088062,0.047302
-0.001255,0.026491,0.785759,-0.019321,-0.023879,-0.711463,0.702052,0.075273,0.059780,0.099895,0.175535,-0.178965,-0.052850,0.075250,-0.077006,-0.153107,0.170370,-0.186493,0.060502,-0.055847,0.001878,0.166613,-0.086782,0.175674,-0.764414,1.080277,-0.003322,0.029359,-0.084531,-0.093560,-0.136896,0.603770,1.032523,-0.227184,0.088145,0.046732
-0.001179,0.026622,0.785767,-0.019478,-0.024161,-0.711501,0.702000,0.075521,0.059454,0.099787,0.176108,-0.179484,-0.051923,0.075611,-0.077366,-0.152884,0.170702,-0.186412,0.060825,-0.055944,0.001576,0.167035,-0.086272,0.175871,-0.763858,1.080257,-0.003867,0.028700,-0.084699,-0.093916,-0.137058,0.603215,1.032392,-0.226598,0.088207,0.047270
-0.001124,0.026728,0.785789,-0.019380,-0.024106,-0.711527,0.701977,0.074903,0.059333,0.099729,0.176505,-0.179559,-0.051240,0.075050,-0.077498,-0.152752,0.170912,-0.186393,0.060686,-0.055864,0.001551,0.166652,-0.086146,0.176055,-0.763809,1.079926,-0.004750,0.028667,-0.084683,-0.094234,-0.137206,0.603131,1.032660,-0.227504,0.088152,0.047577
-0.001065,0.026876,0.785745,-0.019566,-0.024127,-0.711606,0.701891,0.075507,0.059554,0.100108,0.175741,-0.178815,-0.052579,0.075190,-0.077248,-0.152474,0.170718,-0.186187,0.060760,-0.055585,0.001720,0.166953,-0.085945,0.176201,-0.763204,1.079531,-0.003073,0.028746,-0.084878,-0.094592,-0.137377,0.604186,1.032559,-0.226593,0.088486,0.046992
-0.000981,0.027044,0.785766,-0.019660,-0.024188,-0.711741,0.701751,0.075629,0.059518,0.100600,0.175659,-0.178638,-0.052618,0.075085,-0.077297,-0.152334,0.170778,-0.185835,0.060882,-0.055762,0.001924,0.166943,-0.085807,0.176272,-0.763016,1.079190,-0.001581,0.029017,-0.084597,-0.094538,-0.137454,0.604100,1.032679,-0.227786,0.088639,0.047931
-0.000934,0.027171,0.785779,-0.019772,-0.024241,-0.711772,0.701713,0.075737,0.059582,0.100782,0.175649,-0.178550,-0.052699,0.075098,-0.077275,-0.152186,0.170819,-0.185772,0.060903,-0.055933,0.002102,0.166945,-0.085887,0.176383,-0.763568,1.079331,-0.002300,0.028607,-0.084407,-0.094204,-0.137532,0.604375,1.032675,-0.229276,0.088665,0.047813
-0.000866,0.027312,0.785754,-0.019986,-0.024402,-0.711813,0.701660,0.076199,0.059609,0.100967,0.175639,-0.178396,-0.052903,0.075398,-0.077269,-0.151950,0.170947,-0.185594,0.060977,-0.055942,0.002313,0.166953,-0.085882,0.176525,-0.764604,1.079670,-0.003360,0.027878,-0.084143,-0.093474,-0.137558,0.604323,1.032453,-0.224364,0.088906,0.049273
-0.000778,0.027422,0.785755,-0.020226,-0.024601,-0.711955,0.701503,0.076726,0.059603,0.101324,0.175895,-0.178744,-0.052545,0.075753,-0.077281,-0.151514,0.171102,-0.185548,0.061099,-0.055356,0.002627,0.166866,-0.085835,0.176654,-0.765156,1.079598,-0.003275,0.027890,-0.084460,-0.092596,-0.137574,0.604876,1.032567,-0.221787,0.089420,0.050193
-0.000677,0.027530,0.785743,-0.020453,-0.024730,-0.712154,0.701289,0.077346,0.059654,0.101692,0.175728,-0.178695,-0.052824,0.075981,-0.077193,-0.150977,0.171192,-0.185294,0.061302,-0.054846,0.003187,0.166442,-0.085359,0.176775,-0.765507,1.079302,-0.003708,0.027793,-0.084284,-0.091764,-0.137630,0.605164,1.033040,-0.222807,0.089130,0.050554
-0.000639,0.027651,0.785731,-0.020618,-0.024831,-0.712207,0.701227,0.077566,0.059735,0.101785,0.175876,-0.178885,-0.052756,0.076160,-0.077147,-0.150966,0.171307,-0.185369,0.061140,-0.053784,0.003548,0.166040,-0.085202,0.176886,-0.765696,1.078929,-0.001936,0.028699,-0.083907,-0.090588,-0.137736,0.605787,1.033419,-0.225960,0.089516,0.050056
-0.000621,0.027769,0.785767,-0.020659,-0.024868,-0.712246,0.701185,0.077449,0.059746,0.101987,0.176062,-0.178711,-0.052582,0.076006,-0.077170,-0.150761,0.171361,-0.185065,0.061274,-0.053144,0.003931,0.165043,-0.084843,0.177093,-0.766299,1.078702,-0.002260,0.028580,-0.083788,-0.089325,-0.137893,0.606420,1.034720,-0.228795,0.089238,0.049165
-0.000569,0.027894,0.785732,-0.020933,-0.025085,-0.712188,0.701228,0.077940,0.059728,0.101829,0.176257,-0.178921,-0.052512,0.076563,-0.077191,-0.150696,0.171593,-0.185329,0.061179,-0.052209,0.004360,0.164817,-0.084191,0.177328,-0.765574,1.078226,-0.003511,0.029300,-0.084902,-0.087782,-0.138026,0.606600,1.035418,-0.230490,0.089277,0.049922
-0.000551,0.028037,0.785749,-0.020992,-0.025136,-0.712039,0.701376,0.077783,0.059679,0.101481,0.176306,-0.178699,-0.052599,0.076746,-0.077247,-0.151287,0.171367,-0.184989,0.061438,-0.052413,0.004446,0.164342,-0.083854,0.177793,-0.766091,1.079170,-0.002135,0.030104,-0.085294,-0.086926,-0.138162,0.607138,1.035607,-0.229049,0.089629,0.052099
-0.000519,0.028175,0.785773,-0.021153,-0.025289,-0.711709,0.701701,0.077658,0.059498,0.100632,0.176708,-0.178517,-0.052410,0.077011,-0.077444,-0.151911,0.171881,-0.185099,0.060893,-0.053132,0.004555,0.164289,-0.083155,0.178666,-0.766838,1.081376,-0.000913,0.029395,-0.085530,-0.086808,-0.138423,0.608315,1.035312,-0.228960,0.089852,0.051975
-0.000467,0.028384,0.785741,-0.021143,-0.025337,-0.711467,0.701944,0.077311,0.059168,0.099831,0.176581,-0.178140,-0.052503,0.077164,-0.077720,-0.152735,0.171437,-0.184997,0.061399,-0.054446,0.004283,0.164059,-0.082355,0.180211,-0.768155,1.082799,-0.001124,0.028657,-0.085715,-0.086920,-0.138790,0.608375,1.035099,-0.227374,0.090061,0.052503
-0.000453,0.028517,0.785777,-0.021183,-0.025306,-0.711348,0.702064,0.076873,0.059270,0.099526,0.176872,-0.178116,-0.052309,0.076874,-0.077641,-0.152947,0.171661,-0.184777,0.061014,-0.054916,0.004206,0.163724,-0.082234,0.181495,-0.770801,1.084242,-0.003722,0.027908,-0.084645,-0.087320,-0.139083,0.608284,1.035451,-0.226861,0.090085,0.052565
-0.000442,0.028669,0.785784,-0.021303,-0.025379,-0.711421,0.701985,0.077058,0.059344,0.099706,0.176850,-0.178000,-0.052396,0.076970,-0.077566,-0.152733,0.171687,-0.184651,0.061081,-0.054601,0.004214,0.163634,-0.081401,0.183305,-0.771268,1.083727,-0.005058,0.029872,-0.085060,-0.087728,-0.139697,0.607901,1.035720,-0.226090,0.089775,0.052797
-0.000372,0.028798,0.785794,-0.021351,-0.025553,-0.711617,0.701778,0.077328,0.059099,0.100263,0.176875,-0.177870,-0.052040,0.076948,-0.077843,-0.152186,0.171701,-0.184433,0.061594,-0.054259,0.004294,0.163565,-0.080771,0.184875,-0.771434,1.083467,-0.006227,0.029171,-0.085783,-0.088271,-0.140538,0.609222,1.036489,-0.225869,0.087862,0.049375
-0.000382,0.029000,0.785826,-0.021057,-0.025216,-0.711775,0.701639,0.076140,0.059249,0.100609,0.176643,-0.177553,-0.052003,0.075582,-0.077673,-0.152065,0.171492,-0.183996,0.061445,-0.053881,0.004672,0.162457,-0.080954,0.186040,-0.770836,1.083456,-0.004402,0.028943,-0.087014,-0.089421,-0.141420,0.609076,1.037705,-0.227830,0.087710,0.050014
-0.000335,0.029100,0.785820,-0.021187,-0.025477,-0.711910,0.701488,0.076744,0.059049,0.101091,0.176669,-0.177559,-0.051761,0.075838,-0.077871,-0.151449,0.171766,-0.184036,0.061591,-0.053824,0.004567,0.162750,-0.080826,0.187500,-0.770071,1.082412,-0.004692,0.028406,-0.087819,-0.090358,-0.142766,0.608873,1.037981,-0.228081,0.088046,0.049748
-0.000333,0.029270,0.785863,-0.021132,-0.025412,-0.712010,0.701391,0.076360,0.059084,0.101220,0.176604,-0.177128,-0.051779,0.075332,-0.077823,-0.151251,0.171690,-0.183650,0.061693,-0.054435,0.004620,0.162498,-0.081171,0.188404,-0.769397,1.081866,-0.005497,0.028582,-0.088239,-0.092059,-0.143749,0.607831,1.038017,-0.224404,0.088296,0.050785
-0.000291,0.029420,0.785874,-0.021088,-0.025427,-0.711925,0.701479,0.075976,0.058911,0.101160,0.176681,-0.176981,-0.051430,0.075110,-0.078036,-0.151528,0.171628,-0.183337,0.061912,-0.054618,0.004511,0.162442,-0.082248,0.189495,-0.770364,1.081082,-0.000244,0.029402,-0.087299,-0.093104,-0.145311,0.608478,1.037370,-0.224033,0.089248,0.050641
-0.000267,0.029612,0.785914,-0.020955,-0.025377,-0.711764,0.701647,0.075331,0.058641,0.100638,0.176527,-0.176457,-0.051498,0.074519,-0.078266,-0.151791,0.171914,-0.183373,0.061506,-0.055523,0.004572,0.162846,-0.083288,0.190418,-0.771684,1.079772,0.000301,0.028548,-0.085619,-0.094138,-0.147071,0.607551,1.036591,-0.226480,0.089895,0.051656
-0.000251,0.029768,0.785918,-0.021012,-0.025515,-0.711665,0.701741,0.075274,0.058453,0.100445,0.176706,-0.176296,-0.051192,0.074547,-0.078473,-0.151984,0.172193,-0.183412,0.061389,-0.055530,0.004380,0.163565,-0.084872,0.190717,-0.772310,1.078893,-0.000214,0.029194,-0.085589,-0.095501,-0.148047,0.607897,1.037245,-0.226058,0.089599,0.051938
-0.000305,0.029980,0.785936,-0.020900,-0.025307,-0.711517,0.701902,0.074597,0.058595,0.100052,0.176192,-0.175883,-0.051828,0.074036,-0.078277,-0.152436,0.171666,-0.182764,0.061542,-0.055742,0.004507,0.164069,-0.086698,0.190950,-0.772754,1.078028,-0.001189,0.028518,-0.085569,-0.096689,-0.149081,0.607515,1.037705,-0.224655,0.089216,0.051663
-0.000242,0.030129,0.785963,-0.020765,-0.025300,-0.711647,0.701774,0.074265,0.058377,0.100534,0.176065,-0.175575,-0.051522,0.073429,-0.078490,-0.151995,0.171772,-0.182595,0.061653,-0.055143,0.004767,0.164931,-0.088047,0.191078,-0.773039,1.075999,-0.001404,0.029728,-0.086368,-0.097647,-0.150516,0.608278,1.037808,-0.223891,0.088295,0.051841
-0.000282,0.030291,0.785989,-0.020721,-0.025226,-0.711735,0.701690,0.073662,0.058521,0.100607,0.176452,-0.175398,-0.051172,0.072777,-0.078373,-0.151822,0.172034,-0.182365,0.061169,-0.054949,0.005293,0.166019,-0.089687,0.191125,-0.774389,1.074833,-0.005179,0.029392,-0.086324,-0.098606,-0.151650,0.609016,1.038149,-0.224885,0.088227,0.050739
-0.000268,0.030467,0.786019,-0.020583,-0.025069,-0.711847,0.701586,0.073115,0.058562,0.100969,0.176156,-0.174935,-0.051314,0.072081,-0.078282,-0.151379,0.171736,-0.181721,0.061495,-0.054272,0.005998,0.166874,-0.091146,0.191115,-0.774861,1.074098,-0.006688,0.028981,-0.087380,-0.099541,-0.152221,0.609443,1.038449,-0.224765,0.088098,0.050874
-0.000248,0.030569,0.786059,-0.020115,-0.024766,-0.711970,0.701485,0.071823,0.058293,0.101256,0.175982,-0.174677,-0.050782,0.070665,-0.078590,-0.151442,0.171547,-0.181428,0.061556,-0.054138,0.006312,0.166816,-0.091542,0.191066,-0.774783,1.074108,-0.005352,0.028985,-0.087469,-0.099850,-0.152618,0.609599,1.037708,-0.224998,0.088833,0.051089
-0.000233,0.030641,0.786065,-0.020015,-0.024580,-0.712061,0.701402,0.071511,0.058471,0.101592,0.175596,-0.174150,-0.051339,0.069943,-0.078388,-0.151087,0.171694,-0.181288,0.061062,-0.054046,0.007451,0.167216,-0.091584,0.190974,-0.775056,1.073956,-0.004336,0.028895,-0.087498,-0.099873,-0.152886,0.609711,1.037344,-0.225231,0.088678,0.052110
-0.000229,0.030662,0.786109,-0.019690,-0.024418,-0.712107,0.701370,0.070726,0.058219,0.101750,0.175524,-0.173828,-0.050982,0.069156,-0.078629,-0.150895,0.171529,-0.180914,0.061317,-0.053775,0.007862,0.167082,-0.091794,0.190868,-0.775465,1.074832,-0.005109,0.028402,-0.088139,-0.099769,-0.153098,0.610565,1.037051,-0.225446,0.088159,0.051719
-0.000206,0.030674,0.786132,-0.019436,-0.024194,-0.712059,0.701434,0.070137,0.058080,0.101563,0.174994,-0.173684,-0.051288,0.068512,-0.078658,-0.150900,0.171232,-0.180645,0.061456,-0.054114,0.008162,0.166694,-0.091746,0.190805,-0.774930,1.076033,-0.004862,0.028352,-0.088714,-0.099386,-0.153196,0.610538,1.035965,-0.227642,0.088462,0.053179
-0.000215,0.030546,0.786102,-0.019194,-0.024034,-0.712054,0.701450,0.069657,0.057957,0.101501,0.174982,-0.173503,-0.051116,0.068055,-0.078810,-0.150998,0.171262,-0.180942,0.061210,-0.054058,0.008363,0.165765,-0.091558,0.190813,-0.774956,1.077030,-0.004701,0.028304,-0.088279,-0.098815,-0.153182,0.610486,1.035938,-0.227902,0.088550,0.053421
-0.000227,0.030378,0.786114,-0.019014,-0.024025,-0.712031,0.701479,0.069648,0.057680,0.101581,0.174854,-0.173503,-0.050936,0.068000,-0.079088,-0.150953,0.171365,-0.181198,0.061343,-0.053484,0.008148,0.164669,-0.091316,0.190846,-0.775062,1.078066,-0.005620,0.028741,-0.088547,-0.098287,-0.153201,0.610762,1.036204,-0.228118,0.088686,0.054434
-0.000320,0.030255,0.786131,-0.018830,-0.023881,-0.711971,0.701550,0.069166,0.057721,0.101392,0.175030,-0.173550,-0.050657,0.067769,-0.079031,-0.151178,0.171180,-0.181196,0.061325,-0.053443,0.007937,0.163524,-0.091291,0.190959,-0.774550,1.078611,-0.007219,0.028264,-0.088803,-0.098381,-0.153315,0.610684,1.037074,-0.226389,0.088087,0.055858
-0.000391,0.030063,0.786109,-0.018843,-0.023824,-0.712029,0.701493,0.069570,0.057969,0.101496,0.174730,-0.173621,-0.051174,0.068044,-0.078776,-0.150966,0.170943,-0.181304,0.061381,-0.053006,0.007667,0.162617,-0.091380,0.191251,-0.774772,1.079002,-0.004065,0.028110,-0.088053,-0.099041,-0.153660,0.612098,1.038024,-0.222384,0.087860,0.055751
-0.000456,0.029896,0.786101,-0.018988,-0.023961,-0.711971,0.701543,0.070155,0.058042,0.101377,0.174896,-0.173896,-0.051128,0.068804,-0.078759,-0.151406,0.171063,-0.181606,0.061286,-0.052875,0.007276,0.162383,-0.091456,0.191453,-0.774438,1.079058,-0.005794,0.028427,-0.088444,-0.099868,-0.154060,0.612228,1.039186,-0.223772,0.087204,0.052959
-0.000574,0.029767,0.786146,-0.019027,-0.023931,-0.711953,0.701561,0.070202,0.058362,0.101209,0.175221,-0.174086,-0.051139,0.068873,-0.078436,-0.151418,0.171380,-0.181747,0.060646,-0.052938,0.006697,0.162077,-0.092225,0.191783,-0.774883,1.079919,-0.007857,0.028221,-0.088896,-0.101171,-0.154732,0.612558,1.039612,-0.224471,0.086800,0.051433
-0.000675,0.029632,0.786101,-0.019001,-0.023909,-0.711842,0.701676,0.070453,0.058446,0.100919,0.174814,-0.174084,-0.051669,0.069316,-0.078337,-0.151936,0.170976,-0.182006,0.060764,-0.053630,0.005799,0.161803,-0.092590,0.192331,-0.774665,1.079376,-0.004463,0.028700,-0.088287,-0.102195,-0.155755,0.612481,1.039763,-0.227750,0.086351,0.050557
-0.000778,0.029497,0.786112,-0.018900,-0.023787,-0.711788,0.701737,0.070229,0.058639,0.100822,0.174894,-0.174128,-0.051693,0.069137,-0.078128,-0.151892,0.171019,-0.182130,0.060404,-0.053751,0.005194,0.161128,-0.093559,0.192916,-0.775828,1.079491,-0.002971,0.028943,-0.087915,-0.103163,-0.156717,0.611416,1.039356,-0.225946,0.087486,0.051923
-0.000892,0.029388,0.786117,-0.019030,-0.023773,-0.711846,0.701675,0.070532,0.059080,0.100858,0.175114,-0.174592,-0.051724,0.069435,-0.077719,-0.151771,0.171092,-0.182151,0.060112,-0.053110,0.004733,0.161127,-0.094363,0.193521,-0.775622,1.078884,-0.002207,0.029048,-0.086943,-0.104008,-0.157891,0.610146,1.038412,-0.223481,0.089017,0.052867
-0.000975,0.029326,0.786101,-0.018868,-0.023735,-0.711799,0.701728,0.070390,0.058988,0.100816,0.174871,-0.174320,-0.051857,0.069452,-0.077773,-0.152023,0.170679,-0.182232,0.060450,-0.052947,0.003908,0.160850,-0.095373,0.193948,-0.775236,1.078736,-0.002029,0.028839,-0.087290,-0.104971,-0.158863,0.609592,1.038285,-0.224864,0.088861,0.054350
-0.001083,0.029278,0.786109,-0.018854,-0.023520,-0.711874,0.701660,0.070213,0.059516,0.100922,0.174710,-0.174409,-0.052305,0.069138,-0.077222,-0.151759,0.170531,-0.181968,0.060084,-0.052900,0.003788,0.160532,-0.096426,0.194225,-0.775403,1.078499,-0.004181,0.029359,-0.087697,-0.106066,-0.159460,0.608564,1.038755,-0.229338,0.088883,0.054794
-0.001175,0.029316,0.786141,-0.018721,-0.023467,-0.711945,0.701593,0.069800,0.059588,0.101126,0.174861,-0.174417,-0.052006,0.068752,-0.077161,-0.151690,0.170510,-0.181847,0.060024,-0.052143,0.003488,0.160765,-0.097460,0.194617,-0.775449,1.078097,-0.004602,0.029113,-0.087993,-0.106833,-0.160248,0.607748,1.038278,-0.229310,0.088281,0.052472
-0.001193,0.029301,0.786130,-0.018943,-0.023655,-0.712012,0.701513,0.070585,0.059680,0.101302,0.174820,-0.174403,-0.052267,0.069376,-0.077089,-0.151437,0.170614,-0.182024,0.059995,-0.051892,0.003053,0.161630,-0.097858,0.194959,-0.774895,1.077936,-0.000096,0.029048,-0.086841,-0.107420,-0.160923,0.607640,1.037477,-0.227685,0.087537,0.053016
-0.001253,0.029364,0.786154,-0.018643,-0.023237,-0.712021,0.701526,0.069456,0.059978,0.101282,0.174514,-0.174050,-0.052640,0.068167,-0.076754,-0.151543,0.170400,-0.181582,0.059587,-0.051902,0.003378,0.161059,-0.098474,0.195316,-0.775318,1.077964,-0.003453,0.028380,-0.087814,-0.107852,-0.161525,0.607557,1.037060,-0.224466,0.086928,0.051660
-0.001298,0.029420,0.786164,-0.018640,-0.023243,-0.712012,0.701535,0.069287,0.060028,0.101225,0.174657,-0.174082,-0.052499,0.068180,-0.076702,-0.151451,0.170202,-0.181341,0.059838,-0.051835,0.003474,0.161725,-0.098605,0.195745,-0.775058,1.077790,-0.002243,0.027983,-0.087265,-0.107682,-0.162047,0.606193,1.036193,-0.223761,0.087044,0.051810
-0.001352,0.029502,0.786174,-0.018536,-0.023211,-0.711985,0.701566,0.068814,0.060007,0.101108,0.174852,-0.173868,-0.052302,0.067777,-0.076741,-0.151627,0.170415,-0.181404,0.059471,-0.051880,0.003376,0.162305,-0.098839,0.196087,-0.774535,1.077640,-0.001801,0.028945,-0.087639,-0.107465,-0.162311,0.605960,1.035482,-0.223430,0.086810,0.051261
-0.001336,0.029540,0.786164,-0.018478,-0.023040,-0.711937,0.701622,0.068689,0.060088,0.100959,0.174229,-0.173620,-0.053089,0.067517,-0.076573,-0.151643,0.170078,-0.181371,0.059456,-0.052072,0.003644,0.162600,-0.098448,0.196414,-0.774197,1.077408,-0.003880,0.029275,-0.087572,-0.106753,-0.162457,0.605454,1.034498,-0.227722,0.087533,0.052318
-0.001334,0.029611,0.786162,-0.018528,-0.023119,-0.711903,0.701653,0.068607,0.060019,0.100802,0.174492,-0.173701,-0.052735,0.067708,-0.076642,-0.151756,0.169920,-0.181017,0.059898,-0.052339,0.003834,0.163435,-0.098059,0.196650,-0.773880,1.077272,-0.003793,0.029456,-0.087604,-0.105726,-0.162463,0.605174,1.033996,-0.230286,0.087952,0.053116
-0.001302,0.029687,0.786163,-0.018544,-0.023150,-0.711916,0.701638,0.068675,0.059976,0.100913,0.174332,-0.173622,-0.052898,0.067616,-0.076695,-0.151643,0.170056,-0.181219,0.059684,-0.052294,0.004055,0.164321,-0.097314,0.196906,-0.773275,1.076927,-0.006070,0.028956,-0.087730,-0.104450,-0.162380,0.604740,1.033314,-0.227372,0.088577,0.055364
-0.001301,0.029810,0.786182,-0.018338,-0.022955,-0.711892,0.701674,0.067724,0.059933,0.100895,0.174454,-0.173213,-0.052648,0.066785,-0.076770,-0.152042,0.170044,-0.180887,0.059477,-0.052574,0.004582,0.164659,-0.096591,0.197117,-0.773078,1.076987,-0.005026,0.028004,-0.087651,-0.103045,-0.162201,0.604529,1.032991,-0.225301,0.088503,0.054347
-0.001278,0.029931,0.786200,-0.018370,-0.023033,-0.711994,0.701568,0.067682,0.059908,0.101096,0.174632,-0.173225,-0.052437,0.066614,-0.076771,-0.151482,0.170237,-0.180715,0.059473,-0.052556,0.005036,0.165562,-0.095780,0.197286,-0.773045,1.077094,-0.005995,0.027587,-0.088581,-0.101613,-0.161982,0.604759,1.032504,-0.228669,0.088281,0.052126
-0.001204,0.030057,0.786203,-0.018225,-0.022915,-0.712057,0.701511,0.067159,0.059795,0.101210,0.174503,-0.173062,-0.052351,0.065917,-0.076921,-0.151296,0.170295,-0.180651,0.059392,-0.052817,0.005537,0.166078,-0.094555,0.197558,-0.773125,1.076698,-0.008396,0.026980,-0.088562,-0.100473,-0.161553,0.605828,1.032928,-0.228133,0.087012,0.051255
-0.001143,0.030150,0.786216,-0.018200,-0.022956,-0.712070,0.701497,0.067036,0.059564,0.101407,0.174532,-0.172655,-0.052236,0.065709,-0.077157,-0.151375,0.170480,-0.180560,0.059420,-0.053120,0.006012,0.166894,-0.093478,0.197695,-0.773348,1.076354,-0.004890,0.027475,-0.087742,-0.099282,-0.161185,0.606986,1.033086,-0.228140,0.087416,0.051186
-0.001042,0.030278,0.786229,-0.018055,-0.022876,-0.712188,0.701384,0.066576,0.059363,0.101738,0.174429,-0.172453,-0.051948,0.065070,-0.077332,-0.150790,0.170454,-0.180277,0.059719,-0.053572,0.006379,0.167372,-0.092317,0.197777,-0.772572,1.076078,-0.003944,0.028144,-0.088413,-0.098863,-0.160747,0.606826,1.033033,-0.223607,0.087750,0.052948
-0.000971,0.030377,0.786231,-0.017971,-0.022807,-0.712326,0.701248,0.066282,0.059245,0.101984,0.174351,-0.172253,-0.051824,0.064573,-0.077414,-0.150519,0.170424,-0.180048,0.059787,-0.053512,0.006989,0.168026,-0.091250,0.197748,-0.772447,1.075597,-0.005638,0.028585,-0.088862,-0.098516,-0.160433,0.607692,1.033485,-0.222866,0.087754,0.051945
-0.000873,0.030494,0.786219,-0.017858,-0.022719,-0.712353,0.701227,0.065802,0.059064,0.102087,0.174318,-0.172122,-0.051526,0.064030,-0.077560,-0.150278,0.170441,-0.179880,0.059905,-0.054115,0.007621,0.168665,-0.090341,0.197655,-0.772378,1.075300,-0.005051,0.028323,-0.088362,-0.098378,-0.160236,0.607677,1.033973,-0.223565,0.087421,0.051730
-0.000812,0.030678,0.786269,-0.017403,-0.022384,-0.712274,0.701328,0.064345,0.058708,0.101971,0.173927,-0.171472,-0.051424,0.062646,-0.077956,-0.150717,0.170083,-0.179243,0.060334,-0.054850,0.008201,0.168725,-0.089779,0.197469,-0.771332,1.074745,-0.007288,0.028061,-0.089325,-0.098234,-0.160079,0.606434,1.033678,-0.227767,0.087967,0.051225
-0.000730,0.030819,0.786263,-0.017212,-0.022192,-0.712199,0.701416,0.063546,0.058585,0.101654,0.173732,-0.171159,-0.051507,0.061810,-0.078017,-0.150794,0.170204,-0.179258,0.059890,-0.055254,0.008834,0.169410,-0.089729,0.197273,-0.771115,1.074425,-0.004996,0.028516,-0.088535,-0.098455,-0.160010,0.606252,1.033394,-0.227900,0.088896,0.051339
-0.000620,0.030952,0.786274,-0.017167,-0.022237,-0.712221,0.701393,0.063470,0.058226,0.101909,0.173446,-0.170744,-0.051516,0.061572,-0.078363,-0.150661,0.170233,-0.178843,0.060294,-0.055609,0.009522,0.170603,-0.089913,0.196875,-0.771812,1.073849,-0.005574,0.028151,-0.088567,-0.098967,-0.160035,0.606538,1.034142,-0.226471,0.088398,0.050376
-0.000517,0.031104,0.786292,-0.017119,-0.022379,-0.712241,0.701369,0.063343,0.057809,0.102084,0.173597,-0.170638,-0.050895,0.061383,-0.078799,-0.150439,0.170374,-0.178715,0.060685,-0.055493,0.009916,0.171915,-0.090252,0.196489,-0.771332,1.072772,-0.005364,0.028522,-0.088496,-0.099119,-0.160104,0.606145,1.033826,-0.223783,0.088546,0.050022
