-0.001275,0.022252,0.778354,-0.007993,-0.018397,-0.701829,0.712063,0.134069,0.053452,0.249075,0.126021,-0.267287,-0.027422,0.161106,-0.105459,-0.402267,0.120913,-0.205338,0.115517,-0.055336,-0.021909,0.148821,0.059250,0.173956,-0.286773,1.095881,0.054974,0.043976,0.361722,-0.005283,-0.107470,0.039041,1.190158,-0.129161,-0.011022,-0.232176
-0.001302,0.022220,0.778366,-0.008263,-0.018560,-0.702016,0.711872,0.135036,0.053778,0.250020,0.126022,-0.267160,-0.027750,0.161820,-0.105109,-0.401588,0.120938,-0.204686,0.114885,-0.054220,-0.021860,0.149085,0.059102,0.174425,-0.287115,1.096308,0.052234,0.043620,0.362466,-0.004883,-0.106971,0.039430,1.190692,-0.128200,-0.011069,-0.232402
-0.001345,0.022099,0.778343,-0.008185,-0.018378,-0.701886,0.712005,0.134633,0.053948,0.249426,0.126026,-0.267520,-0.028034,0.161521,-0.104994,-0.402107,0.120909,-0.205466,0.115427,-0.055831,-0.022322,0.148127,0.060786,0.175269,-0.285756,1.095801,0.051283,0.042904,0.362240,-0.005143,-0.106224,0.040633,1.191213,-0.129873,-0.009799,-0.232334
-0.001328,0.022123,0.778335,-0.008401,-0.018671,-0.702247,0.711639,0.135703,0.053915,0.250620,0.126040,-0.267616,-0.027904,0.162177,-0.105005,-0.401023,0.120972,-0.205139,0.114660,-0.055147,-0.022434,0.149619,0.061512,0.175572,-0.284850,1.094799,0.050861,0.042919,0.360606,-0.004644,-0.106072,0.039213,1.189427,-0.129565,-0.009539,-0.230123
-0.001442,0.022035,0.778345,-0.008218,-0.018498,-0.702062,0.711828,0.135067,0.053985,0.249895,0.126042,-0.267525,-0.027664,0.161796,-0.104864,-0.401304,0.120977,-0.205272,0.114383,-0.055644,-0.023114,0.148134,0.061825,0.176023,-0.286334,1.096400,0.050581,0.043665,0.361148,-0.005207,-0.106335,0.041613,1.192098,-0.126865,-0.009500,-0.228886
-0.001571,0.021767,0.778282,-0.008220,-0.018573,-0.702731,0.711166,0.136123,0.054303,0.252256,0.126006,-0.267931,-0.028743,0.161777,-0.104701,-0.399774,0.121022,-0.205985,0.114268,-0.054209,-0.023436,0.147860,0.063412,0.176318,-0.286438,1.096280,0.050817,0.043331,0.361869,-0.004033,-0.106729,0.041613,1.191632,-0.128278,-0.009492,-0.229550
-0.001607,0.021801,0.778293,-0.008354,-0.018657,-0.702785,0.711109,0.136456,0.054483,0.251984,0.126034,-0.268039,-0.028565,0.162149,-0.104484,-0.399550,0.121012,-0.205482,0.114354,-0.054226,-0.023671,0.148110,0.064226,0.176466,-0.286419,1.096593,0.049611,0.043407,0.360985,-0.003291,-0.107404,0.041807,1.191505,-0.128388,-0.011716,-0.230127
-0.001724,0.021765,0.778291,-0.008163,-0.018635,-0.702414,0.711478,0.135902,0.054243,0.250977,0.126023,-0.267936,-0.028136,0.162034,-0.104652,-0.400358,0.121026,-0.206122,0.113872,-0.054344,-0.024060,0.147901,0.064346,0.176459,-0.287113,1.096686,0.049604,0.043363,0.360578,-0.001936,-0.108914,0.040710,1.189225,-0.128731,-0.009418,-0.228144
-0.001775,0.021798,0.778273,-0.008367,-0.018966,-0.702460,0.711422,0.136757,0.054107,0.251297,0.125999,-0.267984,-0.028508,0.162913,-0.104823,-0.400720,0.120979,-0.206346,0.114957,-0.054259,-0.024132,0.148947,0.064710,0.176118,-0.287036,1.096327,0.050456,0.042878,0.361337,-0.001143,-0.110166,0.036495,1.187049,-0.132215,-0.006815,-0.225016
-0.001637,0.021563,0.778334,-0.007935,-0.018417,-0.701528,0.712359,0.134806,0.053690,0.248065,0.126092,-0.268164,-0.026933,0.162375,-0.105011,-0.403066,0.120954,-0.205855,0.114821,-0.056346,-0.023491,0.146898,0.065571,0.175750,-0.285775,1.095876,0.049637,0.043287,0.357609,0.000477,-0.112202,0.037104,1.187434,-0.131121,-0.008249,-0.224283
-0.001727,0.021739,0.778313,-0.007868,-0.018325,-0.701243,0.712643,0.134140,0.053934,0.247551,0.126053,-0.267745,-0.027910,0.162084,-0.104809,-0.403474,0.120921,-0.205926,0.114773,-0.056600,-0.023349,0.147218,0.065462,0.175289,-0.283843,1.095312,0.053021,0.043929,0.359148,0.000662,-0.113578,0.036714,1.187198,-0.130017,-0.008107,-0.222641
-0.001743,0.022057,0.778283,-0.008054,-0.018552,-0.700467,0.713398,0.133851,0.053757,0.245854,0.126004,-0.266955,-0.028633,0.162860,-0.105107,-0.406061,0.120840,-0.206206,0.115567,-0.058612,-0.022689,0.148825,0.063942,0.174850,-0.283522,1.095845,0.054139,0.044216,0.361261,-0.000322,-0.115308,0.037598,1.187943,-0.130162,-0.008218,-0.221094
-0.002072,0.021837,0.778342,-0.007778,-0.018203,-0.700947,0.712938,0.133439,0.054512,0.247000,0.126039,-0.267104,-0.028512,0.161813,-0.104267,-0.404538,0.120905,-0.205991,0.114127,-0.057139,-0.023111,0.145975,0.064953,0.175199,-0.282382,1.096353,0.054370,0.045398,0.363350,0.000535,-0.115920,0.040679,1.189397,-0.129849,-0.008492,-0.219665
-0.002091,0.022038,0.778318,-0.008053,-0.018544,-0.700714,0.713156,0.133925,0.054258,0.245847,0.126079,-0.267260,-0.027797,0.162663,-0.104386,-0.404850,0.120937,-0.206311,0.113820,-0.057560,-0.023033,0.147259,0.065199,0.175433,-0.281286,1.095288,0.054152,0.043977,0.368492,0.000528,-0.116025,0.041481,1.188478,-0.129566,-0.009360,-0.217265
-0.002214,0.022104,0.778317,-0.008027,-0.018553,-0.700737,0.713133,0.133862,0.054551,0.246561,0.126049,-0.266686,-0.028672,0.162560,-0.104258,-0.405109,0.120909,-0.206231,0.114001,-0.058088,-0.022470,0.147156,0.065766,0.175705,-0.281062,1.094583,0.055280,0.043793,0.373060,0.000343,-0.115906,0.041453,1.187837,-0.140337,-0.006660,-0.217208
-0.002220,0.022158,0.778311,-0.008649,-0.019057,-0.700893,0.712960,0.135701,0.054706,0.246636,0.126090,-0.267166,-0.028455,0.164215,-0.104009,-0.404592,0.120919,-0.206192,0.113757,-0.057763,-0.022618,0.148825,0.066675,0.176529,-0.279719,1.093055,0.056437,0.044375,0.375662,0.000253,-0.114326,0.040643,1.187216,-0.145380,-0.004597,-0.215291
-0.002371,0.022161,0.778264,-0.008323,-0.018913,-0.700863,0.712996,0.134871,0.054567,0.246353,0.126074,-0.267235,-0.028401,0.163440,-0.104155,-0.404639,0.120902,-0.206526,0.114315,-0.057943,-0.023666,0.147822,0.067490,0.177166,-0.277209,1.092253,0.056184,0.045643,0.377660,0.000299,-0.111867,0.040812,1.187408,-0.148422,-0.003405,-0.212561
-0.002368,0.022189,0.778294,-0.008642,-0.019130,-0.701035,0.712818,0.135850,0.054828,0.247246,0.126074,-0.267109,-0.028595,0.164163,-0.103987,-0.404792,0.120864,-0.206210,0.114710,-0.057439,-0.023774,0.148510,0.067812,0.177419,-0.275818,1.091659,0.055261,0.046577,0.376026,0.000043,-0.109790,0.042477,1.187915,-0.147394,-0.003615,-0.209371
-0.002475,0.021916,0.778216,-0.008435,-0.019109,-0.700100,0.713739,0.135281,0.054479,0.244316,0.126068,-0.267219,-0.029240,0.164965,-0.104280,-0.407226,0.120837,-0.207431,0.114701,-0.059830,-0.024378,0.146931,0.069217,0.177562,-0.275278,1.091366,0.049743,0.044945,0.372205,0.000951,-0.107829,0.044196,1.188882,-0.148595,-0.004003,-0.207318
-0.002515,0.021928,0.778201,-0.008532,-0.019217,-0.700085,0.713750,0.135621,0.054524,0.244529,0.126059,-0.267071,-0.029551,0.165318,-0.104223,-0.407163,0.120851,-0.207296,0.114256,-0.059598,-0.024907,0.147151,0.070387,0.177401,-0.273574,1.090073,0.045490,0.041194,0.365822,0.000331,-0.106103,0.045594,1.189749,-0.148300,-0.003523,-0.205640
-0.002551,0.022642,0.778240,-0.010160,-0.020351,-0.702927,0.710898,0.140875,0.056097,0.251960,0.126132,-0.268052,-0.029024,0.166391,-0.102781,-0.398848,0.121078,-0.206117,0.112559,-0.051428,-0.024262,0.153815,0.069064,0.177091,-0.272261,1.088305,0.038932,0.035919,0.353784,-0.002824,-0.105697,0.045494,1.189938,-0.147310,-0.003848,-0.203718
-0.002598,0.022717,0.778199,-0.010170,-0.020324,-0.702815,0.711009,0.140780,0.056389,0.252550,0.126051,-0.267467,-0.030502,0.166419,-0.102613,-0.399243,0.121053,-0.206091,0.112452,-0.051559,-0.024190,0.153775,0.069102,0.176800,-0.272886,1.087714,0.028464,0.030501,0.335498,-0.003327,-0.105529,0.045761,1.189866,-0.149314,-0.004035,-0.202711
-0.002722,0.022666,0.778205,-0.010027,-0.020188,-0.702523,0.711304,0.140149,0.056425,0.251429,0.126090,-0.267530,-0.030051,0.166220,-0.102564,-0.400206,0.121023,-0.206343,0.112851,-0.051972,-0.025012,0.153548,0.070648,0.176483,-0.273933,1.087128,0.011712,0.019255,0.329699,-0.003212,-0.105535,0.046301,1.189022,-0.150796,-0.004192,-0.201300
-0.003021,0.022695,0.778290,-0.009538,-0.019662,-0.702165,0.711679,0.138170,0.056876,0.250483,0.126089,-0.266982,-0.030042,0.164788,-0.101954,-0.400939,0.121052,-0.205873,0.111111,-0.051755,-0.025778,0.152150,0.071678,0.175935,-0.273696,1.087622,-0.002810,0.006053,0.325248,-0.002481,-0.105694,0.046243,1.188331,-0.156060,-0.004874,-0.201466
-0.003114,0.022711,0.778229,-0.009205,-0.019751,-0.702577,0.711274,0.138120,0.056474,0.251883,0.125986,-0.266647,-0.030891,0.164074,-0.102579,-0.399997,0.121018,-0.206925,0.112659,-0.049904,-0.026840,0.151751,0.073672,0.175532,-0.272644,1.085868,-0.018349,-0.008976,0.317601,-0.001887,-0.106105,0.045214,1.188104,-0.159640,-0.006664,-0.200309
-0.003243,0.022687,0.778298,-0.009257,-0.019696,-0.702435,0.711416,0.137908,0.056699,0.251014,0.126069,-0.266790,-0.029995,0.164150,-0.102194,-0.400446,0.121062,-0.206322,0.111543,-0.049093,-0.027333,0.152196,0.075478,0.175060,-0.271591,1.083144,-0.021368,-0.020121,0.314859,-0.001312,-0.107166,0.046117,1.187913,-0.163455,-0.008112,-0.198033
-0.003407,0.022693,0.778253,-0.009110,-0.019627,-0.702164,0.711686,0.137457,0.056879,0.250515,0.126036,-0.266399,-0.030849,0.164038,-0.101992,-0.400741,0.121097,-0.206666,0.110560,-0.047362,-0.027258,0.151394,0.075630,0.174415,-0.271558,1.081441,-0.025819,-0.025450,0.311105,-0.000091,-0.108795,0.047788,1.189039,-0.164684,-0.010979,-0.197196
-0.003554,0.022713,0.778243,-0.009126,-0.019668,-0.702017,0.711830,0.137414,0.057054,0.250221,0.126025,-0.266174,-0.030996,0.164213,-0.101921,-0.401468,0.121052,-0.206843,0.111376,-0.047273,-0.027622,0.152048,0.076335,0.174305,-0.269700,1.078557,-0.027243,-0.027040,0.310177,-0.000099,-0.109773,0.048516,1.189045,-0.169078,-0.011333,-0.195539
-0.003734,0.022722,0.778349,-0.009104,-0.019721,-0.701717,0.712125,0.137087,0.056933,0.248785,0.126104,-0.266034,-0.029513,0.164471,-0.101732,-0.402220,0.121088,-0.206318,0.110071,-0.046481,-0.027172,0.150777,0.075753,0.174295,-0.271337,1.079105,-0.027883,-0.025448,0.310826,0.000178,-0.110424,0.048709,1.191373,-0.170088,-0.012073,-0.196266
-0.003930,0.022861,0.778355,-0.008736,-0.019552,-0.701467,0.712380,0.135908,0.057052,0.248528,0.125976,-0.264755,-0.031182,0.163523,-0.101848,-0.402939,0.121036,-0.206753,0.110569,-0.046007,-0.027429,0.150407,0.074505,0.174426,-0.271714,1.079528,-0.024585,-0.020870,0.313226,-0.000205,-0.111205,0.048867,1.191740,-0.171094,-0.012059,-0.195102
-0.004300,0.023177,0.778477,-0.008574,-0.019450,-0.701028,0.712817,0.134590,0.057437,0.246951,0.125960,-0.263575,-0.031197,0.162978,-0.101469,-0.404555,0.120980,-0.205986,0.110270,-0.046300,-0.027139,0.151070,0.072362,0.175076,-0.272086,1.079801,-0.019223,-0.014074,0.313297,-0.000535,-0.111718,0.046857,1.190025,-0.173178,-0.012049,-0.195320
-0.004920,0.023792,0.778700,-0.008248,-0.019325,-0.700257,0.713581,0.132263,0.058091,0.244555,0.125842,-0.260123,-0.032575,0.161718,-0.101007,-0.406741,0.120928,-0.204933,0.108961,-0.044698,-0.027585,0.151824,0.068091,0.176562,-0.275116,1.081034,-0.012185,-0.006704,0.315817,-0.001707,-0.112729,0.049570,1.191064,-0.168824,-0.014006,-0.195074
-0.005482,0.024450,0.778915,-0.007654,-0.019398,-0.698013,0.715781,0.128742,0.057304,0.238120,0.125694,-0.255632,-0.033377,0.161630,-0.101707,-0.413295,0.120759,-0.204310,0.109109,-0.049252,-0.028607,0.152249,0.067536,0.178050,-0.274700,1.079550,-0.008294,-0.008504,0.320475,-0.003029,-0.113194,0.047622,1.188765,-0.172686,-0.010196,-0.191352
-0.006708,0.026126,0.779306,-0.006989,-0.019417,-0.696145,0.717605,0.122994,0.057598,0.233258,0.126791,-0.249550,-0.033609,0.159154,-0.101332,-0.417963,0.120742,-0.202487,0.106286,-0.049721,-0.030226,0.153835,0.063648,0.180443,-0.274889,1.079856,-0.003314,-0.018095,0.336399,-0.006945,-0.112713,0.050692,1.192488,-0.172586,-0.012392,-0.194709
-0.008398,0.028214,0.779690,-0.006290,-0.018607,-0.692554,0.721098,0.101844,0.062043,0.222125,0.154206,-0.255289,-0.031926,0.156181,-0.099148,-0.428711,0.120473,-0.200149,0.103208,-0.053640,-0.032344,0.155504,0.061448,0.184354,-0.270228,1.072734,0.002108,-0.022950,0.351885,-0.011226,-0.111998,0.055632,1.193231,-0.171408,-0.010920,-0.192542
-0.010226,0.031225,0.780029,-0.005031,-0.017160,-0.688633,0.724890,0.077165,0.066342,0.210804,0.181263,-0.258360,-0.032671,0.150060,-0.096852,-0.440022,0.120127,-0.197504,0.099489,-0.054984,-0.032630,0.158406,0.057809,0.188789,-0.265844,1.060006,0.000816,-0.032355,0.362886,-0.015446,-0.112255,0.062275,1.193604,-0.173755,-0.012692,-0.196048
-0.012598,0.034953,0.780380,-0.005531,-0.017780,-0.683105,0.730083,0.055920,0.069785,0.194837,0.208990,-0.260208,-0.032852,0.149978,-0.094838,-0.458117,0.119595,-0.195005,0.094829,-0.054915,-0.033995,0.168703,0.050515,0.194143,-0.259358,1.046467,0.007106,-0.039110,0.370545,-0.019964,-0.113227,0.068100,1.193469,-0.171159,-0.013190,-0.194884
-0.015117,0.040237,0.781222,-0.001379,-0.013634,-0.673654,0.738920,0.010324,0.071089,0.169495,0.244196,-0.254916,-0.035033,0.135125,-0.094080,-0.484849,0.118604,-0.188565,0.090365,-0.058456,-0.033106,0.173358,0.036850,0.198060,-0.253789,1.030892,0.008440,-0.048726,0.384085,-0.021340,-0.113546,0.054792,1.181882,-0.179195,-0.010459,-0.192545
-0.017640,0.047618,0.781803,0.003402,-0.010148,-0.665034,0.746736,-0.045620,0.069907,0.145270,0.295298,-0.249423,-0.040619,0.113602,-0.097569,-0.507322,0.123653,-0.183816,0.084950,-0.056501,-0.035442,0.180916,0.017205,0.200981,-0.240798,1.018336,0.015965,-0.051207,0.386799,-0.027321,-0.116904,0.063919,1.168131,-0.168752,0.001006,-0.202068
-0.020136,0.055037,0.781773,0.006523,-0.005367,-0.652136,0.758055,-0.114662,0.071739,0.115031,0.370216,-0.249678,-0.051901,0.083497,-0.104635,-0.539317,0.156772,-0.193145,0.075958,-0.062451,-0.033765,0.187933,-0.004011,0.202649,-0.231739,1.012595,0.023596,-0.052074,0.389783,-0.042601,-0.123788,0.073472,1.184633,-0.152632,-0.006151,-0.197441
-0.021480,0.062638,0.781006,0.006210,-0.001997,-0.640324,0.768078,-0.164329,0.082808,0.115092,0.432493,-0.248839,-0.083918,0.060142,-0.111686,-0.568696,0.192048,-0.205379,0.069192,-0.064394,-0.027075,0.203000,-0.025010,0.202095,-0.231264,1.010702,0.029375,-0.052732,0.398631,-0.050345,-0.136112,0.075226,1.185459,-0.157873,-0.004135,-0.192623
-0.022085,0.068729,0.780380,0.003749,-0.002841,-0.632959,0.774171,-0.189544,0.138105,0.209296,0.531174,-0.297473,-0.054006,0.055266,-0.116632,-0.587902,0.207375,-0.210645,0.067433,-0.060985,-0.024193,0.216530,-0.038628,0.201386,-0.238886,1.017663,0.025462,-0.052741,0.398299,-0.061350,-0.152337,0.084397,1.193378,-0.160452,0.002486,-0.188147
-0.021599,0.074350,0.779817,0.000310,-0.001590,-0.634127,0.773227,-0.201323,0.212163,0.274401,0.647756,-0.375379,0.009311,0.044745,-0.113544,-0.585256,0.217857,-0.208893,0.064133,-0.051365,-0.018748,0.222113,-0.036160,0.200097,-0.240300,1.020441,0.018346,-0.053810,0.395054,-0.076873,-0.167769,0.086729,1.198444,-0.163882,0.007794,-0.189632
-0.020200,0.078418,0.779038,-0.003304,-0.000795,-0.635588,0.772021,-0.202841,0.260021,0.253760,0.742686,-0.417719,0.031336,0.039569,-0.110506,-0.582323,0.224231,-0.207743,0.064575,-0.047523,-0.017224,0.219426,-0.022527,0.200008,-0.237855,1.025581,0.018638,-0.052734,0.387651,-0.081671,-0.173992,0.065564,1.185590,-0.173962,0.011954,-0.196947
-0.017417,0.081929,0.778669,-0.009050,-0.001368,-0.634990,0.772466,-0.195408,0.294724,0.193943,0.814772,-0.433322,0.045651,0.043193,-0.107604,-0.583329,0.227815,-0.201978,0.065864,-0.051505,-0.016009,0.218649,-0.008702,0.204330,-0.246992,1.039386,0.015081,-0.052891,0.383192,-0.082952,-0.178221,0.054977,1.167699,-0.165302,0.006265,-0.202774
-0.013508,0.085535,0.778093,-0.013480,-0.002969,-0.634662,0.772667,-0.168901,0.330268,0.147562,0.843518,-0.409374,0.041173,0.047017,-0.109935,-0.582308,0.231070,-0.199377,0.069021,-0.055167,-0.018973,0.217215,0.003510,0.211808,-0.257890,1.059003,0.001895,-0.055193,0.379069,-0.078999,-0.179313,0.044780,1.139262,-0.170917,0.003254,-0.205390
-0.008469,0.089283,0.777453,-0.017589,-0.003098,-0.634592,0.772641,-0.136396,0.367776,0.112866,0.841545,-0.369480,0.039416,0.047775,-0.112581,-0.580465,0.234256,-0.193493,0.076720,-0.055856,-0.019729,0.213157,0.012672,0.217873,-0.264478,1.081765,-0.004118,-0.052204,0.375898,-0.070000,-0.178639,0.032819,1.106049,-0.182400,0.003074,-0.202494
-0.001988,0.092550,0.776584,-0.019549,0.000643,-0.630022,0.776331,-0.108265,0.399313,0.079626,0.805740,-0.357387,0.025376,0.042985,-0.117638,-0.590372,0.237550,-0.188492,0.085006,-0.061267,-0.017800,0.197031,0.022473,0.223896,-0.269775,1.101310,-0.012165,-0.050346,0.370084,-0.053873,-0.177079,0.022643,1.082406,-0.192398,0.003972,-0.204047
0.005752,0.097745,0.775358,-0.024283,0.001377,-0.625134,0.780138,-0.069602,0.423510,0.049421,0.744683,-0.341194,0.005704,0.041756,-0.127180,-0.599859,0.250259,-0.186184,0.094217,-0.065410,-0.015274,0.194651,0.024942,0.230784,-0.273574,1.111553,-0.017830,-0.048146,0.365926,-0.048097,-0.177728,0.020380,1.078730,-0.190967,0.001599,-0.208158
0.015240,0.103557,0.773876,-0.028585,0.002570,-0.617101,0.786361,-0.037842,0.438562,0.017126,0.667356,-0.316220,-0.017730,0.040929,-0.141869,-0.616101,0.264721,-0.183031,0.108072,-0.073880,-0.012178,0.192930,0.027868,0.237691,-0.273999,1.107519,-0.007974,-0.049616,0.367436,-0.041310,-0.177352,0.013425,1.082187,-0.186276,0.002143,-0.208625
0.027051,0.110563,0.771964,-0.030974,0.004926,-0.606761,0.794265,-0.017281,0.449288,-0.003531,0.587333,-0.315237,-0.036228,0.031072,-0.168168,-0.635483,0.293903,-0.184172,0.124097,-0.083937,-0.008220,0.188383,0.023552,0.245640,-0.280321,1.102791,-0.002443,-0.053830,0.365888,-0.032560,-0.177850,0.004224,1.090019,-0.180899,0.002297,-0.208038
0.040954,0.118272,0.769693,-0.033627,0.006588,-0.592530,0.804819,-0.014587,0.459014,-0.013590,0.529454,-0.319642,-0.049381,0.028119,-0.200439,-0.664104,0.321943,-0.182743,0.143991,-0.101418,-0.003885,0.184996,0.018025,0.253931,-0.284548,1.092235,0.014382,-0.050315,0.365484,-0.020341,-0.178854,-0.001587,1.099312,-0.176827,0.002061,-0.208385
0.056888,0.128075,0.767314,-0.037039,0.002978,-0.580621,0.813326,-0.012255,0.463517,0.010321,0.498268,-0.311126,-0.064421,0.031016,-0.243191,-0.683104,0.353666,-0.177757,0.167679,-0.109418,-0.003662,0.194923,0.002407,0.263108,-0.295029,1.084929,0.016827,-0.054269,0.363478,-0.010449,-0.181521,-0.005083,1.107808,-0.170600,0.000520,-0.209100
0.076042,0.140121,0.763795,-0.040216,0.005651,-0.569425,0.821039,-0.000114,0.458357,0.030650,0.431334,-0.300939,-0.170274,0.022201,-0.282633,-0.698458,0.380743,-0.160790,0.195608,-0.118136,0.007816,0.196045,-0.015207,0.270433,-0.309041,1.076999,0.020588,-0.050537,0.363267,-0.002965,-0.189555,-0.007421,1.117371,-0.163166,-0.003246,-0.199627
0.098080,0.154366,0.759741,-0.044782,0.008020,-0.559940,0.827283,0.008117,0.440361,0.050877,0.397843,-0.337037,-0.242215,0.019031,-0.319369,-0.705185,0.389947,-0.126545,0.233424,-0.126590,0.025313,0.200867,-0.034062,0.273336,-0.322956,1.071241,0.022957,-0.052639,0.357657,0.010669,-0.199796,-0.026298,1.098900,-0.177652,0.005978,-0.195269
0.122034,0.170521,0.757926,-0.045742,0.004857,-0.555167,0.830466,-0.007856,0.399211,0.062869,0.433474,-0.403238,-0.224073,0.021278,-0.361620,-0.689710,0.370740,-0.063766,0.261800,-0.127119,0.031791,0.214027,-0.051578,0.272117,-0.334153,1.062475,0.037382,-0.051191,0.371906,0.019699,-0.215295,-0.042571,1.076804,-0.176918,0.008141,-0.184999
0.147367,0.188541,0.757648,-0.042139,0.004416,-0.557374,0.829180,-0.063315,0.347302,0.057230,0.529696,-0.451927,-0.186230,0.001442,-0.407731,-0.668071,0.348653,0.023923,0.261800,-0.119095,0.037412,0.216773,-0.068650,0.272621,-0.347126,1.061938,0.035881,-0.052473,0.365955,0.022577,-0.233027,-0.059021,1.053774,-0.172716,0.008050,-0.174983
0.172933,0.206812,0.757982,-0.037270,0.008901,-0.568042,0.822107,-0.103764,0.308678,0.088065,0.589186,-0.478716,-0.165400,-0.038192,-0.439849,-0.627111,0.311536,0.132243,0.261800,-0.101168,0.049704,0.209660,-0.073546,0.277520,-0.350432,1.056684,0.046260,-0.045877,0.350394,0.017499,-0.250769,-0.070359,1.035382,-0.175216,0.012067,-0.163609
0.196939,0.223566,0.757242,-0.033972,0.011237,-0.583189,0.811548,-0.122660,0.277366,0.135250,0.627899,-0.507322,-0.135522,-0.076303,-0.458971,-0.572647,0.289236,0.181104,0.261800,-0.081545,0.057764,0.206008,-0.062952,0.292139,-0.342516,1.039472,0.052997,-0.043560,0.343814,0.004070,-0.268472,-0.067690,1.018466,-0.179125,0.017986,-0.146842
0.219378,0.238633,0.757251,-0.030729,0.007271,-0.591080,0.805995,-0.128869,0.232027,0.169256,0.648332,-0.519983,-0.092472,-0.104433,-0.487818,-0.493652,0.369288,0.083107,0.261800,-0.079136,0.054523,0.210066,-0.045919,0.316022,-0.328977,1.024608,0.059305,-0.044297,0.349435,-0.011886,-0.281165,-0.055685,1.008189,-0.176143,0.013666,-0.146471
0.239611,0.251724,0.758220,-0.031940,-0.002116,-0.593268,0.804368,-0.113764,0.184959,0.188646,0.645240,-0.520498,-0.054659,-0.076221,-0.543304,-0.537904,0.509700,-0.078961,0.200389,-0.084026,0.046569,0.225530,-0.022809,0.340434,-0.297594,1.017180,0.049288,-0.037570,0.351713,-0.023449,-0.282971,-0.048071,1.004884,-0.177628,0.011036,-0.153804
0.257799,0.263667,0.760120,-0.033831,-0.003207,-0.597399,0.801224,-0.109688,0.155765,0.208510,0.635026,-0.515269,-0.023397,-0.027942,-0.585577,-0.640210,0.663952,-0.213602,0.092792,-0.081552,0.049571,0.225674,0.006823,0.360450,-0.258847,1.012078,0.026378,-0.028023,0.354412,-0.032533,-0.278385,-0.043536,1.007177,-0.176416,0.013312,-0.151128
0.273899,0.274011,0.761844,-0.031639,-0.002150,-0.602095,0.797794,-0.108741,0.124750,0.227416,0.612105,-0.505026,-0.000336,0.010010,-0.591085,-0.680305,0.818157,-0.309641,0.028941,-0.074438,0.047305,0.215345,0.038344,0.379216,-0.221952,1.009603,0.007421,-0.026674,0.348582,-0.039156,-0.269536,-0.034385,1.012903,-0.172554,0.012051,-0.144863
0.288495,0.283704,0.763067,-0.031004,0.001034,-0.611501,0.790635,-0.109863,0.108721,0.258532,0.595698,-0.496296,0.014556,0.028814,-0.526637,-0.642364,0.928395,-0.349914,0.032607,-0.061146,0.047948,0.203683,0.078977,0.394750,-0.184932,1.003771,0.001448,-0.020676,0.347674,-0.053401,-0.260284,-0.011811,1.029057,-0.169316,0.014415,-0.142134
0.302450,0.292631,0.763220,-0.029833,0.000728,-0.627096,0.778370,-0.101999,0.089139,0.295721,0.576705,-0.491711,0.036420,0.035192,-0.404954,-0.533554,0.979627,-0.333345,0.112376,-0.034388,0.043549,0.194083,0.122293,0.402842,-0.151944,1.002992,-0.010521,-0.016311,0.344447,-0.069862,-0.251711,0.015358,1.056402,-0.172087,0.011753,-0.146180
0.316037,0.300502,0.762545,-0.026074,0.001355,-0.643415,0.765072,-0.101174,0.068410,0.336378,0.561454,-0.488255,0.062169,0.044610,-0.238229,-0.396893,0.974467,-0.294484,0.237900,-0.005678,0.036581,0.175812,0.168184,0.404388,-0.129432,1.002852,-0.026272,-0.012646,0.335471,-0.083368,-0.243150,0.041531,1.084832,-0.166447,0.009047,-0.148082
0.328068,0.308990,0.761353,-0.025738,0.011584,-0.664341,0.746896,-0.126219,0.082528,0.385996,0.579595,-0.496900,0.076790,0.060971,-0.039727,-0.286865,0.916912,-0.238491,0.261800,0.035472,0.046765,0.148911,0.207447,0.397912,-0.116443,1.007553,-0.025221,-0.006240,0.330541,-0.095042,-0.234839,0.063243,1.104843,-0.149091,0.003817,-0.146575
0.340559,0.317584,0.759400,-0.024000,0.020750,-0.684669,0.728163,-0.150451,0.092528,0.433947,0.593467,-0.507039,0.094342,0.101132,0.115138,-0.230408,0.827626,-0.175912,0.261800,0.080207,0.058108,0.119413,0.237547,0.382270,-0.121033,1.021257,-0.010428,-0.001163,0.328961,-0.096839,-0.232144,0.081178,1.112485,-0.140285,-0.000102,-0.143398
0.354505,0.326962,0.756985,-0.017549,0.023538,-0.702435,0.711142,-0.169410,0.078875,0.481556,0.592416,-0.505742,0.123323,0.142396,0.195649,-0.220261,0.753545,-0.150972,0.261800,0.122206,0.057989,0.092254,0.262184,0.357584,-0.129424,1.032425,0.013167,0.007996,0.323321,-0.094398,-0.235884,0.101945,1.113411,-0.140227,0.001526,-0.143811
0.368916,0.337997,0.755038,-0.010670,0.024910,-0.718257,0.695250,-0.192614,0.062786,0.526743,0.590444,-0.491683,0.151200,0.172060,0.235558,-0.232698,0.689397,-0.141968,0.261800,0.158141,0.055038,0.071835,0.290278,0.316895,-0.101017,1.024598,0.032349,0.015855,0.311776,-0.094294,-0.240520,0.111508,1.110059,-0.152018,0.003796,-0.142047
0.383740,0.350694,0.753585,-0.005860,0.023878,-0.732369,0.680464,-0.216125,0.046768,0.564719,0.591169,-0.469839,0.182032,0.199171,0.265366,-0.235568,0.610613,-0.108669,0.261800,0.183244,0.053690,0.060774,0.321965,0.266750,-0.073182,1.016368,0.022819,0.003025,0.311796,-0.104490,-0.247833,0.123912,1.119616,-0.146590,0.002842,-0.147495
0.399196,0.364638,0.752037,-0.001266,0.018580,-0.741812,0.670350,-0.233947,0.016947,0.592702,0.578850,-0.436453,0.213144,0.214628,0.285592,-0.208200,0.526514,-0.043891,0.261800,0.192622,0.049446,0.059159,0.346176,0.215434,-0.066858,1.020745,0.015638,0.001419,0.307293,-0.114349,-0.256483,0.127081,1.126739,-0.149051,0.003665,-0.153495
0.416213,0.380338,0.750577,0.004352,0.007045,-0.746584,0.665240,-0.239276,-0.038108,0.612962,0.535471,-0.381427,0.244456,0.207025,0.271383,-0.164906,0.470669,0.001723,0.261800,0.186664,0.037178,0.070741,0.359146,0.167942,-0.078150,1.036472,0.025985,0.009505,0.295373,-0.125680,-0.267469,0.130534,1.131044,-0.147995,0.001984,-0.158460
0.434403,0.398263,0.748376,0.009783,-0.005740,-0.747563,0.664094,-0.243185,-0.098540,0.633820,0.482447,-0.311897,0.261800,0.167049,0.219650,-0.166782,0.550617,-0.145267,0.147468,0.172061,0.025067,0.087002,0.363144,0.124638,-0.100118,1.056836,0.031280,0.009182,0.277785,-0.136204,-0.281910,0.133352,1.130695,-0.144206,0.002167,-0.158105
0.450691,0.418773,0.744973,0.008308,-0.007340,-0.747088,0.664633,-0.286301,-0.102958,0.647939,0.509723,-0.265219,0.261800,0.164771,0.205975,-0.205930,0.533123,-0.247432,-0.029618,0.158511,0.036506,0.098529,0.353888,0.091474,-0.132857,1.081085,0.042768,0.010018,0.266135,-0.141351,-0.298395,0.134072,1.127005,-0.142221,-0.002257,-0.160362
0.467097,0.441224,0.742366,0.004398,-0.006169,-0.740977,0.671488,-0.341426,-0.099250,0.648921,0.552323,-0.193670,0.261800,0.187921,0.207543,-0.240818,0.447611,-0.325139,-0.100160,0.137321,0.055378,0.113099,0.332940,0.067911,-0.163845,1.100968,0.049473,0.012689,0.266165,-0.140662,-0.317663,0.134748,1.124974,-0.145025,-0.005065,-0.157880
0.483451,0.465539,0.741646,0.000201,-0.003175,-0.731580,0.681748,-0.413456,-0.093956,0.627567,0.602403,-0.078255,0.261800,0.199564,0.213051,-0.263456,0.358767,-0.369699,-0.115167,0.113927,0.076935,0.133438,0.302511,0.050259,-0.181771,1.116290,0.053759,0.011909,0.272301,-0.134870,-0.339669,0.131536,1.122939,-0.144420,-0.006354,-0.149715
0.499329,0.491313,0.742217,-0.002738,-0.001393,-0.720536,0.693410,-0.495791,-0.117524,0.534662,0.625849,0.084934,0.201957,0.196579,0.210237,-0.289116,0.286957,-0.388939,-0.107761,0.089839,0.094292,0.159341,0.261534,0.042664,-0.197720,1.130686,0.043706,0.014155,0.278987,-0.128647,-0.360910,0.127792,1.132839,-0.136132,-0.007989,-0.145421
0.512558,0.515422,0.742796,-0.011100,-0.002957,-0.716502,0.697491,-0.516376,-0.166839,0.357496,0.577662,0.144821,-0.188220,0.197852,0.209302,-0.302120,0.240592,-0.398773,-0.108171,0.082810,0.108417,0.194604,0.226501,0.048798,-0.206089,1.136594,0.041471,0.015943,0.281465,-0.118983,-0.373904,0.121439,1.152300,-0.128560,-0.005808,-0.138534
0.526827,0.536829,0.742916,-0.017977,-0.011807,-0.709226,0.704653,-0.472598,-0.197611,0.295477,0.495727,0.172189,-0.261800,0.171824,0.175941,-0.337167,0.285188,-0.433175,-0.096405,0.057846,0.105607,0.230921,0.206843,0.065903,-0.206814,1.129232,0.043782,0.017214,0.281915,-0.107696,-0.377789,0.117429,1.178653,-0.118612,-0.003840,-0.134313
0.537229,0.556847,0.746730,-0.019408,-0.015647,-0.704776,0.708992,-0.513560,-0.136668,0.277356,0.633024,0.067208,-0.261800,0.129269,0.143923,-0.359362,0.331520,-0.435646,-0.084943,0.034217,0.093810,0.250286,0.190777,0.091912,-0.206252,1.121871,0.041486,0.010861,0.295408,-0.093400,-0.365898,0.091712,1.195847,-0.114527,-0.000273,-0.139020
0.546005,0.574889,0.751073,-0.018608,-0.016863,-0.700208,0.713497,-0.544620,-0.050557,0.255444,0.777977,-0.047168,-0.261800,0.086079,0.115409,-0.376499,0.367272,-0.425718,-0.081296,0.013134,0.077061,0.258403,0.177538,0.125933,-0.199281,1.113495,0.036105,0.012633,0.300704,-0.063815,-0.344331,0.056677,1.192478,-0.111229,0.001096,-0.140951
0.553491,0.590984,0.754842,-0.017746,-0.018476,-0.693371,0.720125,-0.554967,0.021304,0.198455,0.890584,-0.141895,-0.261800,0.059513,0.090328,-0.398293,0.378549,-0.410258,-0.079157,-0.005682,0.056919,0.262886,0.163037,0.165842,-0.191656,1.106727,0.033541,0.013219,0.302313,-0.018343,-0.318341,0.028059,1.171831,-0.104651,0.000285,-0.138731
0.560819,0.605198,0.757638,-0.019976,-0.019231,-0.684321,0.728653,-0.539986,0.102130,0.148535,0.970472,-0.199773,-0.261800,0.052472,0.079519,-0.412932,0.361821,-0.389668,-0.043050,-0.024237,0.043297,0.267536,0.145256,0.205950,-0.184924,1.099245,0.025625,0.018354,0.302091,0.032400,-0.290481,0.012216,1.153799,-0.109600,-0.001373,-0.142678
0.568426,0.617732,0.759742,-0.026720,-0.015454,-0.678545,0.733910,-0.511624,0.203827,0.093128,1.026911,-0.244840,-0.261646,0.052467,0.083272,-0.430679,0.332052,-0.360779,-0.014433,-0.035359,0.044742,0.267548,0.131909,0.239212,-0.174344,1.090813,0.019347,0.017502,0.305380,0.078346,-0.262402,0.000661,1.148946,-0.112560,0.002290,-0.143549
0.578034,0.629283,0.761037,-0.030796,-0.012192,-0.675082,0.736999,-0.460070,0.317009,0.087585,1.041303,-0.268689,-0.213716,0.039247,0.074849,-0.441495,0.329803,-0.346232,0.012910,-0.044017,0.045906,0.262454,0.123491,0.261749,-0.159452,1.075647,0.004576,0.013836,0.305042,0.114433,-0.238107,-0.005029,1.160977,-0.109459,0.004530,-0.138782
0.588859,0.640365,0.761744,-0.033134,-0.007888,-0.673941,0.738000,-0.396183,0.434940,0.116647,1.033334,-0.294039,-0.163600,0.018397,0.063003,-0.445979,0.336227,-0.334356,0.040590,-0.050708,0.048536,0.253025,0.116846,0.273769,-0.146370,1.056640,0.005562,0.016080,0.313407,0.140088,-0.218643,-0.007088,1.180369,-0.105056,0.010179,-0.130466
0.600658,0.651352,0.762225,-0.034739,-0.004624,-0.673720,0.738155,-0.316491,0.530757,0.155097,1.000267,-0.302766,-0.125688,-0.005493,0.045810,-0.445381,0.351232,-0.325100,0.069045,-0.057291,0.051336,0.246198,0.107860,0.277661,-0.143692,1.040218,0.007068,0.013431,0.317770,0.157846,-0.202954,-0.009765,1.198591,-0.097385,0.011854,-0.127123
0.613887,0.662351,0.762566,-0.034700,-0.001355,-0.672960,0.738863,-0.239907,0.592247,0.184085,0.959018,-0.281274,-0.074937,-0.035530,0.021478,-0.445915,0.374362,-0.316915,0.093356,-0.067687,0.053348,0.236026,0.095698,0.274636,-0.153541,1.033636,0.013369,0.013596,0.317519,0.171243,-0.190977,-0.010320,1.209932,-0.100399,0.014309,-0.125866
0.628357,0.673543,0.762876,-0.032769,0.003248,-0.671969,0.739847,-0.168127,0.634562,0.222661,0.912368,-0.259876,-0.026047,-0.074554,-0.006753,-0.442915,0.404933,-0.307743,0.103336,-0.079787,0.056239,0.221978,0.081829,0.265501,-0.169788,1.029448,0.021847,0.013996,0.305463,0.179321,-0.182165,-0.016063,1.209045,-0.106056,0.018751,-0.122813
0.644121,0.685530,0.762908,-0.029770,0.008455,-0.668378,0.743178,-0.101823,0.652172,0.255290,0.845783,-0.266580,-0.037566,-0.120912,-0.040764,-0.442749,0.444320,-0.293819,0.085290,-0.096460,0.060400,0.208206,0.060669,0.253066,-0.195736,1.031454,0.039342,0.015220,0.296797,0.186075,-0.175682,-0.027689,1.190576,-0.114480,0.019921,-0.125179
0.660798,0.698187,0.762595,-0.027161,0.013413,-0.661321,0.749492,-0.055620,0.640985,0.243132,0.768790,-0.256039,-0.061789,-0.162013,-0.078785,-0.449769,0.478124,-0.275495,0.076612,-0.115678,0.064538,0.194810,0.033383,0.240575,-0.229291,1.040493,0.059542,0.013401,0.290741,0.194389,-0.169100,-0.048336,1.162314,-0.110818,0.014407,-0.130649
0.678823,0.711882,0.761917,-0.025974,0.016707,-0.651703,0.757845,-0.024019,0.620684,0.221469,0.697524,-0.238272,-0.074650,-0.194187,-0.122747,-0.462746,0.506185,-0.253954,0.083768,-0.133340,0.069414,0.187658,0.001093,0.230424,-0.267878,1.044567,0.083469,0.017499,0.277501,0.199578,-0.163130,-0.066277,1.142073,-0.098555,-0.003653,-0.149148
0.698872,0.727505,0.760101,-0.024422,0.019589,-0.641286,0.766663,0.004876,0.585174,0.199332,0.611362,-0.231429,-0.114785,-0.232368,-0.175518,-0.469900,0.544533,-0.228007,0.101094,-0.147293,0.074053,0.183663,-0.032296,0.220815,-0.302506,1.036628,0.115071,0.021870,0.275117,0.192661,-0.163451,-0.071843,1.140912,-0.086438,-0.014831,-0.160188
0.721191,0.745778,0.757152,-0.019353,0.022464,-0.630503,0.775620,0.063555,0.534942,0.247407,0.449417,-0.226636,-0.261800,-0.279775,-0.240164,-0.467724,0.583354,-0.196048,0.127920,-0.158399,0.076979,0.177926,-0.070401,0.212840,-0.341153,1.026250,0.125649,0.017751,0.275429,0.173719,-0.171421,-0.073840,1.151044,-0.088496,-0.012339,-0.161723
0.744876,0.765999,0.755468,-0.013388,0.018695,-0.621017,0.783460,0.092690,0.467092,0.300333,0.347463,-0.260818,-0.261800,-0.310241,-0.310596,-0.454846,0.595897,-0.149426,0.163097,-0.165671,0.068621,0.182650,-0.110202,0.208094,-0.374187,1.023097,0.136483,0.008454,0.280032,0.150792,-0.183901,-0.073488,1.155205,-0.087522,-0.004698,-0.154286
0.768875,0.787608,0.755514,-0.019027,0.015027,-0.615412,0.787833,0.083829,0.439007,0.336869,0.359682,-0.339971,-0.261800,-0.306292,-0.345041,-0.445463,0.557860,-0.068118,0.196244,-0.163565,0.075676,0.206924,-0.152724,0.203446,-0.399628,1.031880,0.130602,0.008089,0.282409,0.125543,-0.199410,-0.073392,1.155763,-0.083558,-0.009169,-0.156229
0.793737,0.811690,0.757602,-0.020656,0.006895,-0.611785,0.790724,0.036127,0.396385,0.322097,0.440094,-0.396516,-0.241354,-0.299451,-0.384049,-0.417701,0.496125,0.044596,0.238110,-0.158878,0.071544,0.238568,-0.194095,0.200351,-0.415443,1.044153,0.122393,0.011586,0.281960,0.096892,-0.217396,-0.075786,1.143489,-0.085625,-0.009134,-0.155847
0.819027,0.836833,0.759422,-0.013582,0.002506,-0.614558,0.788750,-0.018273,0.338136,0.323145,0.505437,-0.426173,-0.197931,-0.314736,-0.421166,-0.377053,0.414688,0.177518,0.261800,-0.142391,0.063124,0.251090,-0.224606,0.202955,-0.429259,1.053768,0.116284,0.012928,0.280701,0.067942,-0.238167,-0.076146,1.129283,-0.096489,-0.007986,-0.156011
0.841921,0.859378,0.760169,-0.011704,0.003338,-0.626352,0.779445,-0.047901,0.307695,0.358992,0.545491,-0.453742,-0.167523,-0.290760,-0.416548,-0.385334,0.274272,0.268694,0.261800,-0.113802,0.066834,0.255326,-0.226842,0.215869,-0.428628,1.047752,0.112981,0.012164,0.277152,0.041700,-0.260549,-0.063752,1.114358,-0.101120,-0.005926,-0.152323
0.864502,0.879728,0.761879,-0.010228,-0.000320,-0.633232,0.773895,-0.063747,0.262634,0.385951,0.561501,-0.465080,-0.114071,-0.289500,-0.436788,-0.377139,0.315190,0.170201,0.261800,-0.105701,0.065065,0.262845,-0.207101,0.237928,-0.416377,1.038787,0.101676,0.003391,0.284839,0.011129,-0.281557,-0.046708,1.105114,-0.105220,-0.007833,-0.150042
0.885668,0.898089,0.764605,-0.011718,-0.006056,-0.635033,0.772372,-0.064351,0.215463,0.402038,0.550062,-0.459264,-0.069186,-0.281487,-0.489885,-0.423884,0.499276,-0.005291,0.206820,-0.109596,0.062107,0.276104,-0.170158,0.259934,-0.379025,1.030909,0.094516,0.007448,0.292666,-0.010322,-0.292721,-0.046382,1.085194,-0.116001,-0.006703,-0.148763
0.903629,0.914509,0.766908,-0.014495,-0.005413,-0.638151,0.769756,-0.074462,0.188192,0.412651,0.541918,-0.451614,-0.041323,-0.236927,-0.545795,-0.547624,0.706345,-0.150144,0.094022,-0.106728,0.064489,0.276630,-0.123556,0.282432,-0.341627,1.030252,0.070560,0.014964,0.304583,-0.022744,-0.296968,-0.040078,1.067579,-0.116501,-0.007758,-0.146008
0.919726,0.929549,0.767769,-0.013309,-0.003987,-0.640687,0.767677,-0.091204,0.157310,0.420774,0.532854,-0.444790,-0.011113,-0.178261,-0.577803,-0.628804,0.902344,-0.271622,0.010681,-0.101190,0.059868,0.267613,-0.075106,0.306600,-0.314558,1.036787,0.040509,0.012561,0.308027,-0.029635,-0.295227,-0.034293,1.051835,-0.122289,-0.005055,-0.147221
0.934437,0.943438,0.767663,-0.011047,-0.002215,-0.645004,0.764096,-0.108122,0.129371,0.434472,0.524267,-0.439270,0.017981,-0.133190,-0.542981,-0.623047,1.044272,-0.331224,-0.016342,-0.089482,0.053093,0.255319,-0.025311,0.330323,-0.292194,1.046574,0.027164,0.015577,0.298415,-0.032091,-0.289211,-0.033215,1.038574,-0.133040,-0.003180,-0.146010
0.948426,0.956337,0.766772,-0.007775,-0.000738,-0.652918,0.757389,-0.123879,0.104781,0.456605,0.517745,-0.433334,0.041826,-0.108172,-0.432266,-0.538380,1.109113,-0.320214,0.060467,-0.066584,0.043882,0.240222,0.027279,0.346893,-0.262904,1.058295,0.020609,0.021353,0.295106,-0.036556,-0.285378,-0.018170,1.047252,-0.128468,-0.007852,-0.145111
0.961778,0.968861,0.765393,-0.003676,0.000931,-0.662122,0.749387,-0.143153,0.082847,0.480952,0.514703,-0.426894,0.067155,-0.089290,-0.261816,-0.412395,1.107382,-0.269926,0.202366,-0.041402,0.034878,0.221988,0.082970,0.352100,-0.223939,1.066560,0.004143,0.024013,0.294145,-0.043124,-0.279610,-0.006897,1.064431,-0.130801,-0.005854,-0.146126
0.973188,0.982016,0.764155,-0.004089,0.010849,-0.673318,0.739262,-0.183675,0.095379,0.506226,0.543438,-0.429953,0.088816,-0.059589,-0.053740,-0.310846,1.039204,-0.212604,0.261800,-0.011430,0.042957,0.198766,0.134301,0.349264,-0.185827,1.072767,-0.013531,0.026428,0.287774,-0.054498,-0.273238,0.008418,1.093653,-0.136592,-0.005689,-0.146993
0.983716,0.995627,0.762487,-0.006490,0.019414,-0.681617,0.731423,-0.220665,0.107514,0.519307,0.567717,-0.433387,0.111637,-0.000712,0.122089,-0.247764,0.915841,-0.155605,0.261800,0.011479,0.051747,0.179668,0.177889,0.342863,-0.161939,1.081975,-0.025133,0.027088,0.276272,-0.064911,-0.264443,0.019130,1.120118,-0.131736,-0.004843,-0.143143
0.995255,1.010007,0.760564,-0.003676,0.021247,-0.685846,0.727427,-0.245696,0.089194,0.533190,0.562149,-0.418741,0.137050,0.072154,0.219184,-0.213354,0.761634,-0.114711,0.261800,0.025869,0.045354,0.163479,0.211262,0.333482,-0.152459,1.089896,-0.031452,0.029556,0.265635,-0.069252,-0.255217,0.025867,1.133056,-0.133907,-0.003156,-0.143932
1.007993,1.025863,0.758614,0.003698,0.018055,-0.689181,0.724355,-0.260844,0.047257,0.553431,0.528260,-0.388294,0.168418,0.137159,0.247107,-0.199003,0.599461,-0.070578,0.261800,0.037294,0.028196,0.152102,0.235674,0.319512,-0.147227,1.091670,-0.026036,0.032614,0.255776,-0.071471,-0.247904,0.030650,1.131041,-0.143319,-0.003234,-0.148490
1.022702,1.043551,0.756849,0.012932,0.009773,-0.691381,0.722309,-0.260011,-0.018017,0.575824,0.456584,-0.334555,0.201662,0.168329,0.224645,-0.187217,0.483385,-0.040885,0.261800,0.041351,0.005492,0.150498,0.252306,0.299174,-0.142348,1.088802,-0.025942,0.028821,0.250450,-0.078188,-0.245809,0.040183,1.121496,-0.147763,-0.003855,-0.151435
1.037403,1.064541,0.753554,0.020574,0.008482,-0.694608,0.719044,-0.288060,-0.058831,0.597205,0.418371,-0.285575,0.234733,0.144942,0.192209,-0.222924,0.492167,-0.176121,0.014139,0.046579,-0.000904,0.146465,0.256441,0.272856,-0.140001,1.084502,-0.018710,0.028336,0.248471,-0.093014,-0.251509,0.051735,1.114360,-0.153795,-0.005800,-0.152686
1.051730,1.087661,0.749960,0.021720,0.008026,-0.696668,0.717020,-0.326840,-0.076637,0.612994,0.417384,-0.236995,0.261800,0.153515,0.176393,-0.266645,0.440710,-0.274628,-0.084267,0.048416,0.006158,0.153534,0.245975,0.246269,-0.149843,1.086521,-0.012155,0.028331,0.248887,-0.111008,-0.263219,0.066613,1.108205,-0.158816,-0.008141,-0.153832
1.065434,1.112538,0.747645,0.017295,0.006478,-0.695596,0.718195,-0.377323,-0.076830,0.606827,0.454786,-0.166055,0.261800,0.176483,0.174247,-0.281617,0.358410,-0.337535,-0.095833,0.044175,0.021930,0.174018,0.221260,0.223338,-0.171141,1.089814,0.005866,0.029091,0.250755,-0.131729,-0.279015,0.084983,1.108476,-0.153802,-0.013178,-0.152492
1.078061,1.138838,0.746819,0.010868,0.004986,-0.686733,0.726812,-0.457025,-0.080740,0.540012,0.526957,-0.048834,0.252575,0.183387,0.173637,-0.300558,0.296117,-0.372561,-0.099368,0.026125,0.039929,0.201602,0.183787,0.207508,-0.199559,1.088978,0.024597,0.027151,0.256669,-0.148487,-0.295007,0.095752,1.110333,-0.153302,-0.015096,-0.154045
1.088445,1.164747,0.746616,-0.000189,0.003167,-0.674055,0.738674,-0.516498,-0.117821,0.368455,0.550853,0.080071,0.019408,0.199118,0.183054,-0.333052,0.225633,-0.375580,-0.101511,0.008975,0.060881,0.233928,0.136571,0.202058,-0.235309,1.088517,0.041110,0.027834,0.261834,-0.147557,-0.307296,0.095086,1.103754,-0.149970,-0.015126,-0.150806
1.099153,1.188325,0.746082,-0.010089,-0.004139,-0.659377,0.751733,-0.479740,-0.163645,0.272294,0.467616,0.139848,-0.261800,0.206569,0.173666,-0.376529,0.199141,-0.388603,-0.099840,-0.008247,0.070122,0.265097,0.095135,0.202630,-0.265127,1.081297,0.053378,0.026075,0.266713,-0.130936,-0.314721,0.090238,1.097346,-0.148953,-0.017016,-0.149743
1.108487,1.209521,0.747966,-0.015218,-0.014019,-0.643055,0.765541,-0.498400,-0.159975,0.229833,0.561712,0.068407,-0.261800,0.199019,0.145030,-0.423048,0.209166,-0.400682,-0.092168,-0.030058,0.064541,0.289988,0.060830,0.203540,-0.275760,1.065467,0.065039,0.023765,0.274471,-0.110229,-0.316169,0.088675,1.102868,-0.145620,-0.019232,-0.149735
1.115827,1.228867,0.752224,-0.019118,-0.017876,-0.626353,0.779100,-0.529190,-0.098172,0.214335,0.719847,-0.038983,-0.261800,0.179010,0.121881,-0.467507,0.225368,-0.387577,-0.082973,-0.050201,0.061084,0.302987,0.029417,0.206039,-0.280285,1.052602,0.063862,0.016259,0.282089,-0.083992,-0.308461,0.074934,1.114215,-0.141515,-0.017182,-0.148785
1.122759,1.246046,0.756866,-0.019642,-0.020192,-0.609944,0.791943,-0.543996,-0.051745,0.154102,0.843028,-0.137842,-0.261800,0.155607,0.092532,-0.509410,0.243924,-0.372887,-0.068500,-0.064366,0.053338,0.304517,-0.004196,0.210583,-0.295709,1.053175,0.059804,0.013224,0.285670,-0.049606,-0.294627,0.057398,1.129508,-0.130118,-0.015316,-0.149965
1.129713,1.261858,0.760773,-0.018896,-0.021627,-0.594567,0.803533,-0.535352,0.002777,0.103684,0.931206,-0.202587,-0.261800,0.137572,0.064293,-0.548014,0.251338,-0.356606,-0.051899,-0.074543,0.043591,0.301348,-0.034736,0.215540,-0.309837,1.053782,0.062946,0.015812,0.284620,-0.013551,-0.278239,0.042095,1.145433,-0.122559,-0.012718,-0.147486
1.137055,1.276127,0.763453,-0.021874,-0.021360,-0.580623,0.813598,-0.502300,0.080438,0.062865,0.988951,-0.245947,-0.261800,0.131777,0.049655,-0.580329,0.241805,-0.336154,-0.037579,-0.083591,0.041278,0.298394,-0.056451,0.221241,-0.318401,1.048185,0.066066,0.012575,0.283654,0.021267,-0.261525,0.032686,1.161500,-0.118160,-0.009875,-0.145719
1.145366,1.289808,0.765174,-0.026794,-0.018280,-0.570550,0.820622,-0.458857,0.177866,0.032704,1.022153,-0.267917,-0.242257,0.121017,0.040254,-0.602998,0.239593,-0.316876,-0.025813,-0.090243,0.046362,0.293052,-0.069842,0.225740,-0.320212,1.040177,0.068759,0.010721,0.286244,0.049853,-0.246737,0.026084,1.175780,-0.113906,-0.007197,-0.146699
1.155333,1.303462,0.766133,-0.030156,-0.015331,-0.562662,0.825994,-0.400629,0.276151,0.026075,1.020020,-0.281929,-0.193342,0.100095,0.018292,-0.620593,0.262611,-0.309728,-0.010378,-0.097798,0.049635,0.285971,-0.075803,0.227795,-0.313609,1.032881,0.073092,0.009725,0.291240,0.072278,-0.234666,0.020911,1.185501,-0.108980,-0.005143,-0.144981
1.166557,1.317022,0.766578,-0.032582,-0.011846,-0.556170,0.830345,-0.336522,0.363250,0.022940,0.989683,-0.288416,-0.147768,0.074173,-0.009066,-0.631421,0.293984,-0.306350,0.003174,-0.106908,0.052676,0.276063,-0.076392,0.229712,-0.309360,1.027759,0.074397,0.008237,0.293692,0.089922,-0.225475,0.015852,1.189663,-0.104996,-0.005695,-0.145597
1.179131,1.331041,0.766728,-0.034381,-0.008269,-0.552080,0.833041,-0.265562,0.437741,0.029480,0.933287,-0.278185,-0.109548,0.041900,-0.042689,-0.634541,0.337907,-0.303856,0.015906,-0.116297,0.055400,0.265243,-0.073870,0.233110,-0.313283,1.028702,0.073480,0.005088,0.293787,0.101307,-0.218103,0.005173,1.186211,-0.102836,-0.005865,-0.148449
1.192928,1.345580,0.766271,-0.035392,-0.002793,-0.550124,0.834328,-0.188165,0.495633,0.042469,0.846198,-0.288930,-0.098829,0.004293,-0.076480,-0.632999,0.380470,-0.297855,0.027698,-0.122794,0.058804,0.250328,-0.068367,0.237676,-0.316610,1.031355,0.080890,0.008655,0.287835,0.110622,-0.210325,-0.012989,1.171290,-0.101618,-0.005453,-0.152840
1.208032,1.361043,0.765481,-0.036093,0.004671,-0.549587,0.834644,-0.118514,0.529913,0.045725,0.745691,-0.285044,-0.102186,-0.033152,-0.105634,-0.627541,0.407827,-0.283689,0.042158,-0.128282,0.065295,0.232630,-0.060692,0.241884,-0.318434,1.035249,0.086985,0.011202,0.287768,0.114073,-0.204812,-0.028152,1.157919,-0.091888,-0.012810,-0.158607
1.224728,1.377665,0.764168,-0.035506,0.013051,-0.548722,0.835148,-0.065316,0.536066,0.026367,0.646807,-0.276848,-0.099613,-0.075084,-0.139742,-0.621381,0.436031,-0.265689,0.060757,-0.134132,0.071694,0.212665,-0.051233,0.246117,-0.316830,1.039346,0.089693,0.011833,0.286309,0.112138,-0.199953,-0.041011,1.151461,-0.075596,-0.021763,-0.167540
1.243263,1.396176,0.762149,-0.032530,0.019242,-0.547243,0.836120,-0.025422,0.509223,-0.018406,0.556517,-0.260375,-0.116968,-0.122844,-0.189507,-0.612260,0.476680,-0.246675,0.082997,-0.140619,0.073427,0.194659,-0.045400,0.249875,-0.318929,1.046691,0.082970,0.010084,0.281471,0.104804,-0.197751,-0.051150,1.149332,-0.068849,-0.024643,-0.173394
1.264038,1.417145,0.759118,-0.029664,0.025347,-0.544210,0.838041,0.038052,0.478695,-0.021696,0.411657,-0.243217,-0.261800,-0.169741,-0.243171,-0.602470,0.510328,-0.217283,0.109432,-0.149162,0.077417,0.181066,-0.045588,0.253365,-0.324567,1.054676,0.079719,0.012871,0.280550,0.094074,-0.198597,-0.060340,1.145104,-0.069294,-0.024590,-0.173336
1.286633,1.439915,0.757414,-0.024193,0.023324,-0.542037,0.839682,0.074289,0.422355,0.011397,0.319039,-0.270720,-0.261800,-0.200830,-0.308062,-0.582276,0.521859,-0.172916,0.142210,-0.155168,0.069213,0.178929,-0.049504,0.255627,-0.334143,1.065808,0.076219,0.012571,0.279841,0.082557,-0.201373,-0.069625,1.137727,-0.069419,-0.026122,-0.175731
1.309275,1.463811,0.756837,-0.027474,0.021415,-0.543640,0.838595,0.071377,0.392186,0.060533,0.327564,-0.349647,-0.261800,-0.203449,-0.336149,-0.560174,0.475093,-0.094279,0.178514,-0.154359,0.074378,0.190180,-0.054878,0.256681,-0.347574,1.078100,0.067702,0.014488,0.279758,0.069607,-0.205329,-0.076640,1.128734,-0.073306,-0.027134,-0.176648
1.332738,1.489437,0.757783,-0.025536,0.013539,-0.549506,0.834989,0.061232,0.338605,0.113967,0.361451,-0.408200,-0.235562,-0.205251,-0.373744,-0.520187,0.410233,0.010152,0.217308,-0.145828,0.065550,0.208156,-0.060437,0.257713,-0.360416,1.085887,0.062083,0.017347,0.273369,0.054845,-0.210613,-0.082251,1.113585,-0.069741,-0.024465,-0.171153
1.356356,1.516005,0.759262,-0.016691,0.006332,-0.561427,0.827333,0.034283,0.265702,0.139882,0.406015,-0.438913,-0.190032,-0.234902,-0.416513,-0.454603,0.350919,0.135457,0.245296,-0.127447,0.048566,0.218632,-0.061336,0.260575,-0.367870,1.084182,0.061666,0.020249,0.269792,0.034696,-0.219736,-0.075951,1.101920,-0.066237,-0.022150,-0.158564
1.377192,1.540571,0.759847,-0.011230,0.005853,-0.579258,0.815046,-0.004927,0.221713,0.182019,0.464598,-0.464247,-0.150859,-0.253215,-0.423255,-0.422237,0.271537,0.217521,0.261800,-0.101509,0.042772,0.217349,-0.048047,0.268519,-0.360020,1.079530,0.063451,0.019423,0.270884,0.012361,-0.225557,-0.060601,1.098897,-0.075680,-0.021810,-0.152928
1.396363,1.562898,0.761878,-0.014136,0.004565,-0.591303,0.806312,-0.027017,0.192652,0.212931,0.500348,-0.475892,-0.102426,-0.251054,-0.415807,-0.400515,0.296713,0.169787,0.261800,-0.092429,0.045815,0.226879,-0.025494,0.281308,-0.343256,1.073482,0.053893,0.019503,0.274762,-0.009641,-0.226021,-0.043577,1.098392,-0.089112,-0.019619,-0.151951
1.414389,1.582971,0.764713,-0.019389,-0.002340,-0.597714,0.801472,-0.022423,0.156838,0.233749,0.499411,-0.468596,-0.058234,-0.243538,-0.446415,-0.416318,0.463380,0.038167,0.207346,-0.095118,0.042456,0.243531,-0.001531,0.294722,-0.325438,1.079574,0.036934,0.019297,0.279047,-0.026589,-0.222643,-0.028196,1.100012,-0.093862,-0.018805,-0.149231
1.430714,1.601382,0.767096,-0.022067,-0.006356,-0.605041,0.795863,-0.018677,0.124135,0.255676,0.483057,-0.455503,-0.027013,-0.210464,-0.499353,-0.509174,0.659308,-0.094612,0.104066,-0.093112,0.037216,0.249822,0.027091,0.306186,-0.298334,1.081487,0.022514,0.023763,0.276966,-0.037436,-0.217388,-0.015730,1.098840,-0.102940,-0.015238,-0.146118
1.445721,1.618356,0.768469,-0.021584,-0.005815,-0.611134,0.791211,-0.031188,0.095626,0.273922,0.473060,-0.443372,0.000779,-0.156334,-0.541830,-0.607598,0.842576,-0.203657,0.024414,-0.091186,0.034194,0.243070,0.054055,0.316074,-0.278196,1.086286,-0.000107,0.020673,0.272088,-0.041561,-0.212127,-0.008899,1.093481,-0.110056,-0.014562,-0.146612
1.459565,1.634045,0.768688,-0.019923,-0.004483,-0.619310,0.784881,-0.046018,0.070815,0.296918,0.465399,-0.433209,0.024592,-0.106482,-0.528836,-0.632193,0.979276,-0.275335,-0.006347,-0.081341,0.030998,0.231803,0.079496,0.322789,-0.261317,1.091434,-0.005411,0.021363,0.272409,-0.042888,-0.208735,-0.004538,1.091670,-0.115955,-0.014145,-0.147645
1.472892,1.648645,0.767913,-0.018169,-0.003883,-0.631554,0.775109,-0.056296,0.048498,0.327907,0.455332,-0.427305,0.044226,-0.069821,-0.458571,-0.591994,1.058472,-0.300654,0.027653,-0.059791,0.027983,0.219333,0.107073,0.322432,-0.236714,1.090876,-0.007794,0.024540,0.273848,-0.044920,-0.209316,0.004656,1.101472,-0.110438,-0.014733,-0.147594
1.485745,1.662287,0.766646,-0.015983,-0.002633,-0.645002,0.764010,-0.071518,0.030247,0.360760,0.452513,-0.422090,0.065777,-0.035115,-0.345324,-0.525086,1.076270,-0.278235,0.121084,-0.036426,0.026570,0.202131,0.140149,0.313449,-0.203797,1.084390,-0.013435,0.020580,0.273509,-0.050232,-0.212823,0.021230,1.125361,-0.111128,-0.014058,-0.152366
1.498229,1.675568,0.765183,-0.012064,-0.001028,-0.659327,0.751759,-0.091332,0.013020,0.400474,0.451624,-0.414108,0.090762,0.001898,-0.202974,-0.441220,1.036121,-0.230497,0.261800,-0.010782,0.023910,0.180579,0.172241,0.298371,-0.174899,1.080384,-0.021854,0.015935,0.271551,-0.057149,-0.217361,0.039765,1.154210,-0.110400,-0.010623,-0.150487
1.508503,1.689503,0.763561,-0.013247,0.011440,-0.676684,0.736066,-0.138242,0.034828,0.433860,0.485308,-0.425544,0.112027,0.036833,-0.018330,-0.366421,0.932266,-0.168474,0.261800,0.024094,0.042255,0.150783,0.198839,0.280789,-0.157054,1.081802,-0.023390,0.014435,0.271294,-0.061916,-0.221433,0.056853,1.175247,-0.116761,-0.008369,-0.152096
1.518610,1.704005,0.761594,-0.012044,0.020418,-0.688619,0.724735,-0.181988,0.044635,0.460667,0.508826,-0.426042,0.134389,0.087823,0.148430,-0.277872,0.782956,-0.111813,0.261800,0.046041,0.051033,0.125710,0.219396,0.262906,-0.146707,1.088840,-0.025068,0.016358,0.269572,-0.064615,-0.222794,0.068282,1.183020,-0.125019,-0.005406,-0.152563
1.529378,1.719377,0.759269,-0.006558,0.023670,-0.696240,0.717389,-0.216081,0.030957,0.484687,0.507225,-0.409587,0.157459,0.153806,0.250890,-0.210166,0.603875,-0.047523,0.261800,0.059106,0.045739,0.106570,0.234066,0.245758,-0.144065,1.098534,-0.030906,0.016713,0.264164,-0.064244,-0.221817,0.071165,1.179021,-0.134104,-0.004976,-0.155492
1.541549,1.736553,0.756412,0.004953,0.021493,-0.701692,0.712139,-0.242483,-0.011241,0.511973,0.473184,-0.374220,0.189963,0.217747,0.285691,-0.163867,0.401146,0.034113,0.261800,0.065588,0.025146,0.093498,0.242555,0.229165,-0.145249,1.106772,-0.030155,0.018723,0.255235,-0.065857,-0.220747,0.068462,1.166110,-0.138199,-0.005708,-0.158876
1.557440,1.754975,0.754178,0.016129,0.009100,-0.700588,0.713326,-0.229042,-0.096810,0.528619,0.369924,-0.302279,0.227051,0.203081,0.233264,-0.176763,0.401659,-0.066497,0.219613,0.055417,-0.001679,0.101146,0.241646,0.211733,-0.153667,1.115318,-0.025459,0.022365,0.246616,-0.070294,-0.224218,0.067655,1.150929,-0.147692,-0.006853,-0.163826
1.571659,1.777299,0.748806,0.025933,0.012655,-0.704987,0.708633,-0.288291,-0.120463,0.550273,0.370139,-0.265175,0.257931,0.169614,0.211327,-0.236707,0.407736,-0.204818,-0.049946,0.059118,-0.002758,0.093155,0.232546,0.193902,-0.169653,1.121044,-0.022478,0.025174,0.242000,-0.085635,-0.235595,0.076095,1.142812,-0.155899,-0.010735,-0.165074
1.585240,1.800590,0.745102,0.023476,0.013466,-0.709944,0.703738,-0.340595,-0.114671,0.560791,0.407527,-0.227755,0.261800,0.195115,0.208480,-0.274184,0.323318,-0.280591,-0.098075,0.064175,0.012121,0.109665,0.217601,0.177391,-0.183741,1.124154,-0.010808,0.023262,0.245813,-0.104729,-0.250044,0.092520,1.140276,-0.161093,-0.013502,-0.165203
1.598403,1.824888,0.742884,0.018938,0.013435,-0.711291,0.702514,-0.417936,-0.106771,0.519455,0.483723,-0.154031,0.261800,0.209993,0.211143,-0.271590,0.245437,-0.325703,-0.100225,0.060031,0.029090,0.131988,0.197930,0.164730,-0.196864,1.121202,-0.003404,0.027679,0.250443,-0.125707,-0.263779,0.108088,1.144847,-0.158853,-0.012306,-0.162030
1.610148,1.848931,0.742474,0.011141,0.011936,-0.706715,0.707310,-0.511672,-0.130684,0.360680,0.564735,-0.026343,0.167635,0.225817,0.216411,-0.275160,0.171023,-0.337029,-0.097867,0.045430,0.046653,0.159783,0.170550,0.160546,-0.223412,1.122237,0.003438,0.026469,0.258015,-0.135984,-0.273632,0.111635,1.146481,-0.160295,-0.011437,-0.158050
1.619812,1.871285,0.743110,-0.000525,0.007205,-0.703047,0.711107,-0.527386,-0.178245,0.162164,0.542055,0.066712,-0.196938,0.235934,0.218388,-0.288529,0.135112,-0.342934,-0.093668,0.039118,0.060008,0.193937,0.141000,0.165376,-0.252234,1.121028,0.017436,0.025915,0.261877,-0.129278,-0.277430,0.107589,1.139803,-0.155891,-0.012034,-0.156124
1.631250,1.890734,0.744400,-0.008295,-0.006467,-0.694550,0.719368,-0.473087,-0.191534,0.154924,0.481557,0.087326,-0.261800,0.239075,0.190261,-0.327180,0.142222,-0.360067,-0.083907,0.017772,0.053497,0.227949,0.124610,0.173100,-0.264305,1.107407,0.025137,0.025080,0.262000,-0.112989,-0.277538,0.107898,1.139001,-0.159658,-0.013602,-0.155941
1.639307,1.908648,0.748381,-0.008826,-0.014595,-0.686108,0.727300,-0.510936,-0.134736,0.180800,0.624351,0.002938,-0.261800,0.225551,0.162361,-0.358811,0.144576,-0.359847,-0.075115,-0.003497,0.038232,0.241657,0.111716,0.183767,-0.267388,1.088590,0.029897,0.023676,0.267851,-0.090160,-0.271398,0.102437,1.139711,-0.163633,-0.012411,-0.154704
1.646390,1.924435,0.752804,-0.009848,-0.021473,-0.676891,0.735704,-0.526975,-0.081979,0.158054,0.745473,-0.087504,-0.261800,0.216984,0.138290,-0.384844,0.141599,-0.349098,-0.054204,-0.019506,0.025119,0.250645,0.091924,0.196698,-0.277863,1.082829,0.031847,0.019216,0.273600,-0.053819,-0.261692,0.083360,1.134663,-0.157500,-0.011896,-0.151590
1.653361,1.938147,0.756840,-0.009083,-0.024517,-0.669066,0.742743,-0.522830,-0.026098,0.132963,0.823692,-0.157536,-0.261800,0.199133,0.114626,-0.408432,0.148528,-0.338683,-0.032782,-0.026199,0.015222,0.247796,0.072065,0.207248,-0.281371,1.083828,0.034785,0.016387,0.275494,-0.009606,-0.253608,0.069270,1.134129,-0.149697,-0.013070,-0.152156
1.660182,1.950440,0.760032,-0.009035,-0.025154,-0.663636,0.747578,-0.497102,0.063300,0.138910,0.876731,-0.208879,-0.261800,0.186010,0.098813,-0.426660,0.143233,-0.324215,-0.012922,-0.028371,0.009470,0.241389,0.059109,0.212962,-0.269423,1.075729,0.032330,0.015595,0.278296,0.029371,-0.247879,0.064502,1.147608,-0.144049,-0.011286,-0.151971
1.666934,1.961477,0.762006,-0.011580,-0.023930,-0.660036,0.750763,-0.456725,0.170263,0.146694,0.911008,-0.228937,-0.261800,0.176212,0.091694,-0.437547,0.136057,-0.312686,0.008653,-0.030694,0.009743,0.235237,0.052345,0.217189,-0.255566,1.062234,0.034190,0.010419,0.284217,0.060377,-0.242572,0.058214,1.173522,-0.140922,-0.008227,-0.149904
1.674823,1.971566,0.763383,-0.013555,-0.022188,-0.654195,0.755879,-0.408996,0.277370,0.174023,0.924683,-0.219448,-0.182476,0.164821,0.080894,-0.453037,0.135792,-0.304448,0.032505,-0.040093,0.011010,0.226962,0.046125,0.221376,-0.253142,1.051684,0.038207,0.007757,0.293079,0.090829,-0.238733,0.052149,1.194789,-0.129330,-0.004470,-0.151092
1.683505,1.981251,0.764245,-0.016366,-0.018565,-0.647518,0.761648,-0.358441,0.392842,0.223727,0.927442,-0.202658,-0.078639,0.151731,0.072955,-0.471307,0.136444,-0.294124,0.045789,-0.052229,0.017091,0.218201,0.041001,0.223553,-0.251721,1.045205,0.042827,0.005748,0.297476,0.118049,-0.235975,0.039989,1.209604,-0.116955,-0.001007,-0.149866
1.692975,1.990466,0.764993,-0.019329,-0.014535,-0.640042,0.767959,-0.302633,0.489341,0.265911,0.909459,-0.201945,0.001358,0.137212,0.063291,-0.490514,0.142959,-0.284880,0.058244,-0.067475,0.024407,0.210270,0.037581,0.223699,-0.251957,1.041195,0.043986,0.004993,0.297438,0.142373,-0.234403,0.029165,1.216896,-0.111776,0.002197,-0.154273
1.703447,1.999717,0.765588,-0.022112,-0.010423,-0.631897,0.774667,-0.245019,0.549369,0.279136,0.862814,-0.197103,0.010704,0.113493,0.045981,-0.508112,0.171978,-0.285394,0.069137,-0.082987,0.032185,0.203165,0.032750,0.222813,-0.257325,1.042999,0.046178,0.002206,0.294474,0.163647,-0.231915,0.011067,1.217258,-0.106365,0.003101,-0.157359
1.714934,2.009054,0.765987,-0.025297,-0.006880,-0.623398,0.781465,-0.190877,0.583901,0.273006,0.803753,-0.182089,0.001117,0.087827,0.023963,-0.523704,0.211405,-0.287702,0.072368,-0.096399,0.040318,0.198534,0.025187,0.221767,-0.267314,1.050002,0.055439,0.003627,0.294990,0.182070,-0.229560,-0.003165,1.211243,-0.097135,0.002738,-0.159460
1.727540,2.018539,0.766149,-0.027263,-0.001357,-0.615697,0.787510,-0.145919,0.606308,0.264351,0.742112,-0.188153,-0.004458,0.053409,-0.001700,-0.537477,0.259669,-0.288526,0.060522,-0.107778,0.049843,0.189447,0.021887,0.221037,-0.275455,1.051315,0.061836,0.003315,0.295775,0.192164,-0.228737,-0.006553,1.208748,-0.090818,0.001022,-0.162868
1.741342,2.028511,0.766140,-0.027107,0.005529,-0.607409,0.793907,-0.113544,0.604692,0.234090,0.668692,-0.209897,-0.022808,0.020771,-0.029531,-0.551686,0.293857,-0.285065,0.067965,-0.117668,0.058466,0.176478,0.019739,0.220026,-0.279469,1.047973,0.070280,0.005064,0.297128,0.195148,-0.227760,-0.009362,1.207854,-0.088962,0.003243,-0.167433
1.756471,2.038966,0.765889,-0.026534,0.012489,-0.598298,0.800737,-0.093697,0.582498,0.180705,0.591401,-0.203256,-0.057333,-0.010118,-0.061580,-0.567376,0.325818,-0.278849,0.082372,-0.125742,0.067326,0.163424,0.015533,0.219096,-0.284121,1.047861,0.072109,0.004421,0.296893,0.195245,-0.224677,-0.024423,1.205750,-0.086504,0.001015,-0.168059
1.773311,2.050496,0.765208,-0.026206,0.018999,-0.590083,0.806693,-0.077529,0.551370,0.133267,0.520893,-0.197343,-0.095367,-0.044484,-0.099971,-0.577577,0.367181,-0.269826,0.096388,-0.129660,0.076793,0.153804,0.010076,0.218918,-0.287009,1.047791,0.078261,0.003996,0.294636,0.190998,-0.223085,-0.034216,1.201018,-0.079639,-0.002547,-0.170070
1.791942,2.063642,0.763663,-0.027499,0.025432,-0.581974,0.812344,-0.039839,0.527078,0.145383,0.415310,-0.204627,-0.201953,-0.077321,-0.139660,-0.583671,0.407414,-0.254653,0.121214,-0.132262,0.089853,0.149589,0.001814,0.219533,-0.293513,1.048321,0.077151,0.001270,0.293898,0.179677,-0.225194,-0.036594,1.197547,-0.073686,-0.004863,-0.174270
1.812246,2.078289,0.762530,-0.027531,0.025989,-0.572881,0.818764,-0.003414,0.489303,0.187342,0.320070,-0.201579,-0.261800,-0.101195,-0.193966,-0.582669,0.446582,-0.231894,0.153398,-0.138589,0.094040,0.154591,-0.008116,0.221258,-0.305548,1.052024,0.076238,0.001431,0.296044,0.163556,-0.231304,-0.036900,1.192706,-0.070634,-0.007669,-0.175075
1.833621,2.094353,0.762311,-0.029664,0.022951,-0.564219,0.824773,0.008795,0.450140,0.215796,0.290076,-0.244970,-0.261800,-0.106768,-0.243633,-0.578840,0.458853,-0.190979,0.189116,-0.143763,0.096933,0.171223,-0.022294,0.224066,-0.322847,1.058809,0.075727,0.002815,0.293322,0.146632,-0.238661,-0.043701,1.179074,-0.073430,-0.009385,-0.178751
1.855906,2.111629,0.764308,-0.030714,0.014759,-0.558167,0.829028,-0.002407,0.402327,0.208952,0.319495,-0.284083,-0.253984,-0.093014,-0.291255,-0.570453,0.433762,-0.126588,0.228653,-0.141591,0.090974,0.196732,-0.041182,0.228755,-0.351009,1.069029,0.068396,0.003051,0.295606,0.130229,-0.247100,-0.051754,1.158960,-0.072010,-0.011805,-0.182663
1.879754,2.130620,0.767153,-0.020973,0.011571,-0.556759,0.830328,-0.052099,0.337096,0.204977,0.385013,-0.314281,-0.204065,-0.105224,-0.348961,-0.551523,0.395209,-0.045728,0.261800,-0.130570,0.078230,0.199813,-0.058070,0.232356,-0.376591,1.084947,0.062435,0.003176,0.291142,0.108167,-0.257576,-0.049952,1.149207,-0.073243,-0.013518,-0.191523
1.903894,2.149629,0.769418,-0.013195,0.012960,-0.561289,0.827413,-0.083910,0.284636,0.225440,0.416320,-0.332944,-0.167426,-0.119264,-0.383776,-0.529893,0.329052,0.051646,0.261800,-0.114592,0.075301,0.199540,-0.056163,0.234440,-0.371462,1.077350,0.072622,0.011960,0.284580,0.084337,-0.270860,-0.044125,1.131940,-0.088288,-0.006954,-0.178077
1.926582,2.167080,0.770009,-0.008150,0.015717,-0.575439,0.817653,-0.099725,0.248226,0.270928,0.436940,-0.357620,-0.128897,-0.123702,-0.390532,-0.514637,0.242199,0.113021,0.261800,-0.088306,0.076524,0.197323,-0.036734,0.243317,-0.358725,1.052532,0.070267,0.005599,0.289174,0.052475,-0.288102,-0.025264,1.116158,-0.099055,-0.001968,-0.161984
1.948336,2.183343,0.771056,-0.008327,0.014409,-0.589328,0.807722,-0.098334,0.217105,0.313998,0.446584,-0.373179,-0.092405,-0.140563,-0.399785,-0.480785,0.296633,0.058621,0.261800,-0.070813,0.080188,0.208832,-0.009624,0.256006,-0.334925,1.029751,0.078209,0.003009,0.297211,0.013712,-0.301984,-0.005412,1.102703,-0.113892,-0.003565,-0.168178
1.968946,2.197299,0.772125,-0.009253,0.006865,-0.595958,0.802933,-0.078144,0.172456,0.342148,0.429214,-0.373659,-0.059959,-0.148048,-0.444384,-0.488806,0.487293,-0.054984,0.243499,-0.069881,0.073757,0.224968,0.021472,0.268440,-0.301073,1.027396,0.068380,0.003359,0.299202,-0.017970,-0.304812,0.006541,1.091406,-0.129284,-0.005592,-0.178103
1.986941,2.209668,0.772917,-0.012152,0.005185,-0.599874,0.799985,-0.072193,0.143710,0.358970,0.418761,-0.375923,-0.033252,-0.109124,-0.494861,-0.608900,0.689459,-0.164138,0.145898,-0.071010,0.072959,0.230018,0.052343,0.283533,-0.273925,1.034770,0.032872,0.007160,0.297514,-0.041774,-0.297622,0.016046,1.081221,-0.137363,-0.004271,-0.176099
2.003456,2.220552,0.773118,-0.013029,0.005317,-0.604298,0.796634,-0.070260,0.116549,0.375979,0.405638,-0.375187,-0.009540,-0.046690,-0.523764,-0.718181,0.869059,-0.259888,0.057354,-0.068037,0.067967,0.227983,0.081162,0.301429,-0.255624,1.047726,0.013439,0.006437,0.289430,-0.058077,-0.286337,0.030508,1.066110,-0.143330,-0.004673,-0.168771
2.019295,2.230186,0.772563,-0.013055,0.007570,-0.613522,0.789533,-0.073168,0.096150,0.400558,0.398951,-0.378930,0.014632,-0.005504,-0.484690,-0.731349,0.986941,-0.302159,0.034456,-0.054857,0.064225,0.219667,0.112715,0.316179,-0.242440,1.060753,0.006311,0.006941,0.288339,-0.071877,-0.274789,0.049866,1.055165,-0.153764,-0.004177,-0.168266
2.035197,2.238573,0.771182,-0.011847,0.009264,-0.628142,0.777953,-0.073417,0.076596,0.438187,0.393015,-0.385116,0.039032,0.012332,-0.389094,-0.670523,1.035362,-0.281740,0.104295,-0.030342,0.059237,0.206270,0.150375,0.321385,-0.221114,1.068813,0.001820,0.014031,0.285797,-0.083800,-0.264952,0.076684,1.057589,-0.161700,-0.006628,-0.172043
2.050917,2.245992,0.769023,-0.010314,0.010786,-0.646873,0.762452,-0.076928,0.061714,0.484709,0.397936,-0.396955,0.065924,0.020375,-0.240662,-0.556648,1.017332,-0.220460,0.254221,0.001610,0.054617,0.188678,0.193454,0.317598,-0.195626,1.069427,-0.005349,0.014092,0.280492,-0.097261,-0.256062,0.108768,1.074005,-0.160259,-0.006705,-0.170385
2.064276,2.253811,0.766450,-0.013978,0.024786,-0.671925,0.740072,-0.116053,0.096502,0.531829,0.455573,-0.432539,0.084975,0.028092,-0.038198,-0.451188,0.932068,-0.142222,0.261800,0.050794,0.072175,0.158264,0.233545,0.307076,-0.168947,1.066720,-0.005778,0.014771,0.272602,-0.110593,-0.245603,0.136426,1.097214,-0.160924,-0.006378,-0.166913
2.077355,2.261802,0.763515,-0.014991,0.036061,-0.692097,0.720747,-0.153888,0.122407,0.572259,0.505209,-0.455498,0.102459,0.062527,0.147846,-0.350734,0.800130,-0.060054,0.261800,0.091139,0.082405,0.129805,0.264441,0.292449,-0.148649,1.066869,-0.012425,0.011909,0.268149,-0.121372,-0.233749,0.157727,1.120865,-0.160462,-0.005611,-0.169039
2.091105,2.270367,0.760095,-0.010422,0.040210,-0.705424,0.707567,-0.183459,0.117433,0.603813,0.529617,-0.461884,0.125749,0.116754,0.280978,-0.257771,0.646271,-0.003335,0.261800,0.120122,0.075682,0.108005,0.281627,0.276820,-0.135463,1.070193,-0.011030,0.014984,0.263821,-0.125003,-0.222334,0.171002,1.138070,-0.163131,-0.004209,-0.170005
2.106208,2.280435,0.756801,-0.000689,0.038936,-0.714594,0.698455,-0.206440,0.082585,0.631647,0.522563,-0.448891,0.154890,0.175334,0.335978,-0.215744,0.488870,0.029710,0.261800,0.143323,0.055474,0.093172,0.287632,0.259378,-0.126609,1.071624,-0.010114,0.016217,0.262880,-0.123225,-0.213979,0.177860,1.145895,-0.165410,-0.004158,-0.170210
2.122731,2.292445,0.753563,0.013198,0.033076,-0.720749,0.692280,-0.222916,0.020585,0.658682,0.481751,-0.413794,0.188593,0.223552,0.348640,-0.165365,0.324088,0.061630,0.261800,0.157927,0.026651,0.085966,0.286535,0.238994,-0.121085,1.069945,-0.008294,0.015598,0.260037,-0.124247,-0.210140,0.181202,1.151587,-0.170411,-0.005426,-0.171694
2.140865,2.306407,0.750280,0.027032,0.022333,-0.723198,0.689750,-0.228727,-0.061372,0.678603,0.413427,-0.357320,0.221318,0.246991,0.326066,-0.113124,0.189356,0.088960,0.261800,0.159928,-0.003345,0.091533,0.281023,0.216462,-0.123178,1.065827,-0.007997,0.016065,0.261230,-0.129245,-0.211850,0.184429,1.154463,-0.171038,-0.006896,-0.172086
2.161919,2.322456,0.748299,0.028893,0.013211,-0.717086,0.696260,-0.232940,-0.127893,0.666422,0.365635,-0.291265,0.254620,0.175891,0.277630,-0.122242,0.326210,-0.085532,0.213317,0.138666,-0.002904,0.112614,0.265163,0.189044,-0.137481,1.069483,-0.002735,0.014466,0.263496,-0.134984,-0.223923,0.183663,1.149127,-0.174938,-0.006800,-0.170015
2.181357,2.341677,0.744525,0.028579,0.014117,-0.715655,0.697726,-0.286729,-0.134594,0.673697,0.411079,-0.249215,0.261800,0.128423,0.269478,-0.131144,0.386180,-0.199625,-0.033442,0.131619,0.015559,0.123314,0.245170,0.159990,-0.157016,1.070322,0.010476,0.017259,0.262979,-0.143122,-0.246535,0.188842,1.143477,-0.168414,-0.011693,-0.167792
2.199969,2.362395,0.741679,0.025405,0.014004,-0.708856,0.704756,-0.343835,-0.133078,0.680510,0.474636,-0.184208,0.261800,0.129036,0.258790,-0.168595,0.352190,-0.273805,-0.147652,0.115182,0.035837,0.141487,0.219552,0.137917,-0.187885,1.068212,0.019721,0.012707,0.268753,-0.147692,-0.271198,0.187406,1.139074,-0.166353,-0.015616,-0.169790
2.217394,2.384882,0.740209,0.019435,0.012368,-0.693100,0.720473,-0.410142,-0.128358,0.670922,0.558664,-0.074973,0.261800,0.147376,0.249233,-0.222369,0.281023,-0.320993,-0.171284,0.084392,0.054844,0.169426,0.181847,0.127251,-0.224435,1.069367,0.032080,0.012341,0.273834,-0.146619,-0.291942,0.174418,1.138087,-0.163379,-0.016406,-0.174993
2.234060,2.408293,0.739988,0.011377,0.011810,-0.673884,0.738655,-0.492951,-0.133519,0.597739,0.638509,0.086720,0.223191,0.154464,0.242222,-0.264784,0.222493,-0.342436,-0.165599,0.049868,0.076706,0.200781,0.138910,0.124570,-0.261190,1.072915,0.044399,0.013410,0.278262,-0.139954,-0.308057,0.153730,1.138767,-0.154436,-0.017098,-0.173910
2.248604,2.429730,0.740615,0.000625,0.010639,-0.661324,0.750024,-0.557228,-0.176432,0.417471,0.673407,0.170650,-0.098709,0.153947,0.236478,-0.291346,0.196039,-0.349989,-0.159907,0.032175,0.096930,0.232352,0.104332,0.128890,-0.292196,1.072877,0.053624,0.014083,0.284722,-0.127021,-0.319235,0.142537,1.141464,-0.141891,-0.017394,-0.164551
2.263035,2.447998,0.741297,-0.006478,0.004217,-0.648393,0.761266,-0.524266,-0.181709,0.404910,0.637894,0.174284,-0.261800,0.138111,0.207556,-0.337125,0.224225,-0.376565,-0.150825,0.008865,0.099145,0.256696,0.085725,0.139412,-0.308376,1.068638,0.058286,0.012134,0.286210,-0.110284,-0.321686,0.147958,1.158875,-0.135737,-0.018880,-0.162752
2.274693,2.464006,0.745427,-0.007820,-0.003081,-0.633746,0.773496,-0.543214,-0.143539,0.385927,0.728486,0.072936,-0.261800,0.126955,0.171341,-0.379602,0.235868,-0.382380,-0.148213,-0.018966,0.085613,0.271680,0.067654,0.157709,-0.320577,1.068285,0.056539,0.011809,0.282379,-0.088285,-0.307790,0.133719,1.177005,-0.140129,-0.014357,-0.166670
2.284821,2.478021,0.751125,-0.007393,-0.009458,-0.617343,0.786603,-0.555437,-0.101352,0.327465,0.811552,-0.028425,-0.261800,0.119974,0.134880,-0.418555,0.237695,-0.368861,-0.134583,-0.040944,0.067451,0.279541,0.040827,0.182568,-0.338532,1.084253,0.051503,0.010452,0.281939,-0.050464,-0.282983,0.101492,1.178569,-0.135882,-0.010009,-0.162651
2.294174,2.490887,0.756644,-0.006345,-0.013062,-0.601905,0.798436,-0.554429,-0.032899,0.285494,0.875853,-0.103482,-0.261800,0.114560,0.103628,-0.454857,0.230377,-0.348497,-0.119589,-0.052493,0.050827,0.280690,0.014276,0.205431,-0.342206,1.097453,0.049126,0.017864,0.285045,-0.005416,-0.258489,0.083955,1.172298,-0.124986,-0.013201,-0.152285
2.303398,2.502360,0.761014,-0.006833,-0.014929,-0.589916,0.807298,-0.533872,0.067617,0.273648,0.915656,-0.155735,-0.261800,0.117115,0.082629,-0.482869,0.208991,-0.324524,-0.106337,-0.057923,0.038006,0.278450,0.001211,0.223638,-0.323373,1.090218,0.043347,0.019244,0.289006,0.033221,-0.236520,0.087354,1.174634,-0.135274,-0.009841,-0.151634
2.313172,2.512783,0.763938,-0.009448,-0.015490,-0.578778,0.815284,-0.499031,0.180549,0.272426,0.929886,-0.180163,-0.228657,0.121987,0.067523,-0.506793,0.189377,-0.301749,-0.086218,-0.068019,0.029689,0.274277,-0.000711,0.240435,-0.299609,1.066679,0.032491,0.013341,0.287252,0.063474,-0.215914,0.089776,1.182728,-0.146064,-0.007590,-0.153036
2.323866,2.522640,0.765645,-0.013536,-0.013939,-0.570088,0.821354,-0.454819,0.295395,0.273828,0.919586,-0.186666,-0.170097,0.119485,0.052843,-0.526915,0.187088,-0.288230,-0.065854,-0.080578,0.026715,0.266456,0.004801,0.256278,-0.285426,1.040783,0.037515,0.006401,0.291963,0.085641,-0.196831,0.079132,1.190141,-0.143794,-0.004703,-0.154867
2.335629,2.531821,0.766181,-0.019443,-0.011195,-0.564712,0.824983,-0.398665,0.408309,0.279155,0.888543,-0.201750,-0.140306,0.114514,0.040922,-0.540006,0.194159,-0.279643,-0.046101,-0.091269,0.028629,0.257590,0.014611,0.269743,-0.277875,1.018544,0.051332,0.003170,0.297409,0.102570,-0.181498,0.061698,1.194664,-0.136410,-0.006061,-0.153967
2.348641,2.541199,0.765961,-0.025929,-0.007128,-0.562034,0.826677,-0.341460,0.505396,0.275415,0.845855,-0.205489,-0.118794,0.100918,0.027089,-0.546185,0.216892,-0.277494,-0.028662,-0.101106,0.033938,0.247839,0.024218,0.279665,-0.273806,1.005745,0.057746,0.002609,0.296506,0.112450,-0.171011,0.045992,1.197973,-0.122883,-0.008477,-0.156563
2.363094,2.551206,0.765419,-0.030958,-0.002937,-0.560488,0.827579,-0.282903,0.578169,0.270879,0.793332,-0.181624,-0.092958,0.077518,0.003842,-0.548364,0.257612,-0.281249,-0.009653,-0.110455,0.039093,0.237465,0.029525,0.285204,-0.274694,1.007961,0.063153,0.001265,0.293978,0.117785,-0.165085,0.031527,1.198119,-0.115507,-0.009488,-0.163288
2.379162,2.562279,0.764344,-0.033725,0.001305,-0.559111,0.828406,-0.221788,0.621392,0.266488,0.727684,-0.167602,-0.077685,0.044513,-0.030583,-0.547928,0.313192,-0.289636,0.011063,-0.118848,0.043408,0.226326,0.029211,0.287850,-0.283846,1.019159,0.062247,0.004490,0.290537,0.119969,-0.162724,0.019387,1.195720,-0.107230,-0.011062,-0.166741
2.396728,2.574324,0.762650,-0.036973,0.006661,-0.555647,0.830569,-0.171461,0.637888,0.231377,0.659405,-0.168164,-0.078229,0.015910,-0.062812,-0.550042,0.355655,-0.290998,0.032954,-0.128948,0.051357,0.215882,0.026140,0.288180,-0.293135,1.031498,0.067302,0.004551,0.289303,0.120235,-0.163090,0.011887,1.193250,-0.103308,-0.014787,-0.170083
2.415789,2.587362,0.760719,-0.039494,0.012557,-0.550157,0.834032,-0.148444,0.623436,0.143851,0.612031,-0.158351,-0.060059,-0.010507,-0.097842,-0.555309,0.390331,-0.286045,0.058246,-0.136668,0.062132,0.204381,0.018155,0.285685,-0.306916,1.042231,0.065167,0.004112,0.285327,0.121977,-0.166577,0.000283,1.189585,-0.097146,-0.018634,-0.173315
2.437322,2.601904,0.758142,-0.040445,0.018153,-0.544173,0.837801,-0.086446,0.587029,0.083893,0.500660,-0.158336,-0.195838,-0.039767,-0.142503,-0.557647,0.428607,-0.278441,0.089081,-0.144006,0.073764,0.192435,0.011420,0.278587,-0.314839,1.045682,0.073629,0.007700,0.282764,0.120565,-0.173043,-0.016754,1.190145,-0.093293,-0.021042,-0.178004
2.460965,2.618204,0.756287,-0.036216,0.020396,-0.537871,0.842002,-0.033383,0.531213,0.078993,0.382699,-0.177875,-0.261800,-0.068385,-0.205487,-0.555239,0.462478,-0.261517,0.127215,-0.149983,0.077710,0.181700,0.003303,0.269008,-0.327577,1.045270,0.073145,0.006829,0.282986,0.116642,-0.183362,-0.030897,1.191225,-0.083836,-0.024240,-0.183311
2.485107,2.635547,0.755934,-0.033905,0.017998,-0.533873,0.844693,-0.005084,0.483078,0.125710,0.333690,-0.227296,-0.261800,-0.076211,-0.261428,-0.545400,0.461906,-0.219899,0.169281,-0.151202,0.078039,0.183298,-0.006114,0.260465,-0.343641,1.045044,0.074783,0.005851,0.285785,0.107279,-0.195413,-0.035522,1.194423,-0.088056,-0.023337,-0.185137
2.509382,2.654034,0.756598,-0.034267,0.013725,-0.531445,0.846288,-0.004686,0.442885,0.167189,0.351552,-0.293768,-0.261800,-0.064419,-0.302799,-0.530819,0.419886,-0.152001,0.216099,-0.149859,0.079311,0.194011,-0.017990,0.253481,-0.362570,1.046982,0.073759,0.009388,0.282896,0.092973,-0.207730,-0.034213,1.196755,-0.094568,-0.021537,-0.186441
2.533892,2.674458,0.758523,-0.029048,0.007103,-0.530246,0.847316,-0.032765,0.380958,0.169702,0.407949,-0.340607,-0.231107,-0.060111,-0.357552,-0.509159,0.375653,-0.065871,0.260491,-0.147535,0.069819,0.207343,-0.034503,0.249710,-0.390088,1.053015,0.074843,0.011971,0.283296,0.073392,-0.220621,-0.033503,1.191377,-0.100582,-0.019215,-0.183398
2.558286,2.696055,0.760539,-0.023490,0.006619,-0.536713,0.843412,-0.065293,0.329143,0.186326,0.457828,-0.369727,-0.201749,-0.082919,-0.399141,-0.476599,0.333892,0.037139,0.261800,-0.132496,0.069995,0.212572,-0.046386,0.247284,-0.409264,1.056342,0.073632,0.013623,0.280203,0.047441,-0.236697,-0.022454,1.184507,-0.105554,-0.018576,-0.181441
2.581480,2.715888,0.762491,-0.016171,0.006394,-0.546443,0.837316,-0.081269,0.276910,0.222928,0.477110,-0.387422,-0.159424,-0.124498,-0.451845,-0.475504,0.347059,0.083331,0.235853,-0.118719,0.066004,0.210725,-0.040090,0.247592,-0.404429,1.048381,0.078522,0.019011,0.278982,0.017926,-0.249908,-0.004043,1.176338,-0.126451,-0.014317,-0.181494
2.602154,2.733633,0.765345,-0.011694,0.004552,-0.555370,0.831508,-0.080565,0.228557,0.259099,0.469644,-0.389740,-0.111173,-0.144459,-0.473276,-0.457556,0.386429,0.063028,0.228710,-0.107982,0.062447,0.210979,-0.028283,0.254669,-0.398316,1.044769,0.073740,0.012336,0.280119,-0.007101,-0.254610,0.008373,1.160618,-0.145141,-0.012952,-0.185296
2.620308,2.749651,0.768504,-0.012536,0.000586,-0.559637,0.828643,-0.069143,0.187937,0.279292,0.449079,-0.382626,-0.074227,-0.141440,-0.483619,-0.450908,0.494466,0.005253,0.198267,-0.102084,0.060340,0.219308,-0.015098,0.267915,-0.383285,1.047739,0.072923,0.013498,0.283349,-0.022293,-0.248932,0.011284,1.137551,-0.149211,-0.014760,-0.181315
2.636508,2.764159,0.770949,-0.015312,-0.003099,-0.561255,0.827495,-0.056442,0.153346,0.290500,0.424590,-0.373165,-0.046739,-0.117084,-0.498366,-0.492725,0.649371,-0.077860,0.144707,-0.097451,0.058360,0.227351,0.003962,0.281231,-0.352299,1.047499,0.056061,0.018863,0.287119,-0.031361,-0.238417,0.018421,1.115661,-0.164283,-0.014068,-0.177513
2.650860,2.777790,0.772119,-0.015389,-0.004565,-0.563156,0.826195,-0.053585,0.120492,0.301552,0.404250,-0.364423,-0.018886,-0.084643,-0.503517,-0.544692,0.804801,-0.154417,0.107635,-0.088482,0.053253,0.228330,0.024265,0.295660,-0.320016,1.043620,0.029994,0.014459,0.289665,-0.039551,-0.228183,0.034767,1.100161,-0.177538,-0.016636,-0.179993
2.663848,2.790551,0.772207,-0.013801,-0.004665,-0.568088,0.822839,-0.055981,0.091627,0.318932,0.388496,-0.358270,0.005984,-0.054580,-0.471355,-0.561279,0.924692,-0.211885,0.105511,-0.073242,0.046269,0.225051,0.048047,0.309305,-0.288639,1.036377,0.020278,0.013641,0.290169,-0.051194,-0.218009,0.050618,1.094239,-0.194358,-0.015844,-0.185873
2.676136,2.802386,0.771734,-0.011834,-0.003122,-0.576730,0.816843,-0.064324,0.068934,0.340169,0.381905,-0.355994,0.030528,-0.030118,-0.394143,-0.541090,0.991900,-0.239561,0.141520,-0.051682,0.040937,0.217056,0.077861,0.317329,-0.255506,1.029937,0.017937,0.013318,0.291136,-0.064990,-0.209744,0.065744,1.101781,-0.196394,-0.017031,-0.187598
2.688225,2.813569,0.770659,-0.008270,-0.000864,-0.588657,0.808340,-0.074585,0.047174,0.367320,0.374488,-0.353069,0.050158,-0.009201,-0.289023,-0.497482,1.008112,-0.236978,0.208759,-0.024695,0.035375,0.203538,0.111443,0.318878,-0.228044,1.026161,0.010456,0.012161,0.289226,-0.080515,-0.203621,0.084106,1.120540,-0.195739,-0.014965,-0.190525
2.699225,2.824492,0.769203,-0.006595,0.006344,-0.603871,0.797030,-0.102838,0.046454,0.403343,0.394984,-0.361888,0.067707,0.011267,-0.147650,-0.441802,0.963028,-0.206914,0.261800,0.007980,0.038505,0.182814,0.145014,0.314710,-0.205911,1.027258,0.006063,0.011028,0.284753,-0.095974,-0.199669,0.107155,1.143922,-0.194782,-0.013969,-0.190581
2.708981,2.835563,0.767372,-0.008836,0.018949,-0.621651,0.783015,-0.145087,0.069946,0.435341,0.437276,-0.383547,0.082884,0.037988,0.029427,-0.366968,0.852628,-0.148113,0.261800,0.047315,0.054555,0.157437,0.175069,0.305211,-0.189600,1.032320,0.003401,0.011992,0.279590,-0.109783,-0.198518,0.129400,1.165521,-0.192432,-0.013246,-0.189341
2.718539,2.847098,0.765153,-0.007627,0.027737,-0.635773,0.771340,-0.181174,0.079171,0.465759,0.464003,-0.393742,0.098668,0.081720,0.180214,-0.284866,0.708896,-0.082232,0.261800,0.079842,0.060483,0.135556,0.200532,0.290396,-0.173154,1.036006,0.002984,0.015852,0.278364,-0.120879,-0.198313,0.147041,1.179132,-0.191020,-0.012871,-0.191040
2.728991,2.859185,0.762860,-0.001500,0.031257,-0.646737,0.762071,-0.203809,0.061806,0.492885,0.457214,-0.387787,0.118408,0.135396,0.266342,-0.223821,0.560322,-0.047156,0.261800,0.103958,0.052802,0.116771,0.225192,0.270693,-0.154639,1.036929,0.005401,0.016185,0.275594,-0.129324,-0.198454,0.157619,1.187127,-0.193675,-0.010672,-0.196611
2.740518,2.872776,0.760521,0.006531,0.031262,-0.656223,0.753891,-0.218482,0.029248,0.522919,0.429886,-0.370574,0.144427,0.186251,0.295349,-0.186275,0.412166,-0.020901,0.261800,0.122113,0.040238,0.104680,0.245833,0.245987,-0.138209,1.036190,0.008996,0.017080,0.271342,-0.137439,-0.200369,0.158714,1.186422,-0.196933,-0.010187,-0.200527
2.752466,2.887769,0.757262,0.016240,0.026937,-0.664758,0.746397,-0.226108,-0.017228,0.555856,0.386748,-0.343103,0.173549,0.242105,0.294318,-0.152495,0.229056,0.041912,0.261800,0.136259,0.021224,0.100223,0.263180,0.219393,-0.125395,1.033646,0.009310,0.017226,0.267328,-0.145862,-0.205118,0.160384,1.180498,-0.196208,-0.011306,-0.202350
2.767493,2.903174,0.755333,0.018128,0.015526,-0.661868,0.749240,-0.198572,-0.087649,0.557582,0.300806,-0.290002,0.203395,0.216604,0.243164,-0.173197,0.282425,-0.068888,0.261800,0.123050,0.013040,0.115908,0.271403,0.192046,-0.127453,1.038324,0.010535,0.015734,0.265824,-0.149698,-0.215025,0.160825,1.170269,-0.200161,-0.012119,-0.205238
2.781018,2.921487,0.750691,0.022172,0.017688,-0.661607,0.749315,-0.238386,-0.113214,0.563643,0.304307,-0.266692,0.229849,0.151952,0.228505,-0.184159,0.371302,-0.193821,0.014290,0.118426,0.019558,0.109232,0.269973,0.164527,-0.140150,1.048840,0.020732,0.016778,0.261816,-0.155544,-0.231473,0.160399,1.161338,-0.204954,-0.014121,-0.207081
2.793231,2.941058,0.747787,0.021286,0.019538,-0.661091,0.749749,-0.294911,-0.112833,0.567905,0.359079,-0.234499,0.248560,0.145413,0.218540,-0.223576,0.348014,-0.258063,-0.086562,0.115686,0.034239,0.114150,0.258012,0.141579,-0.161054,1.061454,0.031105,0.018328,0.261310,-0.160541,-0.248911,0.160309,1.153861,-0.200324,-0.018180,-0.212105
2.804146,2.961885,0.746437,0.018407,0.018546,-0.653888,0.756140,-0.364011,-0.105824,0.556085,0.448302,-0.171239,0.242722,0.159337,0.212013,-0.257466,0.285213,-0.299061,-0.108159,0.100572,0.045924,0.131153,0.239091,0.125705,-0.178107,1.070235,0.041869,0.019275,0.263732,-0.164719,-0.261384,0.152310,1.154081,-0.196749,-0.020450,-0.214255
2.813706,2.983505,0.746525,0.013281,0.014830,-0.641701,0.766697,-0.435308,-0.099633,0.521003,0.543859,-0.066922,0.170692,0.181514,0.208581,-0.289187,0.209345,-0.312379,-0.111824,0.077644,0.055218,0.158539,0.214591,0.119023,-0.194068,1.077130,0.041592,0.018425,0.266244,-0.164603,-0.268053,0.139993,1.158892,-0.193683,-0.020806,-0.210800
2.822125,3.004264,0.747043,0.006555,0.010229,-0.631090,0.775614,-0.497282,-0.117843,0.409430,0.603704,0.039395,-0.043869,0.200594,0.205518,-0.310414,0.146979,-0.312208,-0.109820,0.060147,0.062448,0.187985,0.192108,0.119981,-0.208459,1.079783,0.037508,0.017173,0.269140,-0.157505,-0.270664,0.134577,1.162002,-0.188150,-0.018553,-0.203884
2.831535,3.022915,0.747324,0.001472,0.003059,-0.619579,0.784927,-0.494209,-0.144192,0.353699,0.577615,0.113518,-0.261800,0.199377,0.185324,-0.340085,0.142230,-0.330659,-0.100327,0.038151,0.062542,0.213669,0.178857,0.125058,-0.218659,1.077162,0.038641,0.015508,0.273666,-0.142518,-0.270466,0.137656,1.166565,-0.184837,-0.019055,-0.196830
2.839380,3.038700,0.749327,-0.001239,-0.003332,-0.611354,0.791349,-0.526242,-0.128413,0.308030,0.657843,0.040770,-0.261800,0.191589,0.162071,-0.366654,0.149282,-0.340699,-0.096233,0.020504,0.055314,0.230068,0.171990,0.136080,-0.227433,1.074810,0.039185,0.012554,0.274402,-0.123309,-0.263282,0.139802,1.176072,-0.183541,-0.019907,-0.195521
2.845847,3.052516,0.752744,-0.002216,-0.007171,-0.603014,0.797695,-0.543847,-0.050282,0.322743,0.760746,-0.038036,-0.261800,0.182370,0.141651,-0.390002,0.149095,-0.335878,-0.092534,0.002381,0.044425,0.237867,0.163146,0.152014,-0.234007,1.079816,0.035337,0.015308,0.272443,-0.097455,-0.246103,0.121924,1.182767,-0.188049,-0.014585,-0.194128
2.851983,3.064424,0.756542,-0.002919,-0.010115,-0.595011,0.803648,-0.539279,0.041536,0.329246,0.838928,-0.109129,-0.261800,0.176646,0.123348,-0.409927,0.143576,-0.321907,-0.084227,-0.009034,0.032486,0.240863,0.150490,0.171090,-0.242176,1.092217,0.030729,0.014531,0.274282,-0.061694,-0.225881,0.100704,1.184595,-0.175650,-0.013667,-0.189345
2.858326,3.074702,0.759853,-0.004514,-0.012549,-0.588142,0.808648,-0.513683,0.138649,0.333667,0.887348,-0.160785,-0.261800,0.175571,0.108317,-0.426401,0.134610,-0.305993,-0.074201,-0.015033,0.022573,0.241130,0.138300,0.190563,-0.245985,1.100275,0.025920,0.015557,0.271996,-0.022252,-0.207121,0.089450,1.188413,-0.170798,-0.014228,-0.184575
2.865508,3.084177,0.762242,-0.005984,-0.013238,-0.579767,0.814653,-0.479296,0.229780,0.339564,0.907854,-0.179288,-0.192916,0.170019,0.092739,-0.446851,0.134388,-0.295176,-0.062264,-0.025128,0.015173,0.236061,0.130780,0.208286,-0.241252,1.097337,0.026267,0.014565,0.270661,0.014705,-0.190625,0.086627,1.198525,-0.173438,-0.010848,-0.182743
2.873596,3.092371,0.763689,-0.008742,-0.012468,-0.571440,0.820503,-0.435633,0.310067,0.326662,0.901983,-0.194752,-0.144869,0.162888,0.078722,-0.467653,0.142546,-0.290103,-0.049869,-0.038231,0.012598,0.227065,0.128480,0.224078,-0.234799,1.085712,0.028511,0.015591,0.273136,0.048697,-0.176996,0.078958,1.211807,-0.169952,-0.008380,-0.179011
2.882445,3.100340,0.764388,-0.012705,-0.010584,-0.565831,0.824355,-0.383254,0.386251,0.309979,0.879128,-0.217619,-0.123630,0.150098,0.065196,-0.480360,0.164004,-0.291157,-0.040088,-0.047492,0.014098,0.218549,0.126977,0.237207,-0.223447,1.069402,0.031824,0.011433,0.276504,0.075997,-0.167005,0.067971,1.226075,-0.164689,-0.006366,-0.176700
2.892138,3.108023,0.764668,-0.017777,-0.008873,-0.560049,0.828221,-0.326668,0.458278,0.296866,0.849770,-0.225615,-0.100584,0.143644,0.054031,-0.493510,0.178124,-0.289994,-0.027706,-0.058605,0.017232,0.212395,0.124541,0.247954,-0.213359,1.053699,0.037285,0.011630,0.281407,0.097912,-0.160524,0.055980,1.237420,-0.151288,-0.004342,-0.177248
2.902848,3.115623,0.764735,-0.023072,-0.006576,-0.553635,0.832414,-0.273462,0.522402,0.283604,0.819224,-0.220934,-0.063294,0.141180,0.044369,-0.506293,0.183687,-0.285025,-0.013223,-0.072231,0.022304,0.205571,0.120400,0.256620,-0.208098,1.044633,0.042605,0.010539,0.283394,0.114627,-0.157560,0.043304,1.246440,-0.140810,-0.001823,-0.178520
2.914838,3.123523,0.764795,-0.027852,-0.002875,-0.547212,0.836526,-0.220967,0.562866,0.251307,0.767481,-0.230263,-0.056167,0.133481,0.031584,-0.519180,0.195664,-0.280814,0.002521,-0.084123,0.029393,0.196363,0.113669,0.263929,-0.210919,1.039647,0.050398,0.010786,0.285187,0.128145,-0.157046,0.028630,1.248924,-0.135045,-0.000370,-0.179975
2.928157,3.132093,0.764819,-0.031100,0.002282,-0.540686,0.840646,-0.179022,0.571335,0.179027,0.702006,-0.227041,-0.058730,0.120287,0.014167,-0.531358,0.210520,-0.275416,0.022124,-0.093881,0.037654,0.184483,0.104871,0.269732,-0.218004,1.035900,0.059783,0.011782,0.283066,0.139217,-0.158973,0.013348,1.240968,-0.129386,0.001260,-0.182995
2.943101,3.141679,0.764585,-0.033505,0.009192,-0.535161,0.844035,-0.145243,0.557018,0.080056,0.632007,-0.208945,-0.064530,0.099930,-0.007353,-0.539903,0.231317,-0.269897,0.043304,-0.100127,0.049259,0.170940,0.096789,0.272527,-0.223446,1.028141,0.071221,0.013640,0.282156,0.144870,-0.163972,0.002200,1.228799,-0.126584,-0.000288,-0.188110
2.960087,3.152787,0.763834,-0.035219,0.018177,-0.530818,0.846559,-0.096232,0.525398,-0.019954,0.525114,-0.187368,-0.151820,0.070955,-0.033438,-0.545138,0.258890,-0.264137,0.067712,-0.105739,0.065811,0.156664,0.090240,0.270815,-0.226243,1.018810,0.080411,0.013379,0.287098,0.140463,-0.174342,-0.004494,1.215724,-0.126494,-0.001496,-0.190252
2.978683,3.165525,0.762785,-0.034620,0.027207,-0.527687,0.848297,-0.042574,0.500628,-0.051740,0.398092,-0.190490,-0.250586,0.033887,-0.069672,-0.545172,0.295431,-0.257892,0.095891,-0.110144,0.081245,0.142658,0.084255,0.263607,-0.222800,1.009688,0.083996,0.012333,0.290474,0.125906,-0.188576,-0.010264,1.202989,-0.128633,-0.003101,-0.192090
2.998940,3.179673,0.762472,-0.027048,0.029682,-0.525195,0.850034,0.003662,0.456184,-0.006604,0.283946,-0.185920,-0.261800,-0.007747,-0.135989,-0.535778,0.349849,-0.254076,0.133309,-0.114510,0.079501,0.133303,0.076748,0.256350,-0.228472,1.005652,0.084635,0.011648,0.291655,0.105880,-0.202879,-0.018965,1.185814,-0.128706,-0.003860,-0.194712
3.019745,3.194740,0.762121,-0.025095,0.030078,-0.523597,0.851065,0.020845,0.421674,0.040246,0.248956,-0.229936,-0.261800,-0.026177,-0.184722,-0.522655,0.366592,-0.227531,0.173513,-0.118339,0.083579,0.136147,0.066701,0.251563,-0.247192,1.009382,0.084651,0.009244,0.291629,0.081672,-0.216309,-0.030224,1.163377,-0.138565,-0.005517,-0.198517
3.040905,3.211005,0.762310,-0.026792,0.027796,-0.522917,0.851509,0.016847,0.390462,0.078895,0.270699,-0.291881,-0.261800,-0.026560,-0.222619,-0.507064,0.354857,-0.180686,0.212778,-0.119637,0.090755,0.151028,0.049782,0.248674,-0.278126,1.022446,0.081915,0.009989,0.291775,0.055671,-0.228631,-0.041445,1.133912,-0.146090,-0.007353,-0.204504
3.062514,3.228644,0.763619,-0.024482,0.021829,-0.523880,0.851160,-0.006329,0.339438,0.083264,0.328567,-0.338161,-0.234562,-0.026542,-0.271825,-0.487776,0.336848,-0.122773,0.251150,-0.118638,0.086899,0.170528,0.029909,0.247863,-0.314308,1.037220,0.079406,0.011935,0.290479,0.027020,-0.240763,-0.046501,1.101019,-0.158302,-0.008160,-0.206749
3.083996,3.247158,0.765336,-0.018053,0.020282,-0.531205,0.846808,-0.040656,0.287254,0.097654,0.387466,-0.367574,-0.199359,-0.047647,-0.316923,-0.458249,0.311068,-0.050740,0.261800,-0.106674,0.082011,0.178401,0.013345,0.246986,-0.345493,1.051752,0.074901,0.012811,0.288339,-0.008043,-0.252206,-0.040005,1.079179,-0.170352,-0.011855,-0.208639
3.105025,3.264731,0.767082,-0.011219,0.021160,-0.541714,0.840221,-0.059902,0.239984,0.130737,0.411134,-0.383936,-0.159703,-0.073841,-0.354928,-0.433083,0.278958,0.022171,0.261800,-0.095468,0.078430,0.179815,0.010874,0.246596,-0.358815,1.053119,0.073993,0.017536,0.282314,-0.045395,-0.260240,-0.024832,1.063906,-0.188576,-0.011924,-0.201597
3.124764,3.280916,0.768107,-0.003135,0.020599,-0.553744,0.832426,-0.068065,0.190571,0.171827,0.415016,-0.393584,-0.112734,-0.106768,-0.403088,-0.446221,0.287800,0.047276,0.250713,-0.087132,0.069936,0.180087,0.017446,0.250694,-0.366189,1.046810,0.069589,0.015344,0.282396,-0.082585,-0.263583,-0.005871,1.048663,-0.205986,-0.008117,-0.196167
3.141809,3.295205,0.768888,-0.001617,0.019380,-0.565184,0.824736,-0.071262,0.159420,0.204263,0.422286,-0.400862,-0.081056,-0.125777,-0.428672,-0.461154,0.350630,-0.014994,0.197715,-0.080881,0.066822,0.187108,0.026042,0.262092,-0.372830,1.043077,0.070444,0.013799,0.283626,-0.112496,-0.258558,0.010878,1.031712,-0.218156,-0.009397,-0.196287
3.157143,3.307698,0.769632,-0.003063,0.014918,-0.572871,0.819504,-0.063503,0.130073,0.227297,0.421013,-0.403205,-0.051033,-0.113379,-0.453633,-0.504531,0.458515,-0.087771,0.157041,-0.077865,0.061035,0.198132,0.031226,0.277463,-0.381698,1.052696,0.066184,0.014298,0.284117,-0.127976,-0.246949,0.025022,1.015255,-0.225709,-0.011478,-0.197525
3.171184,3.318747,0.770276,-0.004294,0.010374,-0.578230,0.815796,-0.052960,0.100195,0.244737,0.410090,-0.400346,-0.021939,-0.086633,-0.476415,-0.552198,0.598764,-0.159351,0.117882,-0.075687,0.053713,0.207021,0.037493,0.291289,-0.377403,1.060590,0.056716,0.017221,0.283272,-0.131738,-0.233492,0.036929,1.000035,-0.235853,-0.010507,-0.194645
3.183999,3.328657,0.770385,-0.005114,0.008705,-0.585028,0.810950,-0.047872,0.077655,0.264288,0.400595,-0.399559,-0.000259,-0.057003,-0.477947,-0.586006,0.738475,-0.217110,0.097671,-0.070681,0.048360,0.209601,0.049182,0.301208,-0.357138,1.061547,0.047326,0.019840,0.282599,-0.132305,-0.221870,0.056381,0.994058,-0.238963,-0.012696,-0.190450
3.195524,3.337560,0.770047,-0.005838,0.009167,-0.593877,0.804482,-0.050314,0.062536,0.285877,0.400422,-0.401892,0.020046,-0.030410,-0.443358,-0.586524,0.849774,-0.244486,0.107513,-0.061767,0.045337,0.207831,0.065654,0.306348,-0.327725,1.056566,0.033945,0.017390,0.285778,-0.132438,-0.212029,0.077007,1.001812,-0.239309,-0.012870,-0.187233
3.206670,3.345218,0.769385,-0.004792,0.009084,-0.605794,0.795555,-0.049174,0.045316,0.314815,0.394273,-0.402873,0.040827,-0.006894,-0.381155,-0.556033,0.921604,-0.245384,0.147072,-0.045907,0.040214,0.201731,0.084831,0.305744,-0.298361,1.050133,0.028263,0.018588,0.284951,-0.129747,-0.203678,0.095356,1.022918,-0.235764,-0.013203,-0.187777
3.217477,3.351865,0.768476,-0.003624,0.009229,-0.619777,0.784716,-0.047047,0.030410,0.347589,0.387039,-0.403573,0.056582,0.024206,-0.300480,-0.522304,0.947750,-0.231387,0.209730,-0.026172,0.036089,0.191488,0.105853,0.300203,-0.274677,1.044390,0.026668,0.019229,0.282383,-0.124083,-0.197297,0.111683,1.051228,-0.231882,-0.011089,-0.184728
3.227741,3.358054,0.767432,-0.002735,0.012686,-0.635369,0.772100,-0.056792,0.025123,0.382525,0.394344,-0.411214,0.074919,0.060092,-0.210080,-0.499647,0.932416,-0.210884,0.261800,-0.002983,0.038001,0.175050,0.125981,0.291354,-0.259339,1.039246,0.030248,0.019222,0.279595,-0.117452,-0.192974,0.128510,1.084397,-0.222920,-0.008427,-0.182566
3.236817,3.364346,0.766156,-0.002844,0.020564,-0.651083,0.758723,-0.080150,0.034245,0.417226,0.416397,-0.425350,0.089268,0.092845,-0.102621,-0.477807,0.874926,-0.182482,0.261800,0.021538,0.046217,0.153494,0.143441,0.280491,-0.247470,1.035099,0.030982,0.015706,0.278485,-0.109407,-0.190218,0.144278,1.114132,-0.218534,-0.005042,-0.178885
3.245284,3.370933,0.764712,-0.001341,0.028832,-0.665229,0.746081,-0.108809,0.043691,0.448013,0.439839,-0.436680,0.100919,0.113461,0.025792,-0.413076,0.781419,-0.142676,0.261800,0.044373,0.052111,0.131370,0.155452,0.267754,-0.234555,1.033597,0.035077,0.016930,0.278187,-0.099884,-0.188163,0.156139,1.137590,-0.211686,-0.004754,-0.180741
3.253541,3.378109,0.763165,0.000981,0.034860,-0.676297,0.735803,-0.135666,0.047633,0.474525,0.459549,-0.443391,0.114053,0.137868,0.159976,-0.313174,0.653670,-0.097161,0.261800,0.061978,0.054318,0.113814,0.160872,0.253433,-0.223377,1.039122,0.031609,0.016348,0.280937,-0.090130,-0.186468,0.162912,1.157174,-0.200403,-0.004782,-0.184284
3.262374,3.385975,0.761409,0.004937,0.035747,-0.684054,0.728539,-0.151793,0.033854,0.496345,0.461098,-0.439299,0.129072,0.175840,0.250832,-0.226649,0.513543,-0.054354,0.261800,0.072420,0.048667,0.104209,0.162459,0.238385,-0.212987,1.044914,0.029432,0.016553,0.278674,-0.082546,-0.185432,0.166171,1.175086,-0.191019,-0.003500,-0.184904
3.271735,3.395203,0.759678,0.011801,0.033489,-0.689908,0.723025,-0.166739,0.006196,0.515696,0.451041,-0.423164,0.146897,0.209885,0.285047,-0.176343,0.376582,0.003640,0.261800,0.079182,0.035146,0.097977,0.159510,0.225857,-0.209651,1.047489,0.028367,0.017008,0.275569,-0.078660,-0.185732,0.173898,1.190943,-0.180870,-0.005594,-0.183114
3.282156,3.405210,0.758513,0.017544,0.026000,-0.693080,0.720178,-0.166577,-0.036087,0.528538,0.420599,-0.392447,0.163551,0.224737,0.269491,-0.163621,0.287411,0.048253,0.261800,0.079403,0.018708,0.102505,0.154710,0.215190,-0.211860,1.045530,0.033341,0.016492,0.275955,-0.077656,-0.186999,0.179428,1.202407,-0.182235,-0.004048,-0.182550
3.295072,3.416072,0.757692,0.021065,0.015998,-0.691054,0.722319,-0.153436,-0.092206,0.528449,0.367975,-0.349071,0.185775,0.179677,0.221332,-0.167017,0.389874,-0.064994,0.249995,0.066866,0.008238,0.112793,0.148290,0.203287,-0.218336,1.042907,0.038184,0.015648,0.278405,-0.077364,-0.192593,0.181632,1.207150,-0.181616,-0.003285,-0.184341
3.305978,3.428790,0.755827,0.021817,0.017032,-0.692835,0.720565,-0.183808,-0.102536,0.538094,0.384776,-0.334887,0.207356,0.156124,0.206435,-0.196942,0.416650,-0.134301,0.108971,0.066915,0.015430,0.110806,0.140813,0.190956,-0.221441,1.038888,0.046505,0.015421,0.281653,-0.077648,-0.200989,0.181443,1.203845,-0.182679,-0.004252,-0.181985
3.316606,3.442485,0.754158,0.021494,0.018677,-0.691513,0.721802,-0.219543,-0.108628,0.543683,0.410715,-0.314350,0.225483,0.145796,0.201950,-0.208621,0.408440,-0.188244,-0.006277,0.061642,0.024487,0.110441,0.132718,0.180764,-0.223140,1.031813,0.052714,0.016188,0.282662,-0.077891,-0.209813,0.181400,1.195006,-0.184049,-0.006013,-0.184879
3.326480,3.457286,0.752769,0.021164,0.018937,-0.685626,0.727400,-0.260187,-0.114959,0.545827,0.447435,-0.279707,0.238149,0.148272,0.195059,-0.237748,0.374959,-0.232294,-0.061231,0.050392,0.029125,0.115118,0.119643,0.176433,-0.229438,1.027197,0.056230,0.014843,0.282521,-0.076042,-0.215439,0.172210,1.181085,-0.187828,-0.005927,-0.188317
3.335572,3.473302,0.752201,0.017771,0.018454,-0.676299,0.736181,-0.303876,-0.114085,0.546625,0.499299,-0.233920,0.251016,0.164485,0.194910,-0.279430,0.317035,-0.259569,-0.086128,0.036657,0.035439,0.127976,0.097642,0.179057,-0.247558,1.028727,0.059202,0.015362,0.283986,-0.075909,-0.217771,0.160363,1.172911,-0.185992,-0.008279,-0.193735
3.344539,3.489798,0.752122,0.012225,0.015924,-0.665544,0.746089,-0.343281,-0.109962,0.549275,0.554319,-0.171064,0.247491,0.183272,0.195416,-0.320998,0.261932,-0.277163,-0.100064,0.022853,0.040898,0.147395,0.076290,0.184577,-0.263500,1.027968,0.065567,0.015733,0.285196,-0.078157,-0.218831,0.156211,1.173467,-0.182994,-0.009490,-0.194418
3.353359,3.506692,0.752390,0.005456,0.012814,-0.654183,0.756208,-0.382340,-0.103672,0.543024,0.608405,-0.091551,0.216226,0.194167,0.194448,-0.347857,0.223726,-0.287705,-0.102001,0.009413,0.048212,0.169616,0.057397,0.189948,-0.274278,1.021474,0.069260,0.017554,0.286204,-0.083120,-0.220803,0.158520,1.179183,-0.180754,-0.008391,-0.190054
3.361636,3.523286,0.752907,-0.001277,0.011270,-0.643924,0.765005,-0.428705,-0.104692,0.495337,0.655990,-0.003520,0.126074,0.195174,0.192346,-0.369355,0.200224,-0.292549,-0.096981,0.000320,0.057796,0.188660,0.043525,0.195780,-0.281124,1.009702,0.072282,0.016611,0.287678,-0.086805,-0.223416,0.162439,1.184345,-0.179974,-0.008541,-0.186855
3.369027,3.538953,0.753297,-0.008873,0.009329,-0.634470,0.772840,-0.453679,-0.126046,0.399249,0.667692,0.029330,-0.116966,0.199516,0.192560,-0.393404,0.176493,-0.294176,-0.097441,-0.005075,0.067531,0.207860,0.033780,0.202055,-0.284543,0.997185,0.078068,0.016261,0.289242,-0.086109,-0.225403,0.164182,1.183898,-0.180736,-0.008476,-0.186680
3.376477,3.552852,0.752815,-0.013550,0.003374,-0.623734,0.781512,-0.441854,-0.152730,0.340408,0.638916,0.037331,-0.261800,0.200401,0.177746,-0.422960,0.175943,-0.312333,-0.094007,-0.012915,0.066226,0.223469,0.032270,0.209995,-0.285519,0.987641,0.079681,0.013433,0.290875,-0.078273,-0.223597,0.159312,1.180376,-0.181732,-0.007628,-0.189473
3.382681,3.565072,0.753351,-0.014653,-0.003273,-0.613734,0.789370,-0.448139,-0.137177,0.330314,0.676566,-0.035811,-0.261800,0.205296,0.159431,-0.449536,0.163632,-0.324115,-0.092239,-0.019205,0.055485,0.233367,0.034290,0.220730,-0.287333,0.984526,0.077051,0.013948,0.291770,-0.068294,-0.216201,0.150685,1.178833,-0.183490,-0.007624,-0.190187
3.388113,3.576181,0.754826,-0.014886,-0.007326,-0.604601,0.796356,-0.453693,-0.080045,0.345359,0.733572,-0.105625,-0.261800,0.210768,0.145978,-0.469304,0.138585,-0.320162,-0.083003,-0.024652,0.044766,0.238418,0.037685,0.231237,-0.286917,0.991848,0.071862,0.012881,0.293168,-0.058489,-0.206345,0.141622,1.176607,-0.185458,-0.007094,-0.186979
3.393569,3.586464,0.756917,-0.015401,-0.008270,-0.596957,0.802083,-0.446407,0.007539,0.376294,0.779378,-0.162102,-0.261800,0.203199,0.132242,-0.486616,0.134457,-0.317491,-0.074145,-0.025633,0.039276,0.239449,0.041048,0.238021,-0.285601,1.008309,0.067230,0.011375,0.296001,-0.047124,-0.197958,0.133393,1.172693,-0.185541,-0.006857,-0.186720
3.399612,3.595948,0.759337,-0.016008,-0.007632,-0.591270,0.806279,-0.420917,0.112810,0.428379,0.802784,-0.207581,-0.238844,0.193548,0.120097,-0.501146,0.131597,-0.307566,-0.064598,-0.024431,0.036324,0.237203,0.048785,0.238869,-0.278049,1.025225,0.059241,0.013452,0.296378,-0.038146,-0.193319,0.131390,1.174149,-0.185482,-0.008512,-0.187686
3.406184,3.605083,0.761697,-0.015186,-0.006950,-0.583902,0.811653,-0.390440,0.202629,0.466142,0.802919,-0.246551,-0.177555,0.182477,0.103927,-0.519012,0.130700,-0.296653,-0.050989,-0.029368,0.031412,0.232086,0.058414,0.237942,-0.271963,1.040776,0.049549,0.012808,0.292192,-0.031030,-0.190077,0.127731,1.177701,-0.185790,-0.006834,-0.190123
3.412911,3.613584,0.763695,-0.015619,-0.006160,-0.576513,0.816915,-0.361435,0.274660,0.464820,0.787003,-0.265041,-0.149070,0.174525,0.089544,-0.538917,0.129886,-0.286357,-0.045422,-0.036593,0.027693,0.228033,0.068709,0.238769,-0.275030,1.052928,0.048198,0.014176,0.288536,-0.023869,-0.186057,0.116309,1.177929,-0.185075,-0.004882,-0.190396
3.419986,3.621496,0.765145,-0.017082,-0.006085,-0.569418,0.821848,-0.335031,0.333032,0.433275,0.768931,-0.273458,-0.128448,0.170671,0.076282,-0.555898,0.129343,-0.278780,-0.034542,-0.044060,0.023529,0.225835,0.080356,0.242770,-0.281517,1.059692,0.044119,0.011410,0.286799,-0.014318,-0.182034,0.104216,1.172038,-0.180971,-0.006284,-0.192293
3.427962,3.629191,0.766130,-0.020208,-0.005349,-0.563350,0.825954,-0.305937,0.394965,0.404912,0.755693,-0.277564,-0.112361,0.167961,0.066110,-0.570312,0.130106,-0.270274,-0.026771,-0.051158,0.023365,0.224425,0.091994,0.245682,-0.283373,1.062733,0.045347,0.011571,0.285437,-0.005433,-0.180250,0.094728,1.164007,-0.185797,-0.007436,-0.194700
3.436982,3.636783,0.766787,-0.023822,-0.003495,-0.558375,0.829239,-0.275938,0.454633,0.373396,0.744416,-0.270665,-0.100741,0.164252,0.056566,-0.582011,0.131653,-0.261217,-0.016786,-0.057679,0.025944,0.221178,0.104063,0.246520,-0.277788,1.063396,0.045071,0.011445,0.284178,0.002064,-0.180123,0.086261,1.155876,-0.184918,-0.007062,-0.196955
3.447086,3.644393,0.767176,-0.027385,-0.000835,-0.552823,0.832848,-0.248001,0.504917,0.331645,0.734140,-0.257768,-0.087620,0.159850,0.046150,-0.594817,0.133568,-0.251933,-0.005567,-0.065062,0.030677,0.216303,0.112005,0.246545,-0.274042,1.065225,0.046299,0.012848,0.284909,0.010165,-0.181380,0.076211,1.148803,-0.182999,-0.007965,-0.199379
3.458348,3.652452,0.767429,-0.031149,0.002558,-0.547642,0.836129,-0.216638,0.543205,0.283904,0.718180,-0.255807,-0.082724,0.150370,0.032096,-0.606525,0.145894,-0.245690,0.005742,-0.072327,0.037463,0.211122,0.116859,0.245704,-0.270561,1.065965,0.047639,0.012785,0.283859,0.016536,-0.183909,0.064367,1.142857,-0.179937,-0.008164,-0.201768
3.470793,3.661102,0.767641,-0.034240,0.005554,-0.541728,0.839838,-0.192011,0.558822,0.206620,0.705733,-0.252757,-0.055579,0.136065,0.009663,-0.618862,0.172142,-0.244905,0.021657,-0.081772,0.043602,0.207025,0.117704,0.244877,-0.269777,1.065451,0.051908,0.012731,0.281831,0.019774,-0.187552,0.053524,1.141329,-0.173947,-0.007577,-0.204843
3.484618,3.670404,0.767750,-0.037061,0.009009,-0.535609,0.843604,-0.170853,0.568721,0.135447,0.701161,-0.246735,-0.007264,0.120843,-0.016030,-0.630321,0.199616,-0.242500,0.038623,-0.091507,0.050520,0.201893,0.115216,0.244720,-0.272270,1.064252,0.055932,0.014344,0.282184,0.021449,-0.191771,0.043999,1.142051,-0.170215,-0.005196,-0.206719
3.499942,3.680521,0.767481,-0.039647,0.013194,-0.531783,0.845849,-0.145865,0.578694,0.090188,0.697068,-0.235462,0.043354,0.103082,-0.043513,-0.635495,0.226736,-0.237385,0.056642,-0.095922,0.060177,0.195249,0.109836,0.244180,-0.276783,1.063219,0.059468,0.015263,0.280047,0.023357,-0.197280,0.034715,1.141332,-0.163139,-0.006258,-0.208513
3.517180,3.691791,0.766539,-0.041755,0.018358,-0.529074,0.847349,-0.096937,0.576837,0.065360,0.645489,-0.238098,0.004248,0.081416,-0.074820,-0.637082,0.255749,-0.230848,0.078249,-0.099567,0.072379,0.186724,0.104431,0.242354,-0.279793,1.058390,0.065215,0.015854,0.281293,0.023446,-0.204536,0.028458,1.138628,-0.157234,-0.007140,-0.208610
3.536418,3.704691,0.764814,-0.042808,0.025461,-0.526115,0.848953,-0.034448,0.560565,0.059014,0.540713,-0.233419,-0.121026,0.052289,-0.111398,-0.636503,0.289070,-0.221592,0.104091,-0.104741,0.088519,0.175619,0.096325,0.238254,-0.282666,1.050761,0.068169,0.016503,0.282734,0.020994,-0.214039,0.022735,1.134336,-0.153718,-0.008009,-0.209331
3.556854,3.719085,0.763219,-0.041821,0.030008,-0.522619,0.851011,0.016875,0.530014,0.073736,0.427603,-0.237069,-0.229610,0.025883,-0.157244,-0.634298,0.319440,-0.206761,0.131862,-0.110200,0.099736,0.168437,0.082910,0.233843,-0.289250,1.045472,0.070908,0.016047,0.286682,0.016355,-0.222223,0.014132,1.128785,-0.153861,-0.008800,-0.212000
3.577826,3.734859,0.762214,-0.038276,0.030849,-0.519190,0.853244,0.037782,0.488176,0.100397,0.375896,-0.266730,-0.261800,0.002292,-0.213966,-0.630073,0.347593,-0.184388,0.158820,-0.114704,0.102908,0.165576,0.064471,0.231051,-0.304489,1.044549,0.076914,0.016674,0.288488,0.010052,-0.228828,0.008807,1.124069,-0.151169,-0.010123,-0.213268
3.599007,3.752259,0.761952,-0.031575,0.028576,-0.514902,0.856190,0.048564,0.430492,0.131206,0.339251,-0.291655,-0.261800,-0.023011,-0.282664,-0.620122,0.378091,-0.153404,0.182469,-0.120547,0.097373,0.167142,0.040957,0.230420,-0.324327,1.047001,0.076938,0.017736,0.287951,0.001088,-0.231840,0.004000,1.119326,-0.152491,-0.009997,-0.211631
3.619807,3.770680,0.762095,-0.026857,0.025131,-0.513101,0.857540,0.055565,0.378576,0.170243,0.321103,-0.320202,-0.261800,-0.046395,-0.344654,-0.603729,0.399738,-0.107601,0.198237,-0.122436,0.093478,0.176553,0.016443,0.231357,-0.345635,1.047636,0.073260,0.017339,0.289437,-0.010287,-0.233121,0.002614,1.112457,-0.156016,-0.010141,-0.206346
3.639997,3.789551,0.762854,-0.023926,0.022732,-0.516509,0.855645,0.057055,0.334146,0.200451,0.318172,-0.354261,-0.255308,-0.076515,-0.395054,-0.578985,0.413879,-0.050015,0.195222,-0.116670,0.093525,0.189876,-0.003336,0.232682,-0.356872,1.041595,0.078783,0.015838,0.291434,-0.026674,-0.235505,0.009801,1.106633,-0.161048,-0.011951,-0.198233
3.658916,3.807870,0.764446,-0.019541,0.023251,-0.521688,0.852596,0.045627,0.287651,0.216855,0.320870,-0.374457,-0.222788,-0.118693,-0.442923,-0.566809,0.434438,0.000392,0.154241,-0.111760,0.093501,0.198755,-0.013372,0.234848,-0.348674,1.027446,0.080161,0.012725,0.293554,-0.047312,-0.238971,0.023928,1.102816,-0.174350,-0.009993,-0.188129
3.675084,3.824192,0.765944,-0.013749,0.024815,-0.529427,0.847881,0.030665,0.245719,0.240065,0.326328,-0.384103,-0.193581,-0.180097,-0.481576,-0.540997,0.497350,-0.037040,0.028853,-0.101448,0.088343,0.199123,-0.019127,0.242997,-0.338240,1.021906,0.076211,0.007542,0.302331,-0.066415,-0.239535,0.036276,1.102317,-0.172694,-0.005084,-0.178085
3.688747,3.838250,0.768445,-0.016118,0.024825,-0.536637,0.843294,0.026116,0.223673,0.257098,0.334122,-0.387622,-0.167680,-0.199106,-0.462075,-0.484452,0.527221,-0.066625,0.045538,-0.096163,0.090943,0.208220,-0.020161,0.259895,-0.329977,1.025473,0.071734,0.006135,0.310840,-0.085102,-0.235977,0.042323,1.106264,-0.155603,-0.005017,-0.170293
3.700662,3.850742,0.770734,-0.017596,0.023221,-0.540031,0.841141,0.024188,0.198358,0.269301,0.334736,-0.385845,-0.134901,-0.200517,-0.462026,-0.477901,0.611171,-0.115652,0.039710,-0.097779,0.086724,0.214731,-0.017155,0.281380,-0.318627,1.033290,0.063522,0.008928,0.311071,-0.098841,-0.230326,0.041418,1.108097,-0.135088,-0.004369,-0.161385
3.710709,3.862197,0.771917,-0.017482,0.019648,-0.539260,0.841729,0.025891,0.168506,0.269486,0.324287,-0.380581,-0.109158,-0.179004,-0.485447,-0.519602,0.728512,-0.169769,0.031326,-0.101663,0.074817,0.222342,-0.015475,0.305747,-0.306731,1.037510,0.046539,0.008031,0.311695,-0.104420,-0.226510,0.036436,1.095665,-0.127631,-0.000428,-0.154206
3.719064,3.872372,0.772011,-0.017325,0.016377,-0.537848,0.842704,0.023519,0.143717,0.266211,0.322057,-0.380879,-0.090574,-0.150386,-0.494085,-0.552670,0.850124,-0.218220,0.023980,-0.102127,0.062257,0.227657,-0.013496,0.330268,-0.296577,1.039598,0.035551,0.006734,0.310736,-0.104153,-0.225714,0.030342,1.077977,-0.129207,-0.005307,-0.157593
3.726417,3.881706,0.771445,-0.016394,0.013445,-0.536715,0.843497,0.013841,0.121434,0.264698,0.334145,-0.386572,-0.068169,-0.121627,-0.474413,-0.562241,0.947925,-0.236209,0.036651,-0.101838,0.050279,0.230240,-0.006579,0.348972,-0.279436,1.037940,0.031283,0.011060,0.311152,-0.105337,-0.226225,0.019941,1.066698,-0.134301,-0.009313,-0.166673
3.732920,3.890140,0.770641,-0.016808,0.011864,-0.538283,0.842513,0.002904,0.107368,0.267473,0.351867,-0.395949,-0.050679,-0.093651,-0.416697,-0.546153,1.001179,-0.229103,0.086753,-0.096086,0.044332,0.231225,0.005685,0.359238,-0.260264,1.032863,0.015847,0.012059,0.311475,-0.106502,-0.228929,0.013203,1.061115,-0.126433,-0.010729,-0.170904
3.739085,3.898056,0.769813,-0.016377,0.009488,-0.546222,0.837427,0.001508,0.093399,0.284889,0.358325,-0.401299,-0.036578,-0.075709,-0.339797,-0.496874,1.020368,-0.211812,0.154065,-0.081147,0.037618,0.231246,0.023552,0.362271,-0.246157,1.025277,0.005436,0.010978,0.309512,-0.113928,-0.234545,0.022198,1.067750,-0.121330,-0.010837,-0.170976
3.745192,3.905747,0.768879,-0.013123,0.007008,-0.556621,0.830633,0.005829,0.072517,0.308881,0.346480,-0.398777,-0.026131,-0.056579,-0.281040,-0.458201,1.023655,-0.206927,0.204689,-0.068289,0.028692,0.227210,0.045791,0.358294,-0.238316,1.018255,0.005227,0.011119,0.303260,-0.126286,-0.241709,0.038582,1.081012,-0.131331,-0.010813,-0.169222
3.750666,3.913090,0.768276,-0.010647,0.006601,-0.567835,0.823047,0.007840,0.057838,0.333094,0.333285,-0.394668,-0.021825,-0.029539,-0.247154,-0.457331,1.013379,-0.217676,0.210168,-0.056506,0.023864,0.220152,0.065643,0.349466,-0.239025,1.020072,0.009231,0.009603,0.294961,-0.135716,-0.245833,0.051235,1.087914,-0.144580,-0.007029,-0.172494
3.755307,3.920125,0.768310,-0.008586,0.007996,-0.579168,0.815124,0.006500,0.048454,0.357592,0.319704,-0.387202,-0.021618,-0.003843,-0.221442,-0.466007,0.983294,-0.232126,0.200014,-0.045417,0.021723,0.212657,0.082129,0.336903,-0.242472,1.027078,0.022646,0.011810,0.291499,-0.137627,-0.247025,0.058061,1.082686,-0.151997,-0.007765,-0.175098
3.759250,3.926787,0.768717,-0.006541,0.008372,-0.588538,0.808399,0.012148,0.035019,0.375330,0.291052,-0.368955,-0.027260,0.015341,-0.191152,-0.455598,0.933292,-0.237568,0.183248,-0.037580,0.017433,0.207874,0.096515,0.321655,-0.241829,1.033868,0.033153,0.014245,0.292113,-0.132464,-0.246045,0.064444,1.073167,-0.159529,-0.012588,-0.180076
3.762666,3.932684,0.769459,-0.004804,0.007780,-0.595987,0.802942,0.021147,0.020077,0.385369,0.258669,-0.347139,-0.034877,0.030542,-0.157637,-0.432633,0.865056,-0.220012,0.156385,-0.034326,0.011382,0.203159,0.110426,0.305498,-0.236759,1.039854,0.032968,0.014777,0.289063,-0.123497,-0.242684,0.073344,1.068406,-0.172315,-0.012294,-0.183773
3.765201,3.937868,0.769553,-0.005623,0.010103,-0.600219,0.799752,0.027270,0.015050,0.400826,0.228118,-0.338341,-0.041558,0.063830,-0.131437,-0.452377,0.767293,-0.195409,0.197180,-0.035678,0.011594,0.194906,0.121634,0.292169,-0.231262,1.047285,0.037979,0.014868,0.283869,-0.108958,-0.237347,0.078547,1.068583,-0.178437,-0.012293,-0.182668
3.767103,3.942335,0.769043,-0.008140,0.013512,-0.600380,0.799559,0.030704,0.015126,0.403438,0.203591,-0.339260,-0.051301,0.103927,-0.118697,-0.505480,0.685768,-0.204840,0.205957,-0.039944,0.015055,0.185196,0.129163,0.283021,-0.219811,1.054793,0.048194,0.016718,0.283478,-0.086686,-0.231326,0.074243,1.070326,-0.162983,-0.015790,-0.172927
3.768604,3.946349,0.768807,-0.010659,0.015690,-0.598732,0.800725,0.031788,0.016285,0.403778,0.189610,-0.339680,-0.064746,0.137732,-0.105368,-0.549588,0.618833,-0.207930,0.214371,-0.042474,0.016124,0.178202,0.134621,0.280401,-0.193626,1.059987,0.041564,0.013939,0.286020,-0.060448,-0.228197,0.067028,1.075361,-0.133097,-0.019778,-0.152762
3.769799,3.950208,0.768971,-0.014145,0.017603,-0.598573,0.800750,0.034702,0.021024,0.408243,0.176817,-0.335855,-0.089579,0.150887,-0.094687,-0.568478,0.591847,-0.206567,0.187190,-0.040199,0.017356,0.173892,0.141695,0.289028,-0.150865,1.063138,0.023988,0.007474,0.279058,-0.038485,-0.230741,0.056350,1.091183,-0.110540,-0.033082,-0.136105
3.770506,3.953724,0.769765,-0.018229,0.020103,-0.599159,0.800170,0.033546,0.031046,0.407359,0.172517,-0.334039,-0.112618,0.137758,-0.085677,-0.555589,0.603692,-0.191542,0.155542,-0.039066,0.016869,0.170084,0.154618,0.313582,-0.091008,1.064290,0.001957,0.005797,0.285648,-0.025568,-0.242367,0.045766,1.115680,-0.100989,-0.043763,-0.135177
3.770859,3.956952,0.771870,-0.022607,0.020233,-0.599514,0.799789,0.021498,0.043407,0.382360,0.197451,-0.328463,-0.127641,0.126221,-0.086674,-0.550825,0.619306,-0.164157,0.185469,-0.038742,0.010602,0.171223,0.171290,0.354787,-0.023856,1.063360,-0.022935,0.007562,0.306119,-0.017726,-0.265075,0.022246,1.133655,-0.088692,-0.044684,-0.140083
3.771191,3.959981,0.774086,-0.024964,0.018653,-0.597442,0.801306,-0.011174,0.050655,0.337671,0.263140,-0.325245,-0.110452,0.110089,-0.098112,-0.546707,0.654526,-0.133675,0.188761,-0.039940,-0.002154,0.171943,0.187840,0.405490,0.057340,1.060900,-0.056070,0.010678,0.322596,-0.005954,-0.295280,-0.042111,1.132812,-0.054799,-0.045982,-0.143950
3.771487,3.962823,0.776430,-0.026541,0.014683,-0.594378,0.803614,-0.068169,0.043232,0.235311,0.372655,-0.317956,-0.060454,0.095816,-0.109505,-0.534302,0.686342,-0.099999,0.178783,-0.040148,-0.019232,0.175018,0.203401,0.461023,0.134419,1.053154,-0.109917,0.011796,0.344518,0.009220,-0.331817,-0.130721,1.112529,-0.004577,-0.050729,-0.155438
3.771773,3.965802,0.777108,-0.033084,0.014346,-0.592368,0.804860,-0.110168,0.030060,0.098234,0.448539,-0.316265,-0.061852,0.085574,-0.103622,-0.523445,0.708209,-0.071106,0.161455,-0.036725,-0.022750,0.178530,0.214322,0.515753,0.196236,1.045952,-0.150533,0.015815,0.363251,0.023174,-0.374638,-0.223829,1.078757,0.048531,-0.057380,-0.175550
3.772665,3.968455,0.776137,-0.040327,0.013957,-0.595060,0.802548,-0.118043,0.010398,-0.027255,0.471601,-0.327058,-0.068595,0.074709,-0.098738,-0.511515,0.738056,-0.056881,0.144933,-0.024795,-0.023730,0.180402,0.223508,0.561935,0.241808,1.039825,-0.174915,0.018712,0.377148,0.032664,-0.422413,-0.304296,1.037506,0.095914,-0.058793,-0.202593
3.774417,3.970933,0.773887,-0.044759,0.012477,-0.603751,0.795817,-0.088651,0.004457,-0.063786,0.432952,-0.349531,-0.068405,0.053002,-0.110574,-0.503259,0.791599,-0.059037,0.126426,-0.010852,-0.028647,0.178273,0.238392,0.591805,0.281351,1.032797,-0.192065,0.017979,0.382917,0.024802,-0.470743,-0.364956,0.998070,0.124596,-0.061925,-0.234500
3.776329,3.974180,0.771382,-0.044299,0.009132,-0.611255,0.790140,-0.060071,-0.001560,-0.036830,0.388648,-0.364911,-0.049039,0.023721,-0.137995,-0.495156,0.856405,-0.064907,0.141009,-0.010629,-0.043179,0.176825,0.254263,0.605192,0.303801,1.028057,-0.205097,0.015087,0.386900,-0.001648,-0.510915,-0.410814,0.956179,0.127743,-0.065291,-0.263842
3.777244,3.977869,0.770120,-0.042211,0.004161,-0.611845,0.789840,-0.046733,-0.014883,-0.031008,0.365218,-0.362775,-0.059203,0.008746,-0.168545,-0.502756,0.895040,-0.078113,0.210465,-0.022979,-0.063294,0.181233,0.250722,0.609370,0.285646,1.041164,-0.206806,0.015630,0.388666,-0.024201,-0.533744,-0.444477,0.903965,0.114273,-0.067335,-0.286638
3.777080,3.980920,0.770748,-0.045402,0.002869,-0.608978,0.791881,-0.034129,-0.008974,-0.030238,0.342877,-0.357466,-0.091894,-0.002177,-0.168957,-0.502927,0.887736,-0.115382,0.224018,-0.032641,-0.069688,0.187497,0.226015,0.605895,0.223852,1.062122,-0.204533,0.030661,0.377204,-0.030080,-0.536937,-0.461779,0.854272,0.084933,-0.068460,-0.314433
3.777868,3.983090,0.772674,-0.051051,0.002860,-0.608314,0.792048,-0.012442,0.002368,-0.027543,0.309316,-0.346032,-0.108609,-0.013357,-0.153612,-0.486727,0.841703,-0.139113,0.245128,-0.036990,-0.067430,0.193317,0.206146,0.587656,0.156571,1.061603,-0.168246,0.047410,0.338272,-0.030071,-0.525968,-0.461018,0.814452,0.052371,-0.064308,-0.326588
3.779197,3.984807,0.774854,-0.055095,0.004475,-0.609487,0.790866,0.005624,0.012188,-0.022308,0.274641,-0.330212,-0.113551,-0.029678,-0.144598,-0.474364,0.776192,-0.155204,0.250390,-0.041911,-0.063090,0.194271,0.199041,0.556171,0.108101,1.043050,-0.115561,0.035455,0.322264,-0.032996,-0.507511,-0.442205,0.789784,0.022922,-0.058869,-0.318550
3.780353,3.986160,0.776162,-0.058186,0.008697,-0.611762,0.788851,0.008206,0.023892,-0.016256,0.260960,-0.325615,-0.117055,-0.045304,-0.142404,-0.483314,0.694899,-0.163183,0.251838,-0.045315,-0.056202,0.191169,0.194508,0.518466,0.092584,1.019956,-0.077510,0.010572,0.332261,-0.036706,-0.486870,-0.413034,0.781216,-0.002746,-0.057253,-0.298006
3.781067,3.987317,0.776715,-0.059852,0.011975,-0.614786,0.786329,0.001022,0.032125,-0.010568,0.267447,-0.326645,-0.114064,-0.057639,-0.146999,-0.506773,0.607983,-0.162767,0.246705,-0.045980,-0.051987,0.189475,0.183746,0.483437,0.095461,1.005673,-0.076321,0.002121,0.340043,-0.041640,-0.465278,-0.386211,0.786030,-0.034220,-0.058683,-0.286149
3.781491,3.988310,0.777005,-0.060815,0.012575,-0.616973,0.784530,-0.007836,0.033203,-0.009661,0.283592,-0.326463,-0.096189,-0.066035,-0.154593,-0.532797,0.522768,-0.143661,0.235307,-0.047479,-0.051342,0.192710,0.167986,0.459652,0.086415,1.006928,-0.089921,0.006484,0.340568,-0.046399,-0.441146,-0.368645,0.798252,-0.061919,-0.060613,-0.292711
3.782129,3.988889,0.776892,-0.062079,0.011554,-0.618226,0.783460,-0.008785,0.032899,-0.007573,0.292425,-0.328197,-0.089378,-0.070117,-0.158311,-0.553804,0.441265,-0.114886,0.228399,-0.050039,-0.051524,0.198355,0.152938,0.447727,0.066401,1.017861,-0.088993,0.013395,0.339976,-0.048402,-0.415546,-0.361622,0.813360,-0.066137,-0.061320,-0.290743
3.782924,3.988899,0.776394,-0.063481,0.010109,-0.618469,0.783175,-0.008607,0.032769,-0.006154,0.302521,-0.332925,-0.089603,-0.070776,-0.154240,-0.561245,0.361045,-0.086381,0.236184,-0.052579,-0.050908,0.202804,0.142834,0.442803,0.049625,1.025688,-0.085778,0.017836,0.346081,-0.044485,-0.392284,-0.357341,0.829576,-0.048821,-0.064554,-0.281332
3.783922,3.988188,0.775843,-0.063205,0.008642,-0.618782,0.782968,-0.010530,0.028456,-0.005538,0.313773,-0.336152,-0.078607,-0.075233,-0.148399,-0.542387,0.290814,-0.060417,0.252574,-0.053586,-0.051737,0.203032,0.139555,0.440308,0.046883,1.023119,-0.087677,0.019677,0.350829,-0.034983,-0.374946,-0.344908,0.847976,-0.043190,-0.066354,-0.278781
3.785091,3.986849,0.775861,-0.061642,0.006342,-0.619527,0.782526,-0.016067,0.018316,-0.006173,0.333055,-0.335615,-0.032602,-0.086301,-0.149615,-0.502409,0.247903,-0.037705,0.261431,-0.052999,-0.054678,0.201501,0.142197,0.439208,0.052410,1.013976,-0.085791,0.021793,0.359744,-0.023211,-0.363708,-0.327769,0.866260,-0.048224,-0.064433,-0.280992
3.786008,3.985185,0.776069,-0.060197,0.005490,-0.619861,0.782380,-0.019206,0.011071,-0.007284,0.342921,-0.333387,-0.000958,-0.100495,-0.152922,-0.465922,0.226759,-0.025217,0.256922,-0.054827,-0.055274,0.197476,0.149427,0.440609,0.058794,1.005654,-0.081511,0.021752,0.371911,-0.012847,-0.355093,-0.314867,0.886706,-0.054776,-0.063109,-0.280492
3.786674,3.983120,0.776110,-0.059533,0.004397,-0.619794,0.782490,-0.013942,0.007224,-0.007663,0.340406,-0.333120,0.008231,-0.107528,-0.156639,-0.443049,0.212492,-0.020591,0.259184,-0.057553,-0.054955,0.194549,0.158243,0.445778,0.057601,1.004152,-0.079939,0.021511,0.383537,-0.003251,-0.346599,-0.311809,0.905514,-0.046424,-0.060697,-0.275011
3.787385,3.980990,0.776109,-0.059168,0.003172,-0.619892,0.782447,-0.006305,0.004514,-0.006704,0.335159,-0.332634,0.011633,-0.112374,-0.163030,-0.431831,0.209694,-0.015966,0.259556,-0.058629,-0.053559,0.193074,0.163562,0.451269,0.056707,1.012217,-0.081141,0.023117,0.384587,0.007584,-0.339435,-0.309578,0.922418,-0.026459,-0.061309,-0.272060
3.788204,3.978886,0.776073,-0.059206,0.001862,-0.619780,0.782537,0.001337,0.001906,-0.006703,0.331201,-0.333478,0.016073,-0.115938,-0.172472,-0.433840,0.218849,-0.014870,0.251719,-0.060611,-0.050960,0.192765,0.167634,0.454510,0.055191,1.022682,-0.090095,0.026919,0.380796,0.015454,-0.335946,-0.304031,0.941208,-0.010023,-0.058991,-0.267591
3.788873,3.976513,0.775993,-0.059345,0.001342,-0.619357,0.782862,0.007018,0.000741,-0.007802,0.329434,-0.335727,0.019091,-0.118095,-0.182065,-0.444141,0.234389,-0.014374,0.236267,-0.062444,-0.046761,0.191362,0.169718,0.455654,0.053337,1.035310,-0.095107,0.029915,0.374321,0.023044,-0.334726,-0.294191,0.958130,-0.001495,-0.053954,-0.261942
3.789264,3.973748,0.775858,-0.059257,0.001559,-0.619324,0.782894,0.011002,0.001199,-0.007837,0.329147,-0.340047,0.020844,-0.119969,-0.188636,-0.453917,0.250642,-0.011555,0.212224,-0.062461,-0.041770,0.188669,0.171313,0.454732,0.046908,1.044011,-0.101662,0.031287,0.365717,0.030422,-0.334825,-0.280254,0.973760,0.001026,-0.052052,-0.254955
3.789596,3.970762,0.775622,-0.058211,0.001691,-0.620269,0.782224,0.015586,0.000243,-0.005778,0.326243,-0.343163,0.022697,-0.120728,-0.194473,-0.464584,0.262501,0.006384,0.187383,-0.060479,-0.038194,0.184567,0.173059,0.450513,0.038770,1.048636,-0.095748,0.035477,0.362181,0.034717,-0.335297,-0.265204,0.989655,-0.004793,-0.047205,-0.243699
3.789691,3.967431,0.775423,-0.056529,0.002584,-0.621931,0.781025,0.018750,0.000093,-0.001932,0.323009,-0.346029,0.024266,-0.123300,-0.197633,-0.475839,0.272425,0.067968,0.168403,-0.057804,-0.034771,0.178725,0.176395,0.443340,0.029113,1.048308,-0.088589,0.034724,0.365131,0.034540,-0.334285,-0.251350,1.008514,-0.008386,-0.043281,-0.233953
3.789524,3.963652,0.775015,-0.053438,0.002912,-0.623410,0.780061,0.023304,-0.003158,0.001359,0.315542,-0.347643,0.025374,-0.117954,-0.196070,-0.483007,0.261105,0.092858,0.154234,-0.056131,-0.034641,0.171689,0.180001,0.434953,0.017568,1.046008,-0.079332,0.036049,0.367070,0.032309,-0.331505,-0.236383,1.027972,-0.016101,-0.038454,-0.223985
3.789353,3.959528,0.774934,-0.050628,0.002545,-0.625426,0.778635,0.034262,-0.006726,0.006030,0.299467,-0.344829,0.027216,-0.102043,-0.192667,-0.497365,0.230229,0.089530,0.146317,-0.052579,-0.035063,0.166461,0.181128,0.424290,0.002616,1.045497,-0.068032,0.039356,0.366666,0.029090,-0.326567,-0.215656,1.048307,-0.024267,-0.033251,-0.216590
3.789269,3.955112,0.774884,-0.047277,0.001326,-0.628581,0.776305,0.051774,-0.012238,0.013315,0.272417,-0.337870,0.028434,-0.086182,-0.188732,-0.501099,0.198253,0.084396,0.140020,-0.047986,-0.037700,0.161024,0.183120,0.409518,-0.008287,1.046111,-0.054433,0.040779,0.364439,0.023700,-0.320471,-0.191015,1.069656,-0.044714,-0.027234,-0.198111
3.788948,3.950454,0.774854,-0.044462,0.000089,-0.632857,0.772991,0.072856,-0.015572,0.024074,0.240791,-0.329638,0.026665,-0.069539,-0.181741,-0.497544,0.163371,0.082345,0.137582,-0.043692,-0.040506,0.156307,0.186310,0.392506,-0.015769,1.047814,-0.039060,0.044427,0.368767,0.013843,-0.312221,-0.164521,1.093331,-0.079697,-0.018064,-0.179988
3.788494,3.945863,0.774830,-0.041257,0.000248,-0.636620,0.770073,0.092192,-0.017994,0.033668,0.205794,-0.318645,0.023698,-0.064591,-0.179080,-0.490631,0.148671,0.077057,0.138573,-0.041999,-0.043013,0.150540,0.187295,0.375152,-0.024860,1.052256,-0.032584,0.045844,0.376755,0.003850,-0.302350,-0.138062,1.110749,-0.111570,-0.006009,-0.166820
3.787991,3.941227,0.774876,-0.039039,0.000100,-0.640145,0.767262,0.115258,-0.019568,0.042800,0.167231,-0.305810,0.021828,-0.063028,-0.178394,-0.483173,0.146700,0.069579,0.140136,-0.040636,-0.045389,0.146633,0.185627,0.358852,-0.034556,1.061171,-0.025357,0.047826,0.373994,-0.003119,-0.291967,-0.116272,1.123252,-0.133012,-0.000134,-0.157914
3.787617,3.936833,0.774758,-0.038255,0.000667,-0.643317,0.764643,0.132213,-0.017681,0.050756,0.142804,-0.300465,0.018603,-0.059574,-0.174025,-0.477830,0.142687,0.063254,0.140420,-0.041155,-0.044497,0.144040,0.182701,0.343936,-0.048490,1.071743,-0.027068,0.049224,0.369841,-0.006823,-0.280985,-0.102042,1.128329,-0.137799,0.000669,-0.156589
3.787326,3.933050,0.774573,-0.037796,0.002075,-0.645811,0.762558,0.136754,-0.014140,0.056434,0.140479,-0.304764,0.015667,-0.057038,-0.168350,-0.473424,0.137947,0.058686,0.140005,-0.043133,-0.042770,0.141790,0.177764,0.331933,-0.061685,1.080797,-0.020574,0.052781,0.364287,-0.009365,-0.271081,-0.093828,1.129124,-0.135480,0.000295,-0.155312
