-0.000857,0.023884,0.767600,-0.024651,-0.030068,-0.688744,0.723961,0.148737,0.082280,0.128034,0.144754,-0.258363,-0.073937,0.175671,-0.116844,-0.374902,0.122082,-0.178200,0.115464,-0.011889,-0.004906,0.199775,0.011604,0.197654,-0.621114,1.131164,0.055952,0.067776,0.260956,-0.060969,-0.113155,0.436753,1.213983,-0.251318,0.060505,-0.135813
-0.000806,0.023806,0.767621,-0.024486,-0.029876,-0.688653,0.724061,0.148214,0.082205,0.127701,0.144702,-0.258285,-0.073738,0.175243,-0.116918,-0.374871,0.122087,-0.178198,0.115382,-0.012326,-0.004623,0.199986,0.011935,0.198029,-0.620163,1.129826,0.055692,0.068537,0.260308,-0.059268,-0.112765,0.433604,1.210937,-0.250513,0.060313,-0.135828
-0.000720,0.023754,0.767624,-0.024156,-0.029514,-0.688593,0.724144,0.147479,0.082002,0.127532,0.143909,-0.258034,-0.074289,0.174456,-0.116983,-0.375328,0.121720,-0.177991,0.115533,-0.013227,-0.004647,0.198890,0.012664,0.198336,-0.620391,1.129657,0.057685,0.068310,0.261076,-0.059542,-0.112424,0.431286,1.210402,-0.253585,0.061071,-0.135761
-0.000553,0.023771,0.767668,-0.024129,-0.029529,-0.689042,0.723718,0.147381,0.081810,0.128817,0.144757,-0.258506,-0.072732,0.173654,-0.117380,-0.373987,0.122588,-0.178097,0.115213,-0.012525,-0.004243,0.199220,0.012607,0.198403,-0.620139,1.129455,0.055536,0.067202,0.259845,-0.061251,-0.112368,0.430748,1.211033,-0.252947,0.060532,-0.135457
-0.000545,0.023696,0.767609,-0.024177,-0.029443,-0.689011,0.723749,0.148031,0.081990,0.128999,0.143548,-0.258274,-0.074265,0.174085,-0.117068,-0.374083,0.121785,-0.177807,0.115866,-0.013126,-0.003994,0.199149,0.013226,0.198253,-0.616943,1.129326,0.057449,0.067457,0.260287,-0.061288,-0.112247,0.428077,1.209718,-0.254095,0.060477,-0.135363
-0.000372,0.023674,0.767691,-0.023837,-0.029090,-0.689405,0.723399,0.146863,0.081839,0.129801,0.144224,-0.258313,-0.072806,0.172549,-0.117330,-0.372772,0.122099,-0.177230,0.115996,-0.013713,-0.003268,0.198317,0.012536,0.198136,-0.615528,1.130746,0.054148,0.066751,0.258070,-0.062579,-0.112045,0.426714,1.209891,-0.255172,0.060073,-0.136246
-0.000210,0.023546,0.767680,-0.023610,-0.028800,-0.689741,0.723098,0.146796,0.081770,0.130846,0.143574,-0.258143,-0.073004,0.171827,-0.117459,-0.372127,0.121690,-0.176895,0.116750,-0.013331,-0.002821,0.197664,0.011197,0.197831,-0.615276,1.132762,0.057310,0.068893,0.261420,-0.064174,-0.111860,0.427099,1.209983,-0.254630,0.060122,-0.135208
-0.000026,0.023455,0.767705,-0.023438,-0.028613,-0.690571,0.722318,0.147093,0.081685,0.133154,0.143209,-0.258247,-0.072640,0.170675,-0.117636,-0.369628,0.121850,-0.176481,0.117336,-0.011321,-0.002093,0.196877,0.009530,0.197254,-0.613649,1.134599,0.054805,0.067539,0.261270,-0.066758,-0.111982,0.428632,1.210739,-0.252838,0.060350,-0.132684
0.000256,0.023376,0.767704,-0.023376,-0.028233,-0.691827,0.721132,0.147679,0.082056,0.136359,0.142681,-0.258949,-0.072391,0.169110,-0.117364,-0.366140,0.121833,-0.175622,0.118006,-0.010587,-0.000327,0.196166,0.008775,0.195717,-0.607022,1.135369,0.056032,0.067679,0.261217,-0.069939,-0.112410,0.430543,1.212299,-0.253454,0.059684,-0.133927
0.000499,0.023276,0.767725,-0.023267,-0.028009,-0.692829,0.720182,0.148506,0.082061,0.138930,0.141549,-0.258685,-0.073103,0.167910,-0.117458,-0.363470,0.121888,-0.175103,0.118521,-0.009159,0.001035,0.195382,0.006663,0.193943,-0.601935,1.137538,0.053519,0.066484,0.258442,-0.073330,-0.113019,0.433820,1.213795,-0.245238,0.058130,-0.132126
0.000688,0.023160,0.767750,-0.022876,-0.027561,-0.693735,0.719339,0.147883,0.082102,0.141432,0.141788,-0.259098,-0.071884,0.166008,-0.117523,-0.361165,0.121903,-0.174592,0.119058,-0.008496,0.001732,0.193386,0.005176,0.192813,-0.598130,1.138586,0.051516,0.066333,0.260796,-0.076288,-0.113283,0.435496,1.214178,-0.245729,0.058841,-0.129447
0.000930,0.022939,0.767716,-0.022974,-0.027525,-0.694745,0.718362,0.149349,0.082211,0.144388,0.141251,-0.259535,-0.072087,0.165543,-0.117522,-0.358357,0.122153,-0.174592,0.119363,-0.008077,0.002442,0.192477,0.004169,0.191588,-0.591769,1.138295,0.055630,0.066052,0.262099,-0.078440,-0.112968,0.433496,1.213883,-0.250710,0.059113,-0.128445
0.001098,0.022685,0.767693,-0.022910,-0.027486,-0.695128,0.717995,0.149978,0.081980,0.145529,0.141010,-0.259853,-0.071857,0.165437,-0.117770,-0.357231,0.122282,-0.174759,0.119708,-0.008075,0.002523,0.191211,0.002320,0.190948,-0.588608,1.139013,0.053803,0.065338,0.258976,-0.081201,-0.112692,0.435787,1.214450,-0.252018,0.059976,-0.129370
0.001222,0.022441,0.767636,-0.023222,-0.027621,-0.695393,0.717723,0.151225,0.082256,0.146211,0.141254,-0.260809,-0.071893,0.166280,-0.117606,-0.356624,0.122405,-0.175074,0.119843,-0.008413,0.001853,0.189324,0.001005,0.190341,-0.587117,1.140528,0.056850,0.068017,0.260281,-0.086567,-0.112466,0.440617,1.219185,-0.244763,0.057935,-0.127272
0.001353,0.022214,0.767646,-0.023061,-0.027461,-0.695462,0.717667,0.151050,0.082017,0.146317,0.141300,-0.261020,-0.071548,0.166072,-0.117767,-0.356433,0.122381,-0.175047,0.120045,-0.010734,0.001484,0.187715,0.000077,0.189979,-0.586238,1.141749,0.055853,0.067661,0.260711,-0.087577,-0.111699,0.437276,1.217483,-0.243733,0.057756,-0.124474
0.001480,0.021941,0.767568,-0.023345,-0.027714,-0.695381,0.717727,0.152259,0.081924,0.146193,0.141502,-0.261952,-0.071311,0.167570,-0.117917,-0.356873,0.122055,-0.175265,0.120902,-0.011218,0.001143,0.187249,-0.001589,0.189759,-0.585378,1.142178,0.048398,0.065328,0.257880,-0.088404,-0.109931,0.430009,1.216807,-0.249793,0.058381,-0.124253
0.001569,0.021461,0.767496,-0.023746,-0.028125,-0.694784,0.718275,0.154129,0.081610,0.144722,0.141022,-0.262603,-0.072285,0.170227,-0.118119,-0.358527,0.121813,-0.176052,0.121267,-0.012309,0.000347,0.186232,-0.002428,0.189717,-0.583964,1.142014,0.053352,0.068822,0.259940,-0.087793,-0.108322,0.426754,1.215675,-0.251725,0.058996,-0.125544
0.001633,0.021139,0.767469,-0.023859,-0.028073,-0.694821,0.718238,0.154728,0.081925,0.145149,0.141179,-0.263138,-0.072340,0.170995,-0.117844,-0.358745,0.121373,-0.176058,0.121788,-0.011607,0.000023,0.183845,-0.003522,0.189899,-0.581948,1.141963,0.051945,0.069570,0.260533,-0.088403,-0.107038,0.428465,1.216815,-0.246277,0.057661,-0.126881
0.001750,0.020818,0.767378,-0.024324,-0.028444,-0.695000,0.718035,0.156720,0.082012,0.145607,0.141227,-0.263965,-0.072544,0.172581,-0.117844,-0.358085,0.121632,-0.176741,0.121872,-0.011052,0.000206,0.183614,-0.004079,0.190516,-0.579959,1.140745,0.050560,0.068987,0.260163,-0.086625,-0.105468,0.423831,1.214633,-0.249832,0.058543,-0.127395
0.001757,0.020568,0.767313,-0.024794,-0.028977,-0.694942,0.718054,0.158589,0.081936,0.145691,0.141579,-0.264886,-0.072396,0.174496,-0.117963,-0.358252,0.122058,-0.177630,0.121748,-0.009762,0.000006,0.182980,-0.005067,0.190929,-0.578486,1.140955,0.053095,0.069484,0.259512,-0.086004,-0.104789,0.425120,1.215382,-0.246979,0.057764,-0.127172
0.001705,0.020558,0.767249,-0.025604,-0.029430,-0.695014,0.717937,0.160745,0.082774,0.146160,0.141660,-0.265353,-0.073386,0.176554,-0.117197,-0.358367,0.121905,-0.177506,0.121634,-0.010695,0.000290,0.183196,-0.004995,0.191750,-0.576736,1.140512,0.054530,0.069405,0.260612,-0.086064,-0.103675,0.426425,1.216087,-0.244346,0.057128,-0.126904
0.001552,0.020674,0.767299,-0.026314,-0.030226,-0.695130,0.717766,0.162564,0.083158,0.146701,0.142672,-0.265061,-0.073479,0.178330,-0.117129,-0.357986,0.122682,-0.177829,0.121089,-0.011025,-0.000107,0.184244,-0.005156,0.192347,-0.576854,1.140286,0.054553,0.070040,0.260802,-0.086029,-0.102885,0.426695,1.215890,-0.243324,0.057408,-0.125509
0.001003,0.021333,0.767510,-0.026557,-0.030509,-0.695466,0.717420,0.162179,0.084292,0.147950,0.143337,-0.262417,-0.074755,0.177396,-0.116331,-0.357184,0.123468,-0.176861,0.119616,-0.011840,-0.001194,0.185270,-0.005782,0.193951,-0.578295,1.140206,0.055362,0.070190,0.261295,-0.087880,-0.100852,0.425777,1.216459,-0.244773,0.057251,-0.126536
0.000071,0.022417,0.767854,-0.026459,-0.031021,-0.695624,0.717248,0.160226,0.084845,0.148367,0.145008,-0.258419,-0.074849,0.175291,-0.116157,-0.356804,0.125488,-0.176103,0.116943,-0.012068,-0.003564,0.187327,-0.007340,0.195603,-0.581170,1.140407,0.055448,0.070061,0.261948,-0.089477,-0.099147,0.423800,1.216030,-0.248414,0.056906,-0.130365
-0.001430,0.024225,0.768281,-0.026366,-0.030931,-0.695746,0.717137,0.156080,0.087281,0.148256,0.146623,-0.253682,-0.076366,0.171457,-0.113980,-0.356563,0.126437,-0.173954,0.113513,-0.013351,-0.005229,0.189328,-0.010338,0.198095,-0.585038,1.141452,0.052324,0.069978,0.262448,-0.093567,-0.097688,0.425205,1.217711,-0.248272,0.056231,-0.131249
-0.003302,0.026868,0.768585,-0.027407,-0.031320,-0.697386,0.715487,0.154357,0.091959,0.151941,0.148591,-0.249853,-0.078674,0.167659,-0.109709,-0.352119,0.127794,-0.171095,0.108895,-0.010606,-0.005536,0.195587,-0.014907,0.200794,-0.586595,1.143109,0.052155,0.068704,0.261469,-0.099654,-0.097365,0.431494,1.219556,-0.240989,0.053375,-0.134127
-0.005836,0.029774,0.768958,-0.027241,-0.030552,-0.697559,0.715358,0.147104,0.097008,0.151570,0.150675,-0.244693,-0.081555,0.161087,-0.104810,-0.351965,0.128338,-0.168257,0.102736,-0.011354,-0.006151,0.198933,-0.019385,0.203131,-0.586497,1.143209,0.050260,0.066206,0.261584,-0.102639,-0.097712,0.435475,1.218521,-0.242193,0.053493,-0.135700
-0.009085,0.033445,0.769260,-0.027612,-0.029707,-0.697113,0.715814,0.138398,0.104042,0.148594,0.153853,-0.239373,-0.085316,0.155085,-0.097733,-0.353601,0.127614,-0.164305,0.096132,-0.012817,-0.006378,0.203717,-0.025174,0.206716,-0.587440,1.140313,0.050059,0.066726,0.261426,-0.105031,-0.097918,0.437697,1.217822,-0.239953,0.052231,-0.136810
-0.013149,0.037754,0.769383,-0.028427,-0.028414,-0.696485,0.716445,0.119051,0.115169,0.143894,0.177143,-0.243369,-0.090248,0.148959,-0.087594,-0.355972,0.125290,-0.159786,0.087541,-0.013557,-0.005811,0.209351,-0.032263,0.210202,-0.590068,1.138017,0.050038,0.065153,0.262339,-0.106111,-0.097446,0.439072,1.216984,-0.240302,0.051920,-0.136453
-0.017926,0.042761,0.769474,-0.028543,-0.026040,-0.695267,0.717712,0.093028,0.127756,0.136567,0.204509,-0.246720,-0.095441,0.139777,-0.075871,-0.360348,0.121596,-0.153682,0.077873,-0.013187,-0.004747,0.214338,-0.041318,0.213727,-0.591465,1.134167,0.053134,0.065993,0.261884,-0.104266,-0.096195,0.434968,1.213887,-0.246740,0.052264,-0.136298
-0.023268,0.048693,0.769368,-0.028901,-0.022968,-0.692964,0.720026,0.059036,0.142349,0.124342,0.241405,-0.251986,-0.101278,0.128212,-0.062533,-0.367876,0.120023,-0.148654,0.066544,-0.014924,-0.003181,0.218314,-0.052037,0.216536,-0.593945,1.132597,0.048222,0.065691,0.262101,-0.107888,-0.095819,0.444382,1.218570,-0.244727,0.052403,-0.136641
-0.029091,0.055496,0.769087,-0.029331,-0.018965,-0.689546,0.723399,0.015457,0.158451,0.106739,0.289143,-0.257392,-0.107808,0.113982,-0.047726,-0.379760,0.119304,-0.142951,0.054922,-0.016053,0.000730,0.222961,-0.064367,0.218061,-0.593167,1.129410,0.049208,0.064647,0.260149,-0.109049,-0.096389,0.447334,1.221946,-0.238394,0.050126,-0.133544
-0.035072,0.063075,0.768600,-0.029596,-0.014353,-0.684899,0.727896,-0.038368,0.173968,0.083922,0.348959,-0.260446,-0.115867,0.097898,-0.033020,-0.395182,0.118416,-0.136562,0.043635,-0.016329,0.006105,0.231411,-0.078578,0.218344,-0.592827,1.121502,0.048399,0.066729,0.260459,-0.106400,-0.098214,0.440430,1.217045,-0.246292,0.052590,-0.133197
-0.041069,0.071381,0.768078,-0.029153,-0.009406,-0.678657,0.733816,-0.101255,0.185603,0.053934,0.415472,-0.254597,-0.126974,0.079639,-0.020133,-0.414786,0.117470,-0.129508,0.032949,-0.016773,0.012175,0.238574,-0.094756,0.214396,-0.592919,1.116305,0.049207,0.068501,0.259487,-0.108867,-0.104739,0.452273,1.218869,-0.233181,0.053111,-0.135018
-0.046722,0.079991,0.767667,-0.028925,-0.006347,-0.672948,0.739097,-0.157057,0.192042,0.027846,0.473097,-0.239917,-0.135146,0.063743,-0.010683,-0.432482,0.116747,-0.121925,0.021996,-0.016464,0.016527,0.249415,-0.108283,0.207285,-0.593506,1.110125,0.054042,0.070371,0.263249,-0.110101,-0.110591,0.452424,1.221352,-0.230701,0.053285,-0.135116
-0.051550,0.088336,0.767386,-0.028403,-0.003596,-0.669470,0.742288,-0.198649,0.198282,0.015852,0.509614,-0.223990,-0.140728,0.046825,-0.002878,-0.444492,0.116149,-0.113090,0.011975,-0.014901,0.019917,0.256820,-0.112604,0.197387,-0.592491,1.102496,0.054508,0.069833,0.261133,-0.114683,-0.115848,0.458053,1.230134,-0.242656,0.056929,-0.136818
-0.055168,0.096367,0.766844,-0.030574,-0.003319,-0.668916,0.742701,-0.213866,0.211355,0.031716,0.529892,-0.226869,-0.146828,0.037280,0.005223,-0.448386,0.115759,-0.104116,0.002418,-0.011517,0.024394,0.267969,-0.111043,0.183907,-0.595092,1.096777,0.056868,0.070806,0.261899,-0.121663,-0.122066,0.466082,1.238329,-0.232574,0.055751,-0.133553
-0.057976,0.103870,0.766292,-0.034078,-0.004743,-0.669767,0.741774,-0.214455,0.221000,0.042367,0.570771,-0.269260,-0.151137,0.032902,0.012432,-0.448635,0.115414,-0.095075,-0.004573,-0.011173,0.026898,0.277159,-0.103094,0.168706,-0.602017,1.097318,0.054136,0.066410,0.261089,-0.127516,-0.127864,0.468420,1.240965,-0.230642,0.055863,-0.133508
-0.059372,0.111068,0.765957,-0.036697,-0.006244,-0.671399,0.740161,-0.213100,0.226439,0.046646,0.648190,-0.310227,-0.145983,0.027543,0.016297,-0.446351,0.115206,-0.086148,-0.010592,-0.013855,0.027501,0.279727,-0.091345,0.153462,-0.605861,1.101316,0.045144,0.059784,0.285069,-0.129512,-0.132815,0.460328,1.235481,-0.224271,0.053522,-0.135807
-0.060022,0.118281,0.766032,-0.038766,-0.008484,-0.670506,0.740842,-0.206097,0.228978,0.050029,0.742248,-0.344477,-0.127395,0.023575,0.015501,-0.448199,0.115135,-0.076296,-0.016682,-0.021518,0.026742,0.279231,-0.086437,0.143263,-0.596503,1.106514,0.046629,0.056752,0.298350,-0.124191,-0.136589,0.440284,1.219104,-0.222838,0.052527,-0.139555
-0.059499,0.125118,0.766042,-0.040042,-0.010888,-0.669878,0.741311,-0.186987,0.225440,0.047866,0.828491,-0.364720,-0.118427,0.019315,0.011661,-0.449109,0.115301,-0.068677,-0.022022,-0.026070,0.027302,0.275563,-0.090436,0.142053,-0.594606,1.114019,0.050756,0.054048,0.291851,-0.112933,-0.140423,0.418447,1.198011,-0.227939,0.050873,-0.144675
-0.058499,0.132303,0.765756,-0.041209,-0.012729,-0.667745,0.743140,-0.159648,0.209978,0.023067,0.892319,-0.358569,-0.123273,0.013895,0.006858,-0.452342,0.115536,-0.062820,-0.027581,-0.032426,0.028262,0.269979,-0.098133,0.148221,-0.608977,1.122735,0.047560,0.060804,0.283342,-0.095529,-0.141455,0.390612,1.173438,-0.249855,0.052761,-0.148090
-0.057094,0.139805,0.765171,-0.044664,-0.013687,-0.665847,0.744625,-0.118395,0.198408,-0.007806,0.928112,-0.345423,-0.146791,0.010280,0.006941,-0.455556,0.115490,-0.053421,-0.033138,-0.033582,0.033499,0.266472,-0.103235,0.155127,-0.616932,1.126897,0.053591,0.066621,0.272016,-0.083058,-0.142313,0.386244,1.163352,-0.256309,0.053868,-0.149758
-0.055628,0.146432,0.764341,-0.049861,-0.013824,-0.658750,0.750581,-0.068501,0.198947,-0.039669,0.940361,-0.338925,-0.170056,0.012347,0.008012,-0.472008,0.115055,-0.045848,-0.035704,-0.045539,0.040015,0.260873,-0.101091,0.163708,-0.621868,1.126073,0.049882,0.065981,0.269488,-0.065410,-0.140110,0.378162,1.158503,-0.262074,0.055825,-0.147908
-0.053427,0.154496,0.763422,-0.052197,-0.014106,-0.653301,0.755165,-0.018112,0.213734,-0.042387,0.933809,-0.339113,-0.170245,0.007046,0.002937,-0.485689,0.114866,-0.037625,-0.036258,-0.050514,0.042179,0.253037,-0.100001,0.170274,-0.622351,1.122204,0.050145,0.066342,0.273393,-0.054425,-0.136301,0.378433,1.167198,-0.257262,0.056130,-0.150853
-0.050434,0.163682,0.762644,-0.054815,-0.014321,-0.647820,0.759684,0.034597,0.237284,-0.033879,0.904746,-0.334808,-0.166885,0.000584,-0.003354,-0.498965,0.114697,-0.024705,-0.037222,-0.052495,0.044918,0.246338,-0.100194,0.174280,-0.622153,1.119764,0.053165,0.065152,0.276688,-0.051268,-0.134214,0.404283,1.190682,-0.224966,0.052199,-0.149481
-0.046349,0.174509,0.761706,-0.056620,-0.014318,-0.642422,0.764122,0.082280,0.254360,-0.027395,0.857500,-0.329203,-0.152571,-0.012729,-0.014862,-0.510699,0.122047,-0.012905,-0.037176,-0.053819,0.048686,0.239961,-0.101791,0.175596,-0.625891,1.115348,0.048346,0.064812,0.276347,-0.043999,-0.131349,0.413190,1.200264,-0.234171,0.063421,-0.139970
-0.041160,0.186786,0.760713,-0.058595,-0.015292,-0.636418,0.768964,0.127755,0.258624,-0.029130,0.787124,-0.314925,-0.151435,-0.026616,-0.031406,-0.524037,0.132589,0.000459,-0.035090,-0.054376,0.051010,0.236846,-0.104232,0.174015,-0.627454,1.111226,0.045674,0.062429,0.273975,-0.040099,-0.129001,0.420818,1.202830,-0.219323,0.072098,-0.125285
-0.034879,0.200824,0.759253,-0.058848,-0.014036,-0.629892,0.774323,0.170085,0.248302,-0.045448,0.677001,-0.327823,-0.185000,-0.048396,-0.051314,-0.538959,0.143016,0.017685,-0.030973,-0.059494,0.053633,0.229518,-0.104272,0.169485,-0.623590,1.104418,0.048254,0.066596,0.275964,-0.039202,-0.129461,0.414137,1.194318,-0.217511,0.077150,-0.113221
-0.027723,0.217142,0.757154,-0.058171,-0.012122,-0.624482,0.778775,0.198301,0.236046,-0.051564,0.566473,-0.346354,-0.205644,-0.076587,-0.074448,-0.549627,0.154530,0.038537,-0.024911,-0.064157,0.056366,0.222478,-0.105663,0.161074,-0.622383,1.101810,0.050541,0.063666,0.277103,-0.045513,-0.134822,0.415841,1.182781,-0.261342,0.087229,-0.116843
-0.019421,0.235917,0.754164,-0.057988,-0.011507,-0.621126,0.781478,0.213026,0.223398,-0.042137,0.494411,-0.394719,-0.196644,-0.107729,-0.101051,-0.554430,0.169046,0.063667,-0.016491,-0.067948,0.059754,0.221482,-0.107771,0.150079,-0.627072,1.098657,0.049601,0.064670,0.281946,-0.059222,-0.144246,0.424933,1.171980,-0.299392,0.096037,-0.124257
-0.010178,0.257183,0.750717,-0.056286,-0.015935,-0.620571,0.781966,0.222410,0.196264,-0.015118,0.444638,-0.448058,-0.162510,-0.143254,-0.140488,-0.546285,0.195296,0.089946,-0.003828,-0.068130,0.054582,0.229502,-0.114721,0.140156,-0.639545,1.103167,0.047699,0.055879,0.273586,-0.078883,-0.154489,0.434033,1.164008,-0.306267,0.097429,-0.127157
0.000150,0.280467,0.747427,-0.049463,-0.027754,-0.624892,0.778648,0.227329,0.143580,0.028378,0.411912,-0.482214,-0.112649,-0.190941,-0.199952,-0.514566,0.240606,0.116829,0.011678,-0.062261,0.033952,0.244498,-0.121009,0.132462,-0.655744,1.111829,0.045917,0.048394,0.265628,-0.100340,-0.161870,0.428908,1.158178,-0.297885,0.090536,-0.129684
0.009946,0.305054,0.743937,-0.038314,-0.040391,-0.632133,0.772857,0.216989,0.079189,0.061726,0.392145,-0.502277,-0.064057,-0.252005,-0.259204,-0.463009,0.279550,0.161697,0.030986,-0.053982,0.004723,0.256569,-0.124542,0.129498,-0.664850,1.119088,0.049623,0.053901,0.256671,-0.121417,-0.164021,0.419453,1.150690,-0.286530,0.086364,-0.129365
0.018747,0.329702,0.741809,-0.029446,-0.051636,-0.639820,0.766223,0.197191,0.022643,0.083462,0.385652,-0.505386,-0.029136,-0.314682,-0.303675,-0.402992,0.307140,0.244150,0.056674,-0.046161,-0.020449,0.272858,-0.122233,0.132658,-0.663597,1.123641,0.041090,0.054256,0.256248,-0.135290,-0.159031,0.405906,1.139426,-0.285253,0.075636,-0.137335
0.026452,0.353287,0.741813,-0.022913,-0.062981,-0.647270,0.759309,0.170822,-0.024638,0.107741,0.397107,-0.488247,-0.001096,-0.356515,-0.327575,-0.325871,0.299126,0.343470,0.127302,-0.039119,-0.044504,0.290711,-0.116978,0.142074,-0.664768,1.142018,0.033807,0.046065,0.265821,-0.147537,-0.147339,0.409067,1.135587,-0.274216,0.068914,-0.137444
0.032444,0.375458,0.744334,-0.024483,-0.067643,-0.652095,0.754717,0.147872,-0.042305,0.124158,0.400931,-0.464166,0.019122,-0.342604,-0.328966,-0.313639,0.264410,0.339218,0.181406,-0.034864,-0.047262,0.309070,-0.110601,0.152068,-0.662083,1.171506,0.023037,0.047943,0.270166,-0.150209,-0.134574,0.430961,1.140024,-0.270499,0.061258,-0.140949
0.037324,0.395697,0.748608,-0.031349,-0.071285,-0.657597,0.749335,0.146509,-0.047604,0.140579,0.377519,-0.429559,0.034172,-0.335698,-0.338933,-0.322914,0.328495,0.250336,0.173963,-0.032041,-0.041669,0.329393,-0.091039,0.162250,-0.640162,1.193001,0.013253,0.054933,0.271906,-0.152300,-0.123206,0.474589,1.155996,-0.270182,0.056938,-0.163041
0.041192,0.414889,0.753663,-0.038813,-0.070723,-0.662899,0.744350,0.142234,-0.043324,0.154284,0.349683,-0.391632,0.048207,-0.317287,-0.344258,-0.344636,0.411391,0.135529,0.160378,-0.034260,-0.031580,0.343360,-0.062762,0.174297,-0.608428,1.202116,0.004268,0.055416,0.273050,-0.155516,-0.116117,0.495923,1.170095,-0.239459,0.034818,-0.235063
0.043779,0.433345,0.758262,-0.043269,-0.066332,-0.667222,0.740637,0.127598,-0.035072,0.164748,0.321418,-0.350444,0.049362,-0.306490,-0.347516,-0.353357,0.520386,0.024376,0.144491,-0.039661,-0.023540,0.346347,-0.034716,0.190529,-0.590351,1.203625,-0.002567,0.052862,0.272336,-0.153738,-0.113136,0.470482,1.159468,-0.230676,0.027858,-0.246761
0.045421,0.450758,0.761627,-0.044651,-0.062570,-0.671265,0.737221,0.111693,-0.031158,0.175953,0.291342,-0.312955,0.049626,-0.298774,-0.351157,-0.344301,0.647624,-0.060612,0.133937,-0.043427,-0.022546,0.342618,-0.007970,0.210747,-0.587324,1.200528,-0.000239,0.049014,0.275162,-0.152581,-0.115486,0.445298,1.145116,-0.214155,0.028822,-0.213398
0.046637,0.467519,0.763364,-0.045089,-0.060258,-0.674585,0.734351,0.093695,-0.029759,0.189594,0.271216,-0.285108,0.055237,-0.282286,-0.350751,-0.323528,0.773766,-0.123812,0.132731,-0.044167,-0.022850,0.336996,0.016179,0.230698,-0.584380,1.192024,0.005605,0.047910,0.280187,-0.152498,-0.122354,0.430207,1.143020,-0.210695,0.031115,-0.191631
0.046838,0.483549,0.763957,-0.044984,-0.059728,-0.677923,0.731320,0.073432,-0.029914,0.195727,0.261321,-0.260117,0.056451,-0.251257,-0.345301,-0.297050,0.885655,-0.167947,0.137249,-0.039281,-0.026089,0.329693,0.040467,0.248393,-0.562405,1.177230,0.007388,0.046676,0.281998,-0.157983,-0.132471,0.446898,1.162229,-0.204700,0.034199,-0.173517
0.046524,0.499003,0.763808,-0.043079,-0.061671,-0.681572,0.727874,0.055578,-0.036288,0.202489,0.249831,-0.232524,0.059966,-0.204224,-0.345071,-0.273841,0.975399,-0.200605,0.140163,-0.026821,-0.031520,0.323550,0.060079,0.262618,-0.533225,1.155269,0.011843,0.044982,0.283601,-0.153584,-0.141930,0.449372,1.176605,-0.212972,0.040706,-0.146881
0.045846,0.514572,0.763211,-0.040342,-0.063204,-0.683687,0.725913,0.035441,-0.043389,0.208812,0.237816,-0.204908,0.065306,-0.141969,-0.349489,-0.264057,1.035039,-0.219377,0.147128,-0.015570,-0.036168,0.314364,0.072689,0.272916,-0.512594,1.137107,0.005319,0.039285,0.289796,-0.148814,-0.149779,0.456228,1.198101,-0.203462,0.042326,-0.131890
0.044476,0.530463,0.762322,-0.037364,-0.064268,-0.684324,0.725379,0.010073,-0.049234,0.212647,0.231876,-0.177584,0.071831,-0.068560,-0.345791,-0.257204,1.058307,-0.227457,0.153499,-0.006909,-0.040270,0.303916,0.078413,0.278261,-0.494731,1.122938,0.012105,0.040855,0.296251,-0.141832,-0.153421,0.449627,1.217394,-0.197012,0.044921,-0.126632
0.042294,0.547224,0.760868,-0.033993,-0.063600,-0.683003,0.726847,-0.025599,-0.051894,0.211980,0.235492,-0.151862,0.075490,0.008774,-0.321707,-0.245168,1.042608,-0.216012,0.181237,-0.003606,-0.043146,0.290202,0.078581,0.280367,-0.482077,1.113104,0.006011,0.037106,0.294737,-0.131000,-0.153649,0.425904,1.223174,-0.198855,0.051257,-0.123186
0.039478,0.565147,0.758800,-0.029976,-0.061574,-0.682003,0.728136,-0.067318,-0.052197,0.211819,0.240992,-0.124746,0.077388,0.080486,-0.279294,-0.221585,0.991692,-0.191724,0.230111,0.000777,-0.045743,0.276608,0.073426,0.280623,-0.474875,1.099551,0.007159,0.038534,0.295601,-0.115830,-0.150601,0.384577,1.212301,-0.210097,0.048067,-0.124510
0.036029,0.584466,0.756415,-0.025694,-0.057901,-0.683863,0.726855,-0.112898,-0.047132,0.217275,0.245569,-0.095642,0.080449,0.141745,-0.229555,-0.194672,0.910188,-0.179445,0.261800,0.007964,-0.047645,0.261949,0.067389,0.277037,-0.466240,1.084515,0.009800,0.039156,0.298330,-0.109914,-0.148184,0.365617,1.198858,-0.210211,0.044957,-0.128226
0.031835,0.605965,0.753679,-0.020920,-0.052231,-0.688268,0.723272,-0.159618,-0.036600,0.227597,0.238962,-0.058580,0.079740,0.186089,-0.183595,-0.170981,0.810664,-0.182501,0.261800,0.014984,-0.048374,0.248433,0.057792,0.269534,-0.458551,1.070890,0.010608,0.039427,0.301294,-0.115495,-0.145751,0.358016,1.187062,-0.211887,0.044511,-0.134002
0.027415,0.630006,0.750091,-0.013809,-0.049311,-0.693945,0.718205,-0.187333,-0.035552,0.245269,0.187764,0.000473,0.072501,0.210462,-0.166474,-0.154039,0.712521,-0.234190,0.261800,0.021075,-0.056010,0.240933,0.044911,0.260526,-0.451704,1.056706,0.014881,0.043520,0.302126,-0.131290,-0.142467,0.353654,1.176915,-0.216016,0.043641,-0.137696
0.021835,0.657262,0.745864,-0.014188,-0.039990,-0.700950,0.711947,-0.216760,-0.006688,0.262606,0.140448,0.049374,0.025123,0.225895,-0.138838,-0.180991,0.588206,-0.311782,0.204914,0.025469,-0.044346,0.241389,0.024533,0.250804,-0.450375,1.047380,0.014160,0.041140,0.302443,-0.157728,-0.137712,0.347257,1.166754,-0.220992,0.047891,-0.140379
0.015335,0.686652,0.741436,-0.023812,-0.030141,-0.706677,0.706493,-0.241560,0.039787,0.269207,0.112456,0.051636,-0.041708,0.243332,-0.093779,-0.227603,0.477896,-0.383022,0.157401,0.027144,-0.019780,0.257090,0.001542,0.240757,-0.442865,1.038471,0.015878,0.041019,0.297337,-0.187796,-0.132549,0.346760,1.160015,-0.219250,0.045991,-0.144827
0.008729,0.717338,0.738776,-0.042108,-0.021504,-0.709367,0.703252,-0.265852,0.095737,0.261134,0.114102,0.002715,-0.073493,0.259724,-0.028983,-0.264204,0.382602,-0.406836,0.104576,0.024761,0.016117,0.285646,-0.024169,0.228760,-0.435295,1.036522,0.016643,0.039164,0.302246,-0.217606,-0.128430,0.353974,1.163306,-0.216744,0.039549,-0.152645
0.003495,0.747601,0.736082,-0.063280,-0.009538,-0.711917,0.699342,-0.289712,0.158737,0.245434,0.115828,-0.069459,-0.124478,0.268412,0.047333,-0.277481,0.295083,-0.393784,0.062846,0.024256,0.065004,0.305922,-0.039496,0.210730,-0.420507,1.031717,0.028795,0.040256,0.305698,-0.240035,-0.128765,0.361008,1.174082,-0.215605,0.039933,-0.149224
-0.000605,0.775580,0.733703,-0.087377,-0.002537,-0.712759,0.695940,-0.294704,0.218827,0.232724,0.115949,-0.116414,-0.213582,0.289340,0.118055,-0.266565,0.213438,-0.355653,0.034585,0.022509,0.112480,0.329326,-0.044265,0.192571,-0.415216,1.017766,0.036983,0.040168,0.308971,-0.245956,-0.133970,0.366968,1.179979,-0.224079,0.041741,-0.139906
-0.003777,0.803018,0.736830,-0.097076,-0.003395,-0.709385,0.698096,-0.284832,0.236519,0.239607,0.121061,-0.093106,-0.249766,0.264308,0.138574,-0.276371,0.211355,-0.321205,0.016766,0.012610,0.124424,0.349149,-0.048445,0.178810,-0.420323,1.004805,0.051869,0.034178,0.323673,-0.242992,-0.142592,0.373031,1.182328,-0.212521,0.035582,-0.141983
-0.005846,0.828906,0.743397,-0.092105,-0.012647,-0.701930,0.706152,-0.316047,0.225315,0.235118,0.272556,-0.129368,-0.222028,0.229707,0.115673,-0.302522,0.217727,-0.291209,0.006370,0.000307,0.102193,0.356610,-0.053020,0.168483,-0.441354,1.015591,0.056984,0.028334,0.326714,-0.219844,-0.149092,0.359414,1.187706,-0.212134,0.032723,-0.158074
-0.007161,0.852576,0.749985,-0.085992,-0.022340,-0.695026,0.713474,-0.350006,0.211621,0.203214,0.477886,-0.185645,-0.202260,0.208291,0.091461,-0.322729,0.202092,-0.253831,-0.006380,-0.004953,0.079150,0.356585,-0.056283,0.162001,-0.470917,1.040473,0.054296,0.028671,0.314290,-0.179511,-0.153971,0.335461,1.193483,-0.218510,0.032858,-0.165316
-0.007653,0.874868,0.754770,-0.081458,-0.028434,-0.692333,0.716401,-0.365713,0.203703,0.155945,0.675311,-0.234288,-0.197888,0.186269,0.075106,-0.331128,0.183671,-0.214446,-0.014213,-0.002997,0.063509,0.351595,-0.050935,0.159923,-0.487557,1.058079,0.040028,0.024456,0.317516,-0.139117,-0.160076,0.326057,1.201715,-0.209318,0.029587,-0.157303
-0.007164,0.895710,0.757601,-0.080171,-0.030551,-0.693102,0.715715,-0.358357,0.221012,0.134102,0.861280,-0.278400,-0.181903,0.158359,0.068250,-0.330293,0.175203,-0.180965,-0.025816,-0.000293,0.058290,0.342404,-0.032212,0.159220,-0.471014,1.065768,0.038531,0.024522,0.324026,-0.105698,-0.168642,0.337542,1.219610,-0.197466,0.029740,-0.140794
-0.005906,0.915868,0.758867,-0.080492,-0.030998,-0.696825,0.712036,-0.319612,0.258950,0.139759,1.012488,-0.314680,-0.151509,0.127221,0.065727,-0.325016,0.173878,-0.150601,-0.034410,0.002841,0.058255,0.330867,-0.012489,0.160160,-0.449421,1.080932,0.023432,0.026640,0.316577,-0.079546,-0.177901,0.358336,1.240966,-0.195608,0.043881,-0.131604
-0.003582,0.935217,0.759271,-0.080435,-0.031258,-0.700292,0.708622,-0.251043,0.285705,0.143660,1.105740,-0.333533,-0.135187,0.093392,0.060719,-0.317683,0.180223,-0.125328,-0.040099,-0.000293,0.058902,0.316697,0.005063,0.163194,-0.440719,1.107873,0.002888,0.032246,0.303001,-0.051583,-0.184451,0.358437,1.265370,-0.210484,0.040817,-0.145495
-0.001092,0.954333,0.758999,-0.081265,-0.031285,-0.700841,0.707983,-0.165358,0.292243,0.128618,1.145409,-0.339825,-0.139842,0.061131,0.056064,-0.316783,0.186906,-0.098442,-0.044565,-0.012555,0.058186,0.302438,0.014830,0.172155,-0.455754,1.146539,-0.020120,0.032933,0.289882,-0.018549,-0.187253,0.335446,1.262424,-0.203027,0.052397,-0.146768
0.001615,0.973650,0.758261,-0.082106,-0.030213,-0.699175,0.709578,-0.069901,0.288728,0.108176,1.136097,-0.341476,-0.153983,0.033233,0.053323,-0.322049,0.182196,-0.066854,-0.049354,-0.028387,0.056714,0.287461,0.019076,0.185619,-0.485921,1.183196,-0.024517,0.040884,0.285486,0.017207,-0.186090,0.301680,1.247355,-0.191628,0.053867,-0.145669
0.005429,0.993797,0.756973,-0.079882,-0.025351,-0.694832,0.714272,0.012510,0.278230,0.084224,1.094343,-0.335393,-0.169854,-0.004477,0.047443,-0.334813,0.175876,-0.036507,-0.055168,-0.044664,0.059727,0.266389,0.021332,0.197037,-0.504449,1.202435,-0.024832,0.049659,0.276404,0.058843,-0.184571,0.262073,1.212445,-0.192707,0.056759,-0.145017
0.010326,1.015823,0.754884,-0.075487,-0.020124,-0.690641,0.718966,0.085970,0.257456,0.060267,1.022219,-0.313883,-0.187208,-0.054181,0.033302,-0.346738,0.181917,-0.010155,-0.054352,-0.054315,0.061902,0.244246,0.020426,0.203210,-0.496915,1.203131,-0.019422,0.056297,0.271490,0.092075,-0.183436,0.243577,1.182881,-0.192651,0.056151,-0.148559
0.016076,1.039925,0.751865,-0.070150,-0.016053,-0.685439,0.724565,0.155582,0.233185,0.043858,0.917908,-0.295333,-0.210381,-0.106736,0.011466,-0.359441,0.190818,0.015890,-0.041577,-0.063097,0.061302,0.228763,0.015901,0.207355,-0.478990,1.184262,-0.016211,0.056086,0.276768,0.116271,-0.181626,0.237379,1.158245,-0.196082,0.051822,-0.157601
0.022440,1.066716,0.747972,-0.065212,-0.012283,-0.678032,0.732030,0.217076,0.216495,0.040282,0.786009,-0.315935,-0.222329,-0.157156,-0.013080,-0.375567,0.191399,0.041113,-0.026473,-0.073452,0.060252,0.221669,0.003007,0.210942,-0.465187,1.153659,-0.004601,0.054641,0.284302,0.126973,-0.177056,0.234684,1.145901,-0.202211,0.049479,-0.160788
0.029710,1.096461,0.743553,-0.059116,-0.008639,-0.667574,0.742143,0.253811,0.197350,0.037681,0.634792,-0.374476,-0.194527,-0.200884,-0.043157,-0.397270,0.172729,0.059487,-0.004372,-0.086762,0.057670,0.221126,-0.020046,0.213693,-0.460765,1.117227,0.005826,0.051273,0.287238,0.125709,-0.169795,0.227300,1.140914,-0.204902,0.046926,-0.158251
0.037816,1.128327,0.740232,-0.053088,-0.015708,-0.656616,0.752191,0.272919,0.160252,0.049005,0.515990,-0.460210,-0.152031,-0.216806,-0.087587,-0.410509,0.133588,0.061303,0.028433,-0.096108,0.040413,0.241426,-0.049618,0.213357,-0.460174,1.079813,0.015533,0.047285,0.292399,0.115701,-0.160778,0.215148,1.138527,-0.208272,0.046595,-0.154903
0.045987,1.161476,0.738746,-0.041568,-0.031776,-0.646839,0.760829,0.254204,0.094016,0.059915,0.473896,-0.501155,-0.089253,-0.234441,-0.154544,-0.403663,0.113992,0.020108,0.062542,-0.099392,0.003461,0.268616,-0.079953,0.210453,-0.462446,1.050422,0.016935,0.040540,0.293494,0.101658,-0.148333,0.189515,1.134733,-0.223352,0.052300,-0.152870
0.052346,1.193954,0.736966,-0.026528,-0.045840,-0.638192,0.768054,0.210154,0.024480,0.052768,0.464117,-0.519067,-0.044404,-0.269985,-0.222489,-0.385175,0.116076,-0.045451,0.094889,-0.099637,-0.037804,0.283422,-0.103230,0.211678,-0.470783,1.029976,0.024639,0.037091,0.288578,0.091117,-0.133079,0.163769,1.130308,-0.240491,0.053217,-0.151718
0.057743,1.224891,0.737489,-0.024779,-0.053041,-0.634511,0.770694,0.180065,-0.008330,0.052368,0.450330,-0.522532,-0.021094,-0.282823,-0.248900,-0.383138,0.115039,-0.038793,0.126400,-0.092460,-0.048624,0.307704,-0.116749,0.216162,-0.480067,1.010738,0.034969,0.036468,0.285723,0.077649,-0.126495,0.157336,1.123810,-0.247770,0.053287,-0.140941
0.062677,1.253792,0.742140,-0.033484,-0.058318,-0.636221,0.768570,0.166272,-0.017673,0.063053,0.436742,-0.499531,0.001193,-0.275783,-0.250222,-0.368769,0.161011,-0.023750,0.125678,-0.081095,-0.041258,0.341882,-0.113942,0.221005,-0.473576,1.002640,0.044083,0.031594,0.289341,0.053817,-0.132618,0.180277,1.137210,-0.242164,0.041173,-0.136213
0.065519,1.280515,0.749397,-0.039183,-0.057610,-0.637459,0.767328,0.139774,-0.016634,0.071248,0.418647,-0.451330,0.008790,-0.295587,-0.266661,-0.385273,0.310763,-0.061675,0.120848,-0.077384,-0.033315,0.356931,-0.099628,0.225474,-0.460703,1.020314,0.039413,0.034477,0.299450,0.026474,-0.137602,0.203269,1.171244,-0.242212,0.037708,-0.147850
0.066837,1.305090,0.757115,-0.042993,-0.052979,-0.638122,0.766906,0.117009,-0.012334,0.072484,0.378399,-0.395072,0.014631,-0.310117,-0.284398,-0.405665,0.486825,-0.104048,0.102859,-0.076168,-0.025404,0.357992,-0.082655,0.234148,-0.459219,1.055722,0.018432,0.039770,0.290293,0.005164,-0.137985,0.197581,1.196858,-0.247235,0.049700,-0.143913
0.067729,1.328590,0.762940,-0.044266,-0.050180,-0.641220,0.764434,0.104390,-0.013228,0.080394,0.322430,-0.334369,0.014099,-0.316603,-0.297940,-0.396850,0.667911,-0.146882,0.091886,-0.069781,-0.024469,0.356883,-0.063401,0.247838,-0.465883,1.090321,0.004838,0.043421,0.274840,-0.011969,-0.140464,0.183238,1.205284,-0.234261,0.052574,-0.134030
0.068076,1.351104,0.765800,-0.044171,-0.048489,-0.642948,0.763096,0.086764,-0.016878,0.083683,0.281012,-0.287438,0.012295,-0.306108,-0.310764,-0.386529,0.836178,-0.186022,0.081969,-0.066892,-0.027681,0.352537,-0.041445,0.263722,-0.472859,1.121070,-0.002574,0.051041,0.268237,-0.027799,-0.147279,0.178684,1.206181,-0.220269,0.050885,-0.129878
0.067761,1.372749,0.766037,-0.044822,-0.051484,-0.645749,0.760493,0.075199,-0.024017,0.094220,0.253628,-0.254731,0.009451,-0.264421,-0.322891,-0.380406,0.974528,-0.219442,0.073230,-0.057847,-0.034791,0.352274,-0.016250,0.278971,-0.472263,1.147539,-0.015536,0.054414,0.266223,-0.039505,-0.156633,0.181584,1.199417,-0.222815,0.048901,-0.140139
0.066795,1.393583,0.765449,-0.043543,-0.055971,-0.649609,0.756954,0.057249,-0.034821,0.105352,0.237623,-0.221421,0.009592,-0.199017,-0.334878,-0.380458,1.070027,-0.241884,0.058590,-0.045396,-0.046261,0.347771,0.009777,0.293005,-0.471274,1.169331,-0.036739,0.056194,0.264907,-0.047285,-0.165487,0.186871,1.184917,-0.230286,0.046918,-0.154400
0.065324,1.413790,0.764431,-0.040482,-0.058652,-0.655851,0.751519,0.036676,-0.043773,0.119732,0.219009,-0.187950,0.011609,-0.124692,-0.334502,-0.373535,1.118196,-0.250786,0.044093,-0.028319,-0.056658,0.334830,0.038114,0.304532,-0.464325,1.180670,-0.040434,0.061335,0.262825,-0.052962,-0.171408,0.193337,1.167752,-0.233875,0.043387,-0.169655
0.063652,1.434043,0.763011,-0.036307,-0.060036,-0.662989,0.745334,0.014723,-0.050952,0.138676,0.195534,-0.152722,0.011375,-0.049219,-0.314783,-0.348903,1.121794,-0.246236,0.051194,-0.011221,-0.066012,0.316430,0.067912,0.312411,-0.453390,1.177709,-0.045552,0.064257,0.261554,-0.059200,-0.174532,0.200357,1.151005,-0.233167,0.040557,-0.169313
0.061561,1.454351,0.761097,-0.031557,-0.060908,-0.670202,0.739002,-0.007384,-0.056813,0.159160,0.167569,-0.114565,0.005316,0.026897,-0.277376,-0.310095,1.082136,-0.221503,0.084482,0.004880,-0.074742,0.295783,0.098629,0.316245,-0.434922,1.162581,-0.038840,0.061950,0.266495,-0.063111,-0.172607,0.197755,1.132465,-0.238548,0.040337,-0.162184
0.058713,1.476123,0.758400,-0.026644,-0.058549,-0.676416,0.733706,-0.039977,-0.055900,0.176928,0.145269,-0.080115,-0.006704,0.094770,-0.228609,-0.269612,1.010043,-0.189506,0.118034,0.017617,-0.079124,0.274553,0.122995,0.316313,-0.409973,1.138648,-0.028756,0.063829,0.272711,-0.069537,-0.165669,0.191510,1.114361,-0.241384,0.036522,-0.162330
0.054831,1.499823,0.755644,-0.023296,-0.051950,-0.683548,0.727682,-0.076802,-0.041912,0.197566,0.118322,-0.041956,-0.034373,0.152216,-0.165431,-0.224520,0.901749,-0.171919,0.154457,0.031412,-0.075491,0.255579,0.137567,0.312015,-0.385090,1.116670,-0.025510,0.059477,0.277686,-0.079258,-0.157040,0.191174,1.094914,-0.244481,0.034604,-0.165247
0.050202,1.526013,0.752277,-0.020169,-0.041583,-0.690978,0.721397,-0.133412,-0.016160,0.218646,0.115481,-0.021689,-0.071723,0.195875,-0.111559,-0.203141,0.764495,-0.205518,0.144330,0.044683,-0.066144,0.239060,0.142640,0.301473,-0.352644,1.096144,-0.022763,0.055884,0.280070,-0.094074,-0.148428,0.197233,1.079947,-0.248011,0.030669,-0.168647
0.045149,1.554856,0.748068,-0.017596,-0.029258,-0.697107,0.716154,-0.195976,0.014118,0.234456,0.112936,-0.010341,-0.108387,0.241763,-0.073991,-0.234924,0.569286,-0.272115,0.130476,0.051455,-0.053241,0.228215,0.139260,0.285594,-0.318441,1.073033,-0.022453,0.056377,0.284594,-0.113018,-0.138737,0.199907,1.064417,-0.255873,0.030809,-0.167792
0.039443,1.585481,0.744568,-0.026584,-0.020793,-0.700599,0.712757,-0.236843,0.054963,0.237217,0.112298,-0.021866,-0.128673,0.288922,-0.020101,-0.267120,0.395995,-0.328144,0.106814,0.052659,-0.028530,0.244442,0.125498,0.268679,-0.293753,1.054411,-0.017500,0.051144,0.289747,-0.136058,-0.129522,0.207469,1.057819,-0.254942,0.028815,-0.168539
0.033338,1.617000,0.742258,-0.044932,-0.009642,-0.704790,0.707926,-0.267417,0.116716,0.228872,0.113009,-0.057473,-0.152774,0.313792,0.057731,-0.266440,0.262653,-0.327518,0.058644,0.056006,0.013433,0.268560,0.110171,0.247354,-0.265357,1.042341,-0.014263,0.046041,0.292979,-0.161618,-0.122294,0.230651,1.075926,-0.243510,0.017181,-0.177713
0.028811,1.647484,0.739547,-0.063131,-0.000878,-0.708414,0.702968,-0.288891,0.175642,0.244683,0.114459,-0.110749,-0.175670,0.328423,0.124297,-0.272402,0.163494,-0.308692,0.017197,0.058451,0.054773,0.288077,0.099566,0.220255,-0.242808,1.033776,-0.006411,0.046544,0.293821,-0.178596,-0.119725,0.253071,1.100682,-0.239892,0.024436,-0.160591
0.025137,1.676626,0.737653,-0.076670,-0.000704,-0.709098,0.700929,-0.289349,0.214393,0.286729,0.116834,-0.127269,-0.222361,0.321087,0.158458,-0.277140,0.131696,-0.310223,-0.012128,0.054035,0.077155,0.312109,0.089468,0.197612,-0.242103,1.021629,0.001259,0.041738,0.292068,-0.182170,-0.118721,0.262271,1.122020,-0.245983,0.028458,-0.144583
0.021372,1.704676,0.740498,-0.083235,-0.012290,-0.700438,0.708736,-0.267544,0.207320,0.283034,0.149793,-0.108044,-0.206583,0.310599,0.157376,-0.301584,0.128246,-0.296422,-0.027168,0.031238,0.067959,0.345753,0.067004,0.190479,-0.279251,1.022703,0.009516,0.035825,0.301899,-0.174186,-0.117049,0.262140,1.141876,-0.237035,0.026561,-0.143626
0.018835,1.730838,0.745799,-0.085623,-0.019233,-0.692442,0.716117,-0.326946,0.222023,0.242983,0.397162,-0.187054,-0.190310,0.286897,0.152011,-0.327381,0.124824,-0.258359,-0.031502,0.016913,0.060599,0.358489,0.043575,0.187079,-0.329623,1.047291,0.028564,0.032724,0.312475,-0.149992,-0.117176,0.250252,1.171688,-0.220188,0.018275,-0.158807
0.017543,1.755508,0.751370,-0.080573,-0.022146,-0.688234,0.720660,-0.366001,0.222774,0.201587,0.609195,-0.237577,-0.178019,0.246820,0.137942,-0.344249,0.122062,-0.220340,-0.040141,0.013810,0.050523,0.349887,0.027631,0.180422,-0.360713,1.072622,0.035577,0.040969,0.304296,-0.115698,-0.121127,0.231801,1.199965,-0.211377,0.026475,-0.158027
0.017214,1.778841,0.755904,-0.075049,-0.026223,-0.685847,0.723391,-0.373177,0.222973,0.177049,0.799707,-0.277573,-0.164795,0.210098,0.119174,-0.354491,0.119884,-0.186718,-0.046001,0.013344,0.039011,0.341237,0.020851,0.175931,-0.379146,1.081680,0.024392,0.045446,0.294700,-0.083923,-0.128116,0.213488,1.238134,-0.211393,0.026191,-0.144260
0.017142,1.801436,0.758318,-0.074036,-0.028817,-0.685181,0.724027,-0.350944,0.238750,0.160622,0.967507,-0.309366,-0.149975,0.178793,0.109691,-0.357610,0.117642,-0.154805,-0.046992,0.010860,0.035125,0.334099,0.022747,0.177492,-0.393274,1.078468,0.029528,0.047446,0.294567,-0.051710,-0.139392,0.212567,1.262300,-0.200782,0.027631,-0.128006
0.017747,1.823387,0.758732,-0.075874,-0.029092,-0.687267,0.721846,-0.301142,0.261851,0.149116,1.096915,-0.326406,-0.143513,0.148826,0.108606,-0.354877,0.115642,-0.124066,-0.046867,0.010603,0.039351,0.325479,0.031691,0.181541,-0.397345,1.072239,0.041246,0.051184,0.299442,-0.021909,-0.152606,0.204551,1.274059,-0.194538,0.044982,-0.115313
0.019049,1.844701,0.758195,-0.077485,-0.026682,-0.688461,0.720628,-0.229283,0.276921,0.136096,1.170648,-0.333261,-0.155942,0.115065,0.109990,-0.355429,0.114379,-0.095277,-0.041833,0.004811,0.046717,0.310498,0.044015,0.185738,-0.394825,1.073383,0.032659,0.047735,0.299806,0.010526,-0.167062,0.196821,1.275323,-0.192376,0.049597,-0.120745
0.021303,1.866810,0.757327,-0.076751,-0.022613,-0.690201,0.719181,-0.142836,0.280228,0.129541,1.189153,-0.337148,-0.174573,0.072736,0.108648,-0.353216,0.113605,-0.065016,-0.030713,-0.003176,0.053147,0.291586,0.053711,0.188741,-0.391098,1.080695,0.019842,0.047587,0.294717,0.038860,-0.182407,0.189274,1.264158,-0.185040,0.048630,-0.127887
0.024130,1.889162,0.755976,-0.075231,-0.020605,-0.690063,0.719534,-0.042425,0.259753,0.113943,1.150057,-0.325040,-0.213546,0.033231,0.100830,-0.356146,0.113776,-0.039774,-0.009325,-0.018540,0.054843,0.274339,0.060035,0.193118,-0.397704,1.095268,0.014638,0.050274,0.289047,0.064410,-0.194581,0.175707,1.240892,-0.187719,0.051829,-0.134127
0.027587,1.912460,0.754177,-0.071465,-0.018107,-0.688146,0.721817,0.053031,0.218033,0.080409,1.066644,-0.303302,-0.261800,-0.010980,0.087527,-0.364170,0.113886,-0.014849,0.015298,-0.038270,0.053732,0.254663,0.060614,0.200259,-0.420504,1.109068,0.011520,0.056233,0.284416,0.087150,-0.202613,0.159843,1.209581,-0.188634,0.049028,-0.139418
0.032007,1.937681,0.752029,-0.064575,-0.017103,-0.684008,0.726410,0.137114,0.164865,0.042889,0.950673,-0.280285,-0.261800,-0.059305,0.062292,-0.375537,0.114336,0.009316,0.047190,-0.059251,0.046297,0.238142,0.051223,0.208601,-0.448268,1.122491,0.017188,0.056965,0.279887,0.105180,-0.206001,0.141704,1.172462,-0.191768,0.045454,-0.142797
0.036484,1.964902,0.749085,-0.057382,-0.014557,-0.677072,0.733532,0.200504,0.127470,-0.000639,0.825718,-0.266904,-0.261800,-0.110439,0.034655,-0.394823,0.112581,0.033605,0.087649,-0.078440,0.041091,0.224894,0.032968,0.215343,-0.467953,1.127640,0.017318,0.060305,0.276967,0.122170,-0.203537,0.120582,1.130709,-0.194148,0.042716,-0.149733
0.041008,1.995038,0.745184,-0.050440,-0.012725,-0.666995,0.743244,0.238028,0.104446,-0.041188,0.702666,-0.322188,-0.191790,-0.160615,0.001066,-0.418657,0.109554,0.053725,0.132337,-0.097898,0.033846,0.220527,0.006205,0.219831,-0.473155,1.123850,0.019608,0.059159,0.280276,0.129659,-0.195963,0.105886,1.098827,-0.196416,0.037578,-0.156524
0.045833,2.027916,0.741167,-0.042661,-0.015655,-0.654748,0.754480,0.267709,0.076291,-0.060429,0.550281,-0.412235,-0.118853,-0.206393,-0.044053,-0.437151,0.107499,0.060627,0.161061,-0.114563,0.017815,0.229264,-0.029514,0.223091,-0.474988,1.111630,0.021539,0.058609,0.283299,0.127272,-0.183859,0.090103,1.075809,-0.198647,0.036260,-0.155796
0.050513,2.062357,0.738475,-0.034374,-0.028663,-0.642488,0.764987,0.274641,0.031223,-0.059964,0.459452,-0.475672,-0.070327,-0.236842,-0.103769,-0.439973,0.108086,0.032386,0.165461,-0.124333,-0.015593,0.255071,-0.066669,0.224537,-0.464741,1.092509,0.021800,0.053302,0.282134,0.115223,-0.167818,0.077617,1.070480,-0.197419,0.031835,-0.150968
0.054335,2.096909,0.736821,-0.022256,-0.045733,-0.630729,0.774335,0.249907,-0.032240,-0.068629,0.425394,-0.500810,-0.019955,-0.266141,-0.172205,-0.429750,0.111174,-0.021278,0.163307,-0.130232,-0.060766,0.280881,-0.099399,0.225072,-0.448004,1.077496,0.012686,0.046688,0.282127,0.100210,-0.148653,0.067376,1.072843,-0.184626,0.032307,-0.138057
0.056892,2.129939,0.736700,-0.016917,-0.057177,-0.620838,0.781668,0.209522,-0.076266,-0.082342,0.427987,-0.507719,0.010946,-0.284301,-0.215378,-0.429895,0.112166,-0.037717,0.171781,-0.128841,-0.084804,0.307194,-0.129177,0.227438,-0.445246,1.069308,0.014652,0.046857,0.280994,0.091639,-0.132040,0.060844,1.066072,-0.168884,0.036725,-0.114906
0.058833,2.160643,0.740566,-0.025218,-0.063125,-0.616952,0.784060,0.184490,-0.083991,-0.077800,0.428703,-0.493766,0.029531,-0.263429,-0.215766,-0.441136,0.119626,-0.007608,0.176629,-0.114235,-0.077780,0.343840,-0.149648,0.229340,-0.448510,1.068688,0.013370,0.043181,0.286910,0.083353,-0.126493,0.078735,1.061219,-0.154670,0.030249,-0.097829
0.059952,2.188657,0.747716,-0.036189,-0.065653,-0.616645,0.783664,0.166111,-0.078822,-0.073767,0.417373,-0.452679,0.038009,-0.273448,-0.225376,-0.441406,0.267232,-0.047895,0.168335,-0.099921,-0.061702,0.373085,-0.147401,0.230388,-0.439133,1.069302,0.013918,0.043854,0.289384,0.069550,-0.126811,0.109198,1.069635,-0.159203,0.026233,-0.097354
0.060053,2.214616,0.755394,-0.041913,-0.063293,-0.616632,0.783583,0.140632,-0.072960,-0.072215,0.391103,-0.399339,0.043726,-0.293177,-0.242973,-0.443267,0.464048,-0.103971,0.147699,-0.093826,-0.049513,0.381242,-0.127470,0.235069,-0.427019,1.068541,0.013487,0.047086,0.286919,0.055451,-0.124490,0.121944,1.076347,-0.176341,0.033389,-0.098633
0.059653,2.239312,0.761538,-0.043346,-0.057618,-0.617087,0.783585,0.108890,-0.068484,-0.069089,0.358118,-0.346800,0.049033,-0.307824,-0.257258,-0.433522,0.664728,-0.152549,0.133527,-0.092271,-0.041703,0.375042,-0.100142,0.247122,-0.430232,1.067703,0.011983,0.046182,0.284328,0.042874,-0.121323,0.120678,1.071522,-0.177961,0.035454,-0.096403
0.058947,2.263102,0.764866,-0.043632,-0.055582,-0.620161,0.781286,0.084105,-0.068904,-0.059971,0.326420,-0.299366,0.050021,-0.298829,-0.274984,-0.425513,0.857411,-0.197356,0.115421,-0.086014,-0.040854,0.369591,-0.070679,0.264383,-0.445450,1.068513,0.012481,0.050111,0.280608,0.032074,-0.121712,0.117911,1.055879,-0.176483,0.035088,-0.094744
0.058242,2.285988,0.765736,-0.042458,-0.057232,-0.624932,0.777420,0.063641,-0.076482,-0.048513,0.299781,-0.259867,0.050470,-0.258614,-0.298578,-0.424859,1.017577,-0.235710,0.095119,-0.075901,-0.046136,0.364769,-0.040458,0.282257,-0.467846,1.076930,0.014466,0.053740,0.280203,0.022052,-0.124342,0.108985,1.037868,-0.179423,0.033738,-0.101865
0.057368,2.308425,0.765459,-0.040114,-0.060811,-0.631472,0.771969,0.045046,-0.087022,-0.031328,0.275447,-0.223742,0.053555,-0.192341,-0.321117,-0.424927,1.132005,-0.256573,0.082059,-0.062068,-0.055589,0.358843,-0.008871,0.296475,-0.482778,1.093732,0.010522,0.054132,0.277718,0.007553,-0.127710,0.101802,1.031987,-0.175984,0.027178,-0.117901
0.056357,2.330626,0.764641,-0.035517,-0.061104,-0.640191,0.764957,0.017555,-0.093900,-0.006342,0.252246,-0.185878,0.053068,-0.116918,-0.332781,-0.422578,1.190678,-0.253219,0.078015,-0.046405,-0.062979,0.343097,0.025645,0.302892,-0.478355,1.111819,0.002739,0.059859,0.271079,-0.011334,-0.130181,0.094896,1.036695,-0.174813,0.026813,-0.133306
0.055189,2.352937,0.763644,-0.030317,-0.058620,-0.650594,0.756552,-0.018758,-0.095316,0.018883,0.234173,-0.147664,0.051507,-0.038525,-0.328293,-0.412661,1.197902,-0.238877,0.085737,-0.029050,-0.066871,0.321172,0.059891,0.303469,-0.464109,1.129484,-0.014925,0.061160,0.265495,-0.032560,-0.132799,0.094431,1.048996,-0.173337,0.028102,-0.138239
0.053659,2.375842,0.761965,-0.025399,-0.055650,-0.662425,0.746627,-0.058471,-0.091696,0.050030,0.222441,-0.113115,0.053134,0.036546,-0.307691,-0.386522,1.159233,-0.210603,0.108205,-0.008846,-0.067772,0.298681,0.089577,0.298240,-0.446261,1.143074,-0.022076,0.064924,0.264463,-0.054313,-0.136075,0.100654,1.062153,-0.175954,0.029332,-0.137445
0.051158,2.399793,0.759737,-0.021325,-0.051837,-0.674502,0.736142,-0.102232,-0.081019,0.081062,0.216098,-0.079538,0.051276,0.102857,-0.261536,-0.335835,1.074848,-0.179680,0.154673,0.010839,-0.066655,0.277947,0.114444,0.288836,-0.425341,1.148919,-0.028695,0.067453,0.268142,-0.076885,-0.138527,0.117615,1.074571,-0.183176,0.029111,-0.140935
0.047496,2.425525,0.756933,-0.017620,-0.045332,-0.686836,0.725183,-0.151976,-0.060627,0.109847,0.210232,-0.044781,0.038429,0.151018,-0.191745,-0.256920,0.954100,-0.147532,0.200897,0.029380,-0.062801,0.258412,0.134190,0.278454,-0.403064,1.142716,-0.028217,0.065624,0.271560,-0.100708,-0.138059,0.135587,1.081134,-0.193713,0.032037,-0.144249
0.042942,2.453191,0.753263,-0.013628,-0.037641,-0.698241,0.714742,-0.194574,-0.036257,0.136035,0.181325,-0.004483,0.005523,0.196308,-0.133579,-0.198112,0.800881,-0.154773,0.201474,0.046187,-0.058778,0.242321,0.144563,0.267811,-0.383088,1.130198,-0.026563,0.063364,0.270628,-0.123844,-0.134228,0.152387,1.083461,-0.204180,0.032145,-0.151164
0.037477,2.483494,0.748484,-0.010630,-0.028419,-0.707279,0.706283,-0.227392,-0.008460,0.160706,0.126386,0.024544,-0.042728,0.244690,-0.093521,-0.192747,0.598430,-0.242126,0.162733,0.057621,-0.051965,0.232493,0.141994,0.257021,-0.362225,1.115285,-0.030332,0.060148,0.271563,-0.149871,-0.127502,0.167787,1.084071,-0.205520,0.032057,-0.154837
0.030943,2.516143,0.744570,-0.017432,-0.020755,-0.712908,0.700734,-0.265162,0.032568,0.163947,0.113947,0.004770,-0.082416,0.299117,-0.046875,-0.238646,0.410251,-0.320111,0.138580,0.062530,-0.033768,0.246656,0.125890,0.246772,-0.341831,1.099675,-0.022074,0.058673,0.277424,-0.180007,-0.119724,0.191769,1.089572,-0.204127,0.027277,-0.155941
0.023918,2.549946,0.741622,-0.036279,-0.008842,-0.716211,0.696884,-0.296147,0.098911,0.154496,0.113702,-0.052732,-0.135368,0.335235,0.034461,-0.262496,0.256109,-0.328485,0.093409,0.065912,0.009317,0.272556,0.103477,0.235240,-0.318684,1.085837,-0.006833,0.058111,0.282140,-0.208765,-0.113204,0.220696,1.111095,-0.203618,0.018321,-0.158727
0.018583,2.583273,0.738338,-0.054636,0.003682,-0.720529,0.691259,-0.327317,0.165189,0.150003,0.114480,-0.125834,-0.190428,0.337360,0.108031,-0.249765,0.162828,-0.315538,0.060658,0.074043,0.055645,0.291107,0.086448,0.217156,-0.286604,1.066811,0.006520,0.061447,0.288740,-0.232535,-0.111461,0.252673,1.147637,-0.210848,0.022032,-0.146461
0.014224,2.615776,0.737094,-0.065554,0.005020,-0.720150,0.690696,-0.337032,0.196053,0.172552,0.116269,-0.134023,-0.233555,0.317959,0.142159,-0.253653,0.134373,-0.319301,0.029963,0.072215,0.074395,0.316491,0.066221,0.203735,-0.270334,1.043345,0.020244,0.063041,0.298658,-0.249697,-0.114637,0.289817,1.181105,-0.215463,0.030554,-0.128585
0.009432,2.646466,0.741139,-0.071342,-0.008363,-0.708079,0.702470,-0.315361,0.177442,0.175280,0.155788,-0.113454,-0.214776,0.305902,0.140756,-0.292460,0.131664,-0.306676,0.007323,0.045955,0.062079,0.356994,0.034336,0.201659,-0.289777,1.038497,0.035404,0.055185,0.315312,-0.248896,-0.118051,0.310110,1.206048,-0.220728,0.031725,-0.127470
0.006049,2.673985,0.747490,-0.071592,-0.016363,-0.695530,0.714734,-0.378028,0.171695,0.148923,0.401970,-0.182284,-0.202480,0.279368,0.132824,-0.328737,0.128631,-0.268824,-0.001181,0.028041,0.052143,0.369774,0.001517,0.205637,-0.338012,1.060050,0.047058,0.051483,0.317060,-0.221906,-0.124507,0.308162,1.228081,-0.206177,0.029591,-0.139190
0.004043,2.699123,0.753852,-0.064032,-0.018289,-0.687934,0.722712,-0.422670,0.165982,0.137175,0.614661,-0.223954,-0.184341,0.234257,0.116890,-0.355743,0.124854,-0.230799,-0.007143,0.022783,0.040644,0.353728,-0.020379,0.206473,-0.370825,1.081644,0.056304,0.061163,0.296854,-0.182110,-0.132437,0.296484,1.248504,-0.196964,0.033965,-0.138309
0.002754,2.722340,0.758801,-0.057036,-0.019721,-0.684056,0.726929,-0.438670,0.162918,0.117056,0.803367,-0.254625,-0.169181,0.192388,0.100442,-0.371869,0.120342,-0.195782,-0.007764,0.022389,0.029404,0.334632,-0.028188,0.207661,-0.380757,1.082942,0.048586,0.067090,0.286068,-0.141087,-0.141695,0.290105,1.264298,-0.188034,0.040564,-0.121973
0.002018,2.744716,0.761345,-0.055219,-0.020528,-0.683459,0.727608,-0.423430,0.171780,0.093724,0.967484,-0.278990,-0.156656,0.157906,0.093161,-0.375600,0.116384,-0.163699,-0.007180,0.022197,0.026419,0.320152,-0.024250,0.212667,-0.384366,1.072482,0.048328,0.063636,0.290428,-0.104285,-0.151843,0.286082,1.277573,-0.187083,0.043703,-0.109737
0.001687,2.766160,0.761636,-0.058725,-0.020705,-0.684995,0.725882,-0.369335,0.196796,0.079691,1.092156,-0.307908,-0.153664,0.130368,0.096893,-0.373428,0.115135,-0.135376,-0.016046,0.020624,0.032092,0.308835,-0.011505,0.220833,-0.389750,1.060158,0.048402,0.060475,0.295872,-0.069698,-0.163237,0.284545,1.284120,-0.183075,0.046475,-0.109547
0.001719,2.787232,0.760918,-0.064500,-0.020656,-0.687020,0.723475,-0.283856,0.228965,0.077602,1.168044,-0.326550,-0.157152,0.106091,0.105025,-0.371592,0.114379,-0.106940,-0.030066,0.017078,0.040857,0.299831,0.002155,0.229964,-0.400314,1.056952,0.044206,0.055907,0.298088,-0.034837,-0.174122,0.273654,1.276484,-0.182316,0.047634,-0.118318
0.002247,2.808191,0.759971,-0.067331,-0.017980,-0.686328,0.723946,-0.186707,0.252514,0.077758,1.188562,-0.332606,-0.166395,0.074268,0.110018,-0.377152,0.113279,-0.077488,-0.039672,0.003787,0.047241,0.281453,0.016190,0.237961,-0.413609,1.063014,0.036403,0.056594,0.292452,0.000264,-0.182670,0.255288,1.257723,-0.179015,0.044647,-0.126025
0.003488,2.829921,0.758789,-0.068849,-0.015735,-0.685563,0.724579,-0.076843,0.251883,0.068974,1.155272,-0.332438,-0.196788,0.039559,0.110387,-0.382157,0.112267,-0.046489,-0.046341,-0.011635,0.050527,0.263194,0.026293,0.242620,-0.428739,1.079960,0.028833,0.059123,0.285765,0.032191,-0.186984,0.226547,1.230079,-0.182694,0.043374,-0.132163
0.005344,2.852382,0.757138,-0.068815,-0.013668,-0.682579,0.727436,0.032139,0.218271,0.030662,1.075192,-0.317095,-0.259454,0.002705,0.105021,-0.392628,0.111400,-0.016569,-0.049528,-0.030890,0.051102,0.243446,0.028881,0.244872,-0.452946,1.104647,0.021381,0.062310,0.277838,0.063581,-0.186514,0.192565,1.195047,-0.182059,0.041308,-0.139940
0.008306,2.876648,0.755343,-0.064479,-0.011162,-0.676633,0.733407,0.123844,0.178967,-0.002508,0.970609,-0.294723,-0.261800,-0.043245,0.087393,-0.408745,0.111818,0.013734,-0.042313,-0.052691,0.046890,0.221530,0.022147,0.243711,-0.478169,1.129243,0.018001,0.067315,0.271595,0.090945,-0.182075,0.161125,1.158576,-0.180334,0.036414,-0.144894
0.011652,2.903418,0.752743,-0.058551,-0.008985,-0.670109,0.739895,0.197636,0.147005,-0.031798,0.853709,-0.265634,-0.261800,-0.092758,0.063482,-0.426557,0.110915,0.041001,-0.017302,-0.069266,0.041618,0.204399,0.007018,0.238801,-0.497774,1.143432,0.018279,0.069659,0.272000,0.111220,-0.175088,0.133558,1.124690,-0.184353,0.034458,-0.147858
0.014608,2.932603,0.749093,-0.054584,-0.007219,-0.660590,0.748725,0.251338,0.130431,-0.065772,0.737770,-0.273992,-0.261800,-0.138459,0.037918,-0.449584,0.107958,0.065143,0.021748,-0.087297,0.037660,0.196103,-0.012574,0.231340,-0.506164,1.144433,0.017378,0.069551,0.275082,0.123779,-0.164952,0.111175,1.099247,-0.185414,0.032327,-0.151807
0.018406,2.965396,0.745089,-0.046960,-0.009552,-0.648386,0.759802,0.275050,0.105767,-0.086017,0.618423,-0.357144,-0.146732,-0.185158,-0.006908,-0.473701,0.106672,0.080437,0.075401,-0.105365,0.022191,0.197707,-0.037442,0.220708,-0.489685,1.130719,0.021427,0.064158,0.274924,0.124442,-0.150705,0.087314,1.083508,-0.183622,0.028549,-0.156739
0.022548,3.000800,0.741412,-0.039206,-0.020473,-0.636053,0.770377,0.290274,0.070785,-0.074642,0.513738,-0.448717,-0.079190,-0.220241,-0.065553,-0.483786,0.106754,0.079122,0.117726,-0.118130,-0.006023,0.217135,-0.067449,0.206861,-0.462025,1.109198,0.016612,0.059463,0.279210,0.118123,-0.134529,0.061420,1.071920,-0.192084,0.027010,-0.155287
0.026420,3.037741,0.738871,-0.030649,-0.040369,-0.624286,0.779550,0.281680,0.012359,-0.069464,0.470983,-0.500826,-0.030584,-0.241924,-0.135767,-0.480660,0.109426,0.036191,0.131057,-0.125379,-0.047893,0.249702,-0.103194,0.195426,-0.457422,1.093718,0.015594,0.054524,0.284704,0.108225,-0.120243,0.047976,1.064441,-0.202135,0.027321,-0.155165
0.029644,3.073923,0.736696,-0.017955,-0.061186,-0.613820,0.786867,0.247344,-0.061111,-0.075045,0.468158,-0.521386,0.018925,-0.267923,-0.208734,-0.460064,0.112868,-0.029693,0.141281,-0.128187,-0.095774,0.273060,-0.134377,0.191371,-0.479556,1.084922,0.021274,0.050338,0.281543,0.101939,-0.110768,0.050212,1.062091,-0.208600,0.027914,-0.147274
0.032311,3.108634,0.735753,-0.012450,-0.073115,-0.608595,0.790007,0.212544,-0.108003,-0.076290,0.461630,-0.530931,0.049956,-0.287340,-0.248233,-0.450446,0.112975,-0.026610,0.178821,-0.120736,-0.115770,0.294290,-0.158037,0.193162,-0.512056,1.074414,0.041477,0.049982,0.275644,0.101486,-0.109901,0.058570,1.049407,-0.213989,0.031853,-0.126459
0.034856,3.140929,0.739273,-0.020736,-0.078172,-0.610513,0.787866,0.194242,-0.115294,-0.059547,0.445631,-0.518829,0.070276,-0.282227,-0.252511,-0.452729,0.157836,0.002551,0.165698,-0.103660,-0.101416,0.324199,-0.163491,0.195572,-0.525342,1.065433,0.057419,0.045352,0.281642,0.096332,-0.121399,0.083404,1.053631,-0.201755,0.023574,-0.115182
0.036103,3.171068,0.746452,-0.027004,-0.078916,-0.612118,0.786355,0.157446,-0.117590,-0.050544,0.444686,-0.473336,0.078752,-0.305626,-0.287629,-0.486344,0.340368,-0.050499,0.137764,-0.095478,-0.086925,0.341174,-0.149314,0.196084,-0.510635,1.072712,0.052330,0.042135,0.296534,0.079998,-0.133874,0.114142,1.091025,-0.181047,0.018503,-0.119862
0.036128,3.198979,0.754596,-0.032460,-0.073952,-0.614242,0.784974,0.128172,-0.107458,-0.043170,0.410804,-0.417255,0.075650,-0.313977,-0.313384,-0.509995,0.527966,-0.112132,0.091200,-0.090592,-0.067830,0.345240,-0.124016,0.198306,-0.490009,1.089812,0.034690,0.048895,0.294267,0.064058,-0.140910,0.126560,1.134335,-0.178201,0.029973,-0.117761
0.035688,3.225605,0.761485,-0.037211,-0.068896,-0.619069,0.781423,0.109463,-0.094845,-0.029601,0.359985,-0.359369,0.071086,-0.313176,-0.322134,-0.491130,0.713804,-0.166771,0.061775,-0.083225,-0.051631,0.346832,-0.095865,0.206443,-0.484790,1.110321,0.011331,0.051531,0.280089,0.048331,-0.147605,0.132625,1.166519,-0.173262,0.039361,-0.106717
0.034903,3.251383,0.765414,-0.039262,-0.064472,-0.623420,0.778234,0.083220,-0.087598,-0.017701,0.322943,-0.309326,0.060602,-0.305040,-0.321290,-0.447938,0.890124,-0.207608,0.052790,-0.079302,-0.042490,0.344021,-0.064851,0.220594,-0.493262,1.128099,0.008293,0.055947,0.271331,0.032489,-0.155971,0.138966,1.186689,-0.161686,0.038500,-0.101268
0.033724,3.276009,0.766875,-0.039205,-0.064803,-0.627468,0.774950,0.054283,-0.091617,-0.006555,0.306111,-0.269008,0.066709,-0.269197,-0.320242,-0.407501,1.036718,-0.237564,0.054854,-0.073975,-0.044615,0.341004,-0.030139,0.237026,-0.502735,1.143914,0.005168,0.057751,0.268314,0.020190,-0.163797,0.146188,1.192049,-0.161872,0.040821,-0.106123
0.032033,3.299638,0.766653,-0.037095,-0.066049,-0.631573,0.771607,0.025233,-0.098949,0.006250,0.289756,-0.231229,0.068235,-0.204871,-0.324541,-0.389802,1.141215,-0.256701,0.059661,-0.066705,-0.051225,0.331854,0.008095,0.252445,-0.502864,1.156297,-0.004741,0.060250,0.266962,0.011679,-0.169243,0.147240,1.187131,-0.166539,0.039680,-0.117152
0.029875,3.322542,0.765536,-0.033497,-0.066731,-0.637146,0.767118,-0.004487,-0.104266,0.023399,0.271390,-0.193433,0.062880,-0.122167,-0.328074,-0.384031,1.197946,-0.257004,0.064271,-0.053655,-0.057953,0.315459,0.046649,0.264885,-0.492804,1.165322,-0.006610,0.063097,0.264132,0.007341,-0.171285,0.139793,1.174795,-0.170563,0.037798,-0.126210
0.027496,3.345468,0.763885,-0.028669,-0.064220,-0.644444,0.761410,-0.041330,-0.103923,0.045564,0.253071,-0.157102,0.051255,-0.038617,-0.314097,-0.370570,1.205061,-0.239921,0.080861,-0.035565,-0.060914,0.291362,0.085151,0.272630,-0.466645,1.163969,-0.012116,0.067221,0.262479,0.004585,-0.171017,0.129654,1.157011,-0.173997,0.034436,-0.132641
0.024864,3.368552,0.762105,-0.026254,-0.062141,-0.652679,0.754626,-0.073249,-0.098149,0.068508,0.234018,-0.121207,0.043140,0.053362,-0.279368,-0.348448,1.157774,-0.232660,0.117954,-0.013715,-0.060084,0.270297,0.123154,0.275169,-0.428863,1.151382,-0.019097,0.069126,0.267080,0.000928,-0.170882,0.129542,1.139856,-0.180523,0.033802,-0.132765
0.021198,3.392996,0.760215,-0.025378,-0.055758,-0.662257,0.746768,-0.113359,-0.079234,0.091345,0.219268,-0.088992,0.022993,0.127722,-0.220531,-0.308981,1.067456,-0.208411,0.157009,0.008575,-0.052456,0.248475,0.155266,0.274079,-0.385953,1.132393,-0.025006,0.067608,0.268801,-0.010856,-0.170825,0.141714,1.128470,-0.196613,0.034522,-0.132271
0.016648,3.419658,0.758057,-0.025054,-0.046458,-0.675203,0.735741,-0.154884,-0.048529,0.120608,0.197486,-0.059955,-0.004761,0.180046,-0.152218,-0.253025,0.943157,-0.165989,0.195483,0.034139,-0.040939,0.229382,0.181264,0.268302,-0.344044,1.109547,-0.025418,0.065120,0.272964,-0.032559,-0.170669,0.158098,1.119400,-0.219969,0.039253,-0.134647
0.011721,3.448131,0.755091,-0.021790,-0.038242,-0.687536,0.724815,-0.193038,-0.024402,0.147821,0.160061,-0.038852,-0.019677,0.227894,-0.099576,-0.207841,0.773217,-0.144373,0.221061,0.053407,-0.035061,0.214207,0.200359,0.258441,-0.308233,1.086625,-0.020330,0.062714,0.272877,-0.059297,-0.169707,0.167720,1.110610,-0.238310,0.041603,-0.141779
0.006143,3.479582,0.750736,-0.018547,-0.029343,-0.698382,0.714883,-0.234627,0.001274,0.166650,0.119483,-0.025789,-0.028135,0.268002,-0.064027,-0.204169,0.582072,-0.239254,0.150499,0.066741,-0.027885,0.207379,0.203450,0.247430,-0.286423,1.069912,-0.015509,0.061360,0.274870,-0.092302,-0.168619,0.170800,1.099164,-0.240767,0.041875,-0.148118
-0.000532,3.513396,0.746773,-0.028929,-0.021060,-0.704715,0.708587,-0.274831,0.049701,0.173326,0.117480,-0.044966,-0.047751,0.317455,-0.012074,-0.247725,0.409208,-0.319312,0.113973,0.070354,-0.001642,0.228237,0.193282,0.237440,-0.265473,1.053873,0.004596,0.064775,0.275925,-0.127233,-0.167866,0.174880,1.088042,-0.238178,0.039446,-0.154163
-0.007395,3.547811,0.743895,-0.049873,-0.008344,-0.709332,0.703058,-0.305853,0.121550,0.170232,0.118318,-0.091757,-0.082800,0.347152,0.072202,-0.256740,0.266050,-0.325431,0.069916,0.076208,0.047061,0.255499,0.173888,0.226406,-0.251691,1.053405,0.010515,0.060067,0.293769,-0.156659,-0.169726,0.187001,1.095241,-0.229177,0.027651,-0.165468
-0.012524,3.580210,0.741127,-0.067005,-0.000857,-0.713826,0.697110,-0.327640,0.178540,0.174597,0.120316,-0.154021,-0.119978,0.356374,0.133519,-0.247675,0.174507,-0.317479,0.037045,0.084311,0.085920,0.276364,0.161423,0.212100,-0.239280,1.050025,0.018460,0.064683,0.302933,-0.174836,-0.173880,0.206167,1.119280,-0.224614,0.024340,-0.166034
-0.017223,3.611369,0.742142,-0.072018,-0.006194,-0.710264,0.700214,-0.325618,0.182454,0.198852,0.125190,-0.136296,-0.151921,0.346600,0.149218,-0.266059,0.133268,-0.316472,0.006003,0.073290,0.085266,0.302507,0.147004,0.204775,-0.241965,1.041282,0.020747,0.060511,0.306319,-0.185648,-0.173846,0.222100,1.147944,-0.219232,0.025996,-0.158403
-0.021751,3.639945,0.747388,-0.075352,-0.019946,-0.699654,0.710217,-0.363256,0.165137,0.155625,0.293502,-0.180050,-0.149713,0.334111,0.142424,-0.300215,0.128268,-0.299792,-0.013461,0.053261,0.070106,0.332909,0.123316,0.206682,-0.279553,1.050821,0.018985,0.054735,0.310065,-0.174932,-0.167943,0.223398,1.173522,-0.208970,0.029656,-0.154751
-0.024413,3.666569,0.754291,-0.075177,-0.026765,-0.690395,0.719018,-0.409919,0.151218,0.109455,0.503520,-0.222304,-0.152142,0.305953,0.133680,-0.327349,0.123453,-0.258098,-0.018978,0.045635,0.063768,0.340294,0.097384,0.207197,-0.325334,1.078013,0.022771,0.056158,0.309044,-0.142644,-0.162761,0.216091,1.196906,-0.203190,0.028765,-0.157491
-0.025918,3.692167,0.760300,-0.070460,-0.028552,-0.686139,0.723487,-0.450378,0.149328,0.083286,0.721275,-0.256132,-0.144383,0.263117,0.122013,-0.343915,0.119623,-0.218546,-0.025447,0.049339,0.059257,0.330910,0.082904,0.199935,-0.339670,1.090637,0.023089,0.065117,0.299982,-0.103069,-0.160782,0.215002,1.213705,-0.197849,0.032538,-0.143718
-0.027088,3.716665,0.764111,-0.067062,-0.030346,-0.685078,0.724741,-0.466941,0.161620,0.067204,0.936714,-0.271404,-0.126382,0.224062,0.111639,-0.352090,0.116669,-0.184184,-0.030086,0.053466,0.055121,0.322722,0.082776,0.190838,-0.330821,1.078784,0.018406,0.063489,0.301345,-0.066468,-0.160271,0.224092,1.226643,-0.194556,0.036948,-0.122916
-0.028180,3.740187,0.765704,-0.067789,-0.031111,-0.685257,0.724472,-0.443555,0.182182,0.048630,1.111629,-0.294809,-0.119810,0.190300,0.109568,-0.351857,0.116060,-0.155220,-0.033407,0.050526,0.056993,0.316727,0.092280,0.184964,-0.322777,1.057814,0.021181,0.058551,0.304606,-0.033501,-0.158830,0.224702,1.232993,-0.204336,0.043045,-0.112685
-0.028994,3.762576,0.766096,-0.069089,-0.030065,-0.685584,0.724084,-0.388041,0.196844,0.024727,1.235358,-0.309635,-0.131023,0.156191,0.111618,-0.352147,0.115348,-0.127832,-0.037250,0.042612,0.060487,0.305608,0.103588,0.182146,-0.323403,1.049338,0.024696,0.053838,0.304825,0.000055,-0.155947,0.216366,1.236795,-0.209219,0.042910,-0.118899
-0.029266,3.784598,0.766081,-0.070214,-0.028699,-0.685444,0.724164,-0.301059,0.206589,0.009627,1.296685,-0.314792,-0.148786,0.121682,0.112710,-0.355010,0.114416,-0.098977,-0.039101,0.031215,0.062939,0.292531,0.109043,0.180357,-0.331227,1.059858,0.017702,0.050800,0.301779,0.032598,-0.152414,0.200056,1.234195,-0.198426,0.039002,-0.131163
-0.028880,3.806288,0.765766,-0.068183,-0.025650,-0.683580,0.726231,-0.198371,0.211511,0.005651,1.296667,-0.305576,-0.176662,0.081207,0.108858,-0.361782,0.113279,-0.072585,-0.028638,0.014127,0.061866,0.270230,0.110725,0.178353,-0.342711,1.083406,0.010530,0.053949,0.293827,0.063969,-0.149482,0.189069,1.227804,-0.190526,0.037907,-0.134072
-0.027700,3.828445,0.765024,-0.065778,-0.023894,-0.683340,0.726739,-0.077498,0.195068,0.000487,1.233022,-0.283378,-0.231500,0.041626,0.101281,-0.364574,0.112108,-0.047244,-0.008353,-0.000081,0.059104,0.249267,0.109376,0.176058,-0.355910,1.108208,0.002403,0.059353,0.283509,0.090007,-0.148507,0.185496,1.218993,-0.190097,0.037417,-0.127736
-0.025349,3.851516,0.763983,-0.059593,-0.022947,-0.682596,0.728001,0.040586,0.144757,-0.015903,1.116753,-0.251684,-0.261800,-0.003514,0.083192,-0.367879,0.112025,-0.023146,0.020941,-0.015881,0.051724,0.225706,0.105808,0.173635,-0.371988,1.124741,0.000151,0.062301,0.278730,0.111066,-0.149164,0.187137,1.208501,-0.188666,0.035550,-0.129107
-0.022521,3.875772,0.762239,-0.051409,-0.020383,-0.680546,0.730615,0.141559,0.095748,-0.033141,0.971341,-0.221895,-0.261800,-0.055687,0.061672,-0.373790,0.112275,0.000875,0.056291,-0.032799,0.045336,0.200322,0.098188,0.171261,-0.384292,1.131208,0.001764,0.062709,0.274835,0.128097,-0.150247,0.186346,1.196582,-0.182725,0.032851,-0.133313
-0.019513,3.902400,0.759628,-0.042200,-0.017405,-0.678062,0.733585,0.222848,0.052361,-0.051545,0.809335,-0.193799,-0.261800,-0.112530,0.037321,-0.382638,0.111617,0.026373,0.095024,-0.047150,0.039274,0.179075,0.083593,0.168591,-0.389773,1.129377,0.004848,0.060984,0.277553,0.137878,-0.149985,0.171493,1.183625,-0.165829,0.033269,-0.133238
-0.017036,3.932202,0.755897,-0.034631,-0.015999,-0.672040,0.739532,0.278714,0.016685,-0.085450,0.659217,-0.215606,-0.261800,-0.165611,0.009570,-0.399434,0.108443,0.048737,0.141435,-0.064418,0.032907,0.170911,0.056168,0.168691,-0.398487,1.123445,0.011952,0.057158,0.281205,0.141440,-0.145642,0.150353,1.173052,-0.160863,0.032304,-0.138303
-0.014656,3.965634,0.751465,-0.026559,-0.018874,-0.663127,0.747797,0.294444,0.000925,-0.064613,0.549946,-0.296971,-0.139249,-0.214514,-0.029802,-0.419993,0.105325,0.061648,0.186419,-0.083472,0.017032,0.177499,0.019484,0.174019,-0.406153,1.107494,0.013884,0.060143,0.285601,0.136184,-0.136155,0.124784,1.163255,-0.148003,0.028524,-0.143343
-0.012081,4.001356,0.747045,-0.021127,-0.030647,-0.655563,0.754223,0.316493,-0.023931,-0.005786,0.454565,-0.383127,-0.045006,-0.249242,-0.076299,-0.427004,0.105943,0.048783,0.200130,-0.096862,-0.010183,0.205352,-0.020407,0.182217,-0.413032,1.085441,0.022476,0.058139,0.293595,0.122993,-0.123211,0.100002,1.158097,-0.143772,0.026062,-0.145565
-0.009617,4.037634,0.743743,-0.016960,-0.050792,-0.647696,0.760015,0.332447,-0.072264,0.001730,0.383215,-0.435742,-0.002414,-0.267183,-0.131098,-0.423404,0.108636,-0.001157,0.193055,-0.108094,-0.049335,0.245058,-0.062493,0.193347,-0.436526,1.075634,0.023620,0.048663,0.300383,0.108212,-0.109634,0.090313,1.158154,-0.140179,0.022561,-0.152774
-0.007746,4.072079,0.741200,-0.010512,-0.067886,-0.637832,0.767106,0.318073,-0.122895,-0.025869,0.348461,-0.460998,0.023878,-0.287561,-0.187490,-0.423367,0.111121,-0.046061,0.186318,-0.117864,-0.086508,0.269612,-0.102045,0.204772,-0.470333,1.079372,0.023105,0.048471,0.289349,0.104244,-0.098762,0.100502,1.155568,-0.157834,0.025916,-0.148827
-0.006221,4.104120,0.742369,-0.013033,-0.075931,-0.631961,0.771162,0.297621,-0.143837,-0.030155,0.328699,-0.467538,0.053195,-0.287826,-0.211506,-0.444603,0.114183,-0.022575,0.191175,-0.115587,-0.093912,0.292806,-0.131463,0.210978,-0.493715,1.086726,0.022368,0.048405,0.282677,0.106000,-0.095325,0.124875,1.151602,-0.179786,0.029058,-0.129167
-0.004900,4.133590,0.747207,-0.025245,-0.078232,-0.633245,0.769574,0.282533,-0.137429,-0.011684,0.315240,-0.457847,0.083728,-0.284573,-0.207502,-0.427028,0.180721,-0.010825,0.165760,-0.101073,-0.075575,0.318268,-0.138683,0.210038,-0.489008,1.093453,0.019540,0.047688,0.291215,0.104251,-0.102517,0.169334,1.163331,-0.182917,0.026631,-0.115595
-0.004440,4.161258,0.753682,-0.035516,-0.079991,-0.635068,0.767482,0.260127,-0.130770,-0.003234,0.309625,-0.425934,0.094437,-0.318739,-0.225211,-0.390032,0.379342,-0.064463,0.138574,-0.090188,-0.059141,0.337778,-0.125908,0.203203,-0.460521,1.094133,0.021590,0.054130,0.299422,0.098098,-0.110846,0.197816,1.185566,-0.189914,0.032181,-0.104802
-0.005262,4.187764,0.760194,-0.039916,-0.078332,-0.634829,0.767634,0.226836,-0.124136,0.001548,0.296941,-0.380649,0.090778,-0.346385,-0.240788,-0.349190,0.571137,-0.109813,0.116084,-0.085490,-0.049507,0.343086,-0.103823,0.201842,-0.445907,1.086427,0.009976,0.049961,0.297376,0.091598,-0.115025,0.206363,1.205188,-0.194168,0.039810,-0.102903
-0.006447,4.212850,0.765244,-0.042934,-0.074537,-0.635269,0.767485,0.194796,-0.116747,0.005417,0.276547,-0.339852,0.090000,-0.353996,-0.252823,-0.325523,0.747857,-0.151225,0.112151,-0.083955,-0.041328,0.341112,-0.072713,0.209425,-0.452595,1.072769,0.013343,0.050713,0.288110,0.086550,-0.121008,0.209513,1.213207,-0.190741,0.043662,-0.105293
-0.007522,4.236798,0.768446,-0.045010,-0.072631,-0.636003,0.766941,0.162023,-0.114529,0.008820,0.266817,-0.304064,0.095591,-0.333734,-0.273672,-0.322091,0.908046,-0.191759,0.098927,-0.083329,-0.038142,0.338142,-0.038425,0.221407,-0.473906,1.064508,0.026266,0.052237,0.283195,0.080494,-0.129244,0.206148,1.213081,-0.186606,0.045857,-0.103395
-0.008498,4.259877,0.769990,-0.045274,-0.072383,-0.638418,0.764940,0.132157,-0.116714,0.017057,0.254549,-0.269219,0.093170,-0.286727,-0.300396,-0.329947,1.038244,-0.225828,0.082605,-0.076850,-0.038848,0.331743,-0.005164,0.232016,-0.499092,1.072094,0.028868,0.053068,0.283067,0.076210,-0.139171,0.197103,1.206650,-0.184130,0.042895,-0.108598
-0.009442,4.281984,0.770446,-0.044266,-0.071833,-0.643175,0.761056,0.104128,-0.118681,0.032340,0.238683,-0.236862,0.091583,-0.217597,-0.320679,-0.341218,1.128266,-0.245628,0.077945,-0.066064,-0.039664,0.318741,0.029724,0.238460,-0.515887,1.090137,0.023040,0.056609,0.276386,0.072077,-0.150155,0.194646,1.199222,-0.174903,0.035983,-0.123887
-0.010355,4.303871,0.770226,-0.041860,-0.070716,-0.650367,0.755162,0.073418,-0.120156,0.053954,0.224301,-0.204479,0.087236,-0.136196,-0.328750,-0.347116,1.176340,-0.246037,0.090933,-0.052604,-0.040536,0.302130,0.066621,0.240032,-0.519292,1.110963,0.020658,0.060133,0.270702,0.063475,-0.160686,0.189893,1.194160,-0.170463,0.031645,-0.131202
-0.011316,4.325714,0.769284,-0.038256,-0.067604,-0.658876,0.748230,0.032981,-0.118518,0.077626,0.218750,-0.176477,0.085388,-0.052694,-0.320429,-0.345938,1.185617,-0.234253,0.112932,-0.036423,-0.039674,0.279576,0.101974,0.237084,-0.512808,1.132025,0.010443,0.065780,0.266908,0.054168,-0.169697,0.183856,1.190465,-0.166473,0.028046,-0.132158
-0.012476,4.348077,0.767815,-0.034498,-0.064663,-0.668290,0.740282,-0.008861,-0.114535,0.105041,0.214839,-0.148187,0.083912,0.032998,-0.300117,-0.338888,1.154013,-0.217031,0.149412,-0.018547,-0.038255,0.258377,0.135956,0.230784,-0.492993,1.145216,0.006064,0.068747,0.261963,0.043232,-0.177484,0.179290,1.186390,-0.161113,0.027777,-0.133269
-0.013856,4.370968,0.765777,-0.030016,-0.060919,-0.678229,0.731706,-0.053826,-0.108165,0.133432,0.212511,-0.122320,0.084418,0.108306,-0.264022,-0.313071,1.083128,-0.190224,0.193909,0.000442,-0.036098,0.235720,0.165463,0.222726,-0.476141,1.153334,-0.000536,0.071213,0.263035,0.031471,-0.184562,0.182308,1.185598,-0.158217,0.026637,-0.135594
-0.016152,4.395197,0.763421,-0.026581,-0.055719,-0.688773,0.722344,-0.099937,-0.093302,0.160673,0.207200,-0.095344,0.071395,0.170616,-0.205925,-0.261956,0.972562,-0.171449,0.234309,0.020196,-0.030789,0.216156,0.187647,0.214063,-0.457238,1.154662,-0.004197,0.073661,0.264210,0.016637,-0.190748,0.194210,1.186123,-0.160443,0.026915,-0.136304
-0.019402,4.421321,0.760789,-0.024525,-0.048982,-0.698796,0.713220,-0.141667,-0.071884,0.184538,0.188109,-0.068185,0.048759,0.225125,-0.140406,-0.205033,0.824790,-0.157272,0.261800,0.038341,-0.023006,0.201566,0.203328,0.204925,-0.427347,1.146281,-0.003017,0.071691,0.266201,0.001092,-0.194287,0.208766,1.186424,-0.164118,0.020519,-0.142315
-0.023144,4.450236,0.757204,-0.019971,-0.040220,-0.706557,0.706230,-0.184859,-0.051837,0.206095,0.149948,-0.041150,0.024630,0.263396,-0.099628,-0.187315,0.657960,-0.230322,0.178652,0.049194,-0.017565,0.189565,0.207742,0.195050,-0.390308,1.130175,-0.002381,0.075367,0.269473,-0.021004,-0.194698,0.211019,1.183190,-0.166981,0.025055,-0.137420
-0.027432,4.481925,0.753272,-0.023800,-0.030946,-0.710920,0.702188,-0.221429,-0.018913,0.216881,0.118040,-0.030913,-0.007469,0.313316,-0.057985,-0.235053,0.471969,-0.315636,0.121399,0.053044,-0.000366,0.197761,0.201062,0.185797,-0.348686,1.105793,0.007808,0.075542,0.274640,-0.046407,-0.193467,0.215206,1.181473,-0.167625,0.023694,-0.137659
-0.032223,4.515162,0.750263,-0.042139,-0.022335,-0.711387,0.701181,-0.249142,0.035640,0.211135,0.117546,-0.060002,-0.050687,0.378295,0.013559,-0.309898,0.284705,-0.335794,0.085813,0.049813,0.036952,0.230841,0.185107,0.177092,-0.305360,1.082510,0.011770,0.074032,0.288280,-0.072001,-0.192624,0.226878,1.185072,-0.167447,0.021684,-0.138448
-0.036053,4.548591,0.747126,-0.058954,-0.011734,-0.714916,0.696622,-0.280163,0.093286,0.209806,0.118487,-0.118102,-0.088691,0.408432,0.089329,-0.320427,0.134613,-0.320591,0.048410,0.060061,0.078500,0.255063,0.162465,0.167253,-0.281275,1.071214,0.023773,0.077943,0.309237,-0.093370,-0.195902,0.251468,1.199440,-0.167309,0.021225,-0.134949
-0.038572,4.580795,0.744076,-0.072748,-0.006664,-0.720285,0.689821,-0.298832,0.140103,0.220656,0.119450,-0.158815,-0.151568,0.376418,0.127101,-0.306902,0.129204,-0.352755,0.013287,0.073199,0.108736,0.280014,0.147499,0.157357,-0.260156,1.048549,0.042160,0.083167,0.317311,-0.113381,-0.201637,0.287066,1.220365,-0.171929,0.023103,-0.125022
-0.040865,4.611290,0.746310,-0.083941,-0.015776,-0.715506,0.693365,-0.274356,0.141561,0.199610,0.125741,-0.134117,-0.169965,0.366264,0.138307,-0.320722,0.124214,-0.343592,-0.012039,0.057708,0.111702,0.323773,0.130647,0.155466,-0.265429,1.030776,0.043612,0.074110,0.323953,-0.126150,-0.202964,0.311359,1.236605,-0.178970,0.024946,-0.123628
-0.041473,4.639559,0.752761,-0.087731,-0.022915,-0.705530,0.702856,-0.328054,0.139908,0.151489,0.341177,-0.198762,-0.149643,0.342383,0.135033,-0.349690,0.120539,-0.300159,-0.014986,0.033008,0.107876,0.346644,0.104350,0.157892,-0.311496,1.052191,0.037556,0.066626,0.328816,-0.120694,-0.200709,0.310186,1.247665,-0.184321,0.028034,-0.132761
-0.040872,4.666543,0.759602,-0.082521,-0.025256,-0.699500,0.709402,-0.376401,0.137023,0.125871,0.556852,-0.246247,-0.127954,0.296935,0.120697,-0.373839,0.118685,-0.258627,-0.021660,0.023185,0.098608,0.343937,0.080217,0.157052,-0.352129,1.084534,0.053470,0.075680,0.310352,-0.099835,-0.197666,0.293462,1.246177,-0.182853,0.030370,-0.132929
-0.040006,4.691725,0.765250,-0.075711,-0.027796,-0.695528,0.713958,-0.398465,0.140695,0.116571,0.758160,-0.282527,-0.098777,0.252665,0.101786,-0.391329,0.116370,-0.221741,-0.027743,0.018241,0.084898,0.337262,0.068760,0.156471,-0.373709,1.095846,0.048347,0.072438,0.294448,-0.071117,-0.194437,0.273498,1.232697,-0.183500,0.029434,-0.120161
-0.038858,4.715535,0.768402,-0.073462,-0.028884,-0.693035,0.716569,-0.392192,0.161174,0.109194,0.943296,-0.306265,-0.065707,0.214668,0.091163,-0.400640,0.116043,-0.189196,-0.029303,0.013184,0.079170,0.331711,0.068898,0.159650,-0.385493,1.090064,0.047920,0.063302,0.291574,-0.044068,-0.191397,0.262827,1.223616,-0.182163,0.026616,-0.114982
-0.037407,4.738231,0.769363,-0.074500,-0.027478,-0.692571,0.716966,-0.352017,0.191886,0.099279,1.085387,-0.334196,-0.053639,0.179017,0.090585,-0.401488,0.115748,-0.161010,-0.034457,0.011051,0.082404,0.322886,0.076176,0.163712,-0.381090,1.081278,0.045176,0.057839,0.293164,-0.016996,-0.188319,0.253268,1.219257,-0.183848,0.027656,-0.121913
-0.035116,4.760049,0.769250,-0.077110,-0.023874,-0.693569,0.715854,-0.282614,0.218715,0.084266,1.173332,-0.348623,-0.062614,0.143248,0.095576,-0.398994,0.115152,-0.130371,-0.044201,0.010741,0.092259,0.309008,0.085623,0.164756,-0.364164,1.078101,0.036595,0.058371,0.293821,0.008705,-0.185788,0.244704,1.221298,-0.171371,0.031486,-0.135148
-0.032059,4.781497,0.768684,-0.079138,-0.019547,-0.694018,0.715328,-0.188943,0.240620,0.076265,1.203107,-0.344279,-0.090669,0.106286,0.098825,-0.400594,0.114282,-0.098734,-0.051042,0.004065,0.101348,0.290677,0.094331,0.164083,-0.350916,1.083521,0.020619,0.059046,0.297258,0.031646,-0.181872,0.235434,1.228598,-0.165633,0.031373,-0.138426
-0.028761,4.802846,0.767645,-0.080188,-0.016380,-0.692760,0.716509,-0.077525,0.254527,0.074355,1.177208,-0.334799,-0.126909,0.070623,0.097497,-0.406282,0.113653,-0.069289,-0.060384,-0.009316,0.105100,0.270083,0.100755,0.165623,-0.349936,1.094625,0.008748,0.056771,0.292691,0.053093,-0.174121,0.218941,1.235653,-0.151722,0.032371,-0.141814
-0.025141,4.824926,0.766258,-0.079358,-0.013676,-0.691465,0.717907,0.037691,0.249312,0.064917,1.101034,-0.322550,-0.170911,0.031314,0.091846,-0.410538,0.112805,-0.041085,-0.051867,-0.023453,0.103212,0.247938,0.102734,0.170885,-0.358703,1.106650,0.006978,0.057278,0.286051,0.074121,-0.163603,0.204339,1.236284,-0.142791,0.031989,-0.142739
-0.020779,4.848153,0.764307,-0.076308,-0.008796,-0.688034,0.721602,0.136505,0.229833,0.036835,0.992299,-0.306853,-0.214046,-0.015290,0.081741,-0.423923,0.112003,-0.009855,-0.053318,-0.040541,0.100679,0.221704,0.100224,0.176422,-0.367087,1.114710,0.009057,0.061644,0.280213,0.096010,-0.151815,0.186314,1.229804,-0.137204,0.029605,-0.142984
-0.015232,4.873725,0.761768,-0.071136,-0.005317,-0.683827,0.726149,0.219081,0.200176,0.000127,0.861896,-0.285490,-0.243969,-0.066263,0.061480,-0.437872,0.112627,0.022607,-0.041093,-0.055756,0.094665,0.200231,0.089190,0.179625,-0.369646,1.118102,0.009388,0.058928,0.281870,0.112676,-0.140905,0.169123,1.221743,-0.133805,0.028126,-0.143394
-0.009140,4.902070,0.758685,-0.062443,-0.003689,-0.675393,0.734800,0.277053,0.157636,-0.063245,0.719903,-0.269552,-0.257540,-0.119380,0.025143,-0.459560,0.112382,0.048425,0.005307,-0.075125,0.081073,0.184480,0.066027,0.182236,-0.371474,1.118274,0.008068,0.060355,0.284494,0.125400,-0.129559,0.150812,1.210411,-0.134618,0.026706,-0.143480
-0.002406,4.933129,0.755087,-0.052631,-0.004759,-0.665803,0.744254,0.310393,0.120060,-0.116565,0.583064,-0.317064,-0.176622,-0.170027,-0.020831,-0.477814,0.111227,0.063747,0.063776,-0.092200,0.062141,0.176889,0.033937,0.185094,-0.380918,1.114297,0.006775,0.059268,0.289409,0.131835,-0.118294,0.134860,1.202497,-0.132843,0.024911,-0.147045
0.004276,4.966621,0.751397,-0.046727,-0.013103,-0.656747,0.752548,0.340012,0.092628,-0.114335,0.452398,-0.402347,-0.099695,-0.204925,-0.069854,-0.488458,0.109918,0.054414,0.094939,-0.103436,0.036305,0.190846,-0.004568,0.188714,-0.392929,1.107196,0.008142,0.056576,0.291992,0.132723,-0.106974,0.115484,1.194868,-0.133711,0.023820,-0.144123
0.011626,5.001279,0.749197,-0.041588,-0.034615,-0.650975,0.757168,0.367587,0.040433,-0.090995,0.361499,-0.446286,-0.056977,-0.219038,-0.131321,-0.473456,0.111463,0.008586,0.109789,-0.106388,-0.007179,0.225045,-0.040870,0.192546,-0.405634,1.096109,0.009648,0.052364,0.292170,0.125339,-0.098679,0.110621,1.196224,-0.137809,0.026551,-0.148099
0.018513,5.035005,0.747911,-0.028107,-0.055893,-0.645153,0.761488,0.369243,-0.030748,-0.097256,0.287568,-0.448820,-0.023801,-0.245638,-0.204938,-0.448602,0.114165,-0.041703,0.129039,-0.111592,-0.061229,0.241152,-0.067293,0.199052,-0.423354,1.089063,0.014571,0.052813,0.288189,0.118660,-0.091975,0.114098,1.196230,-0.136472,0.034992,-0.142926
0.024964,5.066145,0.749160,-0.024916,-0.066521,-0.643531,0.762117,0.367391,-0.070151,-0.098563,0.224546,-0.435894,0.003354,-0.255493,-0.240616,-0.462591,0.115798,-0.031599,0.152706,-0.110162,-0.079966,0.254476,-0.080828,0.205780,-0.437238,1.083353,0.021660,0.055282,0.285622,0.120907,-0.090112,0.107815,1.177448,-0.124673,0.041559,-0.113903
0.031173,5.094214,0.753925,-0.035307,-0.072252,-0.650429,0.755298,0.383812,-0.078299,-0.068722,0.162843,-0.403470,0.030960,-0.258089,-0.249836,-0.470613,0.205569,-0.043414,0.127123,-0.096682,-0.068115,0.276176,-0.071903,0.207814,-0.429454,1.079887,0.025536,0.052198,0.296222,0.118088,-0.098028,0.105889,1.171831,-0.088182,0.031681,-0.085763
0.035702,5.120833,0.760033,-0.041593,-0.076407,-0.654574,0.750976,0.373399,-0.087757,-0.053387,0.135767,-0.359579,0.043930,-0.279837,-0.282495,-0.470179,0.388976,-0.101515,0.093349,-0.092338,-0.063276,0.288106,-0.051043,0.207532,-0.406546,1.082873,0.018756,0.055785,0.303214,0.110438,-0.102743,0.096087,1.174435,-0.082835,0.036314,-0.086661
0.038198,5.146981,0.766119,-0.042147,-0.075569,-0.653873,0.751640,0.329049,-0.094205,-0.054350,0.138991,-0.320469,0.041972,-0.299547,-0.309399,-0.445170,0.567448,-0.148791,0.071897,-0.098095,-0.063188,0.287424,-0.032691,0.213239,-0.397262,1.093949,0.002279,0.055380,0.294222,0.105017,-0.102266,0.077843,1.166804,-0.084493,0.037759,-0.106445
0.040207,5.172624,0.770607,-0.043440,-0.074033,-0.654721,0.750981,0.288112,-0.097007,-0.048457,0.139046,-0.285338,0.039561,-0.306031,-0.316098,-0.401379,0.734063,-0.182404,0.075564,-0.095563,-0.061740,0.290278,-0.018023,0.225949,-0.410390,1.107533,-0.005505,0.056193,0.281851,0.099156,-0.104311,0.066493,1.156090,-0.066206,0.027971,-0.107143
0.042116,5.197249,0.772944,-0.046347,-0.073933,-0.657274,0.748583,0.258385,-0.098295,-0.038729,0.132463,-0.255999,0.031411,-0.285362,-0.315787,-0.374532,0.884173,-0.209927,0.087300,-0.088783,-0.058542,0.296695,0.001210,0.238106,-0.422527,1.117848,-0.003449,0.059605,0.279762,0.088480,-0.112891,0.067203,1.154693,-0.056057,0.020816,-0.101213
0.043322,5.220488,0.773912,-0.047212,-0.074973,-0.660852,0.745269,0.230629,-0.103222,-0.028988,0.124315,-0.228412,0.026683,-0.238155,-0.322093,-0.371472,1.008631,-0.232532,0.089257,-0.077666,-0.059547,0.297917,0.027882,0.247356,-0.419768,1.123950,-0.004643,0.060691,0.280915,0.077460,-0.122261,0.069509,1.159668,-0.063196,0.022559,-0.106079
0.043898,5.243555,0.773988,-0.044206,-0.075598,-0.665727,0.741039,0.193754,-0.112322,-0.014467,0.121838,-0.202638,0.024528,-0.175232,-0.330167,-0.378230,1.097504,-0.242525,0.090983,-0.061081,-0.064493,0.292148,0.054709,0.254305,-0.412773,1.127349,-0.012037,0.060787,0.278274,0.066949,-0.129783,0.068041,1.164804,-0.069845,0.024016,-0.117543
0.043700,5.265780,0.773605,-0.039971,-0.074777,-0.670223,0.737300,0.153219,-0.119037,-0.000826,0.120078,-0.175202,0.018118,-0.096483,-0.324629,-0.381740,1.139854,-0.239956,0.106964,-0.043662,-0.068638,0.279467,0.081438,0.260721,-0.409553,1.127860,-0.013907,0.060177,0.274172,0.060946,-0.135273,0.069934,1.169076,-0.066028,0.019195,-0.130752
0.043251,5.288048,0.772447,-0.035349,-0.074577,-0.675282,0.732928,0.112698,-0.126366,0.012848,0.118384,-0.147473,0.011592,-0.010620,-0.302707,-0.368790,1.138666,-0.225122,0.132728,-0.024626,-0.073440,0.265602,0.108474,0.264714,-0.401205,1.123051,-0.014916,0.061166,0.275983,0.055185,-0.139800,0.078812,1.171858,-0.069100,0.017736,-0.133885
0.042666,5.310768,0.770612,-0.030223,-0.073809,-0.681146,0.727790,0.069801,-0.131693,0.032308,0.116825,-0.120146,0.007554,0.077061,-0.266959,-0.344375,1.091590,-0.210085,0.173526,-0.002493,-0.076706,0.250757,0.132934,0.265227,-0.390177,1.114931,-0.011974,0.062620,0.279891,0.049186,-0.144410,0.095163,1.176670,-0.083179,0.016619,-0.133451
0.041617,5.334036,0.768566,-0.026131,-0.071588,-0.687635,0.722046,0.025537,-0.130372,0.051774,0.115230,-0.091855,-0.003853,0.162916,-0.219879,-0.310959,1.000046,-0.195324,0.204216,0.018319,-0.075180,0.234391,0.155900,0.261293,-0.376468,1.107184,-0.020154,0.059707,0.285067,0.040524,-0.148643,0.114942,1.185470,-0.096053,0.017840,-0.132708
0.039955,5.359046,0.766346,-0.021328,-0.065372,-0.693693,0.716981,-0.028989,-0.121166,0.070318,0.113463,-0.058989,-0.020771,0.234072,-0.167329,-0.272582,0.867893,-0.169140,0.218664,0.036414,-0.069332,0.214961,0.171659,0.252818,-0.360987,1.101280,-0.020721,0.061113,0.287633,0.029271,-0.152099,0.137236,1.193231,-0.109826,0.019630,-0.137177
0.037857,5.386682,0.763189,-0.014410,-0.055010,-0.699146,0.712714,-0.097360,-0.106649,0.088499,0.111540,-0.024388,-0.042464,0.286859,-0.123280,-0.246575,0.703576,-0.197384,0.170566,0.049506,-0.060957,0.194690,0.178070,0.240838,-0.348256,1.095439,-0.022011,0.060223,0.291725,0.013101,-0.156325,0.154433,1.195114,-0.125564,0.020902,-0.136028
0.034996,5.417220,0.759117,-0.010990,-0.040818,-0.704266,0.708676,-0.168446,-0.076464,0.106718,0.109656,0.003823,-0.086858,0.336656,-0.069950,-0.236955,0.477831,-0.260512,0.133772,0.057411,-0.042143,0.183486,0.176400,0.225020,-0.328974,1.086714,-0.020926,0.058803,0.293099,-0.010269,-0.162131,0.167239,1.193542,-0.131994,0.020934,-0.135651
0.031382,5.449594,0.755830,-0.022271,-0.028765,-0.706729,0.706549,-0.213392,-0.025939,0.115078,0.109199,0.005940,-0.149486,0.403792,0.001165,-0.268640,0.249160,-0.291775,0.097204,0.059905,-0.004303,0.203314,0.164885,0.208053,-0.312863,1.081029,-0.022589,0.057491,0.296705,-0.035347,-0.168644,0.176166,1.192537,-0.131409,0.016414,-0.140351
0.028096,5.482860,0.753344,-0.033827,-0.016964,-0.707737,0.705462,-0.258207,0.021553,0.118070,0.111155,-0.029269,-0.166602,0.413288,0.063510,-0.292471,0.128204,-0.300436,0.059861,0.064754,0.035782,0.223255,0.142973,0.191371,-0.314344,1.089968,-0.014837,0.058047,0.293699,-0.054733,-0.178650,0.188080,1.198261,-0.135058,0.014169,-0.143033
0.025619,5.515526,0.750884,-0.044885,-0.006722,-0.709357,0.703387,-0.297502,0.067398,0.135330,0.114960,-0.087234,-0.168586,0.369696,0.104992,-0.293762,0.121378,-0.329043,0.032141,0.072479,0.073060,0.240130,0.121743,0.177885,-0.326922,1.097499,0.001640,0.061167,0.296053,-0.070346,-0.192571,0.209403,1.210511,-0.135478,0.017415,-0.135931
0.022742,5.546363,0.750470,-0.054356,-0.007996,-0.705737,0.706340,-0.299755,0.092004,0.180967,0.119744,-0.085101,-0.198021,0.343335,0.126197,-0.307423,0.118167,-0.338574,0.005927,0.063273,0.084672,0.270624,0.105597,0.173766,-0.339014,1.091355,0.014247,0.058979,0.313003,-0.084145,-0.202989,0.238178,1.227698,-0.140484,0.020036,-0.126507
0.019538,5.574528,0.754300,-0.061060,-0.018552,-0.694024,0.717118,-0.331501,0.090717,0.145249,0.275141,-0.120154,-0.176885,0.330535,0.127199,-0.341306,0.117285,-0.319175,-0.008751,0.037550,0.074269,0.306870,0.088897,0.180966,-0.365171,1.091176,0.023907,0.050998,0.333013,-0.082234,-0.205786,0.242652,1.237021,-0.152005,0.025223,-0.129400
0.017487,5.600286,0.759602,-0.063461,-0.020831,-0.685102,0.725378,-0.389168,0.099336,0.107571,0.504598,-0.177845,-0.169189,0.298906,0.129007,-0.366682,0.116154,-0.282214,-0.016606,0.023321,0.069116,0.314800,0.074821,0.191553,-0.393800,1.105137,0.025200,0.051552,0.330569,-0.064287,-0.204362,0.235048,1.241392,-0.147313,0.027846,-0.147334
0.016391,5.624423,0.765253,-0.059485,-0.021249,-0.679434,0.731013,-0.422997,0.102454,0.081747,0.702006,-0.213334,-0.158510,0.256181,0.119455,-0.386901,0.115513,-0.245693,-0.022247,0.017539,0.057466,0.308117,0.063937,0.201752,-0.408254,1.117300,0.032917,0.063458,0.310922,-0.039068,-0.199470,0.213079,1.241239,-0.148969,0.029582,-0.147217
0.015778,5.647002,0.769662,-0.055153,-0.022421,-0.675090,0.735329,-0.426441,0.110085,0.066672,0.875317,-0.242085,-0.143508,0.217096,0.106194,-0.402003,0.115026,-0.213660,-0.020231,0.012706,0.043731,0.299997,0.057262,0.215753,-0.413244,1.119775,0.021797,0.062490,0.304836,-0.011039,-0.192745,0.195415,1.236518,-0.142935,0.026692,-0.138045
0.015685,5.668516,0.772103,-0.055735,-0.022721,-0.672377,0.737758,-0.399253,0.133490,0.055976,1.025250,-0.267192,-0.124533,0.185416,0.101929,-0.410754,0.114743,-0.184022,-0.029508,0.008560,0.039109,0.294843,0.055751,0.232482,-0.406460,1.114029,0.011452,0.058486,0.307354,0.015641,-0.186593,0.193602,1.232447,-0.136899,0.024175,-0.132571
0.016492,5.689597,0.772950,-0.058600,-0.021303,-0.671871,0.738039,-0.343079,0.163353,0.043205,1.133497,-0.291981,-0.120625,0.155395,0.103642,-0.412817,0.114515,-0.156348,-0.044818,0.006313,0.042956,0.289715,0.058716,0.246105,-0.392830,1.107478,0.019035,0.061555,0.306368,0.039207,-0.181592,0.189868,1.230386,-0.141989,0.024904,-0.132672
0.017958,5.710261,0.773039,-0.060693,-0.017564,-0.673476,0.736503,-0.264924,0.194463,0.035978,1.191229,-0.307963,-0.127077,0.119591,0.107921,-0.408740,0.114361,-0.127719,-0.058334,0.005022,0.050703,0.278222,0.063668,0.254342,-0.371289,1.099923,0.005844,0.062233,0.305968,0.058978,-0.177282,0.181507,1.231894,-0.136853,0.022828,-0.134275
0.020183,5.731051,0.772994,-0.060424,-0.012591,-0.675592,0.734688,-0.169834,0.218382,0.036496,1.190993,-0.313051,-0.151899,0.078261,0.108482,-0.405468,0.113810,-0.097410,-0.063419,0.000542,0.056109,0.261006,0.069514,0.257923,-0.354366,1.096658,-0.001408,0.059756,0.305018,0.074846,-0.171133,0.169689,1.233113,-0.129235,0.023159,-0.140472
0.023013,5.752429,0.772859,-0.058740,-0.008196,-0.676860,0.733719,-0.066117,0.205567,0.010795,1.134579,-0.309393,-0.201132,0.035176,0.104532,-0.403357,0.113267,-0.064187,-0.068940,-0.011435,0.057723,0.244699,0.075894,0.259623,-0.343433,1.089153,-0.004822,0.059170,0.299959,0.085601,-0.162526,0.150773,1.232580,-0.125645,0.021475,-0.138521
0.026579,5.775024,0.772304,-0.054892,-0.004600,-0.678213,0.732798,0.037057,0.175909,-0.019747,1.034631,-0.296286,-0.248882,-0.011631,0.094214,-0.403225,0.112655,-0.030504,-0.072526,-0.022100,0.054023,0.227945,0.077184,0.259826,-0.341296,1.083593,-0.001667,0.059856,0.295350,0.096076,-0.151721,0.135816,1.227005,-0.117082,0.013403,-0.140509
0.030759,5.798314,0.771201,-0.048082,0.000571,-0.675396,0.735886,0.122170,0.148065,-0.049996,0.907248,-0.273909,-0.261800,-0.065040,0.076968,-0.412764,0.112443,0.003115,-0.072648,-0.039984,0.048388,0.206355,0.071765,0.257905,-0.342240,1.081059,0.000834,0.061300,0.293367,0.109047,-0.139166,0.117074,1.214364,-0.113491,0.008452,-0.135761
0.035988,5.824304,0.769326,-0.040650,0.003669,-0.674401,0.737236,0.196653,0.113880,-0.080835,0.755044,-0.230095,-0.261800,-0.120284,0.054040,-0.416398,0.112051,0.041304,-0.062670,-0.050758,0.042266,0.194796,0.056741,0.252078,-0.342618,1.075922,0.006164,0.065078,0.295641,0.114234,-0.128207,0.101730,1.197715,-0.114598,0.014193,-0.132884
0.041080,5.853108,0.766327,-0.033892,0.006307,-0.670640,0.740982,0.239478,0.089793,-0.117067,0.616791,-0.270798,-0.210580,-0.174155,0.027726,-0.427931,0.109000,0.076562,-0.031476,-0.061995,0.036632,0.191727,0.030063,0.244725,-0.347314,1.071288,0.014981,0.065397,0.299961,0.113031,-0.119820,0.096473,1.189704,-0.108810,0.011520,-0.135176
0.046844,5.884846,0.762567,-0.024227,0.002199,-0.665144,0.746319,0.264260,0.062618,-0.096258,0.480549,-0.346637,-0.091264,-0.222694,-0.018939,-0.436562,0.106813,0.100696,0.053960,-0.074379,0.017626,0.202114,-0.001651,0.238245,-0.350119,1.056602,0.028165,0.065670,0.299136,0.101347,-0.112920,0.095295,1.189731,-0.111374,0.010461,-0.138587
0.052822,5.918028,0.758852,-0.017242,-0.011859,-0.659798,0.751152,0.292352,0.023692,-0.056861,0.371660,-0.406695,-0.044797,-0.250339,-0.076039,-0.438254,0.105319,0.106478,0.145933,-0.085398,-0.012888,0.231897,-0.033448,0.235654,-0.363596,1.038479,0.033468,0.061963,0.300848,0.085099,-0.110098,0.101608,1.190004,-0.117542,0.011646,-0.137060
0.058664,5.951195,0.756019,-0.011109,-0.028145,-0.656848,0.753415,0.306766,-0.026371,-0.049677,0.287556,-0.433049,-0.009800,-0.275415,-0.127587,-0.426009,0.106769,0.068519,0.171090,-0.090090,-0.044549,0.262826,-0.063400,0.235505,-0.389775,1.027943,0.042493,0.059321,0.299038,0.066488,-0.110307,0.111142,1.196026,-0.130868,0.012731,-0.132838
0.064319,5.982673,0.753717,-0.005648,-0.041697,-0.655930,0.753648,0.304372,-0.073892,-0.046308,0.232776,-0.444290,0.026998,-0.300967,-0.170621,-0.421429,0.109579,0.012858,0.160185,-0.087631,-0.068037,0.285406,-0.087074,0.236787,-0.420679,1.027076,0.049954,0.057242,0.291567,0.056610,-0.115994,0.120259,1.193287,-0.134583,0.015215,-0.129644
0.069431,6.011243,0.754351,-0.010007,-0.050769,-0.659297,0.750100,0.306664,-0.096585,-0.028616,0.192373,-0.440866,0.058371,-0.298606,-0.183644,-0.432613,0.112722,0.013375,0.160276,-0.076691,-0.069022,0.312812,-0.098890,0.236029,-0.445589,1.031626,0.052786,0.058170,0.294501,0.052277,-0.128668,0.129408,1.184230,-0.130487,0.014668,-0.121355
0.073839,6.037164,0.758826,-0.018828,-0.057579,-0.667710,0.741952,0.292665,-0.104773,-0.005277,0.196099,-0.418619,0.064989,-0.286904,-0.181239,-0.413737,0.165156,0.008664,0.134530,-0.059650,-0.060529,0.339028,-0.094122,0.231409,-0.450135,1.044536,0.045846,0.057190,0.298779,0.039294,-0.145242,0.155429,1.191483,-0.122800,0.015678,-0.123431
0.076850,6.061142,0.764850,-0.021796,-0.054096,-0.673690,0.736709,0.248082,-0.102038,0.010781,0.209074,-0.389743,0.064824,-0.322088,-0.195945,-0.403892,0.329735,-0.053683,0.105425,-0.051555,-0.047500,0.339122,-0.077118,0.224690,-0.446416,1.067625,0.034383,0.059164,0.298579,0.026283,-0.157993,0.169333,1.204985,-0.127270,0.019808,-0.125579
0.079286,6.083017,0.770680,-0.025498,-0.048494,-0.678598,0.732464,0.214843,-0.092625,0.025852,0.201423,-0.356634,0.069267,-0.337518,-0.202266,-0.390720,0.482123,-0.110852,0.072324,-0.048092,-0.032393,0.336308,-0.048184,0.219107,-0.438003,1.080807,0.022394,0.064516,0.287238,0.017235,-0.168346,0.166583,1.206843,-0.128074,0.023516,-0.116703
0.081042,6.103640,0.775072,-0.028895,-0.043193,-0.682331,0.729194,0.182965,-0.081396,0.037359,0.194999,-0.326239,0.063749,-0.334131,-0.205469,-0.376187,0.615492,-0.157646,0.058290,-0.049177,-0.020337,0.333471,-0.016500,0.217617,-0.444301,1.091580,0.013088,0.063875,0.283716,0.007520,-0.178754,0.158345,1.200710,-0.120341,0.019029,-0.111375
0.082206,6.123016,0.777764,-0.029463,-0.040628,-0.684657,0.727136,0.150693,-0.078857,0.044205,0.193681,-0.300910,0.064058,-0.315440,-0.216288,-0.364184,0.733185,-0.201767,0.051562,-0.049107,-0.017594,0.328605,0.012102,0.219591,-0.464386,1.106636,0.009680,0.063289,0.280685,0.001397,-0.187843,0.147702,1.187755,-0.123491,0.019679,-0.113606
0.082817,6.141690,0.779219,-0.026467,-0.038726,-0.686103,0.725990,0.111307,-0.082460,0.050253,0.199266,-0.279120,0.069470,-0.285858,-0.229080,-0.349781,0.826100,-0.236367,0.062252,-0.044547,-0.020307,0.318856,0.034645,0.222022,-0.482443,1.127419,0.014895,0.067608,0.266685,-0.001971,-0.195620,0.140953,1.177599,-0.119579,0.017124,-0.127036
0.083041,6.159101,0.780266,-0.024689,-0.038196,-0.688934,0.723396,0.084066,-0.084675,0.058417,0.191978,-0.251555,0.070584,-0.237879,-0.235697,-0.335733,0.890724,-0.260346,0.069109,-0.034472,-0.022680,0.311602,0.058458,0.221803,-0.482493,1.145034,0.001870,0.071519,0.264452,-0.005875,-0.201062,0.136199,1.173368,-0.120863,0.016072,-0.131902
0.083186,6.175961,0.780933,-0.022214,-0.037635,-0.693688,0.718949,0.062668,-0.086498,0.072858,0.173872,-0.220532,0.067828,-0.182817,-0.234393,-0.313623,0.928746,-0.273816,0.081382,-0.019098,-0.024905,0.302110,0.080851,0.218502,-0.463876,1.158400,-0.002123,0.073453,0.259604,-0.011661,-0.206540,0.142036,1.173488,-0.122054,0.019135,-0.127325
0.083182,6.192354,0.781372,-0.020075,-0.036376,-0.698781,0.714128,0.043731,-0.085738,0.087427,0.151814,-0.189665,0.063321,-0.117724,-0.230074,-0.299590,0.937126,-0.276333,0.106177,-0.004393,-0.024379,0.290579,0.102199,0.213353,-0.447248,1.166085,-0.002785,0.073478,0.263396,-0.019286,-0.211029,0.154572,1.179125,-0.127517,0.019273,-0.125903
0.082503,6.208657,0.781380,-0.017426,-0.035217,-0.701109,0.711970,0.012520,-0.085206,0.095621,0.151476,-0.163529,0.064497,-0.045314,-0.226325,-0.297770,0.925646,-0.275392,0.122950,0.003454,-0.025675,0.278841,0.119180,0.209915,-0.427894,1.163906,-0.014827,0.073934,0.266806,-0.027685,-0.212579,0.168668,1.184090,-0.138076,0.021692,-0.127659
0.081088,6.225603,0.780903,-0.015190,-0.033341,-0.701128,0.712093,-0.022834,-0.083476,0.095746,0.155056,-0.139794,0.059712,0.028887,-0.218383,-0.306858,0.895098,-0.272305,0.134614,0.006878,-0.026072,0.268819,0.128129,0.209266,-0.418243,1.156094,-0.011606,0.071581,0.267308,-0.033383,-0.211460,0.173977,1.179272,-0.146799,0.022317,-0.130045
0.079251,6.242998,0.779919,-0.012864,-0.031774,-0.701585,0.711761,-0.057094,-0.081188,0.099053,0.155862,-0.113819,0.058496,0.096508,-0.195423,-0.298514,0.842449,-0.264701,0.158565,0.012251,-0.027319,0.259986,0.128962,0.210218,-0.415697,1.145943,-0.005914,0.073674,0.271027,-0.038985,-0.208596,0.175580,1.171986,-0.148806,0.021051,-0.133057
0.076860,6.261537,0.778469,-0.010120,-0.028883,-0.702575,0.710952,-0.094318,-0.075670,0.103572,0.154726,-0.087491,0.049641,0.152104,-0.158910,-0.276696,0.763870,-0.242946,0.186801,0.019044,-0.027740,0.251554,0.124603,0.211221,-0.406235,1.129924,0.002501,0.072738,0.276378,-0.047467,-0.204308,0.180109,1.166131,-0.150740,0.020272,-0.137591
0.073662,6.281648,0.776520,-0.007189,-0.024762,-0.703544,0.710184,-0.132590,-0.067125,0.107735,0.146694,-0.056682,0.033758,0.200713,-0.119772,-0.262372,0.652905,-0.210588,0.202135,0.025323,-0.027762,0.245178,0.114574,0.211715,-0.386664,1.108144,0.005609,0.070121,0.284142,-0.059753,-0.198519,0.187910,1.161505,-0.158998,0.020510,-0.140050
0.070094,6.303239,0.773883,-0.003193,-0.017972,-0.704657,0.709313,-0.168781,-0.055216,0.112780,0.117901,-0.017150,0.004505,0.241716,-0.086840,-0.281235,0.496612,-0.232323,0.168291,0.030881,-0.025292,0.236761,0.099008,0.212224,-0.368828,1.082522,0.014081,0.070394,0.291411,-0.076281,-0.193076,0.198604,1.159085,-0.164561,0.020739,-0.141829
0.065989,6.326359,0.771002,-0.003600,-0.011621,-0.706634,0.707474,-0.208741,-0.032863,0.122701,0.113461,-0.000754,-0.038603,0.291364,-0.047056,-0.323525,0.317990,-0.267705,0.143130,0.036727,-0.016895,0.239835,0.080702,0.214391,-0.353424,1.051777,0.029199,0.069957,0.298439,-0.097514,-0.187468,0.211217,1.157438,-0.182196,0.023583,-0.142005
0.061815,6.351055,0.767868,-0.006497,-0.004712,-0.710857,0.703290,-0.246650,-0.001836,0.136859,0.111352,0.002268,-0.088461,0.322794,0.000413,-0.339842,0.164402,-0.273530,0.111537,0.049647,-0.003292,0.248082,0.060493,0.216273,-0.337559,1.023356,0.038502,0.069489,0.309203,-0.122425,-0.183957,0.225640,1.159766,-0.181792,0.023591,-0.145219
0.057835,6.376513,0.765025,-0.008411,0.001607,-0.716001,0.698047,-0.286288,0.026140,0.146793,0.111327,-0.012150,-0.105108,0.296122,0.027514,-0.330916,0.126334,-0.308759,0.087168,0.065071,0.008919,0.256438,0.040767,0.216769,-0.322063,0.998178,0.047477,0.073195,0.315838,-0.148593,-0.182576,0.247389,1.166818,-0.173008,0.022284,-0.147497
0.054614,6.401807,0.761919,-0.014624,0.005707,-0.718801,0.695038,-0.316600,0.052886,0.149427,0.112373,-0.035575,-0.111934,0.265943,0.052637,-0.326440,0.118525,-0.336837,0.055493,0.073237,0.025368,0.272518,0.024863,0.216902,-0.313230,0.978864,0.057547,0.071641,0.317228,-0.173506,-0.183435,0.273106,1.176448,-0.181465,0.024298,-0.140973
0.051587,6.424600,0.760368,-0.032147,0.006489,-0.717564,0.695720,-0.320862,0.086462,0.138656,0.114846,-0.072315,-0.124141,0.260604,0.090563,-0.328120,0.117888,-0.333877,0.029742,0.068633,0.053599,0.304530,0.014338,0.218895,-0.316881,0.966608,0.062775,0.070181,0.317437,-0.189728,-0.185069,0.292547,1.182332,-0.181807,0.023317,-0.134985
0.049734,6.444685,0.762029,-0.042493,0.010672,-0.713374,0.699413,-0.332705,0.108002,0.130968,0.117476,-0.084804,-0.136185,0.240558,0.117679,-0.337944,0.116207,-0.305647,0.017968,0.058413,0.075214,0.316588,0.003915,0.222296,-0.344479,0.981753,0.061068,0.064323,0.326323,-0.192332,-0.186902,0.300727,1.189905,-0.175015,0.020962,-0.140063
0.048682,6.462657,0.766181,-0.041898,0.007009,-0.705584,0.707352,-0.327770,0.093163,0.123128,0.121975,-0.065747,-0.139395,0.218838,0.112973,-0.359963,0.115929,-0.281713,0.005086,0.046702,0.069459,0.321862,-0.009474,0.223414,-0.376405,1.018653,0.058713,0.070410,0.315296,-0.175851,-0.185826,0.285028,1.192993,-0.178846,0.023309,-0.141710
0.048036,6.478428,0.771163,-0.038127,-0.003672,-0.696509,0.716525,-0.356798,0.068312,0.101942,0.256388,-0.104702,-0.124847,0.207672,0.089561,-0.385579,0.116338,-0.263067,-0.002409,0.034686,0.047929,0.330009,-0.017824,0.224627,-0.406584,1.048038,0.058734,0.079904,0.292526,-0.151011,-0.182824,0.273295,1.195039,-0.173368,0.023485,-0.141049
0.047915,6.492348,0.775038,-0.035375,-0.012213,-0.689399,0.723415,-0.384829,0.051728,0.074813,0.417696,-0.149871,-0.111692,0.197915,0.069118,-0.405030,0.116481,-0.246687,-0.004414,0.027297,0.030642,0.332580,-0.017260,0.227680,-0.429216,1.063296,0.051742,0.078838,0.285913,-0.125901,-0.181225,0.273772,1.203007,-0.170288,0.021650,-0.130186
0.048199,6.504456,0.777117,-0.035560,-0.016130,-0.686281,0.726288,-0.400414,0.056799,0.055647,0.574924,-0.189292,-0.101816,0.186939,0.060928,-0.413409,0.116653,-0.232892,-0.010971,0.026176,0.024980,0.328846,-0.002220,0.230413,-0.425326,1.060029,0.061121,0.074962,0.282743,-0.102877,-0.181349,0.280019,1.215049,-0.173500,0.025711,-0.119945
0.049166,6.515119,0.778242,-0.036736,-0.015735,-0.686443,0.726084,-0.401291,0.082377,0.052759,0.713148,-0.229263,-0.083352,0.171337,0.060932,-0.414031,0.116830,-0.218714,-0.019268,0.030252,0.028396,0.318018,0.017545,0.229194,-0.406450,1.053847,0.048050,0.072250,0.296823,-0.081205,-0.183735,0.284197,1.229593,-0.170123,0.025921,-0.119944
0.050953,6.524432,0.778952,-0.040125,-0.015078,-0.686802,0.725580,-0.375581,0.117783,0.054927,0.818414,-0.266394,-0.073213,0.160393,0.064105,-0.412788,0.116829,-0.202638,-0.026895,0.031699,0.036654,0.308283,0.037060,0.223169,-0.384939,1.056682,0.038597,0.068421,0.303195,-0.060820,-0.187638,0.280695,1.244923,-0.164972,0.027192,-0.122664
0.052383,6.532371,0.779173,-0.045071,-0.016178,-0.685079,0.726893,-0.331544,0.148619,0.045050,0.904012,-0.296208,-0.061271,0.157715,0.067385,-0.418668,0.116640,-0.190093,-0.037756,0.024760,0.041607,0.301915,0.053913,0.220430,-0.376238,1.067045,0.028525,0.068936,0.296311,-0.042020,-0.188525,0.272251,1.258267,-0.157751,0.028626,-0.126238
0.053966,6.539865,0.779300,-0.047987,-0.016502,-0.680685,0.730817,-0.284475,0.171779,0.024521,0.969890,-0.323990,-0.047095,0.152984,0.067395,-0.429861,0.116071,-0.180894,-0.038257,0.012370,0.042503,0.293433,0.059629,0.223273,-0.393027,1.089808,0.018618,0.063458,0.286649,-0.023244,-0.186668,0.257427,1.262537,-0.158023,0.031947,-0.124830
0.055849,6.547145,0.779523,-0.048790,-0.015013,-0.676437,0.734729,-0.236059,0.192756,0.003703,1.014078,-0.340382,-0.044813,0.142545,0.065802,-0.442110,0.115492,-0.172035,-0.039368,0.003136,0.041825,0.282187,0.058331,0.229182,-0.414671,1.113349,0.015645,0.066917,0.280670,-0.002885,-0.183062,0.240043,1.254473,-0.156529,0.032263,-0.127286
0.058194,6.554547,0.779810,-0.049772,-0.014017,-0.672993,0.737839,-0.181097,0.217565,-0.009203,1.040340,-0.341027,-0.048837,0.132500,0.063506,-0.450968,0.115073,-0.162868,-0.039034,-0.001927,0.041579,0.274734,0.055138,0.232607,-0.416976,1.129852,0.019086,0.071405,0.278948,0.016010,-0.179573,0.228241,1.240258,-0.155612,0.029463,-0.132347
0.061077,6.562114,0.780220,-0.050855,-0.012549,-0.669280,0.741162,-0.123010,0.250247,-0.009157,1.045699,-0.332520,-0.051359,0.121172,0.060921,-0.461149,0.114835,-0.150812,-0.044736,-0.006698,0.042436,0.268590,0.051587,0.234597,-0.405392,1.133810,0.014909,0.073213,0.281615,0.029404,-0.175895,0.222782,1.228226,-0.157916,0.026951,-0.135532
0.064445,6.569695,0.780695,-0.052008,-0.011640,-0.664047,0.745789,-0.060579,0.284906,0.000707,1.025210,-0.327057,-0.047342,0.112016,0.055444,-0.476327,0.114534,-0.138276,-0.049966,-0.015129,0.042548,0.264411,0.046185,0.238907,-0.398135,1.128347,0.016511,0.073524,0.284074,0.036668,-0.171317,0.216186,1.219199,-0.161851,0.028257,-0.132530
0.068513,6.577768,0.781128,-0.052753,-0.009988,-0.658201,0.750926,0.000079,0.303402,-0.002203,0.977052,-0.321163,-0.053262,0.101151,0.047775,-0.496678,0.114420,-0.124388,-0.059230,-0.023498,0.044117,0.259846,0.037268,0.244301,-0.396771,1.116664,0.022381,0.075625,0.286641,0.040671,-0.167167,0.208881,1.210574,-0.166214,0.028420,-0.133974
0.073424,6.586548,0.781549,-0.052462,-0.007961,-0.652824,0.755649,0.059548,0.298395,-0.022135,0.897003,-0.296043,-0.084589,0.086572,0.038242,-0.511028,0.114272,-0.110209,-0.055467,-0.029902,0.044735,0.255402,0.026068,0.250496,-0.395117,1.101830,0.028633,0.075926,0.288334,0.039754,-0.163280,0.200450,1.201253,-0.165369,0.028608,-0.136746
0.079469,6.596737,0.781597,-0.051673,-0.003995,-0.648089,0.759799,0.111993,0.284400,-0.047523,0.798843,-0.266285,-0.121357,0.065638,0.029673,-0.519928,0.114509,-0.095002,-0.044359,-0.036471,0.048169,0.251051,0.012601,0.254267,-0.390586,1.083801,0.037546,0.077107,0.294521,0.033631,-0.161841,0.192836,1.188891,-0.166010,0.027137,-0.139655
0.086897,6.608850,0.781021,-0.051617,0.002446,-0.643015,0.764108,0.160773,0.278747,-0.060457,0.681778,-0.267544,-0.171858,0.039006,0.020518,-0.536955,0.116212,-0.075486,-0.042359,-0.043425,0.057907,0.248150,-0.006595,0.256080,-0.389762,1.068148,0.040560,0.074263,0.298713,0.023241,-0.163446,0.183473,1.176387,-0.160240,0.022597,-0.147034
0.095548,6.622936,0.780040,-0.050669,0.009865,-0.638335,0.768026,0.193735,0.276784,-0.059085,0.561822,-0.279732,-0.198346,0.006792,0.008687,-0.549423,0.118909,-0.053360,-0.035583,-0.049981,0.070291,0.246404,-0.029016,0.256004,-0.391596,1.053393,0.047420,0.067936,0.297962,0.009077,-0.169759,0.175770,1.166378,-0.149813,0.015633,-0.154821
0.105534,6.639173,0.778714,-0.048762,0.016533,-0.635765,0.770164,0.217989,0.271392,-0.038659,0.449987,-0.291284,-0.217898,-0.044323,-0.017859,-0.555215,0.158284,-0.042658,-0.028613,-0.054369,0.083017,0.248033,-0.053343,0.252394,-0.392237,1.036956,0.052737,0.067784,0.296605,-0.011016,-0.180617,0.168892,1.159464,-0.147186,0.014331,-0.155537
0.116054,6.656820,0.777168,-0.043955,0.018130,-0.637071,0.769337,0.239381,0.250631,0.002263,0.358407,-0.323524,-0.210020,-0.112561,-0.066156,-0.546665,0.238441,-0.044500,-0.019210,-0.052839,0.084203,0.253677,-0.075458,0.248812,-0.393193,1.021297,0.062375,0.064590,0.297917,-0.032857,-0.192216,0.164007,1.153598,-0.151833,0.014847,-0.157835
0.127143,6.675343,0.775711,-0.036530,0.014012,-0.640744,0.766757,0.266022,0.209041,0.034808,0.261347,-0.337430,-0.188893,-0.180343,-0.125505,-0.526315,0.319393,-0.038122,-0.010673,-0.052189,0.072554,0.263967,-0.093293,0.248032,-0.395766,1.007707,0.062943,0.059171,0.298848,-0.056622,-0.201749,0.161575,1.147694,-0.156874,0.016133,-0.161050
0.138515,6.694331,0.774595,-0.029704,0.010287,-0.645529,0.763089,0.285900,0.165511,0.066059,0.173895,-0.338404,-0.158993,-0.237469,-0.172375,-0.501597,0.365522,-0.006881,-0.002389,-0.053753,0.061746,0.274326,-0.105841,0.250432,-0.401962,0.998752,0.066370,0.054490,0.299108,-0.077899,-0.209965,0.163616,1.138113,-0.168856,0.016984,-0.163762
0.150085,6.713684,0.773410,-0.025113,0.008717,-0.651528,0.758159,0.284818,0.129231,0.095752,0.128280,-0.347659,-0.133190,-0.284090,-0.201036,-0.469954,0.376451,0.048327,0.016264,-0.057108,0.056434,0.285741,-0.115069,0.254541,-0.410440,0.995996,0.066778,0.054282,0.300794,-0.097523,-0.217346,0.162775,1.120574,-0.181959,0.021628,-0.152466
0.161244,6.732767,0.772354,-0.020993,0.005904,-0.657236,0.753370,0.261302,0.092453,0.108232,0.128862,-0.368431,-0.101644,-0.322012,-0.223700,-0.432360,0.370442,0.113060,0.040933,-0.059154,0.049769,0.298992,-0.124542,0.258758,-0.423760,1.005394,0.057452,0.055052,0.301984,-0.109309,-0.224063,0.157992,1.094946,-0.184224,0.023896,-0.142168
0.171270,6.750929,0.772227,-0.016267,-0.001137,-0.661988,0.749337,0.243925,0.050647,0.119930,0.128611,-0.368230,-0.070361,-0.349343,-0.248891,-0.392607,0.357050,0.178140,0.061935,-0.058165,0.036236,0.316721,-0.135703,0.262823,-0.445034,1.027128,0.058092,0.056268,0.294031,-0.114712,-0.229507,0.155926,1.072623,-0.177813,0.020798,-0.144521
0.179495,6.766954,0.773436,-0.011896,-0.005822,-0.666317,0.745551,0.224000,0.018702,0.128409,0.127535,-0.353547,-0.054551,-0.362698,-0.261855,-0.358640,0.337106,0.212342,0.096605,-0.054370,0.025646,0.327088,-0.140463,0.265915,-0.461733,1.053753,0.047173,0.058003,0.286325,-0.114168,-0.230752,0.156566,1.062307,-0.171736,0.017298,-0.145436
0.186275,6.780472,0.775634,-0.011635,-0.006991,-0.668703,0.743406,0.206708,0.003120,0.131789,0.126748,-0.337764,-0.043654,-0.361390,-0.267211,-0.336536,0.368111,0.116975,0.102581,-0.053581,0.023980,0.332328,-0.130323,0.267799,-0.466572,1.075043,0.039215,0.063311,0.286860,-0.111305,-0.226583,0.161923,1.070549,-0.168480,0.017139,-0.139304
0.191836,6.792026,0.778621,-0.014383,-0.005525,-0.669545,0.742611,0.190703,-0.000864,0.132369,0.126472,-0.321422,-0.029597,-0.355032,-0.275263,-0.329360,0.449699,0.011795,0.089662,-0.056964,0.029236,0.334273,-0.109554,0.268287,-0.461404,1.089173,0.028612,0.062054,0.285631,-0.108645,-0.219111,0.167867,1.090925,-0.167711,0.021558,-0.125015
0.196337,6.802052,0.781299,-0.016450,-0.002305,-0.668404,0.743613,0.173271,-0.000761,0.131103,0.126308,-0.307460,-0.019022,-0.348677,-0.281002,-0.315055,0.554163,-0.057470,0.091342,-0.057676,0.035339,0.330566,-0.086968,0.267800,-0.461211,1.097974,0.018916,0.062926,0.283251,-0.098129,-0.211012,0.169063,1.108923,-0.166542,0.025959,-0.119137
0.199682,6.810680,0.782900,-0.017840,-0.000534,-0.667550,0.744351,0.159073,-0.002346,0.127528,0.126043,-0.296710,-0.013961,-0.343018,-0.281137,-0.284203,0.673024,-0.112115,0.103658,-0.057132,0.037753,0.326017,-0.059743,0.267607,-0.457949,1.099181,0.017191,0.065916,0.276094,-0.085498,-0.202729,0.168229,1.125334,-0.166132,0.028070,-0.119873
0.202259,6.818167,0.783593,-0.018591,-0.000495,-0.667689,0.744208,0.149282,-0.006461,0.125959,0.125785,-0.289937,-0.010368,-0.329642,-0.285834,-0.269186,0.787065,-0.154798,0.102266,-0.052600,0.035230,0.321463,-0.030662,0.267802,-0.451764,1.096585,0.018851,0.067845,0.273731,-0.072278,-0.194041,0.168055,1.142769,-0.164079,0.028048,-0.124795
0.204142,6.824486,0.783720,-0.018507,-0.001658,-0.669210,0.742841,0.142478,-0.012038,0.128387,0.125394,-0.284859,-0.009079,-0.303196,-0.298876,-0.277051,0.874664,-0.187881,0.091611,-0.045548,0.028537,0.315113,-0.001524,0.268065,-0.445316,1.096786,0.017023,0.069124,0.273947,-0.059971,-0.183917,0.166336,1.161101,-0.164277,0.028200,-0.126235
0.206124,6.829926,0.783685,-0.018784,-0.004559,-0.671029,0.741179,0.140392,-0.020215,0.130915,0.125026,-0.279170,-0.004519,-0.261920,-0.314772,-0.292504,0.927066,-0.218003,0.090984,-0.036376,0.021648,0.310545,0.022749,0.265929,-0.441889,1.105025,0.009985,0.068835,0.272630,-0.046940,-0.176100,0.163815,1.176002,-0.163730,0.029150,-0.125526
0.207560,6.834416,0.783691,-0.017551,-0.005570,-0.674199,0.738320,0.134436,-0.026817,0.137055,0.124751,-0.273977,0.000508,-0.219310,-0.328242,-0.313887,0.946338,-0.245813,0.087300,-0.026652,0.015542,0.300749,0.046567,0.261270,-0.434096,1.116560,0.004175,0.066732,0.272053,-0.036216,-0.170108,0.164680,1.186469,-0.164714,0.030172,-0.123006
0.208517,6.838235,0.783789,-0.016517,-0.005874,-0.677316,0.735483,0.128514,-0.030684,0.144716,0.124538,-0.269461,0.004238,-0.170813,-0.330805,-0.335908,0.925642,-0.268586,0.088317,-0.018765,0.010985,0.289824,0.067901,0.254411,-0.424134,1.127931,-0.004725,0.065904,0.273570,-0.027418,-0.165477,0.168677,1.191762,-0.167090,0.033505,-0.125847
0.208791,6.841542,0.784004,-0.016127,-0.006390,-0.678779,0.734137,0.124047,-0.032982,0.148543,0.124374,-0.264660,0.007092,-0.112406,-0.319551,-0.355629,0.858590,-0.272612,0.110185,-0.014291,0.007676,0.279552,0.082576,0.247448,-0.422227,1.141171,-0.014478,0.067115,0.270729,-0.016638,-0.161556,0.167136,1.191224,-0.173757,0.026025,-0.129861
0.208360,6.844509,0.784343,-0.015490,-0.006282,-0.679368,0.733607,0.118304,-0.033507,0.150001,0.124308,-0.260109,0.008633,-0.048219,-0.301312,-0.381997,0.754106,-0.272095,0.134382,-0.011605,0.005225,0.268254,0.090955,0.241579,-0.426622,1.151376,-0.014631,0.070602,0.266741,-0.007128,-0.157295,0.160114,1.182479,-0.177326,0.027312,-0.132073
0.207255,6.847143,0.784392,-0.013908,-0.006589,-0.679950,0.733097,0.112031,-0.035413,0.151371,0.124126,-0.255358,0.009321,0.017117,-0.282526,-0.415900,0.627645,-0.251427,0.154281,-0.008325,0.000190,0.256315,0.097115,0.237264,-0.428838,1.152412,-0.001492,0.075855,0.263372,0.001889,-0.153096,0.153551,1.170829,-0.180703,0.024750,-0.132454
0.205847,6.849653,0.783873,-0.010606,-0.008146,-0.679857,0.733223,0.105428,-0.042056,0.151063,0.123810,-0.251921,0.009556,0.089241,-0.262328,-0.457168,0.472950,-0.226939,0.223826,-0.006597,-0.008546,0.244172,0.100649,0.233316,-0.424809,1.144565,-0.003087,0.076465,0.269273,0.008395,-0.149476,0.149820,1.159025,-0.185451,0.024063,-0.134636
0.203914,6.852013,0.783174,-0.007725,-0.010668,-0.680301,0.732814,0.101547,-0.048480,0.152345,0.123533,-0.249607,0.007936,0.149029,-0.240349,-0.486360,0.341469,-0.227148,0.227239,-0.001194,-0.018021,0.234097,0.099860,0.229969,-0.418198,1.132898,0.001598,0.076148,0.276222,0.013270,-0.146832,0.150506,1.150490,-0.184546,0.024271,-0.137980
0.201759,6.854636,0.782661,-0.005771,-0.013736,-0.681577,0.731595,0.099733,-0.053783,0.155359,0.123281,-0.246011,0.007871,0.198967,-0.219514,-0.506852,0.225595,-0.212137,0.223616,0.004976,-0.025658,0.227129,0.094858,0.224765,-0.409376,1.120319,0.012071,0.076734,0.281037,0.012500,-0.145700,0.153860,1.151027,-0.183027,0.022405,-0.138828
0.199121,6.857678,0.782511,-0.004645,-0.015860,-0.684886,0.728463,0.097803,-0.054306,0.163635,0.122985,-0.242533,0.004863,0.231337,-0.200275,-0.512695,0.137666,-0.191026,0.215607,0.014158,-0.030447,0.221679,0.086920,0.218423,-0.401047,1.106765,0.014573,0.076754,0.287208,0.006377,-0.146265,0.161336,1.158598,-0.182079,0.019568,-0.139299
0.196236,6.861375,0.782703,-0.004115,-0.017454,-0.687503,0.725960,0.094492,-0.052771,0.170352,0.122743,-0.237108,0.002800,0.234828,-0.194250,-0.513354,0.115750,-0.190974,0.206611,0.017747,-0.033472,0.218615,0.077551,0.212408,-0.396378,1.093023,0.016461,0.075124,0.290881,-0.004967,-0.147170,0.171606,1.165548,-0.182249,0.023419,-0.140256
0.193239,6.865612,0.783075,-0.003543,-0.018693,-0.688146,0.725323,0.089170,-0.051179,0.172753,0.122482,-0.230144,0.001354,0.228933,-0.193354,-0.511339,0.116074,-0.194107,0.201134,0.015965,-0.036268,0.216537,0.064018,0.206925,-0.397784,1.083654,0.021259,0.070829,0.290433,-0.015038,-0.148167,0.179884,1.166369,-0.182860,0.024103,-0.141334
0.190021,6.870192,0.783453,-0.004479,-0.020662,-0.687391,0.725980,0.086451,-0.048139,0.171560,0.122213,-0.222997,-0.002334,0.227197,-0.190534,-0.510349,0.116261,-0.194614,0.195917,0.013096,-0.039050,0.219239,0.045342,0.201999,-0.406154,1.078808,0.021393,0.071696,0.293522,-0.021446,-0.148272,0.184473,1.157723,-0.182722,0.025409,-0.143841
0.186568,6.875060,0.784039,-0.006189,-0.022302,-0.686215,0.727031,0.083658,-0.043026,0.169222,0.121986,-0.215008,-0.006615,0.225469,-0.184584,-0.510132,0.116685,-0.194304,0.184772,0.007114,-0.040510,0.224213,0.029280,0.197523,-0.408541,1.072604,0.023527,0.071329,0.290847,-0.029209,-0.147459,0.187154,1.150242,-0.187398,0.022031,-0.143515
0.183043,6.879976,0.784648,-0.007223,-0.023095,-0.684757,0.728370,0.078225,-0.037827,0.165714,0.121724,-0.206509,-0.010600,0.221640,-0.178393,-0.511635,0.116931,-0.193967,0.174678,0.002176,-0.041360,0.226705,0.011559,0.193400,-0.418096,1.070764,0.023597,0.069340,0.289246,-0.037638,-0.145328,0.192514,1.148034,-0.185292,0.020988,-0.147926
0.179515,6.884757,0.785183,-0.007905,-0.023667,-0.682849,0.730134,0.071795,-0.033089,0.161267,0.121449,-0.198055,-0.014170,0.217806,-0.172945,-0.515165,0.116805,-0.193515,0.168949,-0.001794,-0.041963,0.227998,-0.006683,0.190775,-0.435208,1.070834,0.027779,0.066207,0.287490,-0.045965,-0.141286,0.199713,1.151849,-0.182959,0.024767,-0.151828
0.176089,6.889228,0.785623,-0.009041,-0.024321,-0.681192,0.731645,0.066826,-0.027817,0.157362,0.121224,-0.190553,-0.018445,0.215069,-0.167058,-0.518559,0.116608,-0.192727,0.163468,-0.003854,-0.041529,0.229215,-0.023425,0.188524,-0.451078,1.070025,0.037584,0.068547,0.282283,-0.053785,-0.135903,0.208991,1.160643,-0.180636,0.024102,-0.150921
0.172507,6.893959,0.786121,-0.008362,-0.023327,-0.680464,0.732362,0.056226,-0.022349,0.155486,0.120872,-0.181790,-0.023429,0.205237,-0.161366,-0.518188,0.116773,-0.191431,0.156908,-0.001838,-0.042784,0.226719,-0.038556,0.186278,-0.459629,1.069229,0.041394,0.069892,0.285517,-0.061335,-0.128212,0.217539,1.171536,-0.175675,0.023670,-0.149343
0.169681,6.897768,0.786433,-0.009071,-0.024016,-0.678367,0.734274,0.051403,-0.019271,0.149533,0.120609,-0.174606,-0.026765,0.203554,-0.157461,-0.523336,0.116369,-0.190909,0.154127,-0.004673,-0.043145,0.226724,-0.046188,0.182728,-0.459594,1.066694,0.043682,0.068143,0.284078,-0.066928,-0.120015,0.227272,1.183604,-0.174315,0.026499,-0.149974
0.166879,6.901710,0.786840,-0.009412,-0.023337,-0.678515,0.734155,0.044512,-0.013354,0.149961,0.120326,-0.167431,-0.031707,0.196500,-0.151744,-0.522508,0.116416,-0.189016,0.147919,-0.001377,-0.041826,0.225378,-0.052861,0.178364,-0.459808,1.068380,0.037832,0.064300,0.287714,-0.070105,-0.111736,0.233632,1.190521,-0.172454,0.026256,-0.148874
0.164522,6.904873,0.787098,-0.010587,-0.024092,-0.677649,0.734915,0.042106,-0.009590,0.147406,0.120154,-0.161962,-0.034793,0.195346,-0.147595,-0.524790,0.116210,-0.187709,0.144155,-0.002622,-0.040842,0.226061,-0.053486,0.173412,-0.458510,1.069800,0.047389,0.068673,0.282285,-0.070903,-0.104083,0.240411,1.194190,-0.182139,0.028336,-0.141020
0.162528,6.907974,0.787312,-0.011724,-0.024929,-0.677249,0.735238,0.040236,-0.006333,0.146391,0.120046,-0.157351,-0.036562,0.194133,-0.144238,-0.525973,0.116095,-0.187017,0.140868,-0.001210,-0.040410,0.226942,-0.052880,0.168823,-0.460457,1.074439,0.045197,0.068173,0.281230,-0.069246,-0.097755,0.240338,1.194564,-0.186721,0.026094,-0.135608
0.160831,6.910650,0.787431,-0.012713,-0.025263,-0.675991,0.736367,0.037425,-0.003489,0.142835,0.119861,-0.152736,-0.039972,0.193266,-0.140689,-0.529054,0.115871,-0.186966,0.137535,-0.004348,-0.039021,0.226330,-0.048321,0.165677,-0.464365,1.080037,0.042674,0.066887,0.279916,-0.067578,-0.093352,0.236133,1.193812,-0.187875,0.025884,-0.130761
0.159522,6.912945,0.787559,-0.013803,-0.025931,-0.675209,0.737042,0.036284,-0.001170,0.141089,0.119766,-0.149129,-0.041582,0.193074,-0.137946,-0.531012,0.115844,-0.186426,0.134037,-0.005360,-0.038429,0.225782,-0.042737,0.163854,-0.469192,1.089003,0.037766,0.066172,0.277484,-0.065138,-0.091769,0.231278,1.192509,-0.185139,0.026726,-0.126488
0.158405,6.914983,0.787639,-0.015078,-0.026608,-0.674648,0.737505,0.035888,0.001234,0.139568,0.119688,-0.146091,-0.043725,0.193269,-0.135070,-0.532273,0.115879,-0.185898,0.129972,-0.005933,-0.037051,0.226004,-0.038087,0.162899,-0.474207,1.102619,0.034145,0.068240,0.271924,-0.064920,-0.092305,0.230216,1.194234,-0.182631,0.029713,-0.131508
0.157719,6.916460,0.787645,-0.016477,-0.027728,-0.673407,0.738568,0.037120,0.002148,0.136558,0.119640,-0.144176,-0.044920,0.195987,-0.133420,-0.535030,0.115749,-0.185989,0.128789,-0.008554,-0.035100,0.226602,-0.033797,0.162945,-0.479710,1.118789,0.029201,0.069725,0.267721,-0.062902,-0.095651,0.226325,1.196679,-0.182347,0.026103,-0.134761
0.157215,6.917627,0.787618,-0.017697,-0.028824,-0.673160,0.738723,0.038958,0.003106,0.136051,0.119647,-0.143154,-0.045649,0.198171,-0.132338,-0.535773,0.115633,-0.186030,0.128685,-0.007406,-0.032963,0.226212,-0.032053,0.164128,-0.486354,1.137394,0.022084,0.071518,0.263999,-0.061024,-0.100049,0.227517,1.198376,-0.174405,0.027406,-0.142974
0.156831,6.918707,0.787640,-0.018511,-0.029486,-0.672706,0.739090,0.039514,0.003698,0.134927,0.119618,-0.141790,-0.046285,0.199319,-0.131498,-0.536979,0.115516,-0.185863,0.128566,-0.007617,-0.029987,0.225800,-0.029145,0.167365,-0.489989,1.150355,0.013943,0.070915,0.264409,-0.058791,-0.105447,0.228337,1.200156,-0.175032,0.025041,-0.141909
0.156511,6.919467,0.787641,-0.019645,-0.030549,-0.672694,0.739029,0.041995,0.004510,0.135422,0.119673,-0.141437,-0.046070,0.201571,-0.130753,-0.537106,0.115586,-0.185346,0.126994,-0.006568,-0.027442,0.226580,-0.024601,0.172304,-0.489303,1.156358,0.012081,0.071862,0.264838,-0.057115,-0.109963,0.234060,1.202811,-0.184774,0.025729,-0.139767
0.156300,6.919968,0.787636,-0.020534,-0.031351,-0.672538,0.739113,0.043767,0.004922,0.134702,0.119655,-0.140525,-0.047029,0.203592,-0.130193,-0.537575,0.115589,-0.184930,0.125871,-0.005351,-0.024720,0.226140,-0.018963,0.177732,-0.485949,1.156984,0.012347,0.072135,0.266569,-0.052948,-0.112975,0.235063,1.200512,-0.184290,0.028674,-0.139403
0.156019,6.920374,0.787643,-0.020999,-0.031893,-0.672101,0.739474,0.044728,0.005207,0.134411,0.119686,-0.140350,-0.046876,0.204780,-0.129877,-0.538760,0.115602,-0.184480,0.124676,-0.005395,-0.022700,0.225693,-0.011635,0.184094,-0.479009,1.151762,0.008353,0.069222,0.272522,-0.049717,-0.113970,0.234051,1.199121,-0.182595,0.033922,-0.139541
0.155733,6.920734,0.787635,-0.021541,-0.032301,-0.671163,0.740292,0.045154,0.005406,0.131836,0.119694,-0.139542,-0.047245,0.206485,-0.129295,-0.541631,0.115426,-0.183656,0.123774,-0.006588,-0.020838,0.225569,-0.006183,0.189294,-0.474140,1.147353,0.003815,0.068636,0.275880,-0.046013,-0.113985,0.231165,1.200095,-0.183738,0.029518,-0.138679
0.155400,6.920990,0.787649,-0.021854,-0.032632,-0.670538,0.740835,0.045417,0.005576,0.130250,0.119695,-0.138879,-0.047703,0.207487,-0.128928,-0.543582,0.115394,-0.182850,0.122259,-0.006988,-0.019665,0.225566,-0.001845,0.194812,-0.473648,1.143009,-0.000844,0.066135,0.278020,-0.043554,-0.112913,0.231536,1.201615,-0.183591,0.028139,-0.138004
0.155035,6.921215,0.787633,-0.022658,-0.033409,-0.670034,0.741232,0.047348,0.006113,0.129218,0.119718,-0.138772,-0.047976,0.209906,-0.128303,-0.545156,0.115276,-0.181745,0.121363,-0.007902,-0.018077,0.226913,0.001003,0.198186,-0.473702,1.140997,0.006753,0.067029,0.274024,-0.042332,-0.111238,0.231024,1.202785,-0.183194,0.029271,-0.134790
0.154574,6.921449,0.787634,-0.023301,-0.034206,-0.669570,0.741595,0.048972,0.006398,0.127910,0.119723,-0.137771,-0.048498,0.212049,-0.127818,-0.546472,0.115261,-0.181223,0.120112,-0.009193,-0.017230,0.228395,0.003610,0.200231,-0.472586,1.139258,0.002699,0.066197,0.276494,-0.042340,-0.109059,0.232085,1.205075,-0.183354,0.029377,-0.134088
0.154110,6.921751,0.787634,-0.023738,-0.034890,-0.669355,0.741743,0.050266,0.006689,0.127794,0.119758,-0.137362,-0.048013,0.213514,-0.127470,-0.547100,0.115247,-0.181247,0.119223,-0.009166,-0.016924,0.229754,0.004021,0.201158,-0.473337,1.138516,0.003910,0.067075,0.275432,-0.042780,-0.106645,0.233046,1.205910,-0.181694,0.029462,-0.136746
0.153553,6.922028,0.787654,-0.023744,-0.034832,-0.669516,0.741600,0.049743,0.007746,0.128280,0.119741,-0.136837,-0.048609,0.212785,-0.126476,-0.546732,0.115301,-0.181297,0.118055,-0.008193,-0.016537,0.229246,0.004529,0.201068,-0.474025,1.136687,0.006885,0.067943,0.274401,-0.043366,-0.104859,0.233507,1.204831,-0.179759,0.029549,-0.135516
0.153034,6.922263,0.787683,-0.023815,-0.034887,-0.669622,0.741500,0.049463,0.008633,0.128482,0.119762,-0.136226,-0.048683,0.212353,-0.125643,-0.546369,0.115359,-0.181026,0.116668,-0.008711,-0.016180,0.229204,0.006022,0.199907,-0.472190,1.132581,0.003686,0.066518,0.276233,-0.045408,-0.103444,0.235576,1.203680,-0.180957,0.029489,-0.135605
0.152476,6.922434,0.787677,-0.023954,-0.035088,-0.668850,0.742183,0.049288,0.008899,0.126151,0.119740,-0.135379,-0.049814,0.213178,-0.124980,-0.548614,0.115255,-0.181039,0.115129,-0.011100,-0.016222,0.228923,0.006297,0.197543,-0.472513,1.129878,0.007808,0.066549,0.275330,-0.046672,-0.102739,0.236488,1.201308,-0.183172,0.029317,-0.136869
0.151864,6.922637,0.787689,-0.024136,-0.034997,-0.669148,0.741912,0.049016,0.010401,0.126229,0.119705,-0.134841,-0.051516,0.212521,-0.123554,-0.547595,0.115350,-0.180550,0.113058,-0.010956,-0.015621,0.228786,0.006092,0.194399,-0.472830,1.125902,0.008617,0.067102,0.275072,-0.048151,-0.102868,0.235242,1.198508,-0.184776,0.028649,-0.137582
0.151181,6.922933,0.787743,-0.024203,-0.034942,-0.669685,0.741428,0.048618,0.011948,0.127554,0.120032,-0.134190,-0.052668,0.211378,-0.122264,-0.546214,0.115539,-0.180310,0.110499,-0.009803,-0.015241,0.229096,0.004735,0.190346,-0.472104,1.123171,0.008365,0.065098,0.275514,-0.050026,-0.103562,0.235197,1.196803,-0.184576,0.029158,-0.138985
0.150618,6.923151,0.787776,-0.024175,-0.034953,-0.669886,0.741247,0.048153,0.012938,0.128437,0.120562,-0.134376,-0.052598,0.210821,-0.121489,-0.545842,0.115553,-0.180299,0.109532,-0.010462,-0.014549,0.228651,0.002692,0.185726,-0.473340,1.122150,0.006484,0.065109,0.276804,-0.051942,-0.105018,0.237718,1.196055,-0.186567,0.028201,-0.139496
0.150140,6.923452,0.787809,-0.024231,-0.034938,-0.670075,0.741075,0.047485,0.013745,0.128106,0.120714,-0.133238,-0.053528,0.210221,-0.120681,-0.545518,0.115532,-0.180090,0.108724,-0.010666,-0.013170,0.228687,-0.000144,0.181010,-0.474442,1.121235,0.010872,0.066830,0.274989,-0.053180,-0.106997,0.238212,1.194823,-0.187723,0.027366,-0.137924
0.149651,6.923697,0.787809,-0.024444,-0.035112,-0.670378,0.740786,0.047637,0.014837,0.129038,0.121347,-0.133695,-0.053534,0.210174,-0.119793,-0.544787,0.115540,-0.180091,0.107978,-0.009863,-0.012095,0.229197,-0.002250,0.178176,-0.475171,1.119215,0.013380,0.065668,0.273210,-0.053578,-0.108154,0.237758,1.194712,-0.185738,0.027365,-0.139867
0.149046,6.923976,0.787828,-0.024546,-0.035220,-0.670428,0.740732,0.047266,0.015700,0.128787,0.121561,-0.132952,-0.054457,0.209996,-0.118885,-0.544788,0.115531,-0.180310,0.107036,-0.010573,-0.011654,0.229595,-0.004202,0.176799,-0.476467,1.117548,0.012614,0.064105,0.276100,-0.054115,-0.108654,0.235482,1.195367,-0.187364,0.026516,-0.138735
0.148457,6.924197,0.787837,-0.024764,-0.035426,-0.670492,0.740657,0.047422,0.016738,0.129050,0.121925,-0.132584,-0.055381,0.210182,-0.117883,-0.544451,0.115571,-0.180492,0.105886,-0.010080,-0.011178,0.229970,-0.006538,0.176235,-0.477347,1.116773,0.027685,0.066104,0.270252,-0.053606,-0.108832,0.235038,1.195539,-0.185334,0.027802,-0.139807
0.147913,6.924335,0.787806,-0.024675,-0.035524,-0.669654,0.741412,0.046638,0.016772,0.126660,0.121901,-0.131666,-0.056189,0.210661,-0.117418,-0.546771,0.115373,-0.180963,0.105573,-0.011951,-0.011061,0.229513,-0.008953,0.176533,-0.476457,1.118434,0.017051,0.061530,0.276177,-0.052020,-0.108729,0.235051,1.195721,-0.184073,0.028779,-0.140868
0.147451,6.924541,0.787807,-0.024597,-0.035452,-0.668979,0.742028,0.045465,0.017081,0.124912,0.122226,-0.131143,-0.056552,0.210625,-0.116790,-0.548748,0.115243,-0.181150,0.104725,-0.013473,-0.010596,0.229663,-0.010183,0.177715,-0.474116,1.117864,0.014360,0.062289,0.278316,-0.050704,-0.108271,0.235215,1.196227,-0.185633,0.028781,-0.140870
0.146949,6.924709,0.787810,-0.024692,-0.035570,-0.668931,0.742063,0.045313,0.017833,0.124748,0.122513,-0.130933,-0.057086,0.210688,-0.116028,-0.548809,0.115232,-0.181375,0.103956,-0.015503,-0.009639,0.229852,-0.009869,0.179256,-0.471983,1.117660,0.011357,0.063614,0.278504,-0.050941,-0.107676,0.236582,1.199089,-0.185932,0.029123,-0.140749
0.146414,6.924896,0.787805,-0.025013,-0.036049,-0.669147,0.741834,0.046175,0.018736,0.125875,0.123351,-0.131434,-0.057063,0.211420,-0.115359,-0.548086,0.115281,-0.181691,0.103172,-0.016252,-0.009463,0.231609,-0.008020,0.181539,-0.468625,1.115505,0.011536,0.063226,0.278557,-0.051951,-0.106930,0.239051,1.202633,-0.185578,0.029516,-0.140054
0.145980,6.925027,0.787836,-0.024828,-0.035797,-0.669297,0.741717,0.045239,0.019432,0.125556,0.123000,-0.130444,-0.058327,0.210295,-0.114611,-0.547822,0.115293,-0.181700,0.101584,-0.014370,-0.009453,0.231076,-0.007917,0.182385,-0.467967,1.116636,0.010652,0.063788,0.279998,-0.050396,-0.106624,0.239307,1.203798,-0.185991,0.029505,-0.139156
0.145657,6.925143,0.787841,-0.024692,-0.035680,-0.669409,0.741626,0.044644,0.019889,0.125805,0.122924,-0.129858,-0.058585,0.209609,-0.114169,-0.547506,0.115300,-0.181844,0.101751,-0.013723,-0.009357,0.230951,-0.006612,0.182997,-0.467399,1.116416,0.011587,0.064044,0.279300,-0.049747,-0.106371,0.238137,1.204817,-0.185639,0.029803,-0.138192
0.145351,6.925180,0.787857,-0.024598,-0.035449,-0.669500,0.741558,0.044045,0.020625,0.125692,0.122914,-0.129886,-0.059170,0.208885,-0.113454,-0.547384,0.115323,-0.181777,0.100629,-0.013161,-0.009256,0.230452,-0.004047,0.183333,-0.466683,1.116127,0.014108,0.064357,0.278105,-0.049330,-0.106269,0.237132,1.205293,-0.187123,0.028800,-0.136556
0.145120,6.925197,0.787869,-0.024325,-0.035343,-0.669642,0.741444,0.043620,0.020830,0.126620,0.122908,-0.129941,-0.058876,0.208139,-0.113410,-0.546759,0.115376,-0.181967,0.100868,-0.012385,-0.009656,0.230188,-0.001336,0.183429,-0.466289,1.117254,0.011888,0.061485,0.276997,-0.048862,-0.106347,0.235589,1.204467,-0.188066,0.028911,-0.135892
0.144930,6.925214,0.787868,-0.024197,-0.035129,-0.669760,0.741351,0.043056,0.021221,0.126408,0.122631,-0.129314,-0.059758,0.207443,-0.113003,-0.546842,0.115437,-0.182068,0.099442,-0.012559,-0.009538,0.230027,0.001169,0.183138,-0.466309,1.117830,0.011877,0.061507,0.275927,-0.049248,-0.106543,0.234327,1.203236,-0.188011,0.029542,-0.137042
0.144769,6.925149,0.787856,-0.024193,-0.035243,-0.669899,0.741221,0.043490,0.021489,0.127356,0.122732,-0.130084,-0.059309,0.207597,-0.112935,-0.546606,0.115410,-0.182395,0.099999,-0.012408,-0.009633,0.230077,0.002432,0.182378,-0.467938,1.120113,0.009592,0.062877,0.274832,-0.049389,-0.106861,0.234262,1.202007,-0.187087,0.029152,-0.137938
0.144588,6.925108,0.787861,-0.024311,-0.035360,-0.669806,0.741295,0.043730,0.021744,0.127104,0.123044,-0.129902,-0.059773,0.208006,-0.112600,-0.546795,0.115452,-0.182151,0.098535,-0.013490,-0.009146,0.230300,0.003028,0.181556,-0.470055,1.122578,0.006301,0.063742,0.276752,-0.049819,-0.107162,0.234527,1.201065,-0.188128,0.028302,-0.137993
0.144445,6.925071,0.787854,-0.024262,-0.035346,-0.669540,0.741537,0.043458,0.021790,0.126450,0.123143,-0.130122,-0.059705,0.208156,-0.112506,-0.547682,0.115433,-0.182455,0.098197,-0.014867,-0.008459,0.230725,0.003839,0.181029,-0.469463,1.122227,0.006507,0.063309,0.275373,-0.050501,-0.107348,0.234141,1.200095,-0.188212,0.028697,-0.139264
0.144315,6.924992,0.787837,-0.024176,-0.035323,-0.669245,0.741808,0.043316,0.021592,0.125232,0.122675,-0.129350,-0.060535,0.208349,-0.112365,-0.548459,0.115344,-0.182661,0.098239,-0.013042,-0.008346,0.230444,0.002658,0.180655,-0.469244,1.122747,0.008179,0.063209,0.274989,-0.048736,-0.107496,0.232624,1.198291,-0.187823,0.027494,-0.138972
0.144216,6.924860,0.787819,-0.024192,-0.035425,-0.668851,0.742158,0.043390,0.021471,0.124317,0.122890,-0.129543,-0.060570,0.209065,-0.112343,-0.549792,0.115293,-0.183002,0.097653,-0.013555,-0.007502,0.230474,0.002430,0.180462,-0.468729,1.121195,0.007885,0.062967,0.276622,-0.049396,-0.107586,0.232793,1.199906,-0.188154,0.028915,-0.139285
0.144094,6.924765,0.787828,-0.024048,-0.035310,-0.668478,0.742504,0.043010,0.021372,0.123302,0.122615,-0.129169,-0.061087,0.209006,-0.112185,-0.550692,0.115250,-0.183133,0.097357,-0.012297,-0.007378,0.230213,0.000638,0.180547,-0.469155,1.120826,0.008023,0.062714,0.278357,-0.048392,-0.107514,0.232931,1.199690,-0.187935,0.028851,-0.138897
0.144004,6.924696,0.787793,-0.023976,-0.035242,-0.668074,0.742873,0.042792,0.021290,0.122290,0.122288,-0.128946,-0.061640,0.209173,-0.112052,-0.551795,0.115175,-0.183269,0.096985,-0.012841,-0.006726,0.230577,0.000437,0.180825,-0.467362,1.118609,0.008083,0.061276,0.278775,-0.048783,-0.107394,0.233358,1.200348,-0.188833,0.027783,-0.139152
0.143945,6.924642,0.787818,-0.023844,-0.035226,-0.667549,0.743349,0.042206,0.020921,0.121075,0.122656,-0.129019,-0.061134,0.209360,-0.112173,-0.553228,0.115118,-0.183313,0.096526,-0.012344,-0.007026,0.230959,-0.001472,0.181107,-0.468408,1.118699,0.008624,0.062194,0.281247,-0.048478,-0.107206,0.233697,1.199868,-0.187943,0.028800,-0.138405
0.143900,6.924658,0.787795,-0.023869,-0.035248,-0.667043,0.743802,0.041998,0.020712,0.119718,0.122509,-0.128685,-0.061476,0.209851,-0.112100,-0.554717,0.115029,-0.183563,0.096340,-0.012496,-0.006604,0.231763,-0.002589,0.181318,-0.468753,1.118501,0.009393,0.061704,0.279437,-0.048793,-0.107102,0.234186,1.200505,-0.189633,0.026766,-0.139517
0.143901,6.924649,0.787826,-0.023689,-0.035175,-0.666844,0.743990,0.041491,0.020535,0.119918,0.122892,-0.128945,-0.060702,0.209567,-0.112325,-0.555303,0.115070,-0.183406,0.095886,-0.012598,-0.006469,0.232131,-0.002524,0.181344,-0.469228,1.117308,0.010510,0.062346,0.278808,-0.049592,-0.107085,0.235173,1.200773,-0.188265,0.025528,-0.141491
0.143921,6.924664,0.787834,-0.023585,-0.035097,-0.666643,0.744177,0.041067,0.020304,0.119422,0.122907,-0.128932,-0.060369,0.209424,-0.112428,-0.555871,0.115041,-0.183476,0.095869,-0.013075,-0.006363,0.232488,-0.002111,0.181206,-0.469815,1.115869,0.010722,0.064245,0.278942,-0.050085,-0.107066,0.235305,1.200406,-0.188948,0.025257,-0.141320
0.143979,6.924614,0.787818,-0.023550,-0.035083,-0.666599,0.744218,0.041148,0.020136,0.119294,0.122699,-0.128869,-0.060539,0.209459,-0.112541,-0.555983,0.115043,-0.183618,0.095770,-0.012884,-0.006107,0.232788,-0.001212,0.180776,-0.470363,1.115505,0.012925,0.063435,0.277406,-0.050478,-0.107043,0.235284,1.199270,-0.187749,0.026541,-0.142178
0.144067,6.924605,0.787820,-0.023416,-0.035046,-0.666666,0.744164,0.041039,0.019871,0.119585,0.122459,-0.128658,-0.060331,0.209179,-0.112841,-0.555648,0.115049,-0.183631,0.096511,-0.012550,-0.005767,0.232656,-0.000951,0.180149,-0.471502,1.115920,0.014781,0.064531,0.275609,-0.050815,-0.107097,0.235796,1.199054,-0.187293,0.026674,-0.142759
0.144120,6.924608,0.787828,-0.023525,-0.035019,-0.666552,0.744264,0.040944,0.019963,0.119225,0.122800,-0.128899,-0.060272,0.209421,-0.112726,-0.556256,0.115074,-0.183721,0.095465,-0.013185,-0.004965,0.233059,-0.000365,0.179689,-0.472113,1.116138,0.013664,0.065039,0.274991,-0.051100,-0.107170,0.236400,1.198713,-0.187750,0.025835,-0.142899
0.144149,6.924488,0.787798,-0.023523,-0.035221,-0.666406,0.744385,0.041493,0.019496,0.118895,0.122619,-0.128950,-0.060118,0.210105,-0.113029,-0.556433,0.114983,-0.184066,0.096720,-0.013617,-0.004786,0.233161,0.000124,0.179434,-0.473115,1.117194,0.014256,0.064321,0.273672,-0.050770,-0.107151,0.236539,1.198588,-0.187944,0.026387,-0.142774
0.144133,6.924415,0.787802,-0.023535,-0.035262,-0.666105,0.744652,0.041328,0.019326,0.118034,0.123031,-0.129261,-0.059917,0.210428,-0.113084,-0.557334,0.115003,-0.183947,0.095779,-0.014256,-0.004302,0.233026,-0.000024,0.179395,-0.474822,1.118107,0.015152,0.065134,0.271757,-0.049884,-0.106878,0.236348,1.198032,-0.186011,0.027183,-0.144568
0.144145,6.924251,0.787787,-0.023470,-0.035305,-0.666023,0.744725,0.041735,0.019142,0.118112,0.122634,-0.129046,-0.060222,0.210802,-0.113225,-0.557108,0.114943,-0.184278,0.096770,-0.014142,-0.004087,0.232451,-0.000194,0.179671,-0.476077,1.119311,0.014701,0.065747,0.271910,-0.049225,-0.106379,0.236624,1.199164,-0.184904,0.028367,-0.145135
0.144112,6.924045,0.787767,-0.023524,-0.035447,-0.666066,0.744679,0.042402,0.019115,0.118139,0.122632,-0.129486,-0.060308,0.211390,-0.113240,-0.557083,0.114963,-0.184626,0.096718,-0.013924,-0.003886,0.232284,0.000001,0.179930,-0.475817,1.120041,0.013336,0.066323,0.273119,-0.048904,-0.106082,0.237325,1.200221,-0.184690,0.029040,-0.144698
0.144113,6.923841,0.787743,-0.023379,-0.035511,-0.666208,0.744553,0.042810,0.018832,0.118529,0.122311,-0.129609,-0.060199,0.211514,-0.113557,-0.556761,0.114949,-0.185088,0.097404,-0.013682,-0.004122,0.231812,-0.000138,0.180087,-0.476384,1.120940,0.013939,0.067801,0.274523,-0.048868,-0.105982,0.237727,1.201559,-0.184681,0.027615,-0.144005
0.144036,6.923659,0.787716,-0.023485,-0.035587,-0.666287,0.744476,0.043631,0.019142,0.119050,0.122115,-0.129945,-0.060748,0.212012,-0.113323,-0.556516,0.114975,-0.185244,0.096965,-0.013622,-0.003825,0.231587,0.000038,0.180168,-0.476359,1.121141,0.010622,0.067206,0.275240,-0.049377,-0.105980,0.239031,1.202704,-0.183730,0.028502,-0.145762
0.143972,6.923458,0.787691,-0.023441,-0.035693,-0.666367,0.744400,0.043852,0.018883,0.118284,0.122059,-0.129974,-0.060746,0.212380,-0.113459,-0.556492,0.114965,-0.185802,0.097382,-0.014035,-0.004154,0.231327,0.000487,0.180187,-0.475860,1.121071,0.016224,0.065831,0.272689,-0.049586,-0.106070,0.239266,1.202259,-0.185009,0.027604,-0.145184
0.143888,6.923228,0.787691,-0.023474,-0.035912,-0.666232,0.744510,0.044403,0.018801,0.118480,0.122672,-0.130878,-0.060063,0.213206,-0.113579,-0.556864,0.114965,-0.185954,0.096761,-0.014801,-0.004401,0.231635,0.000756,0.180020,-0.475896,1.120183,0.017100,0.066901,0.274279,-0.049262,-0.106441,0.237768,1.200647,-0.187063,0.026793,-0.143216
0.143786,6.922956,0.787676,-0.023378,-0.035983,-0.666230,0.744511,0.044996,0.018720,0.118577,0.122277,-0.130927,-0.060363,0.213645,-0.113668,-0.556862,0.114935,-0.186281,0.097339,-0.014628,-0.004303,0.231572,0.000927,0.179773,-0.475615,1.118787,0.016288,0.066797,0.274194,-0.049195,-0.106696,0.238405,1.200202,-0.187848,0.027488,-0.143484
0.143701,6.922666,0.787651,-0.023289,-0.035899,-0.666237,0.744511,0.045144,0.018746,0.117902,0.121859,-0.130787,-0.061173,0.213696,-0.113460,-0.556884,0.114956,-0.186542,0.096635,-0.014645,-0.003867,0.231479,0.000486,0.179264,-0.475171,1.117620,0.015930,0.068447,0.274359,-0.049474,-0.107134,0.239520,1.200966,-0.189116,0.027393,-0.143292
0.143600,6.922357,0.787626,-0.023166,-0.035997,-0.666338,0.744420,0.045951,0.018726,0.118881,0.121630,-0.131534,-0.060935,0.214143,-0.113630,-0.556776,0.114939,-0.187325,0.097384,-0.014791,-0.003521,0.231446,0.000533,0.178719,-0.474099,1.116416,0.019554,0.068987,0.272743,-0.049912,-0.107551,0.239488,1.202073,-0.189113,0.027142,-0.142591
0.143509,6.922089,0.787628,-0.022931,-0.035918,-0.666341,0.744428,0.045722,0.018595,0.118733,0.121728,-0.131608,-0.060691,0.214000,-0.113742,-0.556798,0.114975,-0.187578,0.097103,-0.014102,-0.003165,0.231242,-0.000041,0.178305,-0.473586,1.116053,0.021640,0.068802,0.272522,-0.050114,-0.107859,0.240208,1.202686,-0.188407,0.027315,-0.143918
0.143460,6.921793,0.787603,-0.022738,-0.035887,-0.666398,0.744385,0.046244,0.018453,0.118880,0.120880,-0.131655,-0.061143,0.214166,-0.113835,-0.556612,0.114872,-0.188155,0.098432,-0.016719,-0.001813,0.231655,0.001115,0.177753,-0.471583,1.114010,0.020317,0.068294,0.272254,-0.052123,-0.108468,0.242306,1.204376,-0.189744,0.026373,-0.144877
0.143306,6.921596,0.787618,-0.022706,-0.035817,-0.666222,0.744547,0.046097,0.018705,0.118502,0.121313,-0.131920,-0.061401,0.214309,-0.113575,-0.557347,0.114985,-0.188087,0.095803,-0.016982,-0.001379,0.231910,0.000725,0.177696,-0.471355,1.113754,0.019515,0.069026,0.272351,-0.052328,-0.108586,0.242280,1.203945,-0.188161,0.026698,-0.144849
0.143187,6.921358,0.787605,-0.022459,-0.035746,-0.666180,0.744595,0.046102,0.018561,0.118477,0.120880,-0.131899,-0.061275,0.214273,-0.113614,-0.557315,0.114840,-0.188638,0.097689,-0.016314,-0.001295,0.231924,-0.000166,0.177708,-0.472535,1.114602,0.016133,0.068979,0.274457,-0.051812,-0.108687,0.241143,1.202917,-0.187578,0.026761,-0.144840
0.143022,6.921160,0.787602,-0.022280,-0.035567,-0.666091,0.744689,0.045802,0.018791,0.118278,0.120792,-0.131990,-0.061765,0.213954,-0.113340,-0.557692,0.114890,-0.188667,0.095998,-0.016131,-0.001046,0.232315,-0.000782,0.177859,-0.473021,1.115512,0.017103,0.068945,0.273922,-0.052311,-0.108626,0.239166,1.201361,-0.187121,0.029659,-0.142676
0.142901,6.920816,0.787581,-0.022197,-0.035678,-0.665765,0.744977,0.046366,0.018542,0.117554,0.120446,-0.132124,-0.061932,0.214904,-0.113393,-0.558614,0.114745,-0.189513,0.097280,-0.015355,-0.001603,0.232552,-0.001157,0.178006,-0.474231,1.116707,0.018857,0.069831,0.273329,-0.051047,-0.108559,0.239053,1.200156,-0.186916,0.028750,-0.142324
0.142766,6.920492,0.787586,-0.022149,-0.035572,-0.665528,0.745195,0.046252,0.018741,0.116800,0.120877,-0.132701,-0.062057,0.215178,-0.113105,-0.559518,0.114786,-0.189331,0.095242,-0.014106,-0.001866,0.233304,-0.001979,0.178225,-0.476388,1.117819,0.016985,0.068825,0.275672,-0.049920,-0.108530,0.238911,1.198579,-0.186061,0.029077,-0.142543
0.142550,6.920252,0.787572,-0.021782,-0.035352,-0.665300,0.745421,0.045636,0.018693,0.116231,0.120558,-0.132508,-0.062294,0.214782,-0.113023,-0.560273,0.114751,-0.189864,0.094959,-0.013846,-0.002315,0.233557,-0.002482,0.178496,-0.477798,1.118098,0.017001,0.068884,0.275417,-0.049690,-0.108434,0.238904,1.198435,-0.185965,0.028923,-0.141962
0.142382,6.919878,0.787540,-0.021618,-0.035330,-0.665225,0.745493,0.046253,0.018616,0.115740,0.119547,-0.132336,-0.063089,0.215287,-0.112902,-0.560338,0.114540,-0.190834,0.097272,-0.014335,-0.002713,0.234006,-0.001653,0.178695,-0.478001,1.117679,0.016542,0.069310,0.275926,-0.049907,-0.108242,0.238656,1.198748,-0.185596,0.030087,-0.142107
0.142178,6.919567,0.787529,-0.021246,-0.035026,-0.665192,0.745548,0.045617,0.018846,0.115799,0.119536,-0.132566,-0.063510,0.214622,-0.112679,-0.560622,0.114578,-0.191263,0.096240,-0.014469,-0.003390,0.233483,-0.001936,0.178874,-0.478282,1.118944,0.019078,0.069975,0.272664,-0.049791,-0.107870,0.238546,1.198720,-0.187250,0.030741,-0.141845
0.141995,6.919223,0.787530,-0.021156,-0.034904,-0.665241,0.745512,0.045807,0.019248,0.115897,0.119587,-0.133136,-0.063648,0.214585,-0.112289,-0.560468,0.114664,-0.191056,0.094925,-0.014429,-0.003976,0.233556,-0.002506,0.179195,-0.479097,1.120066,0.019185,0.069365,0.272112,-0.049803,-0.107273,0.238163,1.198838,-0.185782,0.030529,-0.142382
0.141873,6.918747,0.787518,-0.021019,-0.034854,-0.665725,0.745086,0.046454,0.019595,0.117048,0.119598,-0.133947,-0.063940,0.214763,-0.112170,-0.559413,0.114596,-0.191693,0.096261,-0.013444,-0.004368,0.233175,-0.002358,0.179416,-0.479094,1.120533,0.018023,0.068775,0.272028,-0.049911,-0.106992,0.239040,1.199319,-0.185004,0.030405,-0.142439
0.141746,6.918341,0.787502,-0.020765,-0.034730,-0.666027,0.744830,0.046631,0.019817,0.117928,0.119601,-0.134568,-0.064120,0.214547,-0.112155,-0.558722,0.114623,-0.192143,0.096705,-0.013029,-0.004775,0.232531,-0.002498,0.179478,-0.478158,1.120367,0.021739,0.069905,0.270227,-0.049966,-0.107047,0.238781,1.199568,-0.185800,0.029164,-0.142091
0.141579,6.917945,0.787474,-0.020690,-0.034647,-0.666153,0.744723,0.046874,0.020071,0.117554,0.119583,-0.134810,-0.065178,0.214750,-0.111800,-0.558445,0.114609,-0.192535,0.096445,-0.013633,-0.004829,0.232316,-0.002793,0.179513,-0.477781,1.119527,0.019483,0.068916,0.272143,-0.050589,-0.107322,0.238056,1.200299,-0.189497,0.028762,-0.139601
0.141489,6.917447,0.787479,-0.020526,-0.034638,-0.666502,0.744415,0.047658,0.020326,0.119007,0.119639,-0.135897,-0.064826,0.214920,-0.111857,-0.557671,0.114708,-0.192817,0.096058,-0.013805,-0.005017,0.231576,-0.003005,0.179500,-0.478544,1.119112,0.025246,0.069970,0.269746,-0.051306,-0.107609,0.238721,1.200879,-0.187461,0.028376,-0.140261
0.141445,6.916913,0.787458,-0.020511,-0.034870,-0.666665,0.744258,0.049018,0.020192,0.119553,0.119658,-0.136678,-0.064933,0.215986,-0.112078,-0.557388,0.114682,-0.193263,0.096848,-0.014872,-0.005254,0.231286,-0.003229,0.179386,-0.479471,1.119419,0.021609,0.070013,0.271601,-0.051411,-0.108212,0.238841,1.199968,-0.186634,0.028202,-0.141130
0.141338,6.916406,0.787442,-0.020344,-0.034840,-0.666736,0.744202,0.049427,0.020196,0.119603,0.119667,-0.137241,-0.065209,0.216363,-0.112043,-0.557288,0.114662,-0.193713,0.096958,-0.015341,-0.005518,0.230540,-0.003993,0.179258,-0.480288,1.119623,0.020563,0.070130,0.271340,-0.050834,-0.108886,0.238887,1.198685,-0.187291,0.027880,-0.142408
0.141223,6.915940,0.787422,-0.020298,-0.034926,-0.666787,0.744153,0.050226,0.020272,0.119792,0.119699,-0.138034,-0.065058,0.217175,-0.112013,-0.557357,0.114612,-0.194228,0.097343,-0.016056,-0.005926,0.230065,-0.004900,0.179225,-0.481205,1.120037,0.021982,0.070936,0.269617,-0.050742,-0.109360,0.238711,1.198900,-0.187999,0.028086,-0.141419
0.141173,6.915498,0.787389,-0.019967,-0.034536,-0.666867,0.744108,0.049725,0.020473,0.119809,0.119694,-0.138423,-0.065801,0.216529,-0.111847,-0.557315,0.114677,-0.194414,0.096301,-0.016217,-0.005906,0.228734,-0.006072,0.179207,-0.483062,1.120531,0.024064,0.071695,0.268381,-0.050542,-0.109981,0.238131,1.198628,-0.186591,0.027932,-0.140611
0.141143,6.914949,0.787399,-0.020042,-0.034663,-0.667250,0.743757,0.051144,0.020713,0.120763,0.119747,-0.139729,-0.065806,0.217408,-0.111809,-0.556746,0.114655,-0.194618,0.096986,-0.015733,-0.005740,0.228288,-0.005981,0.179075,-0.483968,1.120206,0.032925,0.071453,0.264937,-0.050150,-0.110539,0.237517,1.199061,-0.187151,0.028554,-0.140042
0.141070,6.914576,0.787381,-0.019678,-0.034388,-0.667244,0.743785,0.050693,0.020736,0.120945,0.119742,-0.139820,-0.065950,0.216917,-0.111803,-0.556754,0.114693,-0.194748,0.096261,-0.016187,-0.005933,0.227238,-0.006674,0.178981,-0.483691,1.120017,0.028195,0.072866,0.266572,-0.049672,-0.110851,0.236515,1.199009,-0.188999,0.026806,-0.137966
0.141040,6.914086,0.787358,-0.019741,-0.034558,-0.667396,0.743639,0.051900,0.020795,0.121310,0.119785,-0.140853,-0.065988,0.217961,-0.111828,-0.556612,0.114663,-0.195267,0.096777,-0.016265,-0.005858,0.227328,-0.007017,0.178945,-0.483309,1.119885,0.018783,0.070412,0.270577,-0.049725,-0.111080,0.237026,1.198855,-0.188112,0.027704,-0.138707
0.141091,6.913670,0.787335,-0.019477,-0.034332,-0.667730,0.743357,0.051911,0.020806,0.122081,0.119787,-0.141436,-0.066126,0.217559,-0.111941,-0.556055,0.114697,-0.195574,0.096970,-0.015501,-0.005885,0.226299,-0.007749,0.178906,-0.484501,1.120494,0.017866,0.070028,0.271039,-0.050025,-0.111293,0.239652,1.198750,-0.186980,0.032099,-0.140490
0.141073,6.913300,0.787339,-0.019782,-0.034776,-0.667594,0.743450,0.053655,0.020606,0.121583,0.119848,-0.142228,-0.066041,0.219400,-0.112046,-0.556296,0.114660,-0.195538,0.097173,-0.016905,-0.005816,0.227112,-0.007305,0.178945,-0.484407,1.119392,0.020539,0.070650,0.269777,-0.050278,-0.111557,0.239558,1.200843,-0.187948,0.026867,-0.138798
0.141192,6.912889,0.787315,-0.019374,-0.034400,-0.667868,0.743232,0.053232,0.020576,0.122625,0.119832,-0.142507,-0.066201,0.218577,-0.112274,-0.555781,0.114739,-0.195836,0.096803,-0.016235,-0.005835,0.225618,-0.007351,0.178973,-0.484758,1.119347,0.022159,0.071004,0.269860,-0.050024,-0.111706,0.239586,1.201001,-0.190163,0.028352,-0.137318
0.141180,6.912548,0.787286,-0.019487,-0.034688,-0.667614,0.743443,0.054414,0.020325,0.122475,0.119874,-0.143384,-0.065872,0.219928,-0.112468,-0.556630,0.114625,-0.196203,0.097745,-0.016895,-0.006135,0.225982,-0.007463,0.179029,-0.485204,1.118834,0.022348,0.070748,0.270297,-0.050343,-0.111703,0.239628,1.200784,-0.188625,0.028746,-0.137968
0.141277,6.912277,0.787296,-0.019274,-0.034498,-0.667368,0.743679,0.053917,0.019925,0.121272,0.119872,-0.143424,-0.065704,0.219968,-0.112651,-0.557064,0.114625,-0.196355,0.097426,-0.017077,-0.006217,0.224916,-0.007933,0.179167,-0.486928,1.119816,0.023077,0.070716,0.269039,-0.050426,-0.111670,0.239914,1.201500,-0.188202,0.028143,-0.138563
0.141327,6.912003,0.787231,-0.019217,-0.034509,-0.667312,0.743730,0.054200,0.019702,0.120965,0.119867,-0.143998,-0.066148,0.220370,-0.112815,-0.557499,0.114548,-0.196771,0.097914,-0.017037,-0.006370,0.225066,-0.007536,0.179191,-0.486923,1.118958,0.029645,0.072844,0.265858,-0.050709,-0.111698,0.240504,1.199940,-0.186469,0.028707,-0.138700
0.141474,6.911746,0.787251,-0.018958,-0.034266,-0.667373,0.743693,0.053712,0.019427,0.120798,0.119859,-0.144055,-0.065891,0.219884,-0.113038,-0.557521,0.114600,-0.196836,0.097952,-0.016707,-0.006507,0.224476,-0.007076,0.179100,-0.486515,1.119286,0.031632,0.072955,0.265863,-0.051261,-0.111732,0.240873,1.199991,-0.187166,0.028244,-0.138997
0.141522,6.911606,0.787242,-0.018962,-0.034336,-0.667097,0.743937,0.054095,0.019204,0.120628,0.119868,-0.144338,-0.066130,0.220493,-0.113213,-0.558032,0.114548,-0.196823,0.098138,-0.017917,-0.006720,0.224769,-0.006919,0.178974,-0.486423,1.119241,0.028862,0.072737,0.265781,-0.051960,-0.111682,0.240249,1.199722,-0.187588,0.027881,-0.138639
0.141695,6.911436,0.787240,-0.018632,-0.034072,-0.667083,0.743971,0.053246,0.018689,0.120163,0.119848,-0.144208,-0.065885,0.219823,-0.113611,-0.558129,0.114512,-0.197048,0.098713,-0.017807,-0.007007,0.224046,-0.007389,0.178953,-0.487353,1.120137,0.025368,0.071925,0.267273,-0.052389,-0.111584,0.239753,1.200232,-0.188253,0.027431,-0.139463
0.141807,6.911209,0.787206,-0.018587,-0.034064,-0.667114,0.743944,0.053636,0.018577,0.120628,0.119894,-0.145087,-0.065499,0.220130,-0.113847,-0.558110,0.114493,-0.197229,0.099750,-0.017532,-0.007148,0.223878,-0.007470,0.178924,-0.487604,1.120573,0.024834,0.072158,0.267863,-0.052687,-0.111504,0.239440,1.199735,-0.190699,0.028638,-0.139869
0.141915,6.911083,0.787224,-0.018493,-0.034014,-0.667236,0.743840,0.053732,0.018416,0.121079,0.119903,-0.145155,-0.065083,0.220016,-0.114067,-0.557740,0.114552,-0.197362,0.099436,-0.017282,-0.007140,0.223536,-0.007999,0.178880,-0.488219,1.121317,0.032055,0.074013,0.264756,-0.053344,-0.111420,0.240129,1.199577,-0.191517,0.031361,-0.141613
0.142043,6.910924,0.787212,-0.018467,-0.033876,-0.667262,0.743823,0.053695,0.018395,0.120886,0.119917,-0.145642,-0.065176,0.219884,-0.114069,-0.557751,0.114602,-0.197183,0.098825,-0.017428,-0.007009,0.223035,-0.008404,0.178893,-0.488913,1.122106,0.032284,0.073898,0.264471,-0.053303,-0.111323,0.240513,1.199990,-0.191874,0.031376,-0.142235
0.142179,6.910801,0.787188,-0.018464,-0.034070,-0.667332,0.743751,0.054305,0.017971,0.121330,0.119933,-0.145940,-0.064656,0.220478,-0.114554,-0.557684,0.114544,-0.197632,0.100402,-0.017217,-0.007269,0.223059,-0.009226,0.179043,-0.489228,1.122585,0.032249,0.074341,0.264118,-0.053078,-0.111225,0.240498,1.199332,-0.192467,0.032853,-0.142558
0.142330,6.910635,0.787184,-0.018546,-0.034068,-0.667484,0.743613,0.054854,0.017984,0.121809,0.119926,-0.146270,-0.065105,0.220747,-0.114650,-0.557102,0.114617,-0.197422,0.099750,-0.017203,-0.007232,0.223028,-0.008888,0.179226,-0.488610,1.121855,0.032203,0.074389,0.265151,-0.052514,-0.111203,0.240070,1.198627,-0.193080,0.033310,-0.142971
0.142498,6.910470,0.787200,-0.018444,-0.034080,-0.667677,0.743442,0.054989,0.017598,0.122050,0.119946,-0.146435,-0.064482,0.220609,-0.115088,-0.556801,0.114658,-0.197402,0.100260,-0.016844,-0.007445,0.222736,-0.009259,0.179404,-0.488965,1.122406,0.032114,0.073806,0.264507,-0.051828,-0.111239,0.239614,1.198760,-0.193480,0.033433,-0.143272
0.142580,6.910328,0.787167,-0.018462,-0.034079,-0.667721,0.743402,0.055375,0.017627,0.122556,0.119956,-0.146916,-0.064552,0.220940,-0.115154,-0.556688,0.114694,-0.197624,0.099971,-0.016872,-0.007545,0.222727,-0.009110,0.179554,-0.488949,1.121985,0.031508,0.073967,0.264083,-0.050959,-0.111271,0.239187,1.198425,-0.193377,0.033381,-0.142350
0.142676,6.910274,0.787158,-0.018587,-0.034033,-0.667803,0.743327,0.055389,0.017654,0.121870,0.119945,-0.146785,-0.065034,0.220980,-0.114959,-0.556377,0.114666,-0.197457,0.100147,-0.017107,-0.007504,0.223255,-0.008947,0.179667,-0.488569,1.121536,0.028847,0.073838,0.265022,-0.050554,-0.111304,0.238726,1.198077,-0.193413,0.034028,-0.141893
0.142809,6.910141,0.787144,-0.018583,-0.034067,-0.667961,0.743184,0.055797,0.017497,0.122439,0.119935,-0.147071,-0.065092,0.221161,-0.115223,-0.555994,0.114701,-0.197582,0.100331,-0.017129,-0.007604,0.223941,-0.008330,0.179722,-0.488562,1.120804,0.029687,0.074444,0.264517,-0.050078,-0.111393,0.239479,1.198129,-0.192773,0.033949,-0.143341
0.142862,6.910151,0.787117,-0.018516,-0.034023,-0.667898,0.743245,0.055606,0.017355,0.122295,0.119934,-0.147216,-0.065000,0.221116,-0.115343,-0.556180,0.114658,-0.197852,0.100924,-0.017643,-0.007934,0.224314,-0.007958,0.179689,-0.487844,1.120656,0.028727,0.074150,0.264112,-0.049337,-0.111442,0.238379,1.198182,-0.193712,0.032749,-0.141374
0.142970,6.910056,0.787143,-0.018494,-0.034082,-0.667969,0.743178,0.056080,0.017201,0.123319,0.119948,-0.147610,-0.064401,0.221256,-0.115623,-0.555852,0.114666,-0.197731,0.101307,-0.018050,-0.007958,0.225528,-0.007080,0.179500,-0.486731,1.119644,0.029377,0.073724,0.264087,-0.049332,-0.111486,0.238567,1.197926,-0.193808,0.034215,-0.142398
0.143038,6.909995,0.787117,-0.018496,-0.033935,-0.668067,0.743097,0.055736,0.017257,0.122668,0.119956,-0.147605,-0.064831,0.220993,-0.115497,-0.555895,0.114737,-0.197682,0.100293,-0.018363,-0.007803,0.225781,-0.006660,0.179103,-0.486014,1.119678,0.029569,0.074406,0.264060,-0.049131,-0.111502,0.238349,1.198149,-0.193635,0.034604,-0.142320
0.143126,6.909906,0.787126,-0.018494,-0.033902,-0.668028,0.743134,0.055807,0.017125,0.122548,0.119985,-0.147896,-0.064411,0.221120,-0.115631,-0.556138,0.114786,-0.197676,0.099759,-0.018662,-0.007935,0.226296,-0.006201,0.178844,-0.485441,1.119708,0.029417,0.074121,0.264308,-0.048780,-0.111529,0.237511,1.198623,-0.193662,0.033574,-0.142032
0.143179,6.909814,0.787119,-0.018290,-0.033835,-0.668125,0.743055,0.055690,0.016948,0.123143,0.119972,-0.147960,-0.064427,0.220830,-0.115904,-0.555852,0.114736,-0.197913,0.100758,-0.018641,-0.008326,0.226386,-0.006055,0.178505,-0.485222,1.119829,0.029941,0.073783,0.264799,-0.048547,-0.111552,0.236140,1.198147,-0.192326,0.034054,-0.142478
0.143233,6.909674,0.787098,-0.018354,-0.033774,-0.668068,0.743107,0.055828,0.017011,0.122719,0.119974,-0.148284,-0.064656,0.221042,-0.115743,-0.555790,0.114764,-0.197835,0.100682,-0.018474,-0.008340,0.226752,-0.006410,0.178323,-0.485384,1.119851,0.031018,0.074655,0.264425,-0.048291,-0.111529,0.235062,1.198368,-0.192596,0.033622,-0.143177
0.143233,6.909578,0.787110,-0.018158,-0.033614,-0.668060,0.743126,0.055392,0.016917,0.122759,0.119970,-0.148180,-0.064462,0.220613,-0.115833,-0.556073,0.114738,-0.197883,0.100730,-0.018599,-0.008633,0.226786,-0.006872,0.178277,-0.485783,1.120120,0.031179,0.074755,0.265224,-0.048639,-0.111499,0.235159,1.198798,-0.192699,0.032830,-0.143636
0.143243,6.909396,0.787084,-0.018283,-0.033763,-0.668078,0.743100,0.056121,0.016926,0.122795,0.119990,-0.148715,-0.064423,0.221355,-0.115819,-0.555960,0.114715,-0.198151,0.101297,-0.018220,-0.008835,0.227367,-0.006829,0.178277,-0.485445,1.120372,0.032708,0.073311,0.265331,-0.048793,-0.111478,0.235119,1.198306,-0.192311,0.033448,-0.143125
0.143237,6.909303,0.787102,-0.018001,-0.033510,-0.668130,0.743071,0.055445,0.016864,0.122942,0.119983,-0.148699,-0.064253,0.220622,-0.115899,-0.555942,0.114697,-0.198151,0.101028,-0.018086,-0.009104,0.227227,-0.006794,0.178296,-0.484708,1.119887,0.033938,0.074252,0.264432,-0.048977,-0.111425,0.235041,1.198016,-0.193327,0.032156,-0.143927
0.143257,6.909159,0.787101,-0.018148,-0.033472,-0.668099,0.743098,0.055757,0.017173,0.122745,0.120014,-0.149032,-0.064479,0.220944,-0.115635,-0.556244,0.114725,-0.197906,0.100283,-0.018612,-0.008769,0.227748,-0.006589,0.178332,-0.484349,1.119349,0.032143,0.073916,0.263863,-0.049632,-0.111264,0.234939,1.197497,-0.192872,0.034096,-0.145126
0.143247,6.908996,0.787084,-0.017997,-0.033306,-0.668316,0.742913,0.055640,0.017341,0.123354,0.120007,-0.149196,-0.064772,0.220513,-0.115545,-0.555682,0.114750,-0.198022,0.100514,-0.017881,-0.009044,0.227239,-0.006421,0.178388,-0.484106,1.119555,0.030989,0.073354,0.264498,-0.049429,-0.110941,0.234939,1.196881,-0.191678,0.034009,-0.144562
0.143266,6.908847,0.787087,-0.018027,-0.033320,-0.668323,0.742905,0.055911,0.017304,0.123163,0.120030,-0.149547,-0.064664,0.220797,-0.115550,-0.555604,0.114746,-0.198120,0.100643,-0.017786,-0.009138,0.227512,-0.006339,0.178359,-0.483251,1.119449,0.032317,0.073939,0.263797,-0.049428,-0.110667,0.234738,1.196233,-0.193182,0.034313,-0.144065
0.143252,6.908711,0.787058,-0.018014,-0.033327,-0.668446,0.742795,0.056194,0.017403,0.123540,0.120030,-0.149878,-0.064962,0.220940,-0.115535,-0.555444,0.114752,-0.198333,0.100394,-0.018551,-0.009368,0.227697,-0.005534,0.178258,-0.482377,1.118142,0.032146,0.074146,0.264796,-0.050196,-0.110303,0.234410,1.196476,-0.192376,0.034421,-0.144319
0.143273,6.908629,0.787043,-0.018123,-0.033404,-0.668489,0.742751,0.056700,0.017521,0.123803,0.120046,-0.150190,-0.064759,0.221315,-0.115458,-0.555202,0.114772,-0.198330,0.100464,-0.018262,-0.009735,0.227873,-0.005872,0.178198,-0.482441,1.118240,0.030640,0.074916,0.264368,-0.050294,-0.110076,0.234662,1.196505,-0.191980,0.033971,-0.144801
0.143206,6.908537,0.787069,-0.018052,-0.033451,-0.668654,0.742601,0.056789,0.017438,0.123979,0.120032,-0.150076,-0.064557,0.221274,-0.115544,-0.554847,0.114728,-0.198371,0.101188,-0.018538,-0.010475,0.227740,-0.005456,0.178141,-0.482109,1.118172,0.029925,0.074168,0.265353,-0.050263,-0.109787,0.234238,1.195826,-0.192492,0.033606,-0.144396
0.143200,6.908452,0.787042,-0.018208,-0.033548,-0.668543,0.742693,0.057360,0.017561,0.123898,0.120053,-0.150450,-0.065063,0.221920,-0.115381,-0.555082,0.114725,-0.198500,0.101029,-0.018936,-0.010745,0.227794,-0.005520,0.178132,-0.482132,1.118271,0.029694,0.074476,0.265394,-0.049840,-0.109573,0.233534,1.195252,-0.192355,0.033348,-0.144926
0.143178,6.908373,0.787013,-0.018161,-0.033480,-0.668440,0.742790,0.057190,0.017587,0.123488,0.120041,-0.150559,-0.064928,0.221946,-0.115320,-0.555551,0.114665,-0.198695,0.100986,-0.018489,-0.011191,0.227479,-0.005988,0.178166,-0.482262,1.118633,0.029792,0.074570,0.265606,-0.048940,-0.109452,0.233109,1.194794,-0.192278,0.033505,-0.145267
0.143165,6.908293,0.787041,-0.018177,-0.033526,-0.668421,0.742805,0.057389,0.017527,0.123315,0.120053,-0.150487,-0.065220,0.222164,-0.115312,-0.555325,0.114688,-0.198609,0.100888,-0.017922,-0.011397,0.227275,-0.006060,0.178230,-0.481369,1.118547,0.029503,0.073681,0.266152,-0.048400,-0.109376,0.232789,1.195642,-0.192185,0.033458,-0.145130
0.143167,6.908277,0.787017,-0.018120,-0.033461,-0.668551,0.742692,0.057368,0.017642,0.123949,0.120070,-0.150708,-0.064862,0.221896,-0.115335,-0.555295,0.114722,-0.198642,0.100541,-0.017864,-0.011529,0.227203,-0.005821,0.178300,-0.480282,1.117950,0.027416,0.073626,0.267878,-0.048546,-0.109415,0.232478,1.196889,-0.192944,0.033205,-0.143516
0.143231,6.908245,0.787026,-0.018178,-0.033588,-0.668486,0.742744,0.057607,0.017358,0.123474,0.120098,-0.150953,-0.064399,0.222281,-0.115545,-0.555417,0.114733,-0.198672,0.100701,-0.017659,-0.011665,0.227357,-0.006034,0.178363,-0.480925,1.118679,0.031268,0.074279,0.266287,-0.048516,-0.109529,0.233484,1.198134,-0.192940,0.032914,-0.144392
0.143212,6.908271,0.787024,-0.018164,-0.033575,-0.668539,0.742697,0.057573,0.017398,0.123707,0.120073,-0.150636,-0.064793,0.222189,-0.115525,-0.555298,0.114723,-0.198603,0.100723,-0.017762,-0.011617,0.227225,-0.005756,0.178427,-0.480923,1.118582,0.027723,0.073226,0.268471,-0.048293,-0.109642,0.233875,1.198163,-0.192391,0.032574,-0.144971
0.143265,6.908296,0.787008,-0.018331,-0.033718,-0.668515,0.742708,0.058043,0.017393,0.123696,0.120086,-0.150827,-0.064605,0.222704,-0.115523,-0.555471,0.114694,-0.198701,0.100911,-0.018070,-0.011434,0.227756,-0.005004,0.178506,-0.480585,1.117826,0.031994,0.072857,0.267307,-0.048114,-0.109778,0.233897,1.197395,-0.192330,0.032928,-0.145451
0.143265,6.908323,0.786996,-0.018290,-0.033726,-0.668488,0.742733,0.057878,0.017259,0.123450,0.120095,-0.150909,-0.064426,0.222583,-0.115591,-0.555551,0.114698,-0.198750,0.100980,-0.018279,-0.011403,0.227823,-0.004954,0.178560,-0.480464,1.117951,0.024633,0.071581,0.271093,-0.047904,-0.109798,0.233401,1.197050,-0.192604,0.032544,-0.144437
0.143236,6.908372,0.787032,-0.018499,-0.033855,-0.668356,0.742840,0.058337,0.017410,0.123317,0.120076,-0.150491,-0.064744,0.223107,-0.115390,-0.555567,0.114737,-0.198439,0.099906,-0.017866,-0.011259,0.228082,-0.004903,0.178655,-0.481207,1.118226,0.031463,0.071707,0.269016,-0.047598,-0.109677,0.233560,1.197116,-0.191686,0.032526,-0.144554
0.143233,6.908426,0.787016,-0.018521,-0.033937,-0.668408,0.742789,0.058451,0.017349,0.123423,0.120098,-0.150540,-0.064445,0.223229,-0.115501,-0.555766,0.114722,-0.198508,0.100081,-0.019513,-0.010706,0.228331,-0.003918,0.178810,-0.481284,1.117876,0.027193,0.070663,0.271088,-0.048256,-0.109395,0.233311,1.196960,-0.192889,0.033151,-0.144271
0.143288,6.908442,0.787010,-0.018655,-0.034119,-0.668624,0.742583,0.059037,0.017295,0.123927,0.120115,-0.150808,-0.063970,0.223490,-0.115602,-0.555104,0.114758,-0.198590,0.100466,-0.020378,-0.009758,0.228614,-0.003561,0.179039,-0.482838,1.118953,0.030561,0.072317,0.267030,-0.048942,-0.109046,0.233272,1.196370,-0.193053,0.033472,-0.145510
0.143286,6.908572,0.787029,-0.018801,-0.034171,-0.668995,0.742243,0.059378,0.017668,0.124891,0.120111,-0.150656,-0.064542,0.223323,-0.115442,-0.553891,0.114846,-0.198336,0.100411,-0.020422,-0.008337,0.228027,-0.003789,0.179492,-0.485221,1.120928,0.028561,0.071021,0.267098,-0.048445,-0.108609,0.233036,1.194346,-0.192077,0.033365,-0.145919
0.143303,6.908645,0.787034,-0.019098,-0.034508,-0.669385,0.741868,0.060536,0.017764,0.125884,0.120142,-0.150784,-0.064277,0.223846,-0.115511,-0.552865,0.114972,-0.198126,0.099863,-0.019739,-0.006459,0.228397,-0.004006,0.179682,-0.485342,1.120943,0.029014,0.072070,0.267644,-0.047654,-0.108427,0.232901,1.192461,-0.191936,0.034421,-0.146515
0.143295,6.908733,0.787015,-0.019235,-0.034909,-0.669471,0.741768,0.061259,0.017393,0.125938,0.120148,-0.150779,-0.063566,0.224518,-0.115859,-0.552495,0.114975,-0.198453,0.100810,-0.018648,-0.004422,0.229073,-0.004579,0.179749,-0.484224,1.119075,0.030829,0.072974,0.269005,-0.046486,-0.108428,0.234068,1.192498,-0.192726,0.033018,-0.146749
