0.000956,0.022269,0.778381,-0.017854,-0.008498,-0.711792,0.702112,0.160927,0.104046,0.401525,0.120539,-0.204888,-0.115589,0.133962,-0.054873,-0.249765,0.126570,-0.267781,0.027297,0.000965,0.009952,0.149540,0.047208,0.119596,0.011684,1.165032,0.120708,-0.012877,0.231954,0.009603,-0.151662,0.339670,1.120744,-0.065654,0.046403,-0.360725
0.000982,0.022237,0.778392,-0.018015,-0.008771,-0.711600,0.702299,0.161647,0.103688,0.400843,0.120568,-0.204243,-0.114956,0.134835,-0.055231,-0.250708,0.126793,-0.267777,0.027627,-0.000149,0.009762,0.149789,0.047538,0.119220,0.011328,1.165623,0.119772,-0.012921,0.232154,0.009350,-0.151887,0.340009,1.121311,-0.062973,0.046026,-0.361569
0.001023,0.022117,0.778369,-0.017834,-0.008693,-0.711732,0.702171,0.161347,0.103580,0.401357,0.120523,-0.205003,-0.115501,0.134563,-0.055362,-0.250126,0.126505,-0.267980,0.027907,0.001023,0.009858,0.148760,0.047530,0.118925,0.010612,1.166005,0.121513,-0.011676,0.232042,0.010306,-0.152162,0.339224,1.121615,-0.061946,0.045275,-0.361540
0.001007,0.022140,0.778362,-0.018127,-0.008909,-0.711365,0.702533,0.162005,0.103588,0.400270,0.120598,-0.204691,-0.114732,0.135552,-0.055352,-0.251320,0.126698,-0.268171,0.027779,0.000657,0.009994,0.150296,0.047917,0.118639,0.011720,1.164244,0.121233,-0.011382,0.229836,0.011280,-0.152668,0.337851,1.120314,-0.061702,0.045270,-0.359841
0.001121,0.022052,0.778372,-0.017951,-0.008726,-0.711557,0.702345,0.161620,0.103444,0.400560,0.120599,-0.204819,-0.114455,0.134788,-0.055456,-0.250578,0.126966,-0.268218,0.027540,0.001135,0.010804,0.148810,0.047440,0.118869,0.009268,1.166832,0.118557,-0.011275,0.228666,0.011570,-0.153066,0.339415,1.122001,-0.061351,0.046026,-0.360443
0.001250,0.021783,0.778310,-0.018031,-0.008724,-0.710891,0.703017,0.161602,0.103294,0.399019,0.120643,-0.205530,-0.114342,0.136109,-0.055694,-0.252966,0.126370,-0.268333,0.028617,-0.000321,0.011116,0.148545,0.048705,0.119274,0.009291,1.166304,0.119972,-0.011290,0.229334,0.013124,-0.153398,0.339517,1.121916,-0.061649,0.045696,-0.361148
0.001286,0.021817,0.778321,-0.018113,-0.008859,-0.710833,0.703071,0.161980,0.103071,0.398795,0.120611,-0.205012,-0.114427,0.136453,-0.055875,-0.252696,0.126372,-0.268428,0.028439,-0.000248,0.011323,0.148815,0.049443,0.119969,0.009053,1.166193,0.120000,-0.013523,0.229857,0.014039,-0.153657,0.339483,1.122087,-0.060384,0.045756,-0.360255
0.001404,0.021781,0.778318,-0.018089,-0.008668,-0.711205,0.702699,0.161847,0.103241,0.399607,0.120654,-0.205666,-0.113945,0.135759,-0.055676,-0.251674,0.126648,-0.268471,0.028011,-0.000066,0.011813,0.148632,0.050898,0.121220,0.010111,1.163868,0.120391,-0.011195,0.227967,0.014257,-0.153722,0.340084,1.122095,-0.060404,0.045716,-0.359858
0.001454,0.021814,0.778301,-0.018421,-0.008874,-0.711145,0.702748,0.162721,0.103415,0.399957,0.120621,-0.205895,-0.115030,0.136742,-0.055507,-0.252013,0.126372,-0.268395,0.028383,-0.000307,0.011657,0.149748,0.051795,0.122538,0.014695,1.161664,0.124008,-0.008639,0.224706,0.014640,-0.153384,0.340160,1.121595,-0.061257,0.045249,-0.360515
0.001315,0.021580,0.778361,-0.017869,-0.008442,-0.712087,0.701813,0.162192,0.103593,0.402317,0.120568,-0.205394,-0.114894,0.134412,-0.055189,-0.248745,0.127270,-0.268996,0.026808,0.001980,0.011114,0.147596,0.053508,0.124558,0.013803,1.162060,0.122765,-0.010028,0.224016,0.015626,-0.153034,0.338725,1.121122,-0.060364,0.045607,-0.356854
0.001405,0.021757,0.778339,-0.017776,-0.008376,-0.712372,0.701527,0.161907,0.103385,0.402729,0.120535,-0.205467,-0.114845,0.133942,-0.055386,-0.248238,0.126797,-0.268345,0.027784,0.002314,0.010880,0.147923,0.053667,0.126025,0.014211,1.161894,0.121683,-0.009867,0.222304,0.015517,-0.152543,0.336658,1.120543,-0.063848,0.046293,-0.358309
0.001422,0.022076,0.778308,-0.018002,-0.008563,-0.713127,0.700751,0.162672,0.103681,0.405315,0.120457,-0.205743,-0.115639,0.133765,-0.055184,-0.246547,0.126496,-0.267422,0.028508,0.004247,0.010381,0.149491,0.052842,0.127426,0.013424,1.162560,0.121902,-0.009948,0.220877,0.014031,-0.152334,0.336466,1.121018,-0.064893,0.046628,-0.360402
0.001750,0.021855,0.778368,-0.017655,-0.008289,-0.712670,0.701229,0.161639,0.102841,0.403800,0.120522,-0.205534,-0.114199,0.133137,-0.055994,-0.247674,0.127013,-0.267823,0.028387,0.002631,0.010948,0.146719,0.053465,0.128047,0.010668,1.164240,0.121800,-0.010218,0.219495,0.014736,-0.152670,0.335404,1.121764,-0.065186,0.047836,-0.362518
0.001769,0.022057,0.778343,-0.017998,-0.008570,-0.712891,0.700992,0.162508,0.102953,0.404121,0.120549,-0.205858,-0.113893,0.133291,-0.055834,-0.246491,0.127795,-0.268369,0.027677,0.003321,0.010825,0.148068,0.053388,0.128263,0.009583,1.163268,0.121504,-0.011046,0.217036,0.015178,-0.153014,0.334082,1.120453,-0.065105,0.046446,-0.367744
0.001892,0.022123,0.778342,-0.018006,-0.008543,-0.712861,0.701022,0.162397,0.102823,0.404362,0.120507,-0.205761,-0.114071,0.133397,-0.056087,-0.247234,0.127402,-0.267605,0.028552,0.003770,0.010345,0.147898,0.053054,0.127988,0.009844,1.162798,0.132611,-0.008384,0.217258,0.015786,-0.153489,0.333947,1.119667,-0.066291,0.046355,-0.372251
0.001897,0.022177,0.778337,-0.018506,-0.009162,-0.712686,0.701179,0.164033,0.102575,0.403838,0.120539,-0.205733,-0.113827,0.134975,-0.056310,-0.247299,0.127997,-0.268380,0.028337,0.003516,0.010220,0.149482,0.052782,0.126671,0.010338,1.162422,0.137295,-0.006436,0.215484,0.016515,-0.154124,0.332602,1.118373,-0.067511,0.046969,-0.374799
0.002049,0.022180,0.778289,-0.018364,-0.008834,-0.712724,0.701148,0.163271,0.102723,0.403891,0.120496,-0.206055,-0.114386,0.134274,-0.056130,-0.247020,0.127694,-0.268298,0.028280,0.003747,0.011401,0.148529,0.052617,0.124063,0.010003,1.162712,0.140425,-0.005236,0.212917,0.017224,-0.154883,0.330019,1.117631,-0.067335,0.048258,-0.376830
0.002046,0.022208,0.778320,-0.018581,-0.009152,-0.712544,0.701322,0.163980,0.102560,0.404037,0.120485,-0.205751,-0.114781,0.135196,-0.056407,-0.247915,0.127820,-0.268236,0.028475,0.003182,0.011372,0.149228,0.052310,0.122260,0.008351,1.163159,0.139443,-0.005423,0.209625,0.017587,-0.155211,0.328768,1.116902,-0.066322,0.049170,-0.375187
0.002153,0.021936,0.778243,-0.018562,-0.008944,-0.713466,0.700387,0.164774,0.102862,0.406467,0.120462,-0.206969,-0.114771,0.134781,-0.056009,-0.244996,0.127468,-0.268162,0.029118,0.005618,0.012187,0.147660,0.053068,0.120060,0.006454,1.164182,0.140732,-0.005781,0.207749,0.018944,-0.155463,0.328126,1.116709,-0.060797,0.047443,-0.371554
0.002193,0.021947,0.778228,-0.018668,-0.009040,-0.713474,0.700374,0.165132,0.102799,0.406401,0.120467,-0.206836,-0.114325,0.135134,-0.056053,-0.245214,0.127432,-0.268002,0.029429,0.005198,0.012456,0.147949,0.052551,0.118846,0.005253,1.164838,0.140447,-0.005320,0.205835,0.020191,-0.155412,0.326723,1.115160,-0.056334,0.043593,-0.365233
0.002230,0.022658,0.778267,-0.019804,-0.010670,-0.710618,0.703218,0.166218,0.101356,0.398076,0.120693,-0.205657,-0.112629,0.139904,-0.057765,-0.252630,0.128609,-0.269573,0.028912,-0.002718,0.011640,0.154534,0.049109,0.118277,0.005182,1.165318,0.139606,-0.005604,0.204084,0.018710,-0.155009,0.325011,1.113701,-0.049843,0.038096,-0.353474
0.002277,0.022733,0.778227,-0.019776,-0.010677,-0.710729,0.703107,0.166230,0.101196,0.398470,0.120681,-0.205632,-0.112522,0.140187,-0.057951,-0.253243,0.127697,-0.268552,0.030385,-0.002688,0.011559,0.154495,0.048914,0.118199,0.004930,1.164906,0.141565,-0.005787,0.203054,0.018887,-0.154832,0.325810,1.112926,-0.038972,0.032388,-0.335435
0.002400,0.022682,0.778232,-0.019636,-0.010534,-0.711025,0.702814,0.166029,0.101140,0.399435,0.120644,-0.205881,-0.112922,0.139395,-0.058034,-0.252110,0.128067,-0.268788,0.029936,-0.002360,0.012316,0.154226,0.049171,0.118264,0.004390,1.163996,0.143009,-0.005928,0.201720,0.020528,-0.154470,0.327093,1.112355,-0.022103,0.020933,-0.330195
0.002699,0.022711,0.778315,-0.019110,-0.010048,-0.711403,0.702453,0.164609,0.100522,0.400180,0.120662,-0.205409,-0.111182,0.137203,-0.058544,-0.251138,0.128525,-0.268477,0.029927,-0.002547,0.013183,0.152942,0.049816,0.118391,0.004510,1.163329,0.148314,-0.006668,0.201930,0.021621,-0.154101,0.326711,1.112719,-0.007669,0.007546,-0.326092
0.002792,0.022727,0.778256,-0.019203,-0.009711,-0.710997,0.702866,0.163884,0.101163,0.399234,0.120657,-0.206479,-0.112732,0.137740,-0.057976,-0.252579,0.127144,-0.267469,0.030770,-0.004403,0.014171,0.152602,0.050558,0.118864,0.005642,1.162968,0.151977,-0.008483,0.200757,0.023652,-0.153769,0.325578,1.110932,0.007768,-0.007739,-0.318897
0.002921,0.022703,0.778324,-0.019145,-0.009765,-0.711139,0.702722,0.163963,0.100771,0.399686,0.120694,-0.205873,-0.111615,0.137075,-0.058328,-0.251678,0.128214,-0.268132,0.029880,-0.005403,0.014721,0.153046,0.051322,0.119751,0.004896,1.162681,0.155826,-0.009925,0.198651,0.025206,-0.153428,0.324780,1.108468,0.010790,-0.018918,-0.316427
0.003085,0.022710,0.778280,-0.019075,-0.009619,-0.711411,0.702451,0.163848,0.100566,0.399984,0.120732,-0.206217,-0.110631,0.136728,-0.058481,-0.251182,0.127945,-0.267614,0.030732,-0.006990,0.014653,0.152264,0.052536,0.121501,0.003110,1.163823,0.156967,-0.012805,0.197764,0.025604,-0.152879,0.324590,1.106509,0.015250,-0.024328,-0.312757
0.003232,0.022730,0.778270,-0.019117,-0.009634,-0.711555,0.702304,0.164040,0.100490,0.400712,0.120656,-0.206382,-0.111446,0.136704,-0.058649,-0.250890,0.127898,-0.267373,0.030879,-0.007169,0.015085,0.152914,0.052620,0.122303,0.002498,1.163810,0.161449,-0.013166,0.196285,0.026117,-0.152882,0.322822,1.103812,0.016655,-0.025942,-0.311932
0.003411,0.022739,0.778374,-0.019165,-0.009616,-0.711852,0.702002,0.164290,0.100293,0.401471,0.120699,-0.205855,-0.110142,0.135730,-0.058710,-0.249406,0.129377,-0.267965,0.029402,-0.007901,0.014640,0.151651,0.052894,0.123108,0.002283,1.166130,0.162426,-0.013937,0.196934,0.025710,-0.152863,0.324384,1.104165,0.017298,-0.024350,-0.312494
0.003606,0.022879,0.778380,-0.018993,-0.009250,-0.712108,0.701752,0.163338,0.100399,0.402191,0.120651,-0.206294,-0.110639,0.135003,-0.058717,-0.249174,0.128259,-0.266166,0.031068,-0.008436,0.014970,0.151299,0.052608,0.123823,0.002200,1.166437,0.163479,-0.013916,0.195824,0.024359,-0.152940,0.324803,1.104692,0.014029,-0.019720,-0.314784
0.003975,0.023196,0.778499,-0.018884,-0.009096,-0.712548,0.701310,0.162794,0.099999,0.403817,0.120596,-0.205527,-0.110339,0.133316,-0.059219,-0.247564,0.129040,-0.265403,0.031086,-0.008030,0.014659,0.151923,0.052232,0.124276,0.004052,1.164828,0.165451,-0.013928,0.196093,0.022209,-0.153453,0.325090,1.104998,0.008723,-0.012870,-0.314676
0.004592,0.023812,0.778718,-0.018746,-0.008784,-0.713319,0.700534,0.161542,0.099494,0.406022,0.120536,-0.204473,-0.109027,0.130628,-0.060003,-0.245122,0.129699,-0.262358,0.032469,-0.009746,0.015109,0.152770,0.051162,0.125337,0.001553,1.165737,0.161152,-0.015858,0.195725,0.017870,-0.154779,0.328309,1.106179,0.001793,-0.005402,-0.316924
0.005147,0.024475,0.778928,-0.018796,-0.008212,-0.715526,0.698285,0.161451,0.100126,0.412595,0.120356,-0.203844,-0.109170,0.126688,-0.059373,-0.238637,0.130433,-0.258329,0.033275,-0.005107,0.015977,0.153140,0.049898,0.125795,0.003363,1.163513,0.165040,-0.012022,0.192216,0.016961,-0.155901,0.327882,1.105185,-0.002280,-0.007137,-0.321661
0.006361,0.026155,0.779305,-0.018768,-0.007593,-0.717366,0.696402,0.158975,0.099609,0.417311,0.120334,-0.202021,-0.106347,0.120315,-0.059943,-0.233677,0.132847,-0.252932,0.033516,-0.004660,0.017442,0.154879,0.045848,0.125557,0.000502,1.167275,0.165033,-0.014262,0.195534,0.012863,-0.158192,0.328192,1.105488,-0.007627,-0.016500,-0.337538
0.008053,0.028250,0.779675,-0.017878,-0.006923,-0.720888,0.692787,0.155937,0.097233,0.428148,0.120023,-0.199665,-0.103239,0.098163,-0.064752,-0.222347,0.162164,-0.259642,0.031864,-0.000734,0.019291,0.156562,0.041679,0.125250,-0.004398,1.167849,0.163938,-0.012746,0.193398,0.010014,-0.161944,0.323732,1.098790,-0.013472,-0.021138,-0.353058
0.009882,0.031267,0.780004,-0.016382,-0.005690,-0.724699,0.688847,0.149783,0.094809,0.439534,0.119658,-0.197022,-0.099484,0.073237,-0.069171,-0.210887,0.189577,-0.262876,0.032625,0.000607,0.019328,0.159403,0.037693,0.125985,-0.011004,1.167966,0.166193,-0.014554,0.196965,0.005899,-0.166296,0.319620,1.086268,-0.012574,-0.030430,-0.364258
0.012255,0.035002,0.780348,-0.016966,-0.006213,-0.729902,0.683313,0.149676,0.092689,0.457658,0.119092,-0.194503,-0.094809,0.051971,-0.072644,-0.194840,0.217202,-0.264651,0.032824,0.000480,0.020020,0.169678,0.033502,0.127393,-0.016626,1.167558,0.163656,-0.015004,0.195805,-0.002407,-0.171152,0.313502,1.073482,-0.019230,-0.037071,-0.372035
0.014777,0.040297,0.781182,-0.012808,-0.002087,-0.738768,0.673835,0.134858,0.091850,0.484496,0.118039,-0.188049,-0.090336,0.006469,-0.073872,-0.169327,0.252060,-0.259147,0.034996,0.004427,0.018854,0.174267,0.032410,0.127581,-0.003889,1.155800,0.171249,-0.012354,0.193412,-0.015923,-0.174769,0.307849,1.057454,-0.020985,-0.046501,-0.385618
0.017273,0.047679,0.781856,-0.009197,0.002505,-0.746642,0.665157,0.113624,0.094742,0.507219,0.122595,-0.183114,-0.084893,-0.048854,-0.072931,-0.144774,0.301776,-0.252894,0.040599,0.002598,0.020592,0.182072,0.026822,0.131265,-0.012774,1.141598,0.160659,-0.000831,0.202875,-0.035959,-0.177379,0.294962,1.044790,-0.028746,-0.048863,-0.388303
0.019774,0.055110,0.781833,-0.004343,0.005436,-0.758013,0.652203,0.087620,0.098911,0.539899,0.145983,-0.187390,-0.075773,-0.117624,-0.075003,-0.114104,0.376174,-0.252844,0.051948,0.008533,0.018271,0.189189,0.012233,0.139137,-0.021724,1.157577,0.144969,-0.007796,0.197877,-0.057761,-0.178304,0.286064,1.039311,-0.036516,-0.049632,-0.391240
0.021121,0.062721,0.781064,-0.000916,0.004978,-0.768059,0.640359,0.064295,0.105489,0.569486,0.181228,-0.199661,-0.068968,-0.167159,-0.086321,-0.113812,0.438174,-0.251838,0.084019,0.010601,0.010514,0.203919,0.006155,0.152108,-0.023155,1.157310,0.150105,-0.005772,0.193063,-0.078941,-0.176613,0.285577,1.037662,-0.042478,-0.050143,-0.400001
0.021727,0.068815,0.780433,-0.001709,0.002414,-0.774151,0.632994,0.059477,0.110036,0.588773,0.196362,-0.204861,-0.067172,-0.192091,-0.142031,-0.207717,0.536215,-0.300135,0.054165,0.007222,0.006789,0.217270,-0.003778,0.169131,-0.031553,1.164872,0.152950,0.000883,0.188757,-0.092648,-0.174876,0.293199,1.044959,-0.038515,-0.050213,-0.399763
0.021241,0.074423,0.779860,-0.000408,-0.001099,-0.773202,0.634159,0.049038,0.106735,0.586187,0.206785,-0.203118,-0.063855,-0.203597,-0.216359,-0.272568,0.652131,-0.377708,-0.009078,-0.002216,0.000770,0.222391,-0.018777,0.185620,-0.033390,1.170296,0.156393,0.006143,0.190348,-0.090177,-0.173388,0.294503,1.048043,-0.031382,-0.051406,-0.396738
0.019843,0.078474,0.779073,0.000419,-0.004759,-0.771987,0.635620,0.043926,0.103565,0.583280,0.213118,-0.201975,-0.064289,-0.204925,-0.264271,-0.251795,0.746574,-0.419838,-0.031026,-0.006002,-0.001258,0.219555,-0.023342,0.192140,-0.012055,1.157841,0.165946,0.010075,0.197447,-0.076777,-0.173543,0.292120,1.053434,-0.031444,-0.050434,-0.389276
0.017068,0.081969,0.778693,-0.000139,-0.010529,-0.772417,0.635028,0.047533,0.100594,0.584257,0.216786,-0.196287,-0.065565,-0.197334,-0.298958,-0.191927,0.818290,-0.435304,-0.045256,-0.001914,-0.002282,0.218689,-0.024486,0.195735,-0.001534,1.140136,0.156859,0.004431,0.203059,-0.063000,-0.178463,0.301328,1.067298,-0.027651,-0.050670,-0.384780
0.013170,0.085559,0.778110,-0.001721,-0.014987,-0.772606,0.634707,0.051380,0.102824,0.583239,0.220041,-0.193720,-0.068702,-0.170721,-0.334575,-0.145539,0.846824,-0.411296,-0.040688,0.001946,0.000834,0.217417,-0.020840,0.196001,0.008498,1.112134,0.162072,0.001350,0.205790,-0.050440,-0.186458,0.312381,1.086392,-0.014192,-0.053116,-0.380837
0.008146,0.089291,0.777457,-0.001840,-0.019108,-0.772568,0.634641,0.052071,0.105472,0.581396,0.223459,-0.187992,-0.076381,-0.138154,-0.372164,-0.110864,0.844741,-0.371385,-0.038842,0.002190,0.001885,0.213571,-0.011522,0.194274,0.021045,1.078583,0.173362,0.001063,0.202885,-0.040985,-0.193497,0.319797,1.108220,-0.007527,-0.050148,-0.377503
0.001679,0.092550,0.776570,0.001902,-0.021098,-0.776255,0.630064,0.047217,0.110459,0.591348,0.226951,-0.183139,-0.084653,-0.110025,-0.403800,-0.077633,0.808963,-0.359333,-0.024725,0.008100,0.000312,0.197233,0.003946,0.191954,0.030433,1.055618,0.182911,0.001908,0.204784,-0.031433,-0.198727,0.324456,1.128320,0.000367,-0.048493,-0.372006
-0.006044,0.097738,0.775336,0.002652,-0.025883,-0.780051,0.625175,0.045908,0.119875,0.600891,0.239888,-0.180992,-0.093829,-0.071378,-0.428190,-0.047481,0.748000,-0.343211,-0.004969,0.012067,-0.002170,0.194741,0.009884,0.191966,0.032938,1.051845,0.181499,-0.000452,0.208966,-0.029746,-0.205275,0.328602,1.139174,0.006128,-0.046417,-0.368042
-0.015513,0.103549,0.773855,0.003854,-0.030242,-0.786265,0.617137,0.045034,0.134374,0.617223,0.254438,-0.177923,-0.107647,-0.039665,-0.443387,-0.015236,0.670805,-0.318316,0.018523,0.020638,-0.005210,0.193053,0.016312,0.191056,0.039839,1.055565,0.176774,0.000074,0.209169,-0.026823,-0.212713,0.329201,1.134552,-0.003692,-0.047734,-0.369196
-0.027308,0.110560,0.771949,0.006247,-0.032739,-0.794169,0.606783,0.035091,0.160391,0.636811,0.283881,-0.179265,-0.123620,-0.019255,-0.454415,0.005472,0.591032,-0.317453,0.037098,0.030786,-0.009092,0.188453,0.024984,0.190650,0.048980,1.063472,0.171514,0.000271,0.208443,-0.031309,-0.220242,0.335623,1.129683,-0.009325,-0.051908,-0.367546
-0.041196,0.118282,0.769685,0.007936,-0.035504,-0.804719,0.592540,0.032020,0.192350,0.665619,0.312164,-0.178009,-0.143457,-0.016758,-0.464417,0.015659,0.533394,-0.321956,0.050320,0.048165,-0.013642,0.184972,0.037228,0.190956,0.055029,1.072837,0.167577,0.000033,0.208630,-0.037526,-0.227688,0.340212,1.119534,-0.026241,-0.048266,-0.366811
-0.057119,0.128097,0.767321,0.004365,-0.039034,-0.813217,0.580633,0.034824,0.234800,0.684823,0.344151,-0.173213,-0.167078,-0.014571,-0.469258,-0.008133,0.502363,-0.313494,0.065424,0.056263,-0.014379,0.195171,0.047241,0.192717,0.058775,1.081142,0.161490,-0.001487,0.209106,-0.053134,-0.236245,0.350955,1.111660,-0.028645,-0.052207,-0.364602
-0.076262,0.140152,0.763813,0.007035,-0.042269,-0.820924,0.569427,0.025878,0.274207,0.700375,0.371705,-0.156539,-0.194975,-0.002777,-0.464274,-0.028388,0.436109,-0.303596,0.171297,0.064753,-0.025875,0.195848,0.055806,0.199919,0.061738,1.089920,0.154467,-0.005077,0.199466,-0.070995,-0.242163,0.365313,1.103822,-0.032468,-0.048455,-0.364254
-0.098294,0.154402,0.759767,0.009371,-0.046849,-0.827155,0.559939,0.022660,0.311016,0.707239,0.381232,-0.122488,-0.232775,0.005260,-0.446353,-0.048672,0.403130,-0.339948,0.243231,0.073575,-0.043667,0.199952,0.069841,0.209029,0.080785,1.071515,0.168719,0.003992,0.195198,-0.089155,-0.243792,0.378813,1.097417,-0.034793,-0.050608,-0.358432
-0.122253,0.170560,0.757958,0.006139,-0.047802,-0.830361,0.555138,0.025130,0.353496,0.691941,0.362209,-0.059820,-0.261800,-0.010585,-0.405062,-0.060690,0.438759,-0.406154,0.225040,0.074378,-0.050710,0.212894,0.079693,0.223162,0.097870,1.049405,0.168093,0.006240,0.184885,-0.106403,-0.241151,0.389706,1.088778,-0.049636,-0.048907,-0.372408
-0.147587,0.188580,0.757686,0.005717,-0.044260,-0.829085,0.557338,0.005636,0.399493,0.670678,0.340029,0.027866,-0.261800,-0.065804,-0.353169,-0.054907,0.534593,-0.454651,0.187192,0.066218,-0.056409,0.215451,0.083685,0.239662,0.115400,1.026171,0.163936,0.006270,0.174697,-0.123591,-0.240359,0.402663,1.088607,-0.048036,-0.050310,-0.366466
-0.173156,0.206840,0.758026,0.010255,-0.039452,-0.822031,0.567981,-0.033400,0.431458,0.630281,0.302508,0.136340,-0.261800,-0.106168,-0.314685,-0.085554,0.594042,-0.481407,0.166366,0.047802,-0.068486,0.207549,0.080427,0.256980,0.127946,1.007082,0.166478,0.010367,0.163327,-0.129748,-0.244310,0.406493,1.084662,-0.058146,-0.043863,-0.350702
-0.197170,0.223581,0.757291,0.012647,-0.036167,-0.811485,0.583116,-0.071119,0.450743,0.576244,0.280210,0.185189,-0.261800,-0.125016,-0.283517,-0.132680,0.632847,-0.510048,0.136474,0.027584,-0.076442,0.203132,0.068794,0.275167,0.126617,0.989604,0.170656,0.016414,0.146787,-0.121795,-0.258765,0.399856,1.069579,-0.064990,-0.041645,-0.344221
-0.219622,0.238656,0.757306,0.008729,-0.032877,-0.805929,0.591033,-0.099943,0.480441,0.497216,0.362264,0.086243,-0.261800,-0.131277,-0.238168,-0.166814,0.653459,-0.522785,0.093348,0.025243,-0.073418,0.207037,0.052990,0.289224,0.115140,0.980023,0.167592,0.012139,0.146481,-0.106815,-0.283525,0.387654,1.055552,-0.071575,-0.042289,-0.349982
-0.239863,0.251774,0.758287,-0.000549,-0.034117,-0.804262,0.593295,-0.072636,0.535850,0.541279,0.504058,-0.076515,-0.199543,-0.116377,-0.191386,-0.186436,0.650794,-0.523504,0.055509,0.030794,-0.066650,0.222695,0.040459,0.292435,0.106966,0.977808,0.168741,0.009432,0.153913,-0.085561,-0.309929,0.357168,1.048176,-0.061799,-0.035584,-0.352640
-0.258076,0.263749,0.760176,-0.001627,-0.035988,-0.801108,0.597435,-0.025145,0.578194,0.643035,0.659284,-0.211632,-0.091973,-0.112449,-0.162183,-0.206421,0.640949,-0.518443,0.024148,0.028790,-0.069812,0.222575,0.030478,0.288912,0.101632,0.980723,0.167529,0.011740,0.151292,-0.057363,-0.332783,0.319202,1.042620,-0.039101,-0.026158,-0.355932
-0.274205,0.274127,0.761877,-0.000569,-0.033758,-0.797685,0.602128,0.012117,0.583993,0.682620,0.814304,-0.307979,-0.028136,-0.111756,-0.131123,-0.225438,0.618602,-0.508470,0.000971,0.021937,-0.067002,0.212311,0.022612,0.280976,0.091592,0.987099,0.163835,0.010570,0.145055,-0.026997,-0.354647,0.283103,1.039440,-0.020173,-0.025001,-0.350674
-0.288834,0.283840,0.763092,0.002644,-0.033089,-0.790535,0.611517,0.030499,0.519865,0.644364,0.924881,-0.348230,-0.031808,-0.113058,-0.115113,-0.256592,0.602548,-0.499889,-0.014021,0.008876,-0.067023,0.200516,0.007324,0.273385,0.068114,1.003570,0.160930,0.013033,0.142535,0.012923,-0.373837,0.246734,1.032640,-0.014285,-0.018992,-0.350042
-0.302821,0.292772,0.763248,0.002379,-0.031860,-0.778281,0.627103,0.036575,0.398555,0.535305,0.976246,-0.331480,-0.111605,-0.105289,-0.095565,-0.293893,0.583780,-0.495398,-0.035976,-0.017514,-0.062062,0.190988,-0.010145,0.266856,0.039879,1.031175,0.163826,0.010346,0.146834,0.056410,-0.385715,0.213771,1.030536,-0.002261,-0.014692,-0.347093
-0.316434,0.300645,0.762579,0.003033,-0.028025,-0.764998,0.643415,0.045705,0.232241,0.398289,0.971131,-0.292392,-0.237235,-0.104520,-0.074827,-0.334657,0.568680,-0.491995,-0.061818,-0.045583,-0.053849,0.172922,-0.025082,0.259808,0.012130,1.060205,0.158318,0.007718,0.149002,0.103476,-0.390780,0.190239,1.028891,0.013526,-0.011216,-0.338426
-0.328492,0.309127,0.761406,0.013202,-0.027544,-0.746823,0.664321,0.061973,0.034340,0.287690,0.913462,-0.236161,-0.261800,-0.129173,-0.088538,-0.384267,0.585984,-0.500174,-0.076558,-0.087253,-0.062439,0.145304,-0.036984,0.253338,-0.009931,1.079912,0.141012,0.002617,0.146968,0.143748,-0.387272,0.177088,1.032475,0.012987,-0.004771,-0.333270
-0.340988,0.317682,0.759504,0.022308,-0.025647,-0.728047,0.684683,0.102294,-0.120050,0.230648,0.823760,-0.173281,-0.261800,-0.152865,-0.098111,-0.432378,0.598749,-0.509752,-0.094163,-0.132413,-0.071831,0.114957,-0.038575,0.251500,-0.028249,1.087075,0.132172,-0.001186,0.143631,0.176041,-0.373497,0.180615,1.044880,-0.001400,0.000517,-0.331161
-0.354947,0.327042,0.757098,0.025101,-0.019112,-0.711021,0.702462,0.143681,-0.200374,0.220128,0.749485,-0.148202,-0.261800,-0.171716,-0.084359,-0.480056,0.597536,-0.508372,-0.123207,-0.174700,-0.070102,0.087499,-0.035572,0.255936,-0.049032,1.087476,0.132022,0.000471,0.144187,0.203173,-0.350124,0.187645,1.055032,-0.024562,0.009905,-0.324837
-0.369381,0.338074,0.755147,0.026502,-0.012176,-0.695145,0.718278,0.173413,-0.240255,0.232313,0.685237,-0.139232,-0.261800,-0.194943,-0.068243,-0.525210,0.595600,-0.494310,-0.151174,-0.210317,-0.066140,0.066949,-0.035554,0.261050,-0.058995,1.084342,0.143734,0.002687,0.142825,0.234242,-0.311693,0.156813,1.046095,-0.043745,0.017902,-0.313071
-0.384224,0.350765,0.753688,0.025485,-0.007295,-0.680366,0.732393,0.200643,-0.269950,0.235030,0.606209,-0.105677,-0.261800,-0.218447,-0.052130,-0.563182,0.596273,-0.472428,-0.182088,-0.235527,-0.064026,0.055720,-0.045313,0.269242,-0.071216,1.093788,0.138254,0.001758,0.148253,0.268495,-0.264334,0.126696,1.037369,-0.034484,0.005029,-0.313590
-0.399682,0.364694,0.752132,0.020174,-0.002613,-0.670256,0.741851,0.216309,-0.290029,0.207445,0.521735,-0.040745,-0.261800,-0.236259,-0.022177,-0.591245,0.583956,-0.439053,-0.213259,-0.245331,-0.059446,0.054161,-0.054127,0.278541,-0.073748,1.100437,0.140573,0.002516,0.154252,0.294837,-0.214890,0.118519,1.041849,-0.027076,0.003321,-0.309219
-0.416697,0.380381,0.750660,0.008632,0.003086,-0.665178,0.746629,0.208784,-0.275684,0.164131,0.465614,0.004943,-0.261800,-0.241746,0.032908,-0.611628,0.540971,-0.384235,-0.244627,-0.239749,-0.047528,0.066232,-0.064146,0.290171,-0.076290,1.104159,0.139409,0.000817,0.159134,0.309780,-0.168136,0.128370,1.057863,-0.036800,0.011390,-0.296888
-0.434909,0.398318,0.748460,-0.004050,0.008448,-0.664113,0.747574,0.168423,-0.224225,0.166440,0.546005,-0.142269,-0.147463,-0.245993,0.092864,-0.632412,0.488932,-0.315164,-0.261800,-0.225387,-0.036465,0.083012,-0.073139,0.305286,-0.077936,1.103171,0.135616,0.001051,0.158619,0.315621,-0.124661,0.149266,1.078604,-0.041392,0.010913,-0.279038
-0.451205,0.418835,0.745054,-0.005624,0.006937,-0.664660,0.747093,0.166269,-0.210759,0.205641,0.528225,-0.244286,0.029658,-0.288956,0.097358,-0.646316,0.515903,-0.268303,-0.261800,-0.212440,-0.048563,0.093908,-0.076422,0.322186,-0.077207,1.098671,0.133452,-0.003373,0.160651,0.307615,-0.090270,0.181598,1.103544,-0.052189,0.011721,-0.266875
-0.467619,0.441301,0.742430,-0.004487,0.003035,-0.671492,0.740992,0.189725,-0.212403,0.240322,0.442099,-0.321683,0.100210,-0.343880,0.094005,-0.647151,0.557898,-0.196430,-0.261800,-0.191755,-0.068138,0.107484,-0.073895,0.341530,-0.076359,1.095993,0.136238,-0.006190,0.158086,0.287703,-0.064770,0.212559,1.124028,-0.058505,0.014403,-0.266503
-0.483973,0.465631,0.741680,-0.001575,-0.001112,-0.681710,0.731620,0.201650,-0.217829,0.262746,0.352721,-0.365992,0.115212,-0.415734,0.089243,-0.625714,0.607317,-0.080663,-0.261800,-0.168634,-0.090591,0.126672,-0.066464,0.363142,-0.071677,1.093707,0.135744,-0.007434,0.149775,0.258040,-0.044986,0.230506,1.139875,-0.062688,0.013668,-0.272403
-0.499843,0.491414,0.742221,0.000085,-0.003946,-0.693348,0.720592,0.198791,-0.214781,0.288338,0.280622,-0.385126,0.107783,-0.497990,0.113524,-0.532988,0.630254,0.082839,-0.202401,-0.144676,-0.108942,0.151649,-0.058899,0.383788,-0.066540,1.103687,0.127634,-0.009020,0.145223,0.217048,-0.034753,0.246777,1.155166,-0.052465,0.015809,-0.279122
-0.513046,0.515518,0.742804,-0.001625,-0.012185,-0.697396,0.716580,0.200260,-0.213532,0.301259,0.233921,-0.394814,0.108173,-0.518591,0.163516,-0.356131,0.581876,0.142881,0.187810,-0.137375,-0.124629,0.186212,-0.048784,0.395994,-0.059552,1.123634,0.120357,-0.006799,0.138187,0.180638,-0.038289,0.255423,1.162609,-0.050147,0.017502,-0.281640
-0.527285,0.536894,0.742904,-0.010431,-0.019113,-0.704569,0.709301,0.174062,-0.180427,0.336572,0.278797,-0.429452,0.096465,-0.475515,0.194037,-0.294151,0.501453,0.169467,0.261800,-0.111696,-0.124050,0.222766,-0.037753,0.399174,-0.055500,1.150556,0.110765,-0.004779,0.133823,0.159047,-0.053682,0.256514,1.156623,-0.052580,0.018733,-0.282158
-0.537668,0.556899,0.746721,-0.014200,-0.020694,-0.708904,0.704859,0.131709,-0.148934,0.359006,0.324790,-0.431805,0.085080,-0.516128,0.133011,-0.275459,0.638148,0.064749,0.261800,-0.087104,-0.113791,0.242958,-0.025540,0.385771,-0.031065,1.169407,0.106691,-0.001323,0.138304,0.141464,-0.078338,0.256391,1.149788,-0.050717,0.012444,-0.295757
-0.546428,0.574932,0.751074,-0.015368,-0.020025,-0.713406,0.700296,0.088729,-0.120843,0.376403,0.360234,-0.421773,0.081491,-0.546936,0.046841,-0.253010,0.782480,-0.049321,0.261800,-0.065504,-0.098012,0.252246,0.002407,0.361603,0.002839,1.166729,0.103321,0.000003,0.139961,0.126008,-0.111349,0.250407,1.141977,-0.045594,0.014186,-0.301213
-0.553903,0.591024,0.754848,-0.016978,-0.019244,-0.720032,0.693466,0.062302,-0.096016,0.398390,0.371337,-0.406278,0.079385,-0.557150,-0.024980,-0.195683,0.894648,-0.143878,0.261800,-0.046343,-0.078421,0.258169,0.046125,0.332236,0.030361,1.146436,0.096655,-0.000759,0.137490,0.108947,-0.150339,0.244095,1.135639,-0.043241,0.014746,-0.302926
-0.561222,0.605242,0.757641,-0.017779,-0.021487,-0.728550,0.684425,0.055492,-0.085311,0.413046,0.354167,-0.385480,0.043287,-0.542131,-0.105758,-0.145642,0.974164,-0.201619,0.261800,-0.027498,-0.065027,0.263910,0.094986,0.301027,0.044962,1.128608,0.101495,-0.002512,0.141569,0.088985,-0.189562,0.238708,1.128121,-0.035517,0.019797,-0.302868
-0.568822,0.617789,0.759753,-0.014087,-0.028181,-0.733778,0.678658,0.055629,-0.088981,0.430702,0.324069,-0.356412,0.014649,-0.513696,-0.207334,-0.090234,1.030075,-0.246465,0.261800,-0.016188,-0.066289,0.264139,0.139189,0.270085,0.055071,1.123839,0.104563,0.001104,0.142586,0.074069,-0.222368,0.229198,1.119297,-0.029580,0.018935,-0.306379
-0.578403,0.629341,0.761077,-0.010873,-0.032229,-0.736848,0.675202,0.042620,-0.080611,0.441535,0.321324,-0.341616,-0.012674,-0.462102,-0.320596,-0.084689,1.043992,-0.270098,0.214043,-0.007516,-0.067085,0.259201,0.174065,0.243620,0.059528,1.135665,0.101874,0.003412,0.137843,0.064634,-0.244992,0.215054,1.103613,-0.015163,0.015152,-0.306486
-0.589204,0.640405,0.761789,-0.006583,-0.034566,-0.737856,0.674040,0.021886,-0.068823,0.446170,0.327582,-0.329711,-0.040337,-0.398287,-0.438729,-0.113686,1.035771,-0.295339,0.164042,-0.000854,-0.069163,0.249800,0.198676,0.222684,0.060579,1.154981,0.098036,0.009170,0.129533,0.057646,-0.257263,0.202348,1.083983,-0.016569,0.017530,-0.314861
-0.600987,0.651370,0.762262,-0.003292,-0.036212,-0.738024,0.673794,-0.002020,-0.051713,0.445803,0.342769,-0.320622,-0.068771,-0.318697,-0.534888,-0.152049,1.002645,-0.304030,0.126263,0.005764,-0.071606,0.242973,0.215449,0.205906,0.062456,1.173317,0.090777,0.010940,0.126032,0.048947,-0.261021,0.199680,1.066926,-0.018360,0.014969,-0.319159
-0.614202,0.662347,0.762599,0.000028,-0.036245,-0.738746,0.673009,-0.032037,-0.027554,0.446641,0.366042,-0.312592,-0.093051,-0.242122,-0.596746,-0.181011,0.961368,-0.282525,0.075642,0.016041,-0.073164,0.232828,0.228293,0.193148,0.062410,1.184555,0.094011,0.013382,0.124855,0.037533,-0.257269,0.209342,1.059827,-0.024665,0.015213,-0.318652
-0.628661,0.673516,0.762902,0.004700,-0.034410,-0.739745,0.671990,-0.071031,0.000477,0.444019,0.396800,-0.303600,-0.102995,-0.170303,-0.639509,-0.219606,0.914743,-0.261131,0.026880,0.027984,-0.075510,0.218765,0.235933,0.183681,0.067731,1.183671,0.099784,0.017795,0.121884,0.024813,-0.247033,0.225124,1.055176,-0.032892,0.015573,-0.306270
-0.644417,0.685484,0.762928,0.009992,-0.031537,-0.743089,0.668374,-0.117354,0.034240,0.444314,0.436438,-0.289900,-0.084907,-0.103908,-0.657685,-0.252356,0.848282,-0.267893,0.038525,0.044490,-0.079171,0.204951,0.242294,0.176398,0.079060,1.165322,0.107952,0.018857,0.124296,0.005178,-0.232867,0.250466,1.056687,-0.050086,0.016856,-0.297004
-0.661083,0.698127,0.762601,0.015005,-0.029037,-0.749410,0.661299,-0.158493,0.072099,0.451763,0.470665,-0.271887,-0.076190,-0.057649,-0.646897,-0.240315,0.771545,-0.257504,0.062858,0.063476,-0.082786,0.191522,0.250375,0.168581,0.099413,1.137105,0.103746,0.013319,0.129428,-0.020712,-0.217973,0.283452,1.065538,-0.069973,0.015114,-0.290294
-0.679096,0.711815,0.761914,0.018328,-0.027940,-0.757764,0.651673,-0.190679,0.115927,0.465126,0.499117,-0.250633,-0.083306,-0.026001,-0.626880,-0.218793,0.700528,-0.239904,0.075792,0.080499,-0.087457,0.184250,0.255957,0.161208,0.117653,1.116321,0.090872,-0.004745,0.147468,-0.052334,-0.204610,0.321978,1.070206,-0.093515,0.019206,-0.276435
-0.699137,0.727437,0.760107,0.021234,-0.026469,-0.766585,0.641246,-0.228817,0.168633,0.472737,0.537828,-0.224946,-0.100594,0.002875,-0.591635,-0.196839,0.614721,-0.233278,0.115961,0.093976,-0.092088,0.180156,0.250077,0.161375,0.123716,1.114086,0.078508,-0.015840,0.158086,-0.085061,-0.191814,0.356349,1.062811,-0.125124,0.023708,-0.273236
-0.721455,0.745719,0.757176,0.024034,-0.021305,-0.775582,0.630429,-0.276434,0.233873,0.470917,0.577585,-0.193502,-0.127458,0.061068,-0.541287,-0.245196,0.454016,-0.229104,0.261800,0.104725,-0.094122,0.174496,0.232275,0.169618,0.126468,1.123189,0.080782,-0.013354,0.159634,-0.122016,-0.181110,0.394673,1.052233,-0.135692,0.019583,-0.273089
-0.745133,0.765942,0.755510,0.020209,-0.015309,-0.783424,0.620970,-0.306849,0.304588,0.458313,0.590640,-0.147179,-0.162617,0.089645,-0.473642,-0.298238,0.353695,-0.264122,0.261800,0.111774,-0.085674,0.179910,0.210433,0.182785,0.127127,1.126627,0.080215,-0.005622,0.152257,-0.161034,-0.173389,0.427377,1.049152,-0.146655,0.010318,-0.277448
-0.769131,0.787557,0.755563,0.016518,-0.020958,-0.787786,0.615371,-0.302685,0.339019,0.449100,0.552477,-0.065825,-0.195738,0.080753,-0.445645,-0.334794,0.366129,-0.343364,0.261800,0.109837,-0.093856,0.204041,0.186199,0.199330,0.128131,1.126689,0.076274,-0.010054,0.154039,-0.202744,-0.165894,0.452233,1.057810,-0.140762,0.009866,-0.279887
-0.793983,0.811637,0.757650,0.008437,-0.022727,-0.790653,0.611785,-0.295343,0.377626,0.421738,0.490314,0.047052,-0.237484,0.033296,-0.403408,-0.320100,0.446280,-0.399785,0.242419,0.105416,-0.091548,0.236184,0.158769,0.218452,0.131774,1.113907,0.078271,-0.010024,0.153612,-0.243886,-0.160146,0.467419,1.070315,-0.132498,0.013231,-0.279586
-0.819272,0.836770,0.759490,0.003999,-0.015611,-0.788720,0.614541,-0.310191,0.414978,0.381239,0.408666,0.180051,-0.261800,-0.020841,-0.344810,-0.321049,0.511138,-0.429215,0.198908,0.088835,-0.083575,0.249195,0.131761,0.240386,0.133622,1.098760,0.088964,-0.008960,0.153931,-0.275047,-0.160349,0.481112,1.080894,-0.126327,0.014442,-0.278500
-0.842160,0.859300,0.760243,0.004759,-0.013654,-0.779442,0.626307,-0.285391,0.410194,0.389594,0.266588,0.272066,-0.261800,-0.050179,-0.314058,-0.356883,0.550865,-0.456618,0.168424,0.059648,-0.087239,0.252918,0.107855,0.264274,0.123003,1.082936,0.093514,-0.006881,0.150437,-0.279780,-0.171892,0.481430,1.077326,-0.123112,0.013534,-0.275276
-0.864755,0.879662,0.761961,0.001149,-0.012160,-0.773889,0.633203,-0.284392,0.430540,0.381407,0.308049,0.173330,-0.261800,-0.066109,-0.269045,-0.383881,0.567091,-0.468053,0.114899,0.051313,-0.085953,0.259978,0.078564,0.287592,0.107301,1.073979,0.097545,-0.008787,0.148403,-0.262592,-0.194261,0.470729,1.070254,-0.112125,0.004727,-0.283620
-0.885939,0.898059,0.764695,-0.004446,-0.013702,-0.772322,0.635068,-0.277271,0.483495,0.428194,0.493773,-0.002971,-0.206161,-0.067110,-0.222316,-0.400084,0.556396,-0.462586,0.069983,0.055823,-0.084311,0.272808,0.056604,0.300695,0.106904,1.055634,0.107914,-0.007773,0.147336,-0.227765,-0.218685,0.434444,1.063067,-0.105297,0.008861,-0.291919
-0.903930,0.914524,0.766990,-0.003768,-0.016490,-0.769692,0.638191,-0.233420,0.539259,0.551559,0.701886,-0.148287,-0.093388,-0.077448,-0.195125,-0.410701,0.548683,-0.455127,0.042013,0.053294,-0.086973,0.272879,0.043711,0.306294,0.100361,1.038920,0.108173,-0.008799,0.144648,-0.183314,-0.244574,0.398367,1.062728,-0.081626,0.016385,-0.304486
-0.920062,0.929611,0.767823,-0.002321,-0.015304,-0.767617,0.640722,-0.175468,0.571321,0.632232,0.898714,-0.270073,-0.010038,-0.094517,-0.164302,-0.418795,0.540277,-0.448615,0.011681,0.048147,-0.082024,0.263897,0.035763,0.305594,0.093859,1.024178,0.113680,-0.006157,0.146063,-0.136186,-0.272332,0.372536,1.068723,-0.051594,0.013841,-0.308660
-0.934803,0.943531,0.767707,-0.000530,-0.013028,-0.764052,0.645023,-0.130966,0.536670,0.626032,1.041016,-0.329689,0.017016,-0.111625,-0.136364,-0.432475,0.532051,-0.443253,-0.017524,0.036851,-0.074754,0.251753,0.032193,0.300160,0.091856,1.011711,0.124237,-0.004364,0.145139,-0.087172,-0.299647,0.351273,1.077502,-0.037924,0.016724,-0.299351
-0.948819,0.956447,0.766835,0.000970,-0.009721,-0.757366,0.652917,-0.106416,0.426219,0.540990,1.105903,-0.318460,-0.059788,-0.127382,-0.111701,-0.454610,0.525481,-0.437261,-0.041474,0.014245,-0.064831,0.236911,0.027226,0.297301,0.076067,1.020524,0.119756,-0.008937,0.144324,-0.035034,-0.320245,0.322684,1.088038,-0.031221,0.022525,-0.296265
-0.962186,0.968977,0.765495,0.002613,-0.005529,-0.749376,0.662117,-0.087993,0.256200,0.414497,1.104097,-0.267861,-0.201776,-0.146404,-0.089442,-0.479036,0.521846,-0.430488,-0.066909,-0.010402,-0.054793,0.218980,0.019398,0.292686,0.063562,1.038434,0.122153,-0.006960,0.145543,0.021076,-0.330085,0.283423,1.094714,-0.014719,0.025141,-0.295738
-0.973610,0.982118,0.764290,0.012458,-0.005846,-0.739234,0.673308,-0.058471,0.048526,0.312205,1.035621,-0.210220,-0.261800,-0.186397,-0.101447,-0.504277,0.549436,-0.432963,-0.088636,-0.040268,-0.061354,0.195290,0.006972,0.287581,0.047264,1.068120,0.128187,-0.006844,0.146687,0.073073,-0.331738,0.244705,1.099507,0.003112,0.027417,-0.289786
-0.984141,0.995717,0.762631,0.020989,-0.008181,-0.731352,0.681628,0.000465,-0.127055,0.248444,0.911886,-0.152942,-0.261800,-0.223135,-0.113289,-0.517351,0.573115,-0.436095,-0.111486,-0.063313,-0.068952,0.175699,-0.004387,0.279875,0.035730,1.094934,0.123579,-0.005947,0.142759,0.117327,-0.328908,0.220214,1.107763,0.015119,0.027919,-0.278442
-0.995691,1.010109,0.760702,0.022783,-0.005288,-0.727349,0.685869,0.073553,-0.223919,0.213469,0.757259,-0.111753,-0.261800,-0.248098,-0.094708,-0.531306,0.567353,-0.421339,-0.136983,-0.077819,-0.061503,0.159820,-0.009227,0.271150,0.028391,1.107780,0.125831,-0.004282,0.143643,0.151562,-0.321919,0.210021,1.114977,0.021786,0.030273,-0.267818
-1.008447,1.025987,0.758734,0.019556,0.002184,-0.724300,0.689204,0.138817,-0.251682,0.198677,0.594618,-0.067438,-0.261800,-0.263379,-0.052587,-0.551673,0.533711,-0.391006,-0.168471,-0.089303,-0.043531,0.149267,-0.011665,0.264112,0.023259,1.105527,0.135126,-0.004453,0.148431,0.177110,-0.309663,0.203990,1.116108,0.016642,0.033345,-0.257772
-1.023175,1.043692,0.756945,0.011253,0.011535,-0.722301,0.691391,0.170036,-0.229053,0.186747,0.478252,-0.037634,-0.261800,-0.262916,0.012732,-0.574278,0.462809,-0.337648,-0.201841,-0.093356,-0.020449,0.148713,-0.018128,0.262573,0.013712,1.095519,0.139455,-0.005081,0.151539,0.195189,-0.290696,0.198194,1.112633,0.016621,0.029554,-0.252476
-1.037886,1.064686,0.753648,0.009997,0.019180,-0.719104,0.694566,0.146552,-0.196762,0.222734,0.487024,-0.172883,-0.014117,-0.291185,0.053448,-0.595557,0.425143,-0.288907,-0.234979,-0.098825,-0.013687,0.144878,-0.031809,0.269269,0.002654,1.087509,0.145384,-0.007031,0.152932,0.200708,-0.265143,0.195046,1.108135,0.009473,0.029170,-0.250318
-1.052211,1.087803,0.750040,0.009525,0.020349,-0.717089,0.696619,0.155322,-0.181063,0.266444,0.435156,-0.271209,0.084322,-0.329852,0.071374,-0.611280,0.424004,-0.240227,-0.261800,-0.101108,-0.020822,0.151443,-0.048296,0.282280,-0.011316,1.080492,0.150277,-0.009381,0.154169,0.191410,-0.238210,0.204408,1.110435,0.003120,0.029247,-0.250472
-1.065917,1.112689,0.747701,0.007937,0.015973,-0.718229,0.695578,0.178553,-0.178901,0.281204,0.352311,-0.333840,0.095895,-0.380146,0.071957,-0.605082,0.460803,-0.168978,-0.261800,-0.097259,-0.037264,0.170958,-0.067625,0.299665,-0.028566,1.080205,0.145281,-0.014347,0.152689,0.167741,-0.213734,0.225463,1.114216,-0.014686,0.030185,-0.251768
-1.078543,1.138998,0.746847,0.006376,0.009599,-0.726807,0.686745,0.185648,-0.178216,0.300006,0.289616,-0.368677,0.099425,-0.459532,0.076605,-0.538249,0.531892,-0.051163,-0.252949,-0.079426,-0.056390,0.197545,-0.083178,0.316940,-0.038286,1.081752,0.144680,-0.016288,0.154115,0.130894,-0.195198,0.253872,1.114134,-0.033370,0.028421,-0.257073
-1.088910,1.164914,0.746629,0.004402,-0.001326,-0.738612,0.674116,0.201561,-0.187333,0.332281,0.218773,-0.371522,0.101541,-0.518824,0.114546,-0.366970,0.555107,0.078130,-0.019773,-0.062422,-0.078626,0.228897,-0.081090,0.329304,-0.036570,1.074713,0.141226,-0.016313,0.150606,0.083608,-0.185917,0.289886,1.114708,-0.049845,0.029202,-0.261609
-1.099596,1.188472,0.746058,-0.002956,-0.011173,-0.751643,0.659469,0.208968,-0.177946,0.375722,0.192285,-0.384617,0.099888,-0.482653,0.160470,-0.271122,0.473008,0.137307,0.261800,-0.044983,-0.089398,0.259753,-0.063629,0.335759,-0.030992,1.067810,0.140085,-0.018220,0.149414,0.041944,-0.182943,0.319810,1.108280,-0.062302,0.027510,-0.266104
-1.108913,1.209661,0.747935,-0.012834,-0.016370,-0.765431,0.643182,0.201532,-0.149680,0.422285,0.201972,-0.396568,0.092275,-0.501104,0.156845,-0.228539,0.566748,0.066028,0.261800,-0.022005,-0.085173,0.285362,-0.044215,0.336404,-0.030100,1.074287,0.136516,-0.020511,0.149141,0.008598,-0.181992,0.329590,1.091498,-0.074337,0.025332,-0.273325
-1.116240,1.229007,0.752187,-0.016691,-0.020385,-0.778975,0.626502,0.181702,-0.126977,0.466835,0.217775,-0.383305,0.083132,-0.531520,0.095010,-0.212649,0.724199,-0.041062,0.261800,-0.001844,-0.082837,0.298596,-0.018668,0.326569,-0.016236,1.086288,0.132917,-0.018455,0.148292,-0.024141,-0.181548,0.334326,1.080369,-0.073643,0.017807,-0.281434
-1.123160,1.246191,0.756832,-0.019018,-0.021017,-0.791822,0.610094,0.158458,-0.098055,0.508923,0.235973,-0.368487,0.068698,-0.546106,0.048619,-0.152103,0.847009,-0.139777,0.261800,0.012581,-0.075418,0.300904,0.014589,0.310353,0.000668,1.101939,0.121699,-0.016568,0.149133,-0.057703,-0.183623,0.349499,1.080918,-0.069748,0.014719,-0.285039
-1.130102,1.262007,0.760740,-0.020479,-0.020340,-0.803419,0.594715,0.140503,-0.070107,0.547700,0.243180,-0.352144,0.052120,-0.537343,-0.005912,-0.101487,0.934926,-0.204447,0.261800,0.022844,-0.065634,0.298568,0.049490,0.291420,0.015294,1.118083,0.114510,-0.013924,0.146490,-0.088300,-0.186327,0.363405,1.081566,-0.072957,0.017278,-0.283860
-1.137436,1.276283,0.763418,-0.020261,-0.023325,-0.813476,0.580777,0.134784,-0.055604,0.580068,0.233372,-0.331573,0.037802,-0.504237,-0.083587,-0.060620,0.992406,-0.247741,0.261800,0.031804,-0.063200,0.295940,0.083290,0.272435,0.024077,1.134251,0.110511,-0.011051,0.144697,-0.110353,-0.190332,0.371960,1.076200,-0.076235,0.014015,-0.282901
-1.145728,1.289973,0.765165,-0.017237,-0.028230,-0.820484,0.570711,0.124170,-0.046315,0.602779,0.230708,-0.312057,0.026036,-0.460692,-0.181049,-0.030434,1.025172,-0.269535,0.242418,0.038266,-0.068006,0.290462,0.111123,0.255836,0.030101,1.148510,0.106555,-0.008349,0.145661,-0.124016,-0.193851,0.373828,1.068290,-0.079158,0.012186,-0.285523
-1.155668,1.303612,0.766154,-0.014301,-0.031634,-0.825860,0.562805,0.103477,-0.024681,0.620554,0.253168,-0.304678,0.010643,-0.402413,-0.279530,-0.023696,1.022717,-0.283420,0.193640,0.045689,-0.071066,0.283321,0.132921,0.242375,0.034795,1.158241,0.101906,-0.006239,0.143896,-0.130356,-0.195612,0.367256,1.061128,-0.083746,0.011270,-0.290536
-1.166875,1.317151,0.766593,-0.010784,-0.034171,-0.830222,0.556280,0.077544,0.002413,0.631671,0.284742,-0.301497,-0.002880,-0.338419,-0.367023,-0.020325,0.992401,-0.289959,0.148236,0.054648,-0.073878,0.273380,0.150038,0.232034,0.039502,1.162474,0.098040,-0.006759,0.144439,-0.131221,-0.197539,0.363111,1.056062,-0.085186,0.009816,-0.293024
-1.179433,1.331143,0.766738,-0.007148,-0.036115,-0.832927,0.552158,0.045280,0.035714,0.635146,0.328920,-0.299241,-0.015559,-0.267549,-0.442008,-0.026670,0.936014,-0.279756,0.110198,0.063784,-0.076227,0.262561,0.161013,0.223361,0.049945,1.159124,0.095885,-0.006933,0.147269,-0.128742,-0.201125,0.367339,1.056861,-0.084219,0.006672,-0.293139
-1.193218,1.345656,0.766277,-0.001604,-0.037267,-0.834218,0.550172,0.007683,0.069237,0.633988,0.371804,-0.293505,-0.027316,-0.190217,-0.500484,-0.039612,0.849022,-0.290563,0.099642,0.070326,-0.079412,0.247499,0.169852,0.214854,0.067497,1.144467,0.094238,-0.006554,0.151415,-0.123219,-0.205532,0.370653,1.059469,-0.091522,0.010228,-0.286987
-1.208308,1.361092,0.765472,0.005905,-0.038060,-0.834535,0.549607,-0.029713,0.098233,0.628875,0.399421,-0.279564,-0.041740,-0.120564,-0.535193,-0.042985,0.748692,-0.286791,0.103124,0.075546,-0.085125,0.229492,0.173024,0.208426,0.082368,1.131236,0.084167,-0.013844,0.156897,-0.115663,-0.210089,0.372719,1.063336,-0.097554,0.012836,-0.286774
-1.224990,1.377691,0.764147,0.014328,-0.037559,-0.835043,0.548715,-0.071679,0.132301,0.623101,0.428157,-0.261936,-0.060313,-0.067369,-0.541687,-0.023788,0.650077,-0.278784,0.100644,0.081144,-0.090852,0.209159,0.170975,0.203382,0.095025,1.124827,0.067472,-0.022688,0.165291,-0.106571,-0.214502,0.371307,1.067685,-0.100268,0.013476,-0.285306
-1.243513,1.396187,0.762140,0.020567,-0.034673,-0.836023,0.547211,-0.119368,0.182004,0.614475,0.469211,-0.243220,-0.082514,-0.027440,-0.515111,0.020783,0.560046,-0.262515,0.118052,0.087218,-0.091591,0.191170,0.163925,0.200716,0.105221,1.122319,0.060618,-0.025520,0.170981,-0.100897,-0.218843,0.373774,1.074878,-0.093320,0.011652,-0.280554
-1.264290,1.417151,0.759128,0.026625,-0.031739,-0.837968,0.544145,-0.166371,0.236192,0.605039,0.503707,-0.214304,-0.108989,0.035752,-0.484327,0.023776,0.416129,-0.245873,0.261800,0.095531,-0.094698,0.177377,0.153775,0.201606,0.114579,1.117581,0.061052,-0.025431,0.170904,-0.101267,-0.221977,0.379539,1.083026,-0.090049,0.014403,-0.279678
-1.286879,1.439915,0.757447,0.024569,-0.026238,-0.839614,0.541992,-0.197369,0.301358,0.585149,0.515698,-0.170214,-0.141750,0.071499,-0.427938,-0.009459,0.324902,-0.274105,0.261800,0.101811,-0.085990,0.175790,0.142301,0.204162,0.123649,1.110187,0.061070,-0.026946,0.173444,-0.104715,-0.224033,0.388711,1.093836,-0.086592,0.014065,-0.278988
-1.309525,1.463808,0.756879,0.022660,-0.029511,-0.838521,0.543598,-0.199699,0.329418,0.563247,0.468597,-0.091422,-0.178033,0.068474,-0.397891,-0.058624,0.333758,-0.353170,0.261800,0.100789,-0.091797,0.186844,0.129778,0.208686,0.131458,1.101006,0.064872,-0.028038,0.174056,-0.109438,-0.224822,0.402683,1.105339,-0.077586,0.015938,-0.278845
-1.332983,1.489422,0.757830,0.014845,-0.027667,-0.834908,0.549493,-0.200930,0.366668,0.523686,0.403088,0.013289,-0.216732,0.058301,-0.344881,-0.112307,0.368043,-0.411923,0.236567,0.092494,-0.084100,0.205314,0.115395,0.214465,0.137384,1.085756,0.061255,-0.025279,0.168429,-0.114748,-0.225188,0.415503,1.113138,-0.071733,0.018664,-0.272469
-1.356605,1.515976,0.759324,0.007695,-0.018834,-0.827275,0.561428,-0.230100,0.409555,0.458660,0.343596,0.138662,-0.244658,0.031382,-0.272098,-0.138276,0.412740,-0.442713,0.191009,0.074066,-0.067713,0.216514,0.096147,0.224648,0.131769,1.073696,0.057969,-0.022794,0.155881,-0.116018,-0.227538,0.423321,1.111983,-0.071234,0.021494,-0.268938
-1.377449,1.540519,0.759925,0.007194,-0.013305,-0.815033,0.579217,-0.247798,0.416492,0.426441,0.263497,0.221068,-0.261800,-0.007439,-0.227898,-0.180327,0.470724,-0.467719,0.151753,0.048077,-0.061687,0.215295,0.074173,0.232224,0.116723,1.070737,0.067450,-0.022511,0.150594,-0.104142,-0.235986,0.416069,1.108436,-0.073107,0.020666,-0.270144
-1.396632,1.562854,0.761954,0.005920,-0.016145,-0.806295,0.591264,-0.245841,0.409305,0.404579,0.288936,0.173257,-0.261800,-0.029475,-0.198705,-0.211230,0.506352,-0.479273,0.103237,0.039093,-0.065251,0.224337,0.052037,0.234637,0.099699,1.070546,0.080949,-0.020441,0.150104,-0.083276,-0.249921,0.400122,1.103358,-0.063746,0.020696,-0.274460
-1.414673,1.582960,0.764789,-0.000850,-0.021443,-0.801403,0.597740,-0.239323,0.439927,0.420297,0.457346,0.040813,-0.206713,-0.025245,-0.163253,-0.232185,0.506051,-0.472273,0.059022,0.042144,-0.063143,0.240954,0.034451,0.233102,0.083910,1.072622,0.085741,-0.019651,0.147584,-0.060319,-0.265041,0.382895,1.109423,-0.046845,0.020414,-0.279214
-1.431021,1.601412,0.767164,-0.004835,-0.024099,-0.795776,0.605091,-0.207074,0.492922,0.512778,0.654636,-0.092592,-0.103449,-0.021790,-0.130616,-0.254240,0.490296,-0.459451,0.027704,0.040472,-0.058432,0.247398,0.022946,0.229260,0.070941,1.071794,0.094873,-0.016132,0.144770,-0.032742,-0.278779,0.356274,1.111185,-0.032415,0.024777,-0.277561
-1.446053,1.618427,0.768511,-0.004273,-0.023593,-0.791124,0.611185,-0.153661,0.535456,0.610738,0.838809,-0.202009,-0.023797,-0.034666,-0.102140,-0.272503,0.480995,-0.447636,-0.000195,0.038815,-0.055039,0.240795,0.018040,0.224674,0.063472,1.066812,0.101851,-0.015516,0.145446,-0.005886,-0.291172,0.336346,1.114984,-0.009671,0.021488,-0.273176
-1.459923,1.634147,0.768718,-0.002913,-0.021908,-0.784805,0.619348,-0.104362,0.522587,0.634896,0.975947,-0.273770,0.006982,-0.049742,-0.077367,-0.295491,0.473786,-0.437658,-0.024109,0.028739,-0.051599,0.229472,0.016625,0.221838,0.059125,1.065047,0.107766,-0.015146,0.146620,0.018901,-0.299449,0.320177,1.120114,-0.004283,0.022151,-0.273823
-1.473280,1.648760,0.767954,-0.002268,-0.020125,-0.775052,0.631573,-0.068110,0.452475,0.594348,1.055262,-0.298968,-0.027008,-0.060134,-0.055112,-0.326479,0.463927,-0.431818,-0.043833,0.007673,-0.047936,0.217013,0.014311,0.223007,0.049204,1.074965,0.102267,-0.015640,0.146613,0.047218,-0.301591,0.294921,1.118367,-0.002092,0.025393,-0.275417
-1.486152,1.662408,0.766699,-0.001000,-0.017873,-0.763969,0.645004,-0.033784,0.339495,0.527048,1.073098,-0.276389,-0.120461,-0.075348,-0.036810,-0.359336,0.461054,-0.426536,-0.065466,-0.015665,-0.045427,0.199732,0.008915,0.227377,0.032429,1.098951,0.103107,-0.015004,0.151548,0.081110,-0.296021,0.261436,1.110739,0.003481,0.021463,-0.275321
-1.498657,1.675689,0.765262,0.000552,-0.013830,-0.751746,0.659308,0.002940,0.197551,0.442558,1.032929,-0.228440,-0.261800,-0.094823,-0.019213,-0.399069,0.459459,-0.418152,-0.090578,-0.041290,-0.041349,0.178176,0.001848,0.233045,0.013706,1.128025,0.102707,-0.011552,0.149828,0.114268,-0.283961,0.231640,1.105860,0.011848,0.016777,-0.273673
-1.508934,1.689611,0.763670,0.012993,-0.014925,-0.736015,0.676676,0.037883,0.013196,0.367237,0.928675,-0.166080,-0.261800,-0.141166,-0.040664,-0.432349,0.491875,-0.428903,-0.111884,-0.076541,-0.057881,0.147265,-0.003142,0.238061,-0.003452,1.149365,0.109216,-0.009381,0.151684,0.142100,-0.268741,0.212873,1.106571,0.013443,0.015307,-0.273455
-1.519044,1.704097,0.761715,0.021940,-0.013635,-0.724651,0.688632,0.089131,-0.153259,0.278082,0.778815,-0.109067,-0.261800,-0.184596,-0.050165,-0.459120,0.514657,-0.429014,-0.134288,-0.098791,-0.065121,0.121611,-0.006168,0.240046,-0.015002,1.157465,0.117505,-0.006507,0.152403,0.163822,-0.252542,0.201630,1.113145,0.015302,0.017223,-0.271719
-1.529816,1.719465,0.759386,0.025140,-0.008030,-0.717288,0.696276,0.155539,-0.255386,0.209723,0.599061,-0.044417,-0.261800,-0.218556,-0.036162,-0.483226,0.512693,-0.412402,-0.157435,-0.112121,-0.058568,0.102664,-0.005950,0.239215,-0.017949,1.153569,0.126426,-0.006183,0.155505,0.179520,-0.236439,0.198241,1.122563,0.021397,0.017477,-0.266358
-1.541998,1.736648,0.756510,0.022859,0.003685,-0.712031,0.701766,0.219931,-0.289669,0.162859,0.395528,0.037609,-0.261800,-0.244997,0.006508,-0.510797,0.478572,-0.376968,-0.190071,-0.118871,-0.036796,0.090576,-0.007343,0.238081,-0.015208,1.140454,0.130263,-0.006961,0.158926,0.188905,-0.220458,0.198843,1.130682,0.020983,0.019425,-0.257338
-1.557933,1.755108,0.754260,0.010505,0.014901,-0.713326,0.700595,0.204711,-0.237242,0.176092,0.396658,-0.063333,-0.219683,-0.232265,0.091877,-0.527564,0.376728,-0.305696,-0.227312,-0.108597,-0.010259,0.099524,-0.011055,0.241599,-0.014024,1.124780,0.139506,-0.008189,0.164035,0.189179,-0.203046,0.206857,1.138966,0.016688,0.023054,-0.248492
-1.572155,1.777425,0.748897,0.014092,0.024684,-0.708696,0.704941,0.171378,-0.215577,0.236316,0.402335,-0.201473,0.049909,-0.291372,0.115607,-0.548945,0.376712,-0.268423,-0.258239,-0.112687,-0.008580,0.091491,-0.024803,0.253810,-0.021637,1.115685,0.147595,-0.012089,0.165455,0.181070,-0.184622,0.222668,1.144815,0.014021,0.025872,-0.243682
-1.585736,1.800714,0.745167,0.014876,0.022280,-0.703762,0.709930,0.197203,-0.212807,0.273552,0.317242,-0.276903,0.098071,-0.343443,0.110052,-0.559424,0.413543,-0.230709,-0.261800,-0.117963,-0.023997,0.107024,-0.042906,0.269694,-0.037306,1.112885,0.152757,-0.014872,0.165746,0.167023,-0.167097,0.236523,1.148198,0.002414,0.024099,-0.247192
-1.598894,1.825011,0.742923,0.014780,0.017835,-0.702473,0.711333,0.212360,-0.215297,0.270691,0.238805,-0.321724,0.100220,-0.420429,0.102805,-0.518065,0.488617,-0.156397,-0.261800,-0.114063,-0.041762,0.128299,-0.063017,0.285057,-0.052190,1.117287,0.150594,-0.013631,0.162552,0.147747,-0.153111,0.249536,1.145844,-0.004956,0.028599,-0.251538
-1.610627,1.849055,0.742493,0.013165,0.010163,-0.707211,0.706807,0.228566,-0.220302,0.274005,0.163607,-0.332646,0.097845,-0.513865,0.127613,-0.359445,0.568588,-0.028119,-0.168013,-0.099683,-0.060405,0.155187,-0.072518,0.295711,-0.055046,1.118683,0.152035,-0.012784,0.158457,0.120309,-0.146616,0.276354,1.147660,-0.011772,0.027466,-0.258721
-1.620280,1.871413,0.743127,0.008332,-0.001406,-0.710951,0.703191,0.235466,-0.221009,0.287950,0.134659,-0.342205,0.093560,-0.529549,0.175720,-0.161232,0.545681,0.065108,0.196609,-0.093334,-0.075333,0.188738,-0.065325,0.299123,-0.050590,1.111722,0.147500,-0.013365,0.156330,0.090058,-0.148563,0.305501,1.147533,-0.025831,0.026997,-0.262121
-1.631692,1.890826,0.744373,-0.005290,-0.009204,-0.719227,0.694694,0.238607,-0.193085,0.326633,0.141740,-0.359420,0.083859,-0.475997,0.188765,-0.154088,0.486707,0.084897,0.261800,-0.071627,-0.071062,0.223142,-0.048632,0.298677,-0.050547,1.110501,0.151252,-0.014975,0.156215,0.072390,-0.154179,0.317970,1.135178,-0.033766,0.026171,-0.262195
-1.639737,1.908731,0.748353,-0.013403,-0.009798,-0.727134,0.686294,0.226120,-0.165744,0.358053,0.141869,-0.358067,0.075144,-0.513442,0.131872,-0.179646,0.628744,0.000849,0.261800,-0.049995,-0.056957,0.237825,-0.026526,0.291449,-0.045359,1.111603,0.155255,-0.013853,0.155027,0.058640,-0.163467,0.321282,1.116850,-0.038929,0.024826,-0.268018
-1.646809,1.924515,0.752775,-0.020294,-0.010852,-0.735523,0.677108,0.216965,-0.141509,0.384169,0.140254,-0.348054,0.054251,-0.529228,0.079138,-0.156724,0.749349,-0.089351,0.261800,-0.033724,-0.044414,0.247807,0.009248,0.279164,-0.026607,1.106602,0.149122,-0.013324,0.151621,0.038683,-0.175118,0.332109,1.110628,-0.041056,0.020428,-0.273591
-1.653771,1.938226,0.756813,-0.023350,-0.010126,-0.742568,0.669287,0.202361,-0.119399,0.407455,0.139810,-0.333810,0.032922,-0.524958,0.023255,-0.131461,0.827323,-0.159319,0.261800,-0.026914,-0.034517,0.245697,0.053017,0.268174,-0.012804,1.106064,0.141397,-0.014459,0.152004,0.018531,-0.184336,0.335820,1.111399,-0.044137,0.017635,-0.275458
-1.660586,1.950522,0.760009,-0.024015,-0.010086,-0.747399,0.663864,0.187620,-0.102866,0.425936,0.138251,-0.321315,0.013034,-0.499174,-0.066198,-0.137308,0.880138,-0.210613,0.261800,-0.024736,-0.028461,0.239710,0.091487,0.260076,-0.008320,1.119709,0.136076,-0.012636,0.151845,0.005010,-0.189583,0.323892,1.103351,-0.041969,0.016851,-0.278477
-1.667330,1.961574,0.762005,-0.022860,-0.012584,-0.750562,0.660285,0.175943,-0.094672,0.436978,0.135441,-0.312043,-0.008593,-0.458655,-0.173139,-0.145168,0.913979,-0.230487,0.261800,-0.022486,-0.028248,0.233635,0.121915,0.252764,-0.002374,1.145946,0.133402,-0.009564,0.149808,-0.002262,-0.193917,0.310079,1.089860,-0.044176,0.011753,-0.284507
-1.675198,1.971670,0.763407,-0.021169,-0.014530,-0.755671,0.654448,0.164556,-0.083775,0.452486,0.135166,-0.303799,-0.032435,-0.410816,-0.280267,-0.172534,0.927310,-0.220851,0.182509,-0.012902,-0.029186,0.225386,0.151712,0.247529,0.003181,1.167640,0.121990,-0.005760,0.150641,-0.008414,-0.197694,0.307519,1.079015,-0.048515,0.009199,-0.293278
-1.683859,1.981345,0.764272,-0.017574,-0.017350,-0.761452,0.647751,0.151545,-0.075864,0.470829,0.135753,-0.293493,-0.045706,-0.360266,-0.395837,-0.222136,0.929931,-0.204007,0.078762,-0.000773,-0.034716,0.216439,0.178449,0.242711,0.015113,1.182840,0.109987,-0.002194,0.149179,-0.013300,-0.199857,0.306073,1.072078,-0.053303,0.007295,-0.297578
-1.693312,1.990549,0.765015,-0.013548,-0.020355,-0.767780,0.640247,0.139279,-0.067529,0.490006,0.136989,-0.281535,-0.058096,-0.304508,-0.492516,-0.264171,0.911927,-0.203285,-0.001139,0.014276,-0.041683,0.208248,0.202493,0.239251,0.026025,1.190431,0.105039,0.001005,0.153524,-0.016758,-0.199793,0.306434,1.068046,-0.054513,0.006553,-0.297560
-1.703768,1.999789,0.765605,-0.009416,-0.023221,-0.774509,0.632066,0.117482,-0.051554,0.507726,0.161477,-0.279750,-0.068914,-0.246973,-0.552810,-0.277214,0.865367,-0.198474,-0.010370,0.029694,-0.049243,0.200849,0.223530,0.234815,0.044008,1.191062,0.099677,0.001919,0.156454,-0.021438,-0.198435,0.311814,1.069828,-0.056645,0.003757,-0.294576
-1.715240,2.009115,0.766000,-0.005820,-0.026538,-0.781327,0.623531,0.091611,-0.029794,0.523609,0.201501,-0.282447,-0.072105,-0.192938,-0.587723,-0.270865,0.806451,-0.183514,-0.000654,0.043807,-0.057290,0.195976,0.241220,0.231311,0.057148,1.185574,0.090057,0.001619,0.158191,-0.027949,-0.196947,0.320908,1.076057,-0.065926,0.005262,-0.294646
-1.727832,2.018589,0.766158,-0.000211,-0.028689,-0.787393,0.615783,0.057147,-0.004586,0.537755,0.250049,-0.283506,-0.060203,-0.148129,-0.610659,-0.261935,0.745012,-0.189657,0.005065,0.054361,-0.066820,0.186415,0.251937,0.229379,0.061239,1.182646,0.083837,-0.000041,0.161565,-0.031775,-0.195446,0.329975,1.078086,-0.072138,0.005014,-0.295474
-1.741621,2.028552,0.766139,0.006730,-0.028676,-0.793808,0.607455,0.024493,0.022894,0.552318,0.284458,-0.280248,-0.067600,-0.115885,-0.609444,-0.231528,0.671878,-0.211552,0.023527,0.064644,-0.074929,0.173240,0.254152,0.228272,0.063536,1.182290,0.081895,0.002150,0.166094,-0.033230,-0.194393,0.333200,1.074149,-0.080846,0.006845,-0.296493
-1.756735,2.039002,0.765874,0.013738,-0.028235,-0.800650,0.598309,-0.006471,0.054667,0.568358,0.316791,-0.274307,-0.081964,-0.096184,-0.587581,-0.178021,0.594952,-0.205119,0.058151,0.072256,-0.083284,0.159789,0.254385,0.224266,0.078790,1.180082,0.079473,-0.000063,0.166631,-0.037702,-0.193028,0.338147,1.074441,-0.082614,0.006202,-0.296268
-1.773561,2.050528,0.765181,0.020312,-0.028048,-0.806615,0.590061,-0.040962,0.092825,0.578959,0.358709,-0.265654,-0.095932,-0.080243,-0.556804,-0.130463,0.524979,-0.199516,0.096278,0.076213,-0.092506,0.149762,0.250313,0.222633,0.088347,1.175103,0.072340,-0.003559,0.168313,-0.042887,-0.192600,0.340828,1.074151,-0.088732,0.005792,-0.293788
-1.792182,2.063673,0.763642,0.026775,-0.029427,-0.812270,0.581923,-0.073882,0.132442,0.585423,0.399419,-0.250787,-0.120728,-0.042919,-0.532895,-0.142588,0.420328,-0.207278,0.202907,0.078474,-0.105366,0.144941,0.239994,0.224903,0.091133,1.170665,0.066301,-0.005798,0.172350,-0.051304,-0.192698,0.347499,1.074829,-0.087622,0.003032,-0.293027
-1.812487,2.078331,0.762532,0.027304,-0.029417,-0.818714,0.572798,-0.097995,0.187127,0.584733,0.439403,-0.228459,-0.152926,-0.007154,-0.495120,-0.184510,0.326511,-0.204912,0.261800,0.084684,-0.109844,0.149750,0.224442,0.232105,0.092212,1.165582,0.063121,-0.008609,0.172752,-0.060995,-0.193620,0.359915,1.078276,-0.086459,0.003196,-0.295050
-1.833859,2.094402,0.762338,0.024242,-0.031571,-0.824715,0.564146,-0.103479,0.236805,0.581114,0.451789,-0.187627,-0.188613,0.004820,-0.456135,-0.213045,0.297319,-0.248709,0.261800,0.090034,-0.113393,0.166357,0.207914,0.239676,0.099437,1.151878,0.065716,-0.010382,0.176537,-0.075102,-0.195157,0.377087,1.085253,-0.085908,0.004508,-0.292279
-1.856139,2.111679,0.764354,0.016072,-0.032739,-0.828945,0.558139,-0.089300,0.283949,0.572956,0.426072,-0.122960,-0.228054,-0.006158,-0.408667,-0.206475,0.326733,-0.287865,0.254887,0.088425,-0.108800,0.192375,0.191434,0.248456,0.107745,1.132172,0.063988,-0.012822,0.180411,-0.093172,-0.198167,0.404943,1.095098,-0.078581,0.004659,-0.294589
-1.879993,2.130670,0.767204,0.012851,-0.022998,-0.830296,0.556699,-0.101158,0.341800,0.554374,0.387518,-0.042140,-0.261800,-0.055597,-0.343196,-0.202468,0.391888,-0.317886,0.204894,0.077380,-0.096074,0.196193,0.170345,0.259828,0.106810,1.121907,0.064998,-0.014583,0.189306,-0.109732,-0.200086,0.430709,1.111062,-0.072369,0.004673,-0.290181
-1.904133,2.149673,0.769475,0.014239,-0.015220,-0.827408,0.561214,-0.114636,0.376497,0.533124,0.320650,0.055564,-0.261800,-0.087297,-0.290708,-0.222951,0.423197,-0.336545,0.168213,0.060974,-0.093206,0.195857,0.148383,0.274362,0.102143,1.103625,0.080194,-0.008014,0.176301,-0.109280,-0.201600,0.426017,1.105008,-0.082571,0.013435,-0.283533
-1.926824,2.167109,0.770061,0.016944,-0.010068,-0.817676,0.575341,-0.118392,0.383302,0.518082,0.232576,0.117568,-0.261800,-0.102896,-0.254075,-0.268570,0.443698,-0.361156,0.129600,0.034108,-0.094050,0.193183,0.118339,0.293693,0.084771,1.087193,0.091265,-0.002961,0.160668,-0.092028,-0.211134,0.414370,1.082021,-0.080620,0.007057,-0.288524
-1.948594,2.183374,0.771119,0.015710,-0.010239,-0.807737,0.589245,-0.135664,0.392891,0.484213,0.288074,0.062652,-0.261800,-0.101512,-0.223148,-0.311766,0.453494,-0.376776,0.093065,0.016974,-0.098407,0.204068,0.079544,0.310607,0.065319,1.074639,0.105804,-0.004718,0.167326,-0.066061,-0.225824,0.391205,1.059556,-0.088972,0.004643,-0.296725
-1.969223,2.197357,0.772211,0.008329,-0.011235,-0.802905,0.595942,-0.144334,0.437652,0.492164,0.481068,-0.052105,-0.242831,-0.081725,-0.179073,-0.340147,0.436977,-0.377668,0.060609,0.016785,-0.093248,0.220266,0.046787,0.316115,0.052717,1.064562,0.120644,-0.006985,0.177572,-0.036068,-0.240929,0.357542,1.057090,-0.079284,0.004990,-0.299116
-1.987248,2.209763,0.772981,0.006676,-0.014133,-0.799944,0.599871,-0.106353,0.488244,0.611844,0.684785,-0.162032,-0.145253,-0.076088,-0.150483,-0.357096,0.427281,-0.380318,0.033812,0.018300,-0.092810,0.225292,0.021889,0.310872,0.042386,1.055014,0.128522,-0.005721,0.175758,-0.006510,-0.258567,0.330882,1.064417,-0.043703,0.008498,-0.298218
-2.003791,2.220676,0.773165,0.006817,-0.014984,-0.796591,0.604295,-0.044683,0.517281,0.720540,0.865247,-0.258121,-0.056732,-0.074376,-0.123365,-0.374215,0.414684,-0.379841,0.010008,0.015559,-0.087719,0.223491,0.004401,0.301172,0.027116,1.040292,0.134482,-0.006084,0.168635,0.021396,-0.278732,0.313253,1.076883,-0.024021,0.007555,-0.290604
-2.019665,2.230329,0.772614,0.009109,-0.014996,-0.789499,0.613501,-0.003929,0.478351,0.733351,0.983408,-0.300385,-0.033836,-0.077366,-0.103040,-0.398841,0.408199,-0.383672,-0.014253,0.002646,-0.083599,0.215283,-0.010588,0.291217,0.006832,1.029648,0.144849,-0.005624,0.168494,0.052856,-0.295796,0.300443,1.088882,-0.016772,0.008043,-0.289695
-2.035597,2.238719,0.771240,0.010837,-0.013736,-0.777931,0.628106,0.013598,0.383048,0.672261,1.031985,-0.279849,-0.103697,-0.077623,-0.083546,-0.436550,0.402367,-0.389899,-0.038737,-0.021627,-0.077934,0.201976,-0.023497,0.283164,-0.020946,1.032191,0.152732,-0.008110,0.172654,0.090810,-0.303837,0.278966,1.095905,-0.012170,0.015143,-0.287301
-2.051343,2.246133,0.769092,0.012347,-0.012107,-0.762453,0.646812,0.021447,0.235068,0.558088,1.014027,-0.218410,-0.253738,-0.080832,-0.068475,-0.483144,0.406795,-0.401473,-0.065733,-0.053428,-0.072341,0.184458,-0.037947,0.276425,-0.053956,1.048753,0.151422,-0.008130,0.171175,0.134459,-0.303273,0.252969,1.095603,-0.004930,0.015151,-0.282263
-2.064713,2.253927,0.766548,0.026349,-0.015696,-0.740021,0.671884,0.029186,0.032865,0.452083,0.928370,-0.139810,-0.261800,-0.119169,-0.102887,-0.530196,0.462736,-0.436171,-0.084812,-0.102845,-0.088124,0.152938,-0.052630,0.267658,-0.082672,1.072425,0.152336,-0.007760,0.167961,0.175619,-0.296043,0.225317,1.091843,-0.004397,0.015820,-0.274462
-2.077788,2.261878,0.763643,0.037581,-0.016595,-0.720635,0.692096,0.063926,-0.152822,0.350995,0.795846,-0.057282,-0.261800,-0.156343,-0.128309,-0.570693,0.510967,-0.458427,-0.102309,-0.143661,-0.096575,0.123810,-0.064409,0.257210,-0.104721,1.096225,0.151984,-0.007010,0.170168,0.207694,-0.284161,0.204191,1.091052,0.002406,0.012905,-0.270144
-2.091541,2.270427,0.760223,0.041691,-0.011914,-0.707435,0.705447,0.118593,-0.285623,0.257319,0.641420,-0.000435,-0.261800,-0.185667,-0.122988,-0.602333,0.534821,-0.464543,-0.125655,-0.172991,-0.088429,0.102210,-0.068627,0.246493,-0.118523,1.113340,0.154743,-0.005634,0.171279,0.225763,-0.270182,0.190331,1.093981,0.001228,0.015981,-0.265755
-2.106654,2.280495,0.756923,0.040360,-0.002039,-0.698315,0.714649,0.177583,-0.340210,0.214843,0.483331,0.033241,-0.261800,-0.208555,-0.087768,-0.630359,0.527514,-0.451442,-0.154900,-0.196511,-0.067067,0.088311,-0.066853,0.238348,-0.125590,1.120710,0.157029,-0.005593,0.171536,0.232718,-0.253709,0.180936,1.095075,0.000437,0.017241,-0.264750
-2.123191,2.292511,0.753663,0.034382,0.012067,-0.692137,0.720846,0.226081,-0.352308,0.163982,0.318058,0.065337,-0.261800,-0.225040,-0.025222,-0.657747,0.486588,-0.416330,-0.188753,-0.211317,-0.037301,0.082461,-0.067598,0.234635,-0.129013,1.126003,0.162024,-0.006887,0.173159,0.232680,-0.233690,0.174802,1.093276,-0.001317,0.016627,-0.261923
-2.141337,2.306480,0.750354,0.023503,0.026124,-0.689611,0.723327,0.249597,-0.329065,0.111585,0.183040,0.092755,-0.261800,-0.230921,0.057299,-0.678065,0.418238,-0.359883,-0.221605,-0.213612,-0.006944,0.089513,-0.071620,0.236688,-0.131936,1.128050,0.162627,-0.008335,0.173531,0.228200,-0.211188,0.176403,1.089219,-0.001583,0.017130,-0.263063
-2.162424,2.322551,0.748375,0.014543,0.027821,-0.696266,0.717097,0.177742,-0.281124,0.121446,0.320926,-0.082299,-0.213492,-0.235678,0.123141,-0.665564,0.371799,-0.294444,-0.254968,-0.192285,-0.008829,0.110424,-0.075463,0.249097,-0.130276,1.121517,0.166483,-0.008216,0.171419,0.213967,-0.182939,0.190294,1.092736,-0.006699,0.015631,-0.265085
-2.181851,2.341764,0.744612,0.015552,0.027349,-0.697761,0.715639,0.130535,-0.273446,0.130584,0.380375,-0.196131,0.033329,-0.289295,0.129541,-0.672479,0.417190,-0.252321,-0.261800,-0.185699,-0.028079,0.120062,-0.081115,0.272381,-0.133950,1.114574,0.159886,-0.013003,0.168929,0.195225,-0.152480,0.209478,1.094035,-0.019721,0.018549,-0.264134
-2.200464,2.362492,0.741759,0.015439,0.024127,-0.704778,0.708850,0.131432,-0.262978,0.167992,0.345845,-0.270035,0.147570,-0.346019,0.128317,-0.679051,0.479863,-0.186825,-0.261800,-0.169661,-0.049352,0.137187,-0.083684,0.297369,-0.130902,1.109558,0.157630,-0.016949,0.170663,0.170383,-0.128152,0.240178,1.092751,-0.028946,0.014090,-0.269506
-2.217893,2.385004,0.740263,0.013711,0.018189,-0.720448,0.693135,0.150069,-0.253447,0.221557,0.274106,-0.316922,0.171213,-0.412015,0.124132,-0.669431,0.563039,-0.077194,-0.261800,-0.139020,-0.069632,0.164268,-0.081095,0.317594,-0.116586,1.108382,0.154446,-0.017818,0.175553,0.133153,-0.114247,0.276777,1.094667,-0.041243,0.013806,-0.274032
-2.234551,2.408440,0.740002,0.013051,0.010199,-0.738596,0.673945,0.157209,-0.246348,0.263889,0.215398,-0.338293,0.165530,-0.494663,0.129910,-0.596379,0.642206,0.084879,-0.223667,-0.104394,-0.092893,0.194613,-0.073154,0.332495,-0.094885,1.108950,0.145457,-0.018495,0.174059,0.090511,-0.107880,0.313624,1.098874,-0.053548,0.014932,-0.277946
-2.249075,2.429878,0.740605,0.011811,-0.000535,-0.749931,0.661410,0.156852,-0.240610,0.290391,0.188681,-0.345743,0.159863,-0.558976,0.173261,-0.416155,0.677042,0.168922,0.098253,-0.086449,-0.114671,0.225272,-0.059761,0.342385,-0.082949,1.111934,0.133197,-0.018664,0.164410,0.055531,-0.108836,0.344704,1.099842,-0.062930,0.015647,-0.284110
-2.263480,2.448127,0.741267,0.005421,-0.007703,-0.761163,0.648493,0.140924,-0.212049,0.336334,0.216927,-0.372411,0.150853,-0.526410,0.178289,-0.403484,0.642364,0.172106,0.261800,-0.062645,-0.118384,0.249647,-0.043777,0.344041,-0.088297,1.130140,0.127357,-0.020139,0.162646,0.035746,-0.117078,0.360938,1.096848,-0.067791,0.013671,-0.285586
-2.275120,2.464137,0.745401,-0.001889,-0.009112,-0.773393,0.633859,0.129894,-0.176170,0.378951,0.228227,-0.378087,0.148294,-0.545195,0.140159,-0.384273,0.732622,0.070911,0.261800,-0.034014,-0.105893,0.265663,-0.023789,0.328613,-0.075139,1.149570,0.131817,-0.015795,0.166606,0.016815,-0.133575,0.373287,1.096827,-0.066025,0.013223,-0.281714
-2.285233,2.478161,0.751103,-0.008290,-0.008752,-0.786505,0.617466,0.123098,-0.140046,0.418037,0.229591,-0.364360,0.134713,-0.557338,0.098044,-0.325600,0.815468,-0.030344,0.261800,-0.011492,-0.088384,0.274887,0.012479,0.300809,-0.044139,1.151481,0.127650,-0.011456,0.162291,-0.010558,-0.156305,0.391793,1.112391,-0.060866,0.011774,-0.281213
-2.294572,2.491035,0.756623,-0.011935,-0.007739,-0.798342,0.602037,0.117824,-0.109044,0.454453,0.221903,-0.343841,0.119749,-0.556322,0.029650,-0.283462,0.879580,-0.105330,0.261800,0.000211,-0.071915,0.277198,0.056345,0.273165,-0.027556,1.145068,0.117035,-0.014471,0.151706,-0.038183,-0.177380,0.396025,1.125549,-0.058535,0.019185,-0.284349
-2.303784,2.502514,0.760989,-0.013859,-0.008210,-0.807198,0.590061,0.120497,-0.088139,0.482494,0.200173,-0.319706,0.106510,-0.535826,-0.070847,-0.271534,0.919186,-0.157518,0.261800,0.005529,-0.059013,0.275757,0.093777,0.249135,-0.031707,1.147343,0.127653,-0.011178,0.151538,-0.053185,-0.195016,0.377773,1.118971,-0.053111,0.020553,-0.288696
-2.313550,2.512944,0.763906,-0.014472,-0.010791,-0.815177,0.578930,0.125392,-0.073044,0.506432,0.180394,-0.296855,0.086392,-0.501113,-0.183796,-0.270257,0.933301,-0.181919,0.228627,0.015510,-0.050526,0.272116,0.122841,0.227080,-0.034919,1.155494,0.138665,-0.009034,0.153299,-0.056945,-0.212142,0.354667,1.095899,-0.042642,0.014533,-0.287457
-2.324226,2.522818,0.765638,-0.012960,-0.014855,-0.821234,0.570251,0.123005,-0.058466,0.526579,0.177640,-0.283071,0.066047,-0.456969,-0.298686,-0.271595,0.922728,-0.188277,0.170148,0.027999,-0.047198,0.264559,0.143916,0.206545,-0.025136,1.163089,0.136522,-0.006154,0.155047,-0.052535,-0.228622,0.341117,1.069931,-0.048114,0.007699,-0.292230
-2.335951,2.531998,0.766206,-0.010248,-0.020740,-0.824849,0.564879,0.118210,-0.046699,0.539704,0.184169,-0.274210,0.046341,-0.400821,-0.411683,-0.276883,0.891344,-0.203162,0.140470,0.038602,-0.048673,0.255681,0.160075,0.189707,-0.008390,1.167755,0.129261,-0.007449,0.153887,-0.043425,-0.242798,0.334135,1.047471,-0.062306,0.004673,-0.297468
-2.348939,2.541356,0.765978,-0.006153,-0.027297,-0.826545,0.562175,0.104601,-0.033083,0.546050,0.207003,-0.272176,0.028949,-0.343827,-0.509059,-0.272857,0.848694,-0.206894,0.119108,0.048396,-0.053635,0.245767,0.169382,0.178049,0.006850,1.171213,0.115779,-0.009757,0.156113,-0.034102,-0.253438,0.330471,1.034256,-0.068840,0.004192,-0.296447
-2.363370,2.551338,0.765427,-0.001896,-0.032464,-0.827452,0.560594,0.081151,-0.010161,0.548511,0.248016,-0.276169,0.010001,-0.285502,-0.582307,-0.267951,0.796275,-0.183045,0.093453,0.057574,-0.058324,0.235313,0.174425,0.170915,0.021141,1.171411,0.108389,-0.010746,0.162640,-0.028554,-0.259779,0.331678,1.035696,-0.074070,0.002923,-0.293725
-2.379421,2.562388,0.764343,0.002446,-0.035419,-0.828286,0.559180,0.048062,0.023858,0.548470,0.304040,-0.284885,-0.010637,-0.224607,-0.626160,-0.263232,0.730823,-0.169090,0.078368,0.065991,-0.062605,0.224074,0.176571,0.168248,0.033101,1.168995,0.099937,-0.012265,0.165719,-0.028432,-0.262075,0.340811,1.046475,-0.072941,0.006116,-0.290182
-2.396971,2.574412,0.762630,0.007874,-0.038809,-0.830447,0.555688,0.019316,0.055833,0.550921,0.347065,-0.286626,-0.032465,-0.174387,-0.643128,-0.228000,0.662761,-0.169770,0.079071,0.075398,-0.070570,0.213280,0.177438,0.168460,0.041378,1.166087,0.096004,-0.015990,0.168658,-0.031463,-0.261917,0.350911,1.058709,-0.077521,0.006222,-0.288780
-2.416014,2.587433,0.760691,0.013807,-0.041434,-0.833908,0.550173,-0.007167,0.090678,0.556507,0.382149,-0.281967,-0.057705,-0.151278,-0.628863,-0.140496,0.615349,-0.160003,0.061020,0.083806,-0.080545,0.201464,0.178704,0.171162,0.052127,1.162870,0.089606,-0.019764,0.171881,-0.037827,-0.259050,0.363282,1.068313,-0.075552,0.005744,-0.284678
-2.437536,2.601962,0.758122,0.019429,-0.042472,-0.837680,0.544160,-0.036480,0.135244,0.559210,0.420889,-0.274650,-0.088501,-0.089200,-0.592726,-0.080849,0.504404,-0.160299,0.196870,0.090993,-0.091769,0.188961,0.177868,0.177057,0.069464,1.163305,0.085642,-0.022171,0.176330,-0.043882,-0.251283,0.370845,1.071648,-0.083929,0.009373,-0.281870
-2.461178,2.618264,0.756285,0.021644,-0.038192,-0.841919,0.537815,-0.065316,0.198632,0.557182,0.455633,-0.258245,-0.126655,-0.036573,-0.536776,-0.076165,0.387658,-0.180513,0.261800,0.096823,-0.094964,0.177998,0.174761,0.186818,0.084137,1.164179,0.076089,-0.025311,0.181334,-0.051258,-0.240931,0.383205,1.071285,-0.083438,0.008477,-0.282038
-2.485316,2.635609,0.755954,0.019239,-0.035892,-0.844616,0.533822,-0.072991,0.254556,0.547597,0.455061,-0.216654,-0.168683,-0.008542,-0.488812,-0.123008,0.339589,-0.230396,0.261800,0.097923,-0.095260,0.179610,0.166134,0.198878,0.089502,1.167246,0.080416,-0.024464,0.183264,-0.059990,-0.231482,0.398998,1.071159,-0.085090,0.007509,-0.284734
-2.509599,2.654101,0.756639,0.014968,-0.036280,-0.846212,0.531399,-0.060803,0.295725,0.533239,0.412406,-0.148444,-0.215463,-0.008114,-0.448775,-0.164596,0.357658,-0.296951,0.261800,0.096598,-0.097092,0.190310,0.152493,0.211918,0.088999,1.169492,0.087009,-0.022750,0.184667,-0.071209,-0.223315,0.417688,1.073207,-0.083905,0.010966,-0.281728
-2.534105,2.674518,0.758570,0.008332,-0.031140,-0.847257,0.530204,-0.056006,0.350267,0.511945,0.367811,-0.062185,-0.259795,-0.035951,-0.387051,-0.167251,0.414023,-0.343803,0.232027,0.094433,-0.088163,0.204353,0.133536,0.225492,0.089063,1.164037,0.093134,-0.020463,0.181797,-0.086869,-0.218089,0.444990,1.079150,-0.084852,0.013516,-0.281922
-2.558505,2.696107,0.760594,0.007873,-0.025614,-0.843373,0.536659,-0.078348,0.391876,0.479757,0.325801,0.040915,-0.261800,-0.068342,-0.335286,-0.183849,0.463843,-0.372899,0.202645,0.079172,-0.088529,0.209530,0.108930,0.242971,0.079111,1.156579,0.098160,-0.019818,0.180064,-0.098602,-0.214341,0.464243,1.082989,-0.083541,0.015089,-0.278817
-2.581703,2.715933,0.762566,0.007818,-0.018438,-0.837271,0.546421,-0.119773,0.444141,0.479393,0.339195,0.086902,-0.235022,-0.084541,-0.283666,-0.220424,0.483688,-0.390866,0.160375,0.065249,-0.084970,0.207608,0.080025,0.258681,0.061348,1.148574,0.118913,-0.015762,0.180664,-0.093294,-0.214408,0.459504,1.076291,-0.088525,0.020446,-0.277594
-2.602390,2.733682,0.765428,0.005986,-0.013903,-0.831472,0.555361,-0.139991,0.465957,0.461470,0.379349,0.066199,-0.227901,-0.083912,-0.235310,-0.256794,0.476649,-0.393401,0.112039,0.054520,-0.081271,0.207786,0.054667,0.265193,0.049021,1.133552,0.137297,-0.014607,0.184981,-0.082493,-0.221997,0.453802,1.073491,-0.083814,0.013714,-0.279009
-2.620559,2.749725,0.768593,0.002004,-0.014674,-0.828599,0.559647,-0.137648,0.476764,0.454509,0.488598,0.007909,-0.197477,-0.072606,-0.194604,-0.277241,0.456498,-0.386492,0.074989,0.048958,-0.079698,0.215956,0.038556,0.260868,0.045496,1.111281,0.141001,-0.016431,0.181053,-0.070583,-0.235841,0.439238,1.077047,-0.083086,0.014896,-0.282428
-2.636777,2.764268,0.771044,-0.001695,-0.017402,-0.827441,0.561281,-0.113990,0.491807,0.495951,0.644531,-0.075662,-0.143926,-0.060096,-0.159956,-0.288670,0.432503,-0.377277,0.047405,0.044468,-0.078160,0.223946,0.029015,0.251242,0.037792,1.089338,0.155884,-0.015802,0.177656,-0.053218,-0.250926,0.408920,1.077143,-0.066361,0.020199,-0.286711
-2.651160,2.777936,0.772195,-0.003169,-0.017439,-0.826139,0.563187,-0.082239,0.497199,0.547446,0.800806,-0.152519,-0.106901,-0.057508,-0.127055,-0.299872,0.412777,-0.368844,0.019433,0.035510,-0.073103,0.225048,0.020258,0.242121,0.020991,1.073785,0.168957,-0.018447,0.180553,-0.034553,-0.267427,0.377463,1.073395,-0.040491,0.015632,-0.290068
-2.664173,2.790725,0.772271,-0.003271,-0.015805,-0.822792,0.568114,-0.052710,0.465308,0.563618,0.921202,-0.210107,-0.104811,-0.060133,-0.098162,-0.317358,0.397542,-0.362946,-0.005540,0.020454,-0.065944,0.221965,0.007680,0.233301,0.004449,1.068159,0.185620,-0.017787,0.186942,-0.011779,-0.283471,0.346720,1.065728,-0.030911,0.014783,-0.290991
-2.676492,2.802576,0.771803,-0.001703,-0.013811,-0.816809,0.576740,-0.028609,0.388278,0.543099,0.988543,-0.237686,-0.140867,-0.068557,-0.075476,-0.338636,0.391118,-0.360736,-0.030173,-0.000625,-0.060060,0.214077,-0.007136,0.226280,-0.011756,1.076097,0.187658,-0.018942,0.188932,0.017969,-0.294576,0.313498,1.058224,-0.028785,0.014537,-0.292164
-2.688603,2.813767,0.770739,0.000569,-0.010183,-0.808321,0.588654,-0.007996,0.283415,0.499143,1.004806,-0.234965,-0.208185,-0.078795,-0.053639,-0.365854,0.383657,-0.357768,-0.049893,-0.027571,-0.053831,0.200584,-0.023135,0.221870,-0.030726,1.094922,0.187114,-0.016862,0.191992,0.051487,-0.298880,0.286093,1.053870,-0.021355,0.013357,-0.290592
-2.699627,2.824688,0.769306,0.007744,-0.008421,-0.797019,0.603846,0.012353,0.142341,0.442962,0.959581,-0.204706,-0.261800,-0.106494,-0.052562,-0.401827,0.403011,-0.365973,-0.067542,-0.060519,-0.055728,0.179506,-0.038868,0.219760,-0.054112,1.118215,0.186350,-0.015844,0.192122,0.085532,-0.297621,0.263917,1.054129,-0.016755,0.012214,-0.286269
-2.709391,2.835736,0.767502,0.020338,-0.010584,-0.782961,0.621649,0.039219,-0.034491,0.367639,0.848637,-0.145509,-0.261800,-0.148156,-0.075743,-0.433771,0.444035,-0.386979,-0.082738,-0.100191,-0.070164,0.153072,-0.053003,0.220153,-0.076743,1.139872,0.184196,-0.015075,0.190970,0.116745,-0.290769,0.247036,1.058135,-0.013837,0.013173,-0.281131
-2.718951,2.847241,0.765295,0.029097,-0.009277,-0.771247,0.635803,0.083349,-0.185002,0.284893,0.704206,-0.079293,-0.261800,-0.183807,-0.084649,-0.464233,0.469864,-0.396728,-0.098543,-0.132838,-0.074735,0.130671,-0.064578,0.221227,-0.094828,1.153787,0.182818,-0.014687,0.192757,0.143489,-0.278049,0.229628,1.061060,-0.013349,0.017064,-0.279928
-2.729409,2.859319,0.762999,0.032576,-0.003017,-0.761967,0.646789,0.137416,-0.270756,0.223303,0.555005,-0.043806,-0.261800,-0.206325,-0.066973,-0.491499,0.462778,-0.390626,-0.118357,-0.157046,-0.065813,0.112129,-0.073192,0.222277,-0.105680,1.161857,0.185367,-0.012541,0.198442,0.169405,-0.260446,0.210081,1.061382,-0.015714,0.017443,-0.277161
-2.740945,2.872914,0.760641,0.032518,0.005196,-0.753783,0.656298,0.188588,-0.299345,0.185295,0.406286,-0.017276,-0.261800,-0.221033,-0.034049,-0.521770,0.435407,-0.373399,-0.144485,-0.175309,-0.052245,0.100520,-0.080950,0.224735,-0.106877,1.160937,0.188443,-0.012097,0.202400,0.191390,-0.237551,0.192558,1.060236,-0.019226,0.018371,-0.272893
-2.752900,2.887911,0.757351,0.028045,0.015206,-0.746253,0.664898,0.244702,-0.297553,0.151095,0.222625,0.045801,-0.261800,-0.228600,0.013120,-0.555199,0.391937,-0.345802,-0.173748,-0.189782,-0.032257,0.096939,-0.088588,0.229976,-0.108315,1.154511,0.187538,-0.013203,0.204169,0.209764,-0.212564,0.178754,1.057692,-0.019465,0.018510,-0.268918
-2.767957,2.903347,0.755407,0.016695,0.017069,-0.749196,0.661918,0.218412,-0.246518,0.172313,0.277143,-0.065629,-0.261800,-0.201817,0.083151,-0.556926,0.307589,-0.293472,-0.203687,-0.176472,-0.024944,0.112960,-0.091190,0.240157,-0.108084,1.143567,0.191271,-0.014051,0.207033,0.219438,-0.185984,0.180039,1.062133,-0.020489,0.017038,-0.267311
-2.781482,2.921651,0.750785,0.018943,0.020982,-0.749353,0.661567,0.153845,-0.232253,0.183683,0.365760,-0.190455,-0.014396,-0.241678,0.108417,-0.562641,0.311394,-0.270261,-0.230126,-0.172134,-0.031287,0.105863,-0.095201,0.256924,-0.106634,1.133731,0.195844,-0.016079,0.208853,0.219356,-0.158325,0.192135,1.072759,-0.030350,0.018156,-0.262953
-2.793695,2.941220,0.747867,0.020835,0.020041,-0.749786,0.661048,0.147539,-0.222603,0.223125,0.341949,-0.254436,0.086499,-0.297915,0.108167,-0.566661,0.365499,-0.237703,-0.248857,-0.169663,-0.046255,0.109863,-0.099034,0.274593,-0.105586,1.126126,0.190948,-0.020165,0.213640,0.208763,-0.134306,0.212603,1.085524,-0.040412,0.019772,-0.262029
-2.804610,2.962061,0.746491,0.019809,0.017171,-0.756140,0.653885,0.161762,-0.216196,0.256836,0.278536,-0.295115,0.108125,-0.366572,0.101611,-0.554737,0.453593,-0.173859,-0.243060,-0.154646,-0.058771,0.126213,-0.102588,0.286958,-0.096972,1.126595,0.187254,-0.022471,0.215580,0.190481,-0.116852,0.229331,1.094849,-0.051048,0.020795,-0.264086
-2.814165,2.983695,0.746553,0.015991,0.012135,-0.766641,0.641762,0.184184,-0.212630,0.288303,0.202169,-0.308177,0.111787,-0.437464,0.096066,-0.519749,0.548028,-0.068970,-0.171078,-0.131896,-0.069299,0.153172,-0.101701,0.293247,-0.084066,1.131239,0.184250,-0.022827,0.211906,0.165703,-0.108172,0.245409,1.102717,-0.050682,0.019903,-0.266517
-2.822567,3.004458,0.747051,0.011298,0.005497,-0.775513,0.631206,0.203765,-0.209544,0.309273,0.138718,-0.307441,0.109802,-0.499280,0.114797,-0.408324,0.607333,0.037658,0.043476,-0.114240,-0.077752,0.182341,-0.094252,0.295168,-0.078479,1.134174,0.178849,-0.020492,0.204902,0.142606,-0.107286,0.259776,1.106293,-0.046675,0.018579,-0.269414
-2.831961,3.023088,0.747290,0.004152,0.000382,-0.784804,0.619730,0.199874,-0.188617,0.339455,0.139778,-0.329002,0.100302,-0.496657,0.140996,-0.352595,0.582161,0.111312,0.261800,-0.092168,-0.079582,0.208097,-0.079070,0.294569,-0.081157,1.138482,0.175777,-0.020926,0.197792,0.128232,-0.110647,0.270320,1.104825,-0.047991,0.016909,-0.274008
-2.839792,3.038868,0.749293,-0.002246,-0.002352,-0.791220,0.611523,0.194642,-0.166492,0.365636,0.141089,-0.336055,0.096307,-0.528529,0.125368,-0.306777,0.662007,0.038763,0.261800,-0.074130,-0.073255,0.225087,-0.061098,0.286317,-0.083553,1.148724,0.174711,-0.021808,0.196547,0.120880,-0.120943,0.279383,1.102521,-0.048561,0.013951,-0.274684
-2.846249,3.052684,0.752709,-0.006103,-0.003364,-0.797558,0.603202,0.185640,-0.146313,0.389026,0.140418,-0.331009,0.092640,-0.545970,0.047242,-0.321258,0.764495,-0.039869,0.261800,-0.055619,-0.063067,0.233713,-0.036620,0.267385,-0.066477,1.155989,0.179316,-0.016579,0.195173,0.111286,-0.135815,0.286333,1.107606,-0.044647,0.016616,-0.272698
-2.852377,3.064592,0.756508,-0.009076,-0.004089,-0.803506,0.595213,0.178953,-0.127660,0.409137,0.137114,-0.318215,0.084326,-0.541342,-0.044604,-0.327597,0.842422,-0.110868,0.261800,-0.044052,-0.051445,0.237610,-0.001888,0.244584,-0.045927,1.157881,0.167103,-0.015570,0.190024,0.097788,-0.153743,0.295128,1.119969,-0.040005,0.015794,-0.274542
-2.858710,3.074871,0.759816,-0.011546,-0.005677,-0.808497,0.588359,0.175372,-0.111429,0.425903,0.133977,-0.305375,0.074244,-0.515754,-0.141751,-0.331937,0.890686,-0.162490,0.261800,-0.038022,-0.041587,0.238613,0.036649,0.223264,-0.035257,1.161616,0.162530,-0.016067,0.185183,0.084608,-0.172243,0.299616,1.128047,-0.035141,0.016742,-0.272344
-2.865884,3.084351,0.762209,-0.012253,-0.007154,-0.814508,0.579979,0.169825,-0.095860,0.446392,0.133731,-0.294554,0.062317,-0.481434,-0.232953,-0.337749,0.911099,-0.180965,0.192831,-0.027940,-0.034013,0.234104,0.072713,0.204691,-0.033017,1.171693,0.165483,-0.012696,0.183540,0.075979,-0.189505,0.295488,1.125187,-0.035613,0.015736,-0.271096
-2.873955,3.092563,0.763687,-0.011511,-0.009913,-0.820349,0.571661,0.165794,-0.083484,0.466959,0.134478,-0.285576,0.050025,-0.437745,-0.313271,-0.324823,0.904978,-0.196295,0.144857,-0.014904,-0.031072,0.225400,0.105945,0.189071,-0.025907,1.185041,0.162329,-0.010189,0.179756,0.072794,-0.205219,0.289577,1.113474,-0.038083,0.016810,-0.273572
-2.882776,3.100529,0.764421,-0.009643,-0.013895,-0.824199,0.566047,0.153859,-0.070526,0.479705,0.153855,-0.285547,0.040301,-0.385312,-0.389534,-0.308098,0.881868,-0.219020,0.123720,-0.005636,-0.032208,0.216932,0.132563,0.177232,-0.015378,1.199539,0.157404,-0.008124,0.177341,0.070608,-0.218588,0.278641,1.096926,-0.041735,0.012731,-0.277001
-2.892451,3.108196,0.764695,-0.007929,-0.019007,-0.828068,0.560250,0.147345,-0.059494,0.492968,0.168129,-0.284514,0.027944,-0.328800,-0.461752,-0.294880,0.852554,-0.227051,0.100785,0.005556,-0.035093,0.210743,0.153860,0.169105,-0.003711,1.211221,0.144253,-0.006006,0.177580,0.067715,-0.229586,0.268862,1.080884,-0.047492,0.013042,-0.281839
-2.903142,3.115780,0.764749,-0.005634,-0.024328,-0.832259,0.553824,0.144850,-0.049961,0.505824,0.173752,-0.279626,0.013497,-0.275670,-0.526006,-0.281523,0.822043,-0.222375,0.063606,0.019072,-0.039691,0.203824,0.170253,0.164597,0.008914,1.220438,0.133997,-0.003425,0.178542,0.063341,-0.238645,0.263985,1.071309,-0.052855,0.012047,-0.283632
-2.915116,3.123666,0.764795,-0.001922,-0.029165,-0.836374,0.547379,0.137081,-0.037343,0.518833,0.185915,-0.275570,-0.002209,-0.223274,-0.566676,-0.249110,0.770441,-0.231766,0.056594,0.031112,-0.046519,0.194325,0.183538,0.162963,0.023344,1.223217,0.128255,-0.001934,0.179820,0.056361,-0.245140,0.266813,1.066381,-0.060876,0.012366,-0.285319
-2.928418,3.132220,0.764802,0.003248,-0.032486,-0.840500,0.540827,0.123878,-0.020143,0.531186,0.200878,-0.270292,-0.021780,-0.181372,-0.575305,-0.176787,0.705133,-0.228668,0.059260,0.040823,-0.054216,0.182133,0.194682,0.163623,0.038542,1.215351,0.122454,-0.000273,0.182665,0.047595,-0.250287,0.273992,1.062437,-0.070283,0.013424,-0.282952
-2.943341,3.141789,0.764547,0.010184,-0.034989,-0.843897,0.535266,0.103444,0.001160,0.539957,0.221997,-0.265018,-0.042923,-0.147649,-0.561150,-0.077744,0.635361,-0.210744,0.065176,0.046789,-0.065181,0.168085,0.200928,0.167649,0.049956,1.202881,0.119449,-0.001819,0.187667,0.039609,-0.252611,0.279654,1.054472,-0.081739,0.015378,-0.281755
-2.960311,3.152882,0.763780,0.019205,-0.036822,-0.846432,0.530875,0.074432,0.026998,0.545503,0.249885,-0.259504,-0.067282,-0.098734,-0.529741,0.022256,0.528937,-0.189493,0.152564,0.052263,-0.081216,0.153009,0.197296,0.177988,0.057090,1.189567,0.119149,-0.003034,0.189706,0.033528,-0.250508,0.282382,1.044811,-0.091113,0.015259,-0.286504
-2.978895,3.165608,0.762741,0.028271,-0.036333,-0.848187,0.527692,0.037397,0.063012,0.545932,0.286623,-0.253430,-0.095421,-0.045346,-0.505225,0.054016,0.402716,-0.193073,0.251384,0.056511,-0.095957,0.138258,0.183643,0.192476,0.063504,1.176640,0.121110,-0.004648,0.191595,0.027955,-0.243252,0.278637,1.035589,-0.094890,0.014289,-0.289871
-2.999152,3.179755,0.762460,0.030759,-0.028812,-0.849966,0.525149,-0.004431,0.129493,0.537050,0.341937,-0.250132,-0.132829,0.000169,-0.460902,0.009012,0.290217,-0.189339,0.261800,0.060876,-0.093677,0.129052,0.164366,0.207326,0.072916,1.159490,0.120900,-0.005431,0.194105,0.020964,-0.235622,0.284033,1.031518,-0.095520,0.013607,-0.290992
-3.019955,3.194818,0.762130,0.031140,-0.026862,-0.851001,0.523552,-0.022860,0.178347,0.524167,0.359010,-0.223782,-0.173014,0.017012,-0.426537,-0.037877,0.256171,-0.233838,0.261800,0.064645,-0.097694,0.131714,0.141016,0.221364,0.084908,1.136954,0.130384,-0.007212,0.197967,0.011515,-0.229919,0.302607,1.035253,-0.095396,0.011175,-0.290849
-3.041119,3.211084,0.762330,0.028867,-0.028578,-0.851442,0.522873,-0.023047,0.216179,0.508775,0.347053,-0.176835,-0.212254,0.013046,-0.395483,-0.076618,0.277998,-0.295785,0.261800,0.066013,-0.105441,0.146256,0.115844,0.234312,0.096833,1.107317,0.137440,-0.009164,0.203950,-0.004463,-0.225456,0.333373,1.048102,-0.092425,0.011867,-0.290812
-3.062730,3.228720,0.763659,0.022973,-0.026399,-0.851088,0.523855,-0.022539,0.264883,0.489855,0.328274,-0.118561,-0.250529,-0.009835,-0.344892,-0.081216,0.335481,-0.341890,0.235364,0.065156,-0.102728,0.166015,0.087924,0.247498,0.102660,1.074312,0.149289,-0.010080,0.206355,-0.023418,-0.222595,0.369501,1.062789,-0.089639,0.013728,-0.289360
-3.084225,3.247227,0.765382,0.021417,-0.019975,-0.846777,0.531141,-0.043266,0.310138,0.460731,0.302419,-0.046526,-0.261800,-0.043866,-0.292616,-0.095595,0.393978,-0.371096,0.200107,0.053308,-0.098081,0.174125,0.053619,0.260779,0.096850,1.052261,0.161099,-0.013842,0.208491,-0.039313,-0.219865,0.400627,1.077497,-0.084932,0.014512,-0.287202
-3.105261,3.264789,0.767135,0.022335,-0.013172,-0.840217,0.541630,-0.068993,0.348071,0.436020,0.269924,0.026537,-0.261800,-0.063095,-0.245511,-0.128670,0.417822,-0.387539,0.160436,0.042005,-0.094665,0.175540,0.016904,0.271350,0.082162,1.036838,0.179319,-0.013950,0.201917,-0.042155,-0.218414,0.414059,1.079888,-0.083914,0.019121,-0.281212
-3.125004,3.280962,0.768183,0.021920,-0.005214,-0.832428,0.553675,-0.101752,0.395760,0.449763,0.278825,0.051527,-0.249998,-0.071507,-0.196672,-0.169776,0.422379,-0.397524,0.113514,0.033120,-0.086433,0.175934,-0.019802,0.276915,0.063920,1.021489,0.197067,-0.010160,0.197150,-0.037194,-0.221712,0.422120,1.075672,-0.079673,0.016820,-0.281656
-3.142065,3.295254,0.768973,0.020762,-0.003700,-0.824733,0.565129,-0.121217,0.421465,0.464695,0.342756,-0.011320,-0.197011,-0.074749,-0.165685,-0.202313,0.429849,-0.404891,0.081797,0.027546,-0.083854,0.183006,-0.051258,0.274784,0.045911,1.005690,0.208593,-0.011558,0.197458,-0.028315,-0.233550,0.428757,1.071329,-0.080462,0.015286,-0.282695
-3.157414,3.307769,0.769722,0.016321,-0.005108,-0.819488,0.572842,-0.109576,0.446658,0.507763,0.451960,-0.084732,-0.156354,-0.067041,-0.136350,-0.225538,0.428757,-0.407310,0.051703,0.024715,-0.078699,0.194304,-0.067616,0.264818,0.031077,0.989362,0.215837,-0.013693,0.198830,-0.023600,-0.248895,0.438198,1.080801,-0.076065,0.015752,-0.283160
-3.171479,3.318846,0.770346,0.011781,-0.006295,-0.815768,0.578224,-0.083708,0.469786,0.554975,0.593654,-0.156976,-0.117223,-0.056749,-0.106468,-0.243170,0.418435,-0.404756,0.022517,0.022671,-0.071942,0.203516,-0.072040,0.252250,0.018531,0.974003,0.225878,-0.012733,0.196238,-0.018192,-0.262917,0.434454,1.088778,-0.066560,0.018600,-0.282543
-3.184318,3.328784,0.770440,0.010124,-0.007079,-0.810918,0.585030,-0.054720,0.471578,0.588400,0.734246,-0.215089,-0.097023,-0.051871,-0.083947,-0.262850,0.409398,-0.404189,0.000755,0.017732,-0.066827,0.206262,-0.073296,0.241506,-0.001439,0.967971,0.229104,-0.014848,0.192265,-0.007515,-0.273859,0.414676,1.089813,-0.057223,0.021160,-0.282244
-3.195868,3.337708,0.770095,0.010614,-0.007781,-0.804452,0.593872,-0.028578,0.437211,0.588605,0.846023,-0.242580,-0.106875,-0.054411,-0.068869,-0.284485,0.409422,-0.406601,-0.019623,0.008972,-0.063772,0.204554,-0.074345,0.232507,-0.022670,0.975941,0.229671,-0.014958,0.189250,0.008319,-0.280875,0.385440,1.084491,-0.044057,0.018678,-0.285921
-3.207043,3.345375,0.769440,0.010568,-0.006709,-0.795532,0.605782,-0.005393,0.375191,0.557824,0.918073,-0.243426,-0.146463,-0.053318,-0.051720,-0.313490,0.403395,-0.407622,-0.040482,-0.007345,-0.058866,0.198639,-0.071782,0.225592,-0.040910,0.996626,0.226215,-0.015336,0.189519,0.026914,-0.282168,0.356805,1.077655,-0.038239,0.019873,-0.285323
-3.217871,3.352024,0.768540,0.010732,-0.005484,-0.784700,0.619759,0.025432,0.294747,0.523788,0.944343,-0.229370,-0.209157,-0.051195,-0.036835,-0.346352,0.396217,-0.408337,-0.056300,-0.026554,-0.053927,0.188477,-0.067120,0.219205,-0.058360,1.025376,0.222670,-0.013109,0.186800,0.048476,-0.278768,0.332144,1.071301,-0.036881,0.020522,-0.282910
-3.228162,3.358211,0.767502,0.014175,-0.004522,-0.772102,0.635324,0.061162,0.204575,0.500686,0.929028,-0.208764,-0.261800,-0.060695,-0.031385,-0.381268,0.403082,-0.415734,-0.074726,-0.049789,-0.054821,0.171814,-0.060932,0.215137,-0.075587,1.058628,0.214094,-0.010359,0.184682,0.069154,-0.271680,0.316356,1.065724,-0.040473,0.020562,-0.280121
-3.237255,3.364505,0.766232,0.022075,-0.004587,-0.758713,0.651034,0.093856,0.097217,0.478518,0.871366,-0.180174,-0.261800,-0.083776,-0.040429,-0.415891,0.424511,-0.429514,-0.089126,-0.074568,-0.061854,0.149717,-0.053301,0.212618,-0.091573,1.088465,0.210057,-0.006927,0.181061,0.087395,-0.262396,0.304031,1.061010,-0.041196,0.017080,-0.279033
-3.245737,3.371091,0.764801,0.030330,-0.003009,-0.746056,0.665186,0.114571,-0.030936,0.413455,0.777569,-0.140126,-0.261800,-0.112081,-0.049626,-0.446640,0.447138,-0.440398,-0.100840,-0.097615,-0.066448,0.127200,-0.044243,0.210541,-0.103606,1.112143,0.203393,-0.006623,0.182873,0.100323,-0.250976,0.290522,1.058914,-0.045267,0.018373,-0.278654
-3.253991,3.378238,0.763278,0.036305,-0.000576,-0.735739,0.676291,0.139366,-0.164746,0.313072,0.649173,-0.094232,-0.261800,-0.138457,-0.053170,-0.473247,0.465826,-0.446602,-0.114001,-0.115560,-0.067399,0.109527,-0.034644,0.208586,-0.110391,1.131674,0.192201,-0.006631,0.186182,0.106677,-0.237763,0.278824,1.063804,-0.041710,0.017840,-0.281415
-3.262821,3.386081,0.761525,0.037129,0.003512,-0.728442,0.684091,0.177822,-0.255172,0.226028,0.508296,-0.050956,-0.261800,-0.154350,-0.039032,-0.495254,0.466872,-0.442284,-0.129064,-0.126224,-0.060946,0.100137,-0.027041,0.207234,-0.113674,1.149540,0.182997,-0.005293,0.186707,0.108655,-0.223128,0.267860,1.069828,-0.039487,0.017981,-0.279286
-3.272181,3.395300,0.759782,0.034778,0.010548,-0.722903,0.689993,0.212274,-0.288930,0.175252,0.370678,0.007268,-0.261800,-0.169171,-0.010906,-0.514860,0.456452,-0.425995,-0.146966,-0.133293,-0.046631,0.094564,-0.022950,0.207540,-0.121204,1.165152,0.173059,-0.007302,0.184745,0.106042,-0.210701,0.264232,1.072598,-0.038289,0.018394,-0.276198
-3.282609,3.405310,0.758598,0.027217,0.016438,-0.720049,0.693194,0.227174,-0.273029,0.162404,0.281305,0.051955,-0.261800,-0.169084,0.031699,-0.527957,0.426050,-0.395319,-0.163705,-0.133658,-0.030018,0.099923,-0.021712,0.208864,-0.126524,1.176414,0.174579,-0.005763,0.184271,0.101667,-0.199912,0.266231,1.070745,-0.043216,0.017925,-0.276442
-3.295549,3.416184,0.757782,0.017321,0.019849,-0.722287,0.691092,0.181570,-0.225187,0.166295,0.384558,-0.061721,-0.250072,-0.156483,0.087284,-0.527756,0.374697,-0.352556,-0.185963,-0.120932,-0.020420,0.110723,-0.020623,0.214595,-0.128401,1.180631,0.173941,-0.004997,0.186030,0.096032,-0.187555,0.272490,1.068035,-0.048063,0.017151,-0.278753
-3.306460,3.428905,0.755912,0.018407,0.020545,-0.720569,0.692835,0.157992,-0.210537,0.196450,0.411302,-0.131021,-0.109020,-0.186871,0.097471,-0.537196,0.391596,-0.338390,-0.207558,-0.121088,-0.027658,0.108290,-0.020025,0.223078,-0.127754,1.176953,0.174975,-0.005975,0.183653,0.089057,-0.174729,0.275348,1.064226,-0.056445,0.017020,-0.281826
-3.317080,3.442597,0.754235,0.020073,0.020190,-0.721818,0.691497,0.147810,-0.206211,0.208196,0.402780,-0.184819,0.006259,-0.222496,0.103581,-0.542618,0.417325,-0.317725,-0.225691,-0.115963,-0.036755,0.107434,-0.019551,0.231951,-0.127212,1.167840,0.176148,-0.007743,0.186508,0.081132,-0.164014,0.276827,1.057546,-0.062707,0.017830,-0.282698
-3.326955,3.457408,0.752835,0.020323,0.019846,-0.727415,0.685610,0.150471,-0.199452,0.237297,0.368900,-0.228674,0.061231,-0.262941,0.110102,-0.544646,0.453577,-0.282833,-0.238390,-0.104819,-0.041610,0.111970,-0.017235,0.237144,-0.117641,1.153819,0.179657,-0.007739,0.189892,0.067871,-0.158764,0.283064,1.053413,-0.066207,0.016476,-0.282421
-3.336050,3.473441,0.752247,0.019792,0.016478,-0.736170,0.676306,0.166859,-0.199357,0.278828,0.310577,-0.255744,0.086136,-0.306390,0.109545,-0.545406,0.504815,-0.236727,-0.251303,-0.090972,-0.048361,0.124564,-0.016975,0.238807,-0.105781,1.145770,0.177586,-0.010136,0.195209,0.045701,-0.159545,0.301095,1.055445,-0.069220,0.016979,-0.283713
-3.345020,3.489957,0.752146,0.017196,0.010982,-0.746042,0.665586,0.185738,-0.199831,0.320234,0.255211,-0.273196,0.100068,-0.345525,0.105825,-0.548091,0.559090,-0.173494,-0.247838,-0.077363,-0.054633,0.143748,-0.018752,0.239718,-0.101224,1.145984,0.174669,-0.011335,0.195783,0.023778,-0.163206,0.317459,1.055344,-0.075587,0.017377,-0.284758
-3.353838,3.506867,0.752389,0.014033,0.004245,-0.756129,0.654258,0.196672,-0.198834,0.346991,0.216875,-0.283672,0.102008,-0.384429,0.099791,-0.541865,0.612741,-0.093760,-0.216609,-0.064046,-0.062901,0.165650,-0.023169,0.241930,-0.103137,1.151206,0.172660,-0.010182,0.191359,0.004453,-0.167227,0.328646,1.049202,-0.079293,0.019212,-0.285626
-3.362109,3.523469,0.752880,0.012455,-0.002487,-0.764904,0.644019,0.197709,-0.196765,0.368450,0.193302,-0.288497,0.096999,-0.430747,0.101008,-0.494150,0.660153,-0.005619,-0.126476,-0.054928,-0.073493,0.184125,-0.026641,0.244827,-0.106806,1.156341,0.172085,-0.010288,0.188233,-0.010241,-0.171575,0.335725,1.038356,-0.082572,0.018264,-0.287169
-3.369485,3.539136,0.753255,0.010460,-0.010053,-0.772717,0.634585,0.202193,-0.197009,0.392427,0.169258,-0.289975,0.097475,-0.455752,0.122663,-0.398158,0.671788,0.027298,0.116549,-0.049436,-0.084158,0.202926,-0.025722,0.247023,-0.108356,1.155634,0.172798,-0.010253,0.187958,-0.020426,-0.177212,0.339421,1.025937,-0.088451,0.017949,-0.288546
-3.376916,3.553024,0.752756,0.004504,-0.014745,-0.781372,0.623875,0.203087,-0.182379,0.421985,0.168575,-0.308112,0.094083,-0.444185,0.149335,-0.339310,0.643512,0.035043,0.261800,-0.041418,-0.083774,0.218681,-0.017975,0.244689,-0.103514,1.152113,0.173668,-0.009463,0.190718,-0.022732,-0.184854,0.340676,1.016781,-0.090203,0.015132,-0.290168
-3.383110,3.565246,0.753292,-0.002168,-0.015834,-0.789220,0.613903,0.208092,-0.164180,0.448538,0.155871,-0.319700,0.092338,-0.450396,0.133856,-0.329207,0.680938,-0.037999,0.261800,-0.034860,-0.073709,0.229154,-0.008537,0.236591,-0.095284,1.150859,0.175358,-0.009495,0.191451,-0.021527,-0.195147,0.342784,1.014108,-0.087716,0.015615,-0.291179
-3.388532,3.576357,0.754763,-0.006269,-0.016021,-0.796185,0.604808,0.210457,-0.149026,0.468711,0.138030,-0.319520,0.083020,-0.455830,0.076819,-0.344238,0.737575,-0.107662,0.261800,-0.029244,-0.063217,0.234809,0.000721,0.225900,-0.086718,1.148758,0.177382,-0.008957,0.188276,-0.018487,-0.205777,0.342673,1.021234,-0.082538,0.014532,-0.292702
-3.393978,3.586642,0.756853,-0.007256,-0.016507,-0.801900,0.597186,0.202947,-0.135232,0.485988,0.133779,-0.316792,0.074169,-0.448485,-0.010758,-0.375107,0.783145,-0.164059,0.261800,-0.028028,-0.058048,0.236186,0.011789,0.217168,-0.079013,1.144713,0.177317,-0.008731,0.187844,-0.015086,-0.212481,0.341405,1.037261,-0.077920,0.013026,-0.295633
-3.400013,3.596126,0.759273,-0.006653,-0.017091,-0.806103,0.591491,0.193250,-0.122984,0.500579,0.131055,-0.306958,0.064616,-0.422998,-0.116066,-0.427128,0.806416,-0.209501,0.238620,-0.029105,-0.054720,0.234091,0.020240,0.211543,-0.077285,1.146499,0.177407,-0.010366,0.189002,-0.007121,-0.214251,0.333719,1.053715,-0.069853,0.015091,-0.296215
-3.406572,3.605261,0.761634,-0.005996,-0.016263,-0.811484,0.584118,0.182212,-0.106815,0.518489,0.130075,-0.296017,0.051020,-0.392582,-0.205972,-0.464780,0.806562,-0.248490,0.177396,-0.024147,-0.049520,0.229295,0.026964,0.207738,-0.073713,1.150299,0.177812,-0.008721,0.191472,0.002615,-0.214132,0.327507,1.068987,-0.059988,0.014345,-0.292231
-3.413291,3.613776,0.763659,-0.005242,-0.016667,-0.816742,0.576738,0.174253,-0.092339,0.538396,0.129219,-0.285677,0.045448,-0.363545,-0.277943,-0.463464,0.790435,-0.266870,0.148950,-0.016753,-0.045635,0.225537,0.033927,0.203241,-0.062763,1.150542,0.176896,-0.006792,0.191560,0.013196,-0.215435,0.330395,1.080775,-0.058403,0.015666,-0.288449
-3.420344,3.621696,0.765137,-0.005206,-0.018092,-0.821668,0.569655,0.170401,-0.079002,0.555361,0.128602,-0.278052,0.034588,-0.337098,-0.336209,-0.431951,0.772129,-0.275145,0.128382,-0.009594,-0.041145,0.223618,0.043516,0.197915,-0.050487,1.144569,0.172843,-0.008177,0.193358,0.024725,-0.220066,0.337337,1.087417,-0.054137,0.012874,-0.286757
-3.428295,3.629390,0.766144,-0.004496,-0.021199,-0.825770,0.563590,0.167712,-0.068819,0.569776,0.129272,-0.269504,0.026845,-0.307958,-0.398081,-0.403587,0.758672,-0.279122,0.112356,-0.002428,-0.040988,0.222249,0.052342,0.195447,-0.041111,1.136584,0.177510,-0.009389,0.195788,0.036373,-0.223390,0.339233,1.090317,-0.055346,0.013039,-0.285353
-3.437298,3.636965,0.766791,-0.002640,-0.024841,-0.829061,0.558599,0.164032,-0.059370,0.581521,0.130824,-0.260502,0.016885,-0.278056,-0.457848,-0.371911,0.747464,-0.272249,0.100833,0.004237,-0.043616,0.218876,0.059868,0.194786,-0.032741,1.128495,0.176490,-0.009025,0.197966,0.048426,-0.224838,0.333513,1.090869,-0.055151,0.012913,-0.284157
-3.447383,3.644560,0.767170,0.000029,-0.028450,-0.832679,0.553025,0.159656,-0.049092,0.594389,0.132761,-0.251282,0.005698,-0.250218,-0.508225,-0.329977,0.737232,-0.259366,0.087812,0.011856,-0.048209,0.213761,0.067958,0.195282,-0.023007,1.121581,0.174324,-0.009917,0.200347,0.056633,-0.225354,0.329553,1.092422,-0.056391,0.014350,-0.284891
-3.458630,3.652599,0.767410,0.003441,-0.032290,-0.835968,0.547816,0.154051,-0.038021,0.606078,0.135240,-0.240001,-0.005470,-0.218929,-0.546695,-0.282040,0.721320,-0.257429,0.083034,0.019034,-0.054828,0.208372,0.074516,0.196925,-0.010863,1.115618,0.171259,-0.010134,0.202534,0.061713,-0.225150,0.326058,1.092699,-0.057686,0.014320,-0.283742
-3.471059,3.661230,0.767609,0.006465,-0.035482,-0.839686,0.541874,0.139518,-0.015719,0.618620,0.162160,-0.239611,-0.021354,-0.194346,-0.562483,-0.204573,0.708892,-0.254407,0.056018,0.028550,-0.060674,0.204074,0.077715,0.199564,0.000027,1.114359,0.165263,-0.009515,0.205538,0.062858,-0.224774,0.325090,1.091837,-0.061909,0.014305,-0.281589
-3.484870,3.670513,0.767702,0.009960,-0.038428,-0.843458,0.535726,0.124221,0.009691,0.630292,0.189954,-0.237457,-0.038288,-0.173202,-0.572621,-0.133216,0.704311,-0.248413,0.007834,0.038214,-0.067544,0.198717,0.079553,0.203290,0.009859,1.115176,0.161567,-0.007138,0.207239,0.060560,-0.224571,0.327614,1.090401,-0.065892,0.015963,-0.281773
-3.500183,3.680614,0.767419,0.014194,-0.041147,-0.845706,0.531870,0.106467,0.036853,0.635708,0.217252,-0.232514,-0.056256,-0.148180,-0.582874,-0.087823,0.700185,-0.237160,-0.042663,0.042641,-0.077062,0.191670,0.081642,0.208278,0.019335,1.114596,0.154457,-0.008167,0.208806,0.055492,-0.223676,0.331999,1.089165,-0.069395,0.016889,-0.279513
-3.517411,3.691862,0.766479,0.019400,-0.043376,-0.847212,0.529126,0.084893,0.067844,0.637582,0.246287,-0.226079,-0.077827,-0.099143,-0.581360,-0.063047,0.648638,-0.239856,-0.003449,0.046155,-0.089012,0.182568,0.082198,0.215187,0.025969,1.111838,0.148558,-0.008997,0.208735,0.050289,-0.221514,0.334986,1.084290,-0.075186,0.017541,-0.280633
-3.536641,3.704749,0.764761,0.026550,-0.044559,-0.848825,0.526123,0.055824,0.104148,0.637365,0.279797,-0.216992,-0.103632,-0.036697,-0.565495,-0.056806,0.544273,-0.235419,0.121907,0.051265,-0.104932,0.170655,0.080245,0.224812,0.032062,1.107595,0.144912,-0.009856,0.209235,0.042600,-0.216771,0.337656,1.076586,-0.078243,0.018216,-0.282004
-3.557069,3.719139,0.763180,0.031139,-0.043687,-0.850895,0.522589,0.029481,0.149770,0.635546,0.310359,-0.202327,-0.131355,0.014324,-0.535355,-0.071574,0.432051,-0.239526,0.230543,0.056462,-0.116240,0.162906,0.076185,0.233338,0.041311,1.102041,0.144852,-0.010722,0.211583,0.029443,-0.211254,0.344374,1.071409,-0.080973,0.017790,-0.285853
-3.578046,3.734915,0.762200,0.031968,-0.040144,-0.853156,0.519125,0.005784,0.206728,0.631687,0.339195,-0.180340,-0.158321,0.034942,-0.493457,-0.098215,0.381068,-0.269561,0.261800,0.061270,-0.118503,0.160077,0.069866,0.239043,0.046518,1.097499,0.142177,-0.011992,0.213051,0.011954,-0.207903,0.359001,1.069898,-0.087031,0.018481,-0.287349
-3.599231,3.752318,0.761970,0.029720,-0.033533,-0.856117,0.514835,-0.019416,0.275340,0.622165,0.370015,-0.149574,-0.181922,0.045383,-0.436100,-0.129025,0.345402,-0.294969,0.261800,0.066899,-0.113206,0.162076,0.061174,0.242377,0.051822,1.092687,0.143462,-0.011911,0.211248,-0.011310,-0.205505,0.379122,1.072446,-0.086809,0.019500,-0.286671
-3.620036,3.770741,0.762148,0.026288,-0.028869,-0.857474,0.513044,-0.042659,0.337338,0.606162,0.391952,-0.103963,-0.197652,0.052213,-0.384440,-0.168171,0.327922,-0.323869,0.261800,0.068740,-0.109659,0.171826,0.050180,0.243867,0.053382,1.085442,0.147005,-0.012033,0.206046,-0.035596,-0.204725,0.400545,1.073211,-0.083032,0.019049,-0.288129
-3.640222,3.789600,0.762921,0.023940,-0.026051,-0.855568,0.516480,-0.072563,0.387582,0.581842,0.406356,-0.046586,-0.194555,0.053606,-0.340604,-0.198641,0.325640,-0.358290,0.256247,0.062954,-0.110365,0.185208,0.034289,0.246843,0.046450,1.079120,0.152322,-0.013753,0.198226,-0.055617,-0.204547,0.411666,1.067743,-0.088834,0.017573,-0.290076
-3.659148,3.807913,0.764526,0.024495,-0.021696,-0.852526,0.521659,-0.114672,0.435595,0.570082,0.427495,0.003471,-0.153563,0.042016,-0.294271,-0.215107,0.328846,-0.378733,0.223712,0.057774,-0.111033,0.193875,0.013847,0.251947,0.032948,1.075411,0.166005,-0.011798,0.188537,-0.067040,-0.205601,0.403880,1.055089,-0.090506,0.014431,-0.292505
-3.675328,3.824234,0.766036,0.026091,-0.015903,-0.847818,0.529406,-0.176185,0.474638,0.544588,0.491414,-0.034492,-0.028193,0.026954,-0.252455,-0.238397,0.334660,-0.388561,0.194467,0.047550,-0.106086,0.194337,-0.005899,0.254283,0.020423,1.075631,0.164494,-0.006808,0.178551,-0.074299,-0.213035,0.393596,1.050806,-0.086962,0.009241,-0.301612
-3.688999,3.838299,0.768534,0.026095,-0.018211,-0.843228,0.536614,-0.195331,0.455557,0.487974,0.521601,-0.064162,-0.044893,0.022432,-0.230299,-0.255509,0.342455,-0.392073,0.168504,0.042440,-0.109108,0.203187,-0.025127,0.252155,0.014041,1.079963,0.147518,-0.006552,0.170342,-0.076556,-0.229979,0.385988,1.054670,-0.082618,0.007873,-0.310285
-3.700931,3.850808,0.770825,0.024483,-0.019645,-0.841070,0.540014,-0.197078,0.455778,0.481265,0.606099,-0.113400,-0.039087,0.020473,-0.204880,-0.267815,0.343169,-0.390342,0.135644,0.044106,-0.105247,0.209821,-0.039035,0.247350,0.014629,1.081791,0.127135,-0.005652,0.160951,-0.075323,-0.251690,0.375656,1.063018,-0.074346,0.010594,-0.310769
-3.710988,3.862289,0.772018,0.020892,-0.019493,-0.841656,0.539258,-0.175974,0.479345,0.522733,0.724012,-0.167744,-0.030715,0.022094,-0.174899,-0.268143,0.332909,-0.385170,0.109820,0.048074,-0.093767,0.218048,-0.044464,0.243787,0.019467,1.069071,0.119661,-0.001568,0.153546,-0.075387,-0.276342,0.364940,1.067447,-0.057380,0.009563,-0.311856
-3.719360,3.872500,0.772099,0.017612,-0.019320,-0.842631,0.537857,-0.147797,0.488166,0.555549,0.846197,-0.216423,-0.023369,0.019459,-0.150059,-0.264937,0.331214,-0.385743,0.091167,0.048745,-0.081542,0.224035,-0.044166,0.242836,0.025494,1.051310,0.120923,-0.006463,0.156856,-0.074753,-0.301232,0.355846,1.069331,-0.046422,0.008177,-0.311232
-3.726726,3.881866,0.771517,0.014683,-0.018379,-0.843425,0.536732,-0.119514,0.468643,0.564763,0.944441,-0.234493,-0.036042,0.009709,-0.127696,-0.263469,0.343376,-0.391457,0.068684,0.048828,-0.069787,0.227233,-0.045384,0.243109,0.035654,1.040117,0.125646,-0.010565,0.165952,-0.068760,-0.320820,0.339337,1.067233,-0.042264,0.012515,-0.311829
-3.733249,3.890322,0.770711,0.013127,-0.018806,-0.842443,0.538297,-0.091854,0.410988,0.548404,0.997800,-0.227313,-0.086150,-0.001193,-0.113613,-0.266236,0.360947,-0.400741,0.051144,0.043356,-0.063922,0.228530,-0.046252,0.245625,0.042265,1.034326,0.117563,-0.011924,0.169939,-0.056909,-0.332669,0.320479,1.061474,-0.026929,0.013433,-0.312500
-3.739429,3.898250,0.769886,0.010779,-0.018359,-0.837360,0.546237,-0.074157,0.334220,0.498879,1.017025,-0.209913,-0.153485,-0.002570,-0.099663,-0.283703,0.367361,-0.406054,0.036993,0.028790,-0.057287,0.228767,-0.053364,0.252163,0.032999,1.040801,0.112410,-0.011945,0.169973,-0.038968,-0.337114,0.306210,1.053425,-0.016724,0.012274,-0.310823
-3.745551,3.905943,0.768964,0.008296,-0.015041,-0.830573,0.556644,-0.055231,0.275680,0.459934,1.020379,-0.204963,-0.204157,0.001734,-0.078731,-0.307832,0.355623,-0.403584,0.026483,0.015861,-0.047892,0.224986,-0.065438,0.260307,0.016834,1.054128,0.122727,-0.011976,0.168656,-0.016374,-0.334833,0.298407,1.046119,-0.016393,0.012403,-0.304660
-3.751038,3.913286,0.768368,0.007886,-0.012499,-0.822992,0.567860,-0.028348,0.241936,0.458801,1.010147,-0.215669,-0.209688,0.003732,-0.064007,-0.332143,0.342507,-0.399506,0.022122,0.004213,-0.042529,0.218055,-0.075035,0.265500,0.003933,1.061313,0.135885,-0.008340,0.172289,0.004693,-0.327389,0.298542,1.047196,-0.020130,0.010889,-0.296179
-3.755690,3.920321,0.768401,0.009281,-0.010375,-0.815076,0.579186,-0.002757,0.216327,0.467261,0.980078,-0.230094,-0.199581,0.002305,-0.054615,-0.356686,0.329138,-0.392135,0.021858,-0.006788,-0.039935,0.210558,-0.077099,0.267216,-0.003125,1.056245,0.143069,-0.009161,0.175050,0.022502,-0.315756,0.301277,1.053617,-0.033313,0.013223,-0.292314
-3.759642,3.926978,0.768812,0.009616,-0.008233,-0.808353,0.588562,0.016390,0.186268,0.456620,0.930051,-0.235499,-0.182887,0.007866,-0.041051,-0.374553,0.300762,-0.374035,0.027456,-0.014630,-0.035259,0.205945,-0.072064,0.266328,-0.009634,1.046742,0.150300,-0.014082,0.180194,0.037910,-0.301358,0.299903,1.060156,-0.043731,0.015783,-0.292648
-3.763063,3.932872,0.769560,0.008956,-0.006382,-0.802892,0.596023,0.031590,0.153063,0.433427,0.861778,-0.217901,-0.156105,0.016804,-0.025879,-0.384763,0.268592,-0.352343,0.035012,-0.017976,-0.028768,0.201548,-0.063324,0.262926,-0.018637,1.041947,0.162967,-0.013917,0.184260,0.052555,-0.286121,0.294163,1.066101,-0.043416,0.016295,-0.289598
-3.765604,3.938053,0.769646,0.011211,-0.007100,-0.799698,0.600256,0.064915,0.127071,0.452923,0.763903,-0.193257,-0.196963,0.022746,-0.020726,-0.400317,0.238527,-0.343810,0.041645,-0.016880,-0.028407,0.193363,-0.048974,0.257173,-0.023864,1.041978,0.169091,-0.013974,0.183320,0.064020,-0.273531,0.288217,1.073739,-0.048245,0.016379,-0.284285
-3.767510,3.942521,0.769124,0.014561,-0.009546,-0.799498,0.600416,0.105034,0.114432,0.505809,0.682260,-0.202645,-0.205778,0.025949,-0.020704,-0.402976,0.214551,-0.345027,0.051355,-0.012927,-0.031366,0.183604,-0.026766,0.250064,-0.019510,1.043485,0.153780,-0.017304,0.173157,0.071300,-0.265023,0.276552,1.081587,-0.058370,0.018310,-0.283683
-3.769012,3.946536,0.768878,0.016694,-0.012016,-0.800657,0.598770,0.138867,0.101158,0.549748,0.615177,-0.205663,-0.214216,0.026928,-0.021754,-0.403343,0.200819,-0.345600,0.064774,-0.010713,-0.032184,0.176618,-0.000400,0.245400,-0.012041,1.048323,0.124393,-0.020894,0.152351,0.075495,-0.263160,0.250509,1.087655,-0.051887,0.015478,-0.286650
-3.770208,3.950398,0.769038,0.018569,-0.015464,-0.800674,0.598613,0.152019,0.090571,0.568554,0.588179,-0.204290,-0.187052,0.029683,-0.026475,-0.407814,0.188442,-0.342001,0.089592,-0.013446,-0.033262,0.172274,0.022287,0.246341,-0.000736,1.063730,0.102311,-0.033889,0.135124,0.080191,-0.273385,0.208650,1.091882,-0.034299,0.008752,-0.280491
-3.770915,3.953914,0.769827,0.021061,-0.019546,-0.800090,0.599192,0.138891,0.081626,0.555696,0.600100,-0.189298,-0.155423,0.028412,-0.036529,-0.406867,0.184415,-0.340315,0.112630,-0.015008,-0.032806,0.168521,0.036429,0.256856,0.010883,1.087780,0.093048,-0.044481,0.133910,0.089570,-0.300504,0.150596,1.094156,-0.012539,0.006890,-0.288095
-3.771264,3.957138,0.771926,0.021244,-0.023987,-0.799705,0.599537,0.127410,0.082397,0.551027,0.615584,-0.161864,-0.185314,0.016620,-0.048822,-0.381734,0.208606,-0.334329,0.127687,-0.015485,-0.027030,0.170054,0.045901,0.278366,0.035799,1.105528,0.080805,-0.045339,0.138299,0.102194,-0.345068,0.086082,1.093809,0.011892,0.008572,-0.309506
-3.771591,3.960171,0.774128,0.019816,-0.026524,-0.801227,0.597444,0.111375,0.093223,0.547140,0.650486,-0.131240,-0.188510,-0.015804,-0.056234,-0.336770,0.273424,-0.330627,0.110576,-0.013862,-0.015070,0.171467,0.059361,0.305767,0.101345,1.105043,0.046471,-0.046345,0.140812,0.114891,-0.399742,0.007643,1.091245,0.044518,0.011452,-0.327041
-3.771881,3.963017,0.776455,0.016033,-0.028337,-0.803535,0.594367,0.097238,0.103857,0.535009,0.681913,-0.097386,-0.178400,-0.072377,-0.048811,-0.234029,0.381620,-0.322630,0.060677,-0.013100,0.001243,0.175375,0.076263,0.338019,0.191329,1.085447,-0.004671,-0.050562,0.150511,0.126814,-0.459306,-0.066419,1.083142,0.097663,0.012084,-0.350312
-3.772159,3.965995,0.777128,0.015747,-0.034963,-0.804760,0.592361,0.087040,0.097757,0.524247,0.703694,-0.068447,-0.161024,-0.113918,-0.035200,-0.096765,0.456368,-0.320377,0.062128,-0.016078,0.004677,0.178997,0.092318,0.376017,0.286231,1.052090,-0.059030,-0.056571,0.168881,0.134410,-0.517408,-0.125213,1.075466,0.137670,0.015733,-0.369947
-3.773045,3.968634,0.776161,0.015368,-0.042209,-0.802423,0.595063,0.076171,0.092898,0.512357,0.733592,-0.054245,-0.144493,-0.121509,-0.015117,0.028674,0.478896,-0.330940,0.068896,-0.027454,0.006014,0.180895,0.104091,0.419454,0.368718,1.010921,-0.107750,-0.057382,0.194587,0.141666,-0.566079,-0.168729,1.068082,0.161478,0.018478,-0.384355
-3.774797,3.971091,0.773920,0.013886,-0.046594,-0.795679,0.603764,0.054381,0.104909,0.504199,0.787405,-0.056541,-0.125993,-0.092211,-0.009023,0.065003,0.440527,-0.353595,0.068712,-0.040529,0.011739,0.179111,0.098143,0.465046,0.431188,0.971565,-0.137759,-0.060229,0.225760,0.157144,-0.598145,-0.208221,1.058530,0.178103,0.017649,-0.390565
-3.776711,3.974320,0.771428,0.010530,-0.046087,-0.790003,0.611277,0.025027,0.132532,0.496244,0.852536,-0.062589,-0.140582,-0.063818,-0.003032,0.037849,0.396675,-0.369227,0.049331,-0.039756,0.027181,0.178355,0.072186,0.504506,0.478040,0.930939,-0.142168,-0.063762,0.254938,0.174703,-0.613288,-0.231770,1.051795,0.190851,0.014702,-0.394776
-3.777625,3.978005,0.770180,0.005522,-0.043966,-0.789707,0.611881,0.010037,0.163217,0.503929,0.891361,-0.075917,-0.210037,-0.050531,0.010372,0.031879,0.373440,-0.367201,0.059471,-0.026628,0.047819,0.183429,0.048485,0.527760,0.511572,0.881300,-0.129958,-0.066277,0.277889,0.172030,-0.617247,-0.214328,1.064751,0.192876,0.015329,-0.396198
-3.777457,3.981056,0.770804,0.004187,-0.047131,-0.791742,0.609021,-0.000866,0.163734,0.504089,0.884099,-0.113219,-0.223620,-0.038039,0.004555,0.031044,0.351382,-0.362047,0.092155,-0.016353,0.054407,0.189683,0.040956,0.531353,0.527918,0.833681,-0.101932,-0.068231,0.306190,0.148552,-0.610623,-0.153465,1.085696,0.191515,0.030388,-0.383971
-3.778245,3.983222,0.772721,0.004130,-0.052730,-0.791893,0.608365,-0.011989,0.148536,0.487826,0.838022,-0.136946,-0.244779,-0.016579,-0.006663,0.028248,0.318337,-0.350899,0.108853,-0.011301,0.052008,0.195389,0.039623,0.520765,0.525892,0.794250,-0.069996,-0.064735,0.319158,0.132023,-0.588373,-0.088675,1.083829,0.156147,0.047325,-0.343959
-3.779574,3.984931,0.774890,0.005695,-0.056715,-0.790702,0.609542,-0.028190,0.139661,0.475430,0.772375,-0.153005,-0.250094,0.001230,-0.016343,0.022931,0.284257,-0.335408,0.113773,-0.006135,0.047539,0.196244,0.035909,0.503167,0.506112,0.769053,-0.040408,-0.059622,0.311974,0.127978,-0.554202,-0.042696,1.064676,0.103310,0.035959,-0.327022
-3.780728,3.986272,0.776180,0.009894,-0.059770,-0.788682,0.611809,-0.043634,0.137464,0.484407,0.690779,-0.160880,-0.251574,0.003625,-0.027982,0.016908,0.270977,-0.331017,0.117271,-0.002856,0.040606,0.192912,0.031675,0.483733,0.476224,0.759795,-0.014165,-0.058118,0.292155,0.125578,-0.515347,-0.029181,1.041790,0.064431,0.011668,-0.336611
-3.781438,3.987416,0.776714,0.013174,-0.061426,-0.786162,0.614819,-0.055725,0.141904,0.507933,0.603394,-0.160281,-0.246461,-0.003600,-0.036231,0.011302,0.277556,-0.332106,0.114289,-0.002547,0.036295,0.191004,0.026026,0.463412,0.448705,0.764355,0.017771,-0.059840,0.281014,0.115844,-0.479897,-0.033282,1.028425,0.062886,0.003264,-0.344548
-3.781858,3.988396,0.776988,0.013781,-0.062392,-0.784369,0.616995,-0.063825,0.149277,0.534067,0.517589,-0.140939,-0.235067,-0.012337,-0.037327,0.010463,0.293486,-0.331819,0.096425,-0.001534,0.035377,0.194090,0.020293,0.440328,0.430329,0.776684,0.045514,-0.062213,0.288103,0.100073,-0.455296,-0.024541,1.031135,0.076778,0.007383,-0.345217
-3.782491,3.988963,0.776862,0.012731,-0.063628,-0.783303,0.618244,-0.067590,0.152850,0.555121,0.435416,-0.111864,-0.228177,-0.013144,-0.036943,0.008374,0.302081,-0.333455,0.089608,0.000609,0.035210,0.199665,0.017337,0.415223,0.422407,0.791715,0.049889,-0.062979,0.286158,0.084678,-0.441983,-0.004394,1.043258,0.076262,0.014247,-0.344416
-3.783284,3.988960,0.776352,0.011231,-0.064970,-0.783026,0.618484,-0.067932,0.148757,0.562551,0.354504,-0.083028,-0.236000,-0.012749,-0.036632,0.006928,0.311794,-0.338000,0.089805,0.002828,0.034326,0.204131,0.020653,0.391904,0.417398,0.807385,0.032888,-0.065908,0.276322,0.074185,-0.435742,0.012601,1.051785,0.073107,0.018766,-0.350367
-3.784280,3.988239,0.775786,0.009700,-0.064616,-0.782834,0.618791,-0.072104,0.143057,0.543690,0.283727,-0.056788,-0.252427,-0.014473,-0.032075,0.006277,0.322667,-0.341035,0.078767,0.003543,0.035106,0.204557,0.030163,0.374325,0.404589,0.824738,0.027618,-0.067597,0.273673,0.070569,-0.432703,0.015533,1.049470,0.074830,0.020615,-0.355217
-3.785445,3.986892,0.775787,0.007378,-0.063031,-0.782411,0.619520,-0.082898,0.144391,0.503814,0.240446,-0.033899,-0.261297,-0.019842,-0.021838,0.006921,0.341650,-0.340350,0.032743,0.002763,0.038025,0.203337,0.041958,0.362955,0.387244,0.842286,0.033017,-0.065757,0.276076,0.072971,-0.431785,0.010184,1.040338,0.072666,0.022846,-0.364157
-3.786356,3.985217,0.775983,0.006532,-0.061595,-0.782272,0.619850,-0.096907,0.147756,0.467433,0.219116,-0.021340,-0.256785,-0.022955,-0.014619,0.008038,0.351514,-0.338135,0.001113,0.004457,0.038724,0.199452,0.051956,0.354299,0.374019,0.862606,0.039934,-0.064534,0.275784,0.079882,-0.433758,0.004016,1.032055,0.068084,0.022996,-0.376264
-3.787021,3.983146,0.776018,0.005425,-0.060925,-0.782387,0.619782,-0.103828,0.151564,0.444608,0.204777,-0.016689,-0.259050,-0.017665,-0.010739,0.008383,0.349016,-0.337924,-0.008084,0.007102,0.038527,0.196552,0.060886,0.345610,0.370517,0.881700,0.031914,-0.062000,0.270150,0.088208,-0.439352,0.005588,1.030709,0.066347,0.022917,-0.387785
-3.787733,3.981012,0.776014,0.004200,-0.060568,-0.782343,0.619882,-0.108641,0.157989,0.433432,0.201997,-0.012074,-0.259422,-0.010122,-0.008049,0.007388,0.344013,-0.337539,-0.011484,0.008177,0.037159,0.195094,0.071346,0.337996,0.367900,0.898531,0.012191,-0.062349,0.266792,0.093357,-0.445045,0.006677,1.038545,0.067624,0.024535,-0.388799
-3.788551,3.978908,0.775979,0.002911,-0.060636,-0.782428,0.619775,-0.112234,0.167360,0.435501,0.211261,-0.011041,-0.251567,-0.002520,-0.005541,0.007359,0.340162,-0.338472,-0.015905,0.010114,0.034501,0.194766,0.079195,0.334182,0.362212,0.917055,-0.003870,-0.059782,0.262058,0.097379,-0.448443,0.008285,1.048761,0.076790,0.028188,-0.385114
-3.789219,3.976533,0.775901,0.002426,-0.060821,-0.782746,0.619357,-0.114406,0.176793,0.445873,0.226862,-0.010594,-0.236092,0.003045,-0.004515,0.008450,0.338678,-0.340850,-0.018898,0.011938,0.030193,0.193278,0.086755,0.332980,0.352371,0.933845,-0.011940,-0.054591,0.256305,0.099698,-0.449534,0.010019,1.060982,0.082028,0.031056,-0.378692
-3.789613,3.973769,0.775769,0.002679,-0.060781,-0.782773,0.619326,-0.116286,0.183199,0.455712,0.243137,-0.007798,-0.212028,0.006994,-0.005117,0.008489,0.338484,-0.345247,-0.020627,0.011952,0.025342,0.190453,0.094188,0.333054,0.338401,0.949289,-0.014019,-0.052603,0.249385,0.101853,-0.448644,0.016140,1.069143,0.088877,0.032273,-0.370085
-3.789941,3.970783,0.775539,0.002839,-0.059770,-0.782101,0.620272,-0.117031,0.188887,0.466439,0.254965,0.010146,-0.187163,0.011522,-0.004286,0.006422,0.335720,-0.348441,-0.022455,0.009932,0.022108,0.186219,0.098404,0.333707,0.323253,0.965250,-0.007673,-0.047751,0.238409,0.104299,-0.444593,0.023886,1.073364,0.083255,0.036538,-0.366205
-3.790038,3.967456,0.775358,0.003764,-0.058130,-0.780905,0.621928,-0.119433,0.191819,0.477804,0.264510,0.071922,-0.168163,0.014692,-0.004277,0.002591,0.332487,-0.351303,-0.024002,0.007383,0.018968,0.180183,0.097788,0.333326,0.308990,0.984504,-0.003649,-0.043811,0.228908,0.108657,-0.437351,0.032893,1.072632,0.076113,0.035937,-0.368915
-3.789876,3.963680,0.774961,0.004091,-0.055042,-0.779951,0.623403,-0.113883,0.190123,0.484995,0.252707,0.097061,-0.153998,0.019240,-0.001034,-0.000724,0.325059,-0.352934,-0.025119,0.005801,0.019015,0.173189,0.095419,0.331207,0.293664,1.003789,0.004658,-0.038984,0.219470,0.113107,-0.428164,0.043792,1.070155,0.066677,0.037369,-0.370896
-3.789706,3.959553,0.774876,0.003668,-0.052168,-0.778538,0.625415,-0.097831,0.186744,0.499250,0.221422,0.093953,-0.146108,0.030174,0.002710,-0.005475,0.309072,-0.350165,-0.026996,0.002184,0.020008,0.167946,0.091629,0.327351,0.272596,1.024552,0.013252,-0.033853,0.212314,0.115345,-0.417432,0.058132,1.069344,0.055613,0.040840,-0.369950
-3.789622,3.955132,0.774820,0.002368,-0.048721,-0.776220,0.628573,-0.081954,0.183044,0.502814,0.189347,0.088897,-0.139867,0.047628,0.008487,-0.012895,0.282195,-0.343301,-0.028269,-0.002413,0.023069,0.162649,0.085933,0.322538,0.247561,1.045814,0.034465,-0.027922,0.194544,0.118561,-0.402158,0.068160,1.069721,0.042028,0.042397,-0.367486
-3.789303,3.950469,0.774778,0.001017,-0.045757,-0.772913,0.632859,-0.065554,0.176609,0.499001,0.154968,0.086622,-0.137494,0.068727,0.012216,-0.023813,0.250546,-0.335053,-0.026577,-0.006771,0.026501,0.158049,0.075460,0.315845,0.220591,1.069648,0.070258,-0.019002,0.177437,0.122929,-0.385081,0.074748,1.071297,0.026661,0.046283,-0.371426
-3.788839,3.945875,0.774734,0.001069,-0.042418,-0.769995,0.636638,-0.061072,0.174590,0.491840,0.141325,0.080817,-0.138537,0.087991,0.014975,-0.033556,0.215721,-0.324155,-0.023662,-0.008648,0.029671,0.152396,0.064713,0.307538,0.193711,1.087302,0.102792,-0.007180,0.165194,0.125026,-0.367612,0.083068,1.075675,0.020197,0.047870,-0.379163
-3.788338,3.941236,0.774792,0.000847,-0.040135,-0.767167,0.640190,-0.059647,0.174223,0.484215,0.139738,0.073162,-0.140134,0.111304,0.016740,-0.042845,0.176746,-0.311087,-0.021827,-0.010125,0.032386,0.148676,0.057016,0.298264,0.171473,1.099869,0.124774,-0.001413,0.157070,0.124387,-0.350700,0.091936,1.084568,0.013060,0.049887,-0.376331
-3.787967,3.936840,0.774688,0.001311,-0.039276,-0.764519,0.643402,-0.056355,0.170229,0.478637,0.136176,0.066631,-0.140458,0.129682,0.015177,-0.050942,0.149483,-0.304293,-0.018650,-0.010010,0.031891,0.146042,0.052554,0.288363,0.156959,1.105336,0.129525,-0.000707,0.155639,0.122293,-0.335676,0.105523,1.095222,0.015287,0.051225,-0.371796
-3.787661,3.933041,0.774523,0.002647,-0.038724,-0.762424,0.645912,-0.053911,0.164849,0.474093,0.131635,0.061958,-0.140068,0.134417,0.011879,-0.056672,0.146758,-0.308390,-0.015728,-0.008299,0.030456,0.143717,0.049656,0.278862,0.148548,1.105989,0.127318,-0.001033,0.154387,0.117885,-0.322883,0.118384,1.104518,0.009048,0.054769,-0.366057
