-0.020587,0.000865,0.769196,0.003491,-0.009436,-0.011367,0.999885,0.107562,0.060228,0.235876,0.120747,-0.178572,-0.096252,0.114006,-0.088210,-0.186361,0.140069,-0.283801,0.048770,-0.008138,-0.011005,0.129937,0.011416,0.137177,-0.256291,1.171354,0.217850,0.035627,0.100305,0.002832,-0.161373,0.585006,1.122214,-0.095918,0.090674,-0.264971
-0.020939,0.001442,0.769170,0.004184,-0.007127,-0.010116,0.999915,0.101456,0.056984,0.233102,0.120807,-0.179790,-0.092995,0.110208,-0.091367,-0.190112,0.137553,-0.284909,0.051854,-0.008961,-0.011882,0.128194,0.008846,0.136954,-0.255365,1.170550,0.216740,0.036098,0.100902,0.002298,-0.161174,0.582523,1.122948,-0.095156,0.088897,-0.265658
-0.021268,0.002778,0.769251,0.005029,-0.003706,-0.007426,0.999953,0.091892,0.051994,0.226943,0.120893,-0.180409,-0.087105,0.104497,-0.096286,-0.196334,0.134892,-0.282584,0.057078,-0.011284,-0.011893,0.125706,0.005226,0.135691,-0.255109,1.169446,0.216702,0.034988,0.101576,0.001398,-0.161815,0.578626,1.122740,-0.099326,0.092590,-0.264836
-0.021518,0.004717,0.769395,0.005255,0.001399,-0.004075,0.999977,0.078160,0.046953,0.218165,0.121853,-0.183140,-0.084549,0.097561,-0.100578,-0.204570,0.127710,-0.278492,0.064903,-0.011892,-0.008216,0.121121,0.000063,0.130742,-0.255715,1.168445,0.219513,0.036063,0.103139,0.003843,-0.165035,0.569210,1.120131,-0.096937,0.090335,-0.265843
-0.021604,0.006857,0.768675,0.006112,0.006516,-0.003468,0.999954,0.066430,0.041668,0.215741,0.122722,-0.189874,-0.088127,0.064972,-0.111194,-0.203614,0.173460,-0.298984,0.070329,-0.007502,-0.005155,0.117396,-0.003082,0.124545,-0.252075,1.165355,0.221988,0.034462,0.101436,0.008562,-0.168635,0.544622,1.115294,-0.088874,0.088864,-0.263586
-0.021690,0.009160,0.767455,0.010062,0.012200,-0.004914,0.999863,0.054467,0.029499,0.216125,0.122485,-0.194837,-0.091334,0.000502,-0.133636,-0.192300,0.281166,-0.342687,0.070631,-0.000987,-0.009810,0.113641,-0.003354,0.119605,-0.243145,1.158608,0.228253,0.034038,0.098442,0.010120,-0.170734,0.517295,1.114717,-0.082959,0.087014,-0.262766
-0.022018,0.011267,0.765567,0.017786,0.013206,-0.007445,0.999727,0.053064,0.008324,0.221452,0.122292,-0.198212,-0.087946,-0.078223,-0.169207,-0.176051,0.436988,-0.385195,0.075538,0.003370,-0.023364,0.121556,-0.002127,0.118707,-0.236209,1.150245,0.227273,0.033048,0.096505,0.008954,-0.171252,0.488187,1.111163,-0.075708,0.085083,-0.265517
-0.021487,0.013242,0.763597,0.024254,0.007306,-0.008645,0.999642,0.067754,-0.009882,0.223959,0.122376,-0.201145,-0.079028,-0.152114,-0.205036,-0.158803,0.612529,-0.388122,0.098680,0.001399,-0.034745,0.141049,-0.001277,0.123197,-0.243646,1.150957,0.219697,0.030154,0.099402,0.006517,-0.172816,0.468445,1.106726,-0.073392,0.085142,-0.263129
-0.019945,0.014724,0.762693,0.026856,0.000313,-0.007204,0.999613,0.085566,-0.018907,0.221759,0.122464,-0.203985,-0.075860,-0.221051,-0.228926,-0.133522,0.775280,-0.342090,0.135580,-0.007083,-0.038331,0.160032,-0.002051,0.129177,-0.256569,1.164835,0.219515,0.032142,0.104410,0.004434,-0.175980,0.462641,1.102670,-0.071811,0.081388,-0.262801
-0.017087,0.015535,0.762318,0.027098,-0.004243,-0.002840,0.999620,0.098684,-0.021689,0.214324,0.122455,-0.205606,-0.072050,-0.288908,-0.236618,-0.092357,0.912311,-0.270619,0.179117,-0.016688,-0.035946,0.172764,-0.003412,0.134017,-0.268095,1.184254,0.219371,0.033387,0.105532,0.010510,-0.181276,0.455946,1.090596,-0.082665,0.082807,-0.267227
-0.012103,0.015016,0.761913,0.026718,-0.006775,0.005508,0.999605,0.109209,-0.021443,0.199353,0.121976,-0.208982,-0.072127,-0.336536,-0.239142,-0.053455,0.995475,-0.230411,0.226000,-0.028161,-0.032260,0.176828,-0.002208,0.139027,-0.277949,1.203223,0.213916,0.034785,0.105678,0.028130,-0.186736,0.447661,1.073242,-0.083198,0.080049,-0.270166
-0.005684,0.013122,0.761868,0.025578,-0.006968,0.014856,0.999538,0.116217,-0.017156,0.181459,0.121011,-0.211126,-0.079394,-0.365993,-0.269468,-0.051474,1.009015,-0.237679,0.230018,-0.035531,-0.026211,0.176106,0.000228,0.142934,-0.279902,1.215786,0.219866,0.036153,0.108858,0.050306,-0.189800,0.435165,1.061082,-0.078825,0.079348,-0.268437
0.001871,0.010295,0.761795,0.023015,-0.005673,0.024346,0.999423,0.121119,-0.007516,0.163777,0.120637,-0.215241,-0.086421,-0.381898,-0.312002,-0.063642,0.958517,-0.237957,0.207037,-0.041236,-0.015606,0.173710,0.006282,0.145539,-0.273695,1.216335,0.226280,0.038843,0.109635,0.070683,-0.191409,0.415092,1.061679,-0.067955,0.074887,-0.266524
0.010641,0.006390,0.761517,0.021117,-0.003139,0.034030,0.999193,0.124226,0.002342,0.145348,0.121002,-0.221634,-0.094828,-0.383797,-0.354080,-0.076225,0.851196,-0.225837,0.185571,-0.045253,-0.005448,0.170468,0.012849,0.147586,-0.265782,1.212562,0.225649,0.037544,0.109389,0.088301,-0.192422,0.388318,1.071140,-0.047294,0.070511,-0.265036
0.020618,0.001188,0.760451,0.020081,0.000060,0.044150,0.998823,0.127209,0.012670,0.127258,0.121321,-0.229016,-0.106981,-0.374136,-0.390684,-0.091320,0.706364,-0.201616,0.162101,-0.047555,0.002499,0.165491,0.016111,0.150423,-0.264071,1.211269,0.225570,0.037990,0.109267,0.103778,-0.194220,0.359276,1.080525,-0.016215,0.063204,-0.255549
0.031725,-0.005762,0.758744,0.019811,0.004598,0.051466,0.998468,0.129585,0.024951,0.113124,0.121688,-0.238962,-0.120359,-0.362386,-0.413382,-0.097783,0.545706,-0.164626,0.142675,-0.043620,0.007912,0.158598,0.016571,0.153560,-0.260748,1.212849,0.231642,0.038560,0.109392,0.117298,-0.196668,0.333590,1.081975,-0.009419,0.062719,-0.244766
0.044019,-0.014544,0.756446,0.019752,0.010634,0.054039,0.998287,0.132069,0.040584,0.109505,0.121819,-0.250336,-0.141948,-0.355248,-0.421408,-0.092149,0.391199,-0.133096,0.145406,-0.034201,0.012229,0.149737,0.019359,0.157325,-0.250473,1.211884,0.230878,0.038054,0.109930,0.121660,-0.201791,0.328766,1.086867,-0.021984,0.065262,-0.248091
0.057781,-0.025328,0.753426,0.020592,0.013031,0.054214,0.998232,0.145961,0.058391,0.108713,0.121923,-0.261690,-0.164725,-0.340806,-0.421481,-0.074713,0.262357,-0.115160,0.171080,-0.026545,0.013023,0.147651,0.025950,0.161075,-0.229868,1.210077,0.228658,0.037361,0.112081,0.119230,-0.208312,0.334493,1.097065,-0.039388,0.065556,-0.252731
0.072372,-0.038518,0.750609,0.020019,0.015451,0.054164,0.998212,0.160305,0.083935,0.107180,0.122061,-0.267377,-0.193411,-0.344418,-0.418105,-0.064224,0.210257,-0.109279,0.172016,-0.023200,0.014667,0.145452,0.032895,0.165406,-0.208343,1.209595,0.225535,0.038167,0.115952,0.112270,-0.213236,0.335082,1.106712,-0.043258,0.066311,-0.250650
0.087933,-0.054893,0.748325,0.018866,0.017332,0.056473,0.998075,0.174775,0.115927,0.098749,0.122412,-0.261982,-0.228937,-0.360154,-0.419041,-0.088023,0.240766,-0.130122,0.149871,-0.025383,0.013938,0.143673,0.042030,0.172419,-0.185020,1.203036,0.221655,0.038259,0.114152,0.107249,-0.214510,0.325145,1.105479,-0.038739,0.064188,-0.243464
0.104703,-0.074492,0.746598,0.018883,0.017855,0.061100,0.997793,0.190646,0.150151,0.085211,0.123372,-0.239481,-0.261800,-0.375666,-0.426007,-0.145871,0.327910,-0.170824,0.109431,-0.028688,0.006384,0.142645,0.051245,0.184463,-0.168177,1.190553,0.218872,0.038086,0.110736,0.105903,-0.210589,0.314283,1.093574,-0.034760,0.061886,-0.245869
0.122180,-0.096868,0.746201,0.020840,0.022747,0.068510,0.997173,0.191537,0.177839,0.057258,0.126224,-0.193675,-0.261800,-0.407184,-0.438999,-0.204687,0.451027,-0.189696,0.063673,-0.031097,-0.008005,0.132523,0.057947,0.199938,-0.151672,1.173397,0.213363,0.036246,0.109572,0.106294,-0.202022,0.307639,1.078369,-0.043864,0.059684,-0.252097
0.141502,-0.122262,0.746184,0.023045,0.024300,0.074858,0.996632,0.166863,0.211318,0.023450,0.198484,-0.161522,-0.261800,-0.409452,-0.429458,-0.230383,0.515586,-0.168450,0.086428,-0.029630,-0.025006,0.124974,0.070064,0.215685,-0.120847,1.150165,0.210719,0.032575,0.110523,0.106544,-0.189876,0.311317,1.070387,-0.048045,0.056329,-0.253848
0.162051,-0.149280,0.747206,0.018707,0.019280,0.072839,0.996982,0.137619,0.265518,0.005928,0.319260,-0.125669,-0.261800,-0.404486,-0.386439,-0.245339,0.596847,-0.235649,0.048252,-0.016264,-0.030203,0.126076,0.094561,0.223347,-0.061188,1.120202,0.208106,0.024676,0.118570,0.095066,-0.179751,0.339719,1.084922,-0.048697,0.054887,-0.250839
0.183308,-0.177928,0.749101,0.009157,0.010288,0.068151,0.997580,0.087108,0.341528,0.004758,0.492457,-0.075482,-0.261800,-0.357353,-0.322401,-0.277149,0.616078,-0.281392,0.033986,0.001000,-0.023979,0.131894,0.123377,0.223800,0.004594,1.093757,0.188145,0.014692,0.123255,0.076910,-0.174001,0.380615,1.109784,-0.043316,0.057109,-0.248098
0.204405,-0.206582,0.751961,-0.007726,0.000597,0.063714,0.997938,-0.004017,0.438464,-0.003634,0.713855,0.001450,-0.217244,-0.281938,-0.231788,-0.319223,0.577107,-0.311059,0.014876,0.019165,0.000068,0.139497,0.144000,0.221840,0.050448,1.082276,0.170157,0.010546,0.119609,0.057856,-0.172695,0.410955,1.126105,-0.049391,0.066949,-0.251941
0.223754,-0.232319,0.755176,-0.017412,-0.011471,0.059958,0.997983,-0.122755,0.539114,0.030985,0.947739,0.077655,0.006711,-0.200331,-0.155233,-0.345388,0.520161,-0.327049,-0.002717,0.036677,0.015778,0.158312,0.155728,0.214960,0.085502,1.079263,0.173832,0.013392,0.117814,0.035569,-0.178420,0.427777,1.131031,-0.051422,0.070044,-0.250759
0.241675,-0.255206,0.757485,-0.024812,-0.021652,0.052784,0.998063,-0.224913,0.586689,0.019204,1.129504,0.058856,0.115664,-0.127001,-0.082354,-0.353088,0.456548,-0.334653,-0.028178,0.059994,0.032514,0.176221,0.165996,0.199438,0.108442,1.079254,0.175542,0.013946,0.124455,0.011509,-0.194260,0.439541,1.127841,-0.047789,0.070435,-0.253759
0.258479,-0.275585,0.759707,-0.024877,-0.031847,0.040400,0.998366,-0.299837,0.525417,-0.035231,1.259924,0.008325,0.133224,-0.058253,-0.028251,-0.339572,0.395316,-0.336766,-0.046683,0.087904,0.039051,0.197770,0.179593,0.178442,0.118089,1.079736,0.170545,0.013313,0.124738,-0.017998,-0.217595,0.453904,1.128698,-0.049608,0.068566,-0.258673
0.274934,-0.294118,0.761522,-0.022250,-0.041398,0.025570,0.998568,-0.356051,0.437646,-0.056821,1.341519,-0.014523,0.103290,0.010551,0.015526,-0.316134,0.330804,-0.333271,-0.060166,0.114122,0.043056,0.219916,0.198540,0.155688,0.114968,1.078597,0.176671,0.013286,0.114869,-0.050958,-0.241688,0.463459,1.133668,-0.053049,0.072760,-0.264174
0.291117,-0.311534,0.762241,-0.018717,-0.047792,0.009745,0.998634,-0.409791,0.319531,-0.072772,1.376743,-0.043756,0.063059,0.070744,0.051017,-0.286845,0.272964,-0.330320,-0.071033,0.136996,0.046040,0.237207,0.218763,0.134367,0.105495,1.078269,0.190833,0.018365,0.101584,-0.083336,-0.261899,0.461151,1.131954,-0.050175,0.078559,-0.262964
0.307489,-0.328269,0.761842,-0.015651,-0.049194,-0.006612,0.998645,-0.466795,0.183832,-0.093542,1.362335,-0.056062,0.001904,0.120114,0.083058,-0.255027,0.218189,-0.326004,-0.083534,0.158246,0.048589,0.244405,0.237929,0.115199,0.098732,1.081630,0.196911,0.019898,0.093230,-0.113295,-0.277775,0.457482,1.125169,-0.042802,0.073821,-0.262267
0.324311,-0.344146,0.760905,-0.012477,-0.047544,-0.023929,0.998505,-0.519061,0.072590,-0.090239,1.299586,-0.044976,-0.041329,0.161690,0.110026,-0.219841,0.170432,-0.324250,-0.096803,0.178637,0.051002,0.245983,0.254734,0.094754,0.101403,1.089984,0.188826,0.018677,0.093858,-0.140964,-0.289440,0.458542,1.113214,-0.039153,0.072402,-0.263762
0.341695,-0.359642,0.758845,-0.009656,-0.044557,-0.042891,0.998039,-0.556359,-0.004479,-0.059603,1.193214,-0.015318,-0.069513,0.198947,0.134402,-0.180348,0.131551,-0.326277,-0.114197,0.198202,0.053855,0.244693,0.271189,0.073113,0.112276,1.099064,0.182105,0.021321,0.093672,-0.164222,-0.295070,0.465471,1.099551,-0.042545,0.070620,-0.268972
0.359639,-0.375496,0.755939,-0.007914,-0.039372,-0.061597,0.997293,-0.574233,-0.078115,-0.037191,1.042968,0.023501,-0.118334,0.216716,0.156544,-0.143335,0.129197,-0.343777,-0.135919,0.214421,0.057040,0.239304,0.285837,0.053286,0.124532,1.108536,0.169013,0.020976,0.090687,-0.183896,-0.293874,0.479933,1.087304,-0.046739,0.069141,-0.267880
0.378286,-0.392194,0.752504,-0.006999,-0.032068,-0.078393,0.996382,-0.567632,-0.141787,-0.017348,0.846123,0.071945,-0.172371,0.231871,0.179691,-0.112953,0.128293,-0.354434,-0.150302,0.225544,0.058847,0.230592,0.296529,0.039472,0.129294,1.117320,0.157199,0.021556,0.083865,-0.197097,-0.283570,0.484286,1.073863,-0.053665,0.067807,-0.261032
0.397846,-0.410117,0.748332,-0.007855,-0.024453,-0.093396,0.995298,-0.526119,-0.179172,0.028974,0.602448,0.133755,-0.212932,0.249091,0.206752,-0.083477,0.128901,-0.360205,-0.168783,0.234936,0.061145,0.220500,0.302754,0.032192,0.130603,1.125202,0.151235,0.021248,0.082675,-0.204539,-0.265915,0.489873,1.066983,-0.055902,0.063595,-0.261156
0.418936,-0.429553,0.742917,-0.012215,-0.017188,-0.110242,0.993681,-0.440159,-0.198978,0.102884,0.301151,0.250413,-0.261800,0.272648,0.241424,-0.046436,0.128912,-0.359505,-0.184288,0.250603,0.067903,0.207362,0.308635,0.029061,0.135989,1.127438,0.145692,0.023061,0.084630,-0.203815,-0.243346,0.499392,1.069138,-0.061293,0.063544,-0.262558
0.442451,-0.449827,0.735232,-0.026061,-0.013320,-0.132015,0.990816,-0.368371,-0.192172,0.223301,0.093182,0.333174,-0.261800,0.314357,0.294844,0.002983,0.127613,-0.347971,-0.203194,0.276757,0.094565,0.191716,0.320351,0.028047,0.142092,1.124740,0.130297,0.019165,0.086371,-0.192378,-0.221526,0.518034,1.079324,-0.064307,0.063115,-0.258346
0.467074,-0.471472,0.728915,-0.034818,-0.006054,-0.149426,0.988141,-0.372276,-0.160783,0.361781,0.089957,0.309073,-0.261800,0.350487,0.335535,0.040947,0.126236,-0.323480,-0.223637,0.293290,0.110193,0.168509,0.329399,0.028859,0.144941,1.121718,0.116801,0.016384,0.089940,-0.175347,-0.204669,0.552956,1.092817,-0.063782,0.067460,-0.248884
0.493098,-0.494897,0.726876,-0.019699,0.002744,-0.151831,0.988206,-0.361652,-0.176399,0.482700,0.102245,0.245123,0.011869,0.370306,0.323099,0.036504,0.130063,-0.288739,-0.222458,0.275944,0.072735,0.148094,0.331894,0.034868,0.149611,1.122533,0.105344,0.014329,0.096377,-0.160943,-0.180435,0.602895,1.117593,-0.065546,0.071514,-0.242631
0.520805,-0.520787,0.725801,0.000367,0.009953,-0.157330,0.987496,-0.379280,-0.203062,0.450455,0.185198,0.118182,0.261800,0.336823,0.298362,0.018570,0.245116,-0.283063,-0.206990,0.261715,0.017789,0.126279,0.335481,0.048104,0.156948,1.124265,0.100415,0.011762,0.098456,-0.144349,-0.147153,0.654169,1.149106,-0.075412,0.075568,-0.234725
0.547603,-0.546564,0.727096,0.017457,0.014224,-0.172691,0.984719,-0.358856,-0.200579,0.475309,0.225756,-0.000067,0.261800,0.299509,0.271383,0.034358,0.368795,-0.231765,-0.133934,0.267567,-0.029781,0.115193,0.329951,0.059833,0.158248,1.125008,0.095999,0.010862,0.099988,-0.127437,-0.120092,0.696001,1.180052,-0.083452,0.077237,-0.232829
0.572710,-0.570412,0.730651,0.037996,0.013171,-0.187363,0.981467,-0.329539,-0.210105,0.500462,0.257555,-0.066376,0.261800,0.256905,0.239097,0.102002,0.503844,-0.167860,0.097257,0.267141,-0.079186,0.119630,0.321341,0.063806,0.162526,1.118725,0.096573,0.008989,0.093130,-0.115866,-0.101186,0.723251,1.210567,-0.083489,0.082259,-0.224979
0.593779,-0.594237,0.733961,0.036572,0.011402,-0.200946,0.978853,-0.331029,-0.152708,0.505447,0.384154,-0.167306,0.237097,0.237443,0.247623,0.088796,0.587749,-0.048903,0.261800,0.257180,-0.077688,0.127187,0.304993,0.059032,0.161799,1.110715,0.100267,0.008465,0.084717,-0.118366,-0.096795,0.734285,1.230982,-0.081288,0.092037,-0.200023
0.613603,-0.613707,0.737346,0.029340,0.011926,-0.213114,0.976514,-0.312057,-0.102023,0.503195,0.452550,-0.241572,0.206341,0.130602,0.210644,-0.015272,0.799777,-0.071123,0.261800,0.245262,-0.052957,0.129382,0.277873,0.046852,0.148987,1.110823,0.115037,0.008615,0.090058,-0.124015,-0.111898,0.737570,1.231207,-0.082833,0.094972,-0.197493
0.633981,-0.629598,0.742972,0.034354,0.006837,-0.217684,0.975391,-0.237806,-0.119345,0.498889,0.395662,-0.249896,0.182624,-0.005938,0.049989,-0.137067,1.069507,-0.185343,0.261800,0.228723,-0.047929,0.145305,0.240945,0.036841,0.128414,1.103380,0.146171,0.014640,0.094614,-0.121460,-0.144055,0.715108,1.206805,-0.081426,0.078898,-0.217615
0.654601,-0.645277,0.748033,0.041585,-0.001669,-0.205799,0.977709,-0.142442,-0.164055,0.465293,0.296396,-0.228573,0.162568,-0.111405,-0.141606,-0.213163,1.272930,-0.284280,0.261800,0.192363,-0.050012,0.167465,0.201640,0.035966,0.104284,1.083861,0.172576,0.016179,0.096078,-0.106734,-0.181213,0.659268,1.167258,-0.086447,0.072109,-0.246724
0.674060,-0.662718,0.752197,0.039531,-0.008649,-0.187047,0.981517,-0.066167,-0.173571,0.414472,0.245221,-0.226242,0.140700,-0.191360,-0.322128,-0.294737,1.391173,-0.331834,0.137409,0.149802,-0.038305,0.186192,0.164138,0.043299,0.082411,1.054359,0.184279,0.015611,0.103082,-0.083473,-0.214231,0.582258,1.128219,-0.079764,0.069133,-0.263664
0.693271,-0.681495,0.755590,0.034555,-0.013092,-0.167895,0.985112,-0.004934,-0.162754,0.365565,0.218885,-0.235201,0.113196,-0.269222,-0.457853,-0.347565,1.422043,-0.354213,-0.014316,0.111427,-0.023501,0.198862,0.126095,0.059173,0.050528,1.027971,0.200559,0.017175,0.116957,-0.056981,-0.239408,0.503918,1.097005,-0.058205,0.068467,-0.268558
0.711764,-0.701008,0.757823,0.030308,-0.016942,-0.138966,0.989688,0.043470,-0.147118,0.304873,0.209086,-0.246592,0.088700,-0.342059,-0.519833,-0.347060,1.358638,-0.372593,-0.053697,0.065655,-0.013158,0.211115,0.078178,0.087162,-0.000981,1.018959,0.217280,0.007848,0.134102,-0.026667,-0.256541,0.433587,1.073318,-0.039631,0.067015,-0.267030
0.730612,-0.721403,0.759286,0.027382,-0.019074,-0.106100,0.993795,0.080438,-0.126811,0.240786,0.209693,-0.259918,0.058115,-0.403533,-0.532184,-0.308948,1.215841,-0.340338,-0.008950,0.023906,-0.006917,0.218461,0.025334,0.120590,-0.055523,1.019783,0.233068,0.009809,0.134767,0.008661,-0.267110,0.383454,1.059906,-0.025653,0.062591,-0.269872
0.750336,-0.743320,0.759639,0.026470,-0.019302,-0.076198,0.996554,0.111928,-0.103224,0.182694,0.210516,-0.276364,0.025682,-0.435697,-0.525443,-0.264514,1.003610,-0.276867,0.073406,-0.003750,-0.006276,0.219735,-0.029676,0.148893,-0.094489,1.032058,0.238071,0.022370,0.132064,0.050543,-0.268490,0.332886,1.050933,-0.029231,0.064880,-0.263734
0.771515,-0.766300,0.757899,0.028329,-0.019666,-0.048608,0.998222,0.146882,-0.081215,0.129118,0.203983,-0.294811,-0.004563,-0.430404,-0.520744,-0.223219,0.740847,-0.207256,0.146029,-0.024343,-0.012529,0.217620,-0.078582,0.171898,-0.123703,1.053291,0.231005,0.017647,0.131780,0.092336,-0.263393,0.292823,1.051455,-0.027917,0.066088,-0.256365
0.794334,-0.791017,0.753618,0.032784,-0.022026,-0.022924,0.998957,0.186331,-0.058572,0.080021,0.199147,-0.319430,-0.037177,-0.399618,-0.528013,-0.179255,0.486748,-0.169154,0.183126,-0.041587,-0.026943,0.213839,-0.113859,0.190702,-0.139604,1.066851,0.232020,0.020563,0.129786,0.134214,-0.253560,0.268319,1.058469,-0.024071,0.064352,-0.246726
0.818122,-0.817405,0.747956,0.038382,-0.024605,-0.001011,0.998960,0.218897,-0.029715,0.042467,0.209688,-0.344761,-0.073103,-0.365022,-0.545345,-0.143358,0.296356,-0.140743,0.216764,-0.054258,-0.045603,0.210346,-0.136005,0.209033,-0.148763,1.070309,0.231663,0.020877,0.128906,0.166593,-0.241241,0.259587,1.075898,-0.021896,0.063663,-0.235475
0.841837,-0.845700,0.743293,0.038973,-0.023914,0.013927,0.998857,0.241006,0.018102,0.023567,0.225424,-0.357371,-0.122633,-0.359403,-0.542766,-0.094646,0.224326,-0.142951,0.210054,-0.060746,-0.055720,0.205251,-0.144264,0.227731,-0.149831,1.064408,0.224054,0.016558,0.129204,0.184545,-0.226982,0.262570,1.099829,-0.019435,0.063700,-0.231958
0.866761,-0.876557,0.740381,0.033166,-0.025316,0.018988,0.998949,0.268104,0.085930,0.019638,0.247012,-0.349170,-0.181794,-0.365746,-0.505389,-0.065380,0.264111,-0.173573,0.187087,-0.058000,-0.055162,0.203619,-0.131868,0.244943,-0.135660,1.053981,0.217266,0.013009,0.131565,0.190223,-0.210566,0.275797,1.131840,-0.007549,0.060562,-0.236854
0.893654,-0.910191,0.739254,0.025781,-0.023400,0.019864,0.999196,0.274119,0.159864,0.007337,0.298529,-0.312650,-0.245536,-0.374016,-0.448503,-0.068018,0.352066,-0.212240,0.138516,-0.055813,-0.056171,0.188577,-0.100491,0.264184,-0.115499,1.052114,0.210821,0.010632,0.134979,0.193364,-0.189372,0.289891,1.158467,-0.005516,0.063078,-0.235764
0.920244,-0.945152,0.740701,0.018469,-0.013509,0.021159,0.999514,0.221091,0.228163,-0.019328,0.421140,-0.253846,-0.261800,-0.387157,-0.383706,-0.065808,0.415598,-0.153254,0.156382,-0.052880,-0.057213,0.161859,-0.068371,0.284905,-0.095325,1.057224,0.207915,0.012124,0.125116,0.196164,-0.163795,0.289299,1.161187,-0.008437,0.063136,-0.245836
0.946743,-0.980983,0.742143,0.008744,-0.014196,0.023662,0.999581,0.126494,0.303969,-0.043424,0.652007,-0.173770,-0.229833,-0.387935,-0.312699,-0.070577,0.509769,-0.151599,0.161507,-0.044975,-0.053162,0.153513,-0.041418,0.302604,-0.072055,1.078506,0.206112,0.014075,0.114328,0.195977,-0.143661,0.308817,1.161580,-0.004005,0.056084,-0.252530
0.971916,-1.012649,0.745483,-0.008731,-0.030850,0.020241,0.999281,0.026289,0.408979,-0.025676,0.922013,-0.070855,-0.050408,-0.321495,-0.234037,-0.114874,0.544306,-0.189639,0.146204,-0.029635,-0.028026,0.183563,-0.007043,0.300377,-0.024901,1.096124,0.208644,0.019496,0.121710,0.170567,-0.146903,0.369362,1.168824,-0.019901,0.063827,-0.249428
0.995359,-1.041060,0.747940,-0.024804,-0.044496,0.013311,0.998613,-0.094457,0.525005,0.006695,1.166198,0.023665,0.160669,-0.252083,-0.152689,-0.146861,0.548096,-0.241293,0.105160,-0.005104,0.004821,0.207067,0.024271,0.284072,0.009044,1.111019,0.198103,0.025934,0.115892,0.136557,-0.172372,0.453773,1.174264,-0.040090,0.070185,-0.255810
1.017529,-1.065837,0.751761,-0.034375,-0.052474,0.003769,0.998023,-0.194000,0.535761,-0.023480,1.348061,-0.062557,0.181567,-0.187897,-0.083492,-0.161358,0.520861,-0.271025,0.062664,0.025296,0.031288,0.219583,0.052446,0.261752,0.018623,1.124231,0.192998,0.033171,0.099574,0.099638,-0.208862,0.520656,1.173042,-0.054629,0.064266,-0.274993
1.039657,-1.087376,0.756638,-0.036021,-0.054586,-0.009884,0.997810,-0.283883,0.503131,-0.017544,1.472947,-0.147293,0.182622,-0.135759,-0.033636,-0.157174,0.483051,-0.286179,0.025576,0.058818,0.046652,0.221282,0.087236,0.237871,0.008479,1.126813,0.207790,0.050350,0.079043,0.074266,-0.245625,0.503100,1.149053,-0.080504,0.072458,-0.286252
1.061593,-1.107267,0.760577,-0.036571,-0.058559,-0.022287,0.997365,-0.361074,0.451662,0.002838,1.545019,-0.187158,0.188039,-0.073940,0.010941,-0.144874,0.435151,-0.296535,-0.008634,0.084083,0.059782,0.227215,0.130516,0.213978,0.006725,1.115531,0.237160,0.071627,0.060312,0.054343,-0.275372,0.435984,1.115323,-0.056169,0.069627,-0.291281
1.083034,-1.126239,0.763274,-0.038612,-0.063521,-0.032556,0.996702,-0.436084,0.353914,-0.005075,1.563103,-0.189633,0.166741,-0.005958,0.054495,-0.132397,0.381080,-0.302337,-0.041394,0.100156,0.075067,0.236758,0.178354,0.189485,0.013080,1.097543,0.245220,0.079989,0.066889,0.030169,-0.296118,0.359350,1.082994,-0.027851,0.063937,-0.290118
1.104911,-1.144023,0.764147,-0.040681,-0.067066,-0.038401,0.996179,-0.506739,0.220729,-0.034996,1.527446,-0.167089,0.116071,0.063965,0.091863,-0.124308,0.322011,-0.305279,-0.061075,0.107899,0.089151,0.242347,0.222738,0.168943,0.013678,1.087154,0.241626,0.079312,0.079661,0.004163,-0.311111,0.302526,1.053931,-0.013771,0.064533,-0.297597
1.127270,-1.161639,0.763460,-0.041357,-0.068161,-0.043329,0.995875,-0.561442,0.102619,-0.049881,1.441644,-0.128261,0.071742,0.126343,0.124437,-0.114017,0.270956,-0.313434,-0.084492,0.117127,0.099125,0.240898,0.259825,0.152728,0.009338,1.088674,0.242300,0.082929,0.083031,-0.018262,-0.322143,0.276737,1.034205,-0.009271,0.052429,-0.311100
1.149685,-1.179447,0.761517,-0.042391,-0.067015,-0.051749,0.995507,-0.594325,0.025754,-0.035280,1.313152,-0.082162,0.060373,0.177122,0.158837,-0.091467,0.233543,-0.324309,-0.118460,0.132637,0.108916,0.235933,0.289939,0.140065,0.001282,1.098663,0.237548,0.084263,0.082931,-0.043798,-0.330448,0.289415,1.030453,0.000549,0.037627,-0.321111
1.172352,-1.197146,0.758456,-0.042879,-0.063559,-0.059692,0.995268,-0.602506,-0.047346,-0.020624,1.144027,-0.019796,0.036198,0.226954,0.190134,-0.070728,0.190843,-0.330710,-0.146468,0.144207,0.115403,0.227983,0.314755,0.130881,-0.005870,1.112901,0.231560,0.083992,0.078276,-0.071776,-0.334085,0.327472,1.040292,-0.000814,0.034393,-0.312782
1.194933,-1.215553,0.754509,-0.040313,-0.060547,-0.065228,0.995216,-0.570463,-0.127115,-0.010441,0.921543,0.063098,-0.020947,0.270876,0.211276,-0.054207,0.165130,-0.343729,-0.166628,0.153201,0.114314,0.223292,0.329810,0.124056,-0.008551,1.131717,0.221081,0.081844,0.075756,-0.094048,-0.328397,0.368188,1.054119,-0.006785,0.035898,-0.295595
1.218102,-1.235196,0.749852,-0.039156,-0.058296,-0.071443,0.994969,-0.490673,-0.175149,0.026135,0.650921,0.137300,-0.107186,0.313750,0.236533,-0.038494,0.149563,-0.351429,-0.189260,0.164438,0.114122,0.219999,0.337990,0.121011,-0.008437,1.151185,0.213850,0.079988,0.076073,-0.105962,-0.312741,0.403273,1.064407,-0.013591,0.042038,-0.280941
1.242960,-1.255870,0.744736,-0.041525,-0.053990,-0.079892,0.994474,-0.383229,-0.194607,0.098517,0.361176,0.208212,-0.169658,0.356744,0.270177,-0.014321,0.131573,-0.344921,-0.210151,0.179181,0.119055,0.206917,0.347620,0.119828,-0.004258,1.163423,0.206611,0.078412,0.079351,-0.107974,-0.289502,0.442504,1.076598,-0.020140,0.049905,-0.271605
1.269349,-1.277568,0.738782,-0.047446,-0.046037,-0.090680,0.993683,-0.277263,-0.192642,0.213562,0.105235,0.282394,-0.227182,0.389735,0.309812,0.013931,0.127009,-0.334108,-0.229261,0.198487,0.129436,0.179845,0.361400,0.117935,0.004081,1.162019,0.193175,0.073009,0.083730,-0.099754,-0.261396,0.480751,1.093361,-0.039099,0.053622,-0.261309
1.297078,-1.299825,0.734540,-0.044296,-0.035080,-0.094894,0.993882,-0.267746,-0.174778,0.374562,0.101075,0.240218,-0.198033,0.413208,0.328590,0.022421,0.125578,-0.312032,-0.236242,0.210091,0.119761,0.148815,0.373060,0.117086,0.020726,1.145733,0.179961,0.061270,0.082929,-0.074204,-0.238284,0.510190,1.094725,-0.064974,0.062372,-0.245438
1.325514,-1.324126,0.733315,-0.025664,-0.023045,-0.089794,0.995363,-0.254266,-0.205925,0.412944,0.108823,0.141780,0.055547,0.418988,0.314765,0.002240,0.139849,-0.275296,-0.221722,0.201815,0.070592,0.119735,0.379118,0.120162,0.050732,1.124364,0.170979,0.049804,0.081783,-0.055438,-0.197246,0.534151,1.111798,-0.074845,0.066543,-0.238451
1.353378,-1.349184,0.733055,-0.005049,-0.012354,-0.094197,0.995464,-0.265351,-0.233787,0.369115,0.163869,0.039776,0.223643,0.360741,0.287992,-0.014381,0.282198,-0.269813,-0.171027,0.211066,0.016735,0.098589,0.376548,0.123885,0.084449,1.103044,0.163851,0.043484,0.086908,-0.039965,-0.159319,0.559867,1.138989,-0.059846,0.056958,-0.240466
1.379603,-1.372508,0.735107,0.015830,-0.006399,-0.107854,0.994020,-0.272480,-0.234928,0.394545,0.237553,-0.048302,0.249895,0.297867,0.254298,0.029928,0.435726,-0.218157,-0.009634,0.229792,-0.033904,0.095196,0.370116,0.123383,0.112580,1.084084,0.147245,0.033124,0.098060,-0.044745,-0.128160,0.607367,1.195551,-0.035937,0.047388,-0.238676
1.403035,-1.394407,0.737622,0.030183,-0.008694,-0.124327,0.991744,-0.258888,-0.221822,0.418531,0.305618,-0.121382,0.236204,0.260938,0.246843,0.123732,0.566616,-0.165901,0.261800,0.239536,-0.063998,0.114701,0.361903,0.113940,0.128474,1.070573,0.133515,0.022505,0.112886,-0.074670,-0.109923,0.687859,1.264148,-0.021901,0.049836,-0.221061
1.422930,-1.416685,0.739074,0.020597,-0.009567,-0.144092,0.989304,-0.274159,-0.137548,0.430412,0.454288,-0.235939,0.195690,0.204647,0.247731,0.043430,0.699538,-0.059601,0.261800,0.241595,-0.040467,0.130307,0.351515,0.097825,0.120594,1.063589,0.133455,0.019203,0.113098,-0.113899,-0.106757,0.768553,1.311889,-0.026936,0.050892,-0.221350
1.443292,-1.432292,0.743594,0.027672,-0.012185,-0.156276,0.987250,-0.212280,-0.141875,0.438239,0.415040,-0.255764,0.169806,0.051252,0.114323,-0.069155,0.995992,-0.182832,0.261800,0.231663,-0.039397,0.152887,0.329647,0.083896,0.094311,1.068418,0.151496,0.019094,0.096699,-0.138028,-0.118698,0.765553,1.316189,-0.030618,0.052093,-0.252098
1.463603,-1.447145,0.748987,0.034667,-0.015000,-0.153841,0.987373,-0.135848,-0.166246,0.421300,0.336223,-0.247302,0.143399,-0.072624,-0.073967,-0.171452,1.213968,-0.270361,0.261800,0.203835,-0.038897,0.174762,0.296572,0.076797,0.072321,1.080567,0.174579,0.021325,0.083754,-0.140952,-0.140496,0.683864,1.285396,-0.021510,0.038207,-0.289248
1.484199,-1.462540,0.753623,0.035675,-0.020943,-0.142050,0.988995,-0.054019,-0.180166,0.381754,0.266013,-0.239049,0.121307,-0.161792,-0.256904,-0.245597,1.346619,-0.325285,0.198994,0.165473,-0.030388,0.199580,0.262343,0.072962,0.065864,1.093789,0.161471,0.018327,0.092907,-0.130657,-0.165556,0.588600,1.245205,0.010255,0.024215,-0.308031
1.504193,-1.479712,0.757417,0.029828,-0.024696,-0.132616,0.990411,0.001470,-0.159873,0.350420,0.250549,-0.255463,0.100612,-0.244604,-0.400692,-0.307508,1.392663,-0.369052,0.033369,0.133868,-0.012585,0.219852,0.228630,0.071964,0.062893,1.108324,0.140891,0.011768,0.109166,-0.121841,-0.187888,0.514596,1.221914,0.024503,0.023535,-0.324963
1.524422,-1.497886,0.759610,0.026190,-0.029329,-0.120627,0.991919,0.056874,-0.141250,0.322602,0.235720,-0.270628,0.079505,-0.329229,-0.467154,-0.299556,1.344439,-0.383501,-0.022045,0.102602,-0.002856,0.242194,0.193306,0.078666,0.048428,1.120579,0.133523,0.012531,0.111806,-0.112418,-0.206466,0.463190,1.210972,0.031735,0.023295,-0.360317
1.545658,-1.517134,0.760325,0.024565,-0.032750,-0.104439,0.993688,0.107165,-0.122787,0.290404,0.223565,-0.281798,0.051567,-0.402189,-0.469831,-0.242662,1.207594,-0.349759,0.024120,0.074878,0.000196,0.258895,0.152188,0.095081,0.013279,1.140353,0.138069,0.011455,0.109701,-0.089483,-0.222290,0.419709,1.197619,0.042907,0.016644,-0.387301
1.568168,-1.537759,0.760146,0.024431,-0.032548,-0.086119,0.995453,0.148272,-0.102518,0.255382,0.213827,-0.295823,0.023287,-0.438152,-0.464873,-0.203504,0.994284,-0.287676,0.113121,0.052912,0.000143,0.264195,0.108711,0.115091,-0.028253,1.159976,0.148661,0.015206,0.107371,-0.051788,-0.233060,0.365332,1.180059,0.045818,0.010198,-0.386776
1.592282,-1.559258,0.758646,0.025180,-0.031382,-0.070156,0.996724,0.189298,-0.079699,0.223261,0.202538,-0.310403,-0.008309,-0.433817,-0.478234,-0.215050,0.734994,-0.223652,0.165388,0.041038,-0.000109,0.261373,0.071364,0.130321,-0.057104,1.172961,0.157416,0.018451,0.108465,-0.005429,-0.238130,0.304683,1.165283,0.058068,0.005233,-0.375153
1.618547,-1.582575,0.755291,0.029764,-0.032077,-0.056263,0.997457,0.242111,-0.061218,0.196532,0.180204,-0.316905,-0.042877,-0.404211,-0.497668,-0.246077,0.467486,-0.159963,0.184937,0.034279,-0.008885,0.253896,0.047059,0.142632,-0.071570,1.173605,0.155156,0.018177,0.111327,0.041837,-0.238219,0.258942,1.160584,0.070860,0.007331,-0.357049
1.646507,-1.608175,0.750182,0.039003,-0.034688,-0.042207,0.997745,0.300447,-0.046669,0.170378,0.156576,-0.313703,-0.083291,-0.352625,-0.513002,-0.257598,0.200608,-0.100790,0.232033,0.026218,-0.031128,0.244576,0.034717,0.156356,-0.075939,1.166522,0.152766,0.014978,0.110784,0.085284,-0.233628,0.236169,1.165565,0.079719,0.012779,-0.335334
1.674232,-1.636269,0.744866,0.048837,-0.034963,-0.027247,0.997823,0.335949,-0.023052,0.137688,0.163949,-0.307468,-0.132044,-0.365681,-0.537564,-0.224818,0.116966,-0.129425,0.246702,0.014193,-0.059115,0.235253,0.025113,0.173386,-0.075121,1.158619,0.142504,0.005810,0.113567,0.118846,-0.222055,0.224919,1.174153,0.086929,0.013289,-0.320072
1.701861,-1.666345,0.741425,0.049084,-0.034289,-0.017756,0.998048,0.354249,0.028665,0.108001,0.201780,-0.296624,-0.190970,-0.362229,-0.528216,-0.224916,0.116423,-0.136842,0.259643,0.009375,-0.070709,0.227998,0.019539,0.190736,-0.067982,1.153351,0.130434,-0.003068,0.115754,0.142156,-0.205069,0.221179,1.182642,0.082511,0.019456,-0.314800
1.730681,-1.698696,0.740625,0.036830,-0.032707,-0.017869,0.998626,0.356284,0.110941,0.092275,0.278905,-0.271125,-0.249232,-0.341840,-0.470011,-0.245597,0.177153,-0.133403,0.192582,0.014182,-0.059207,0.216191,0.027548,0.205559,-0.049354,1.148789,0.126386,-0.005512,0.116131,0.154289,-0.185309,0.236820,1.198644,0.086452,0.019360,-0.314757
1.760006,-1.732429,0.743122,0.022543,-0.020959,-0.017020,0.999381,0.304457,0.197466,0.070369,0.407171,-0.213963,-0.261800,-0.399496,-0.412698,-0.238522,0.340066,-0.096472,0.135934,0.014037,-0.043376,0.185516,0.039277,0.221066,-0.034135,1.149165,0.122521,-0.006220,0.110773,0.157880,-0.162771,0.252886,1.211613,0.076535,0.021295,-0.319000
1.791136,-1.768360,0.745398,0.008944,-0.017769,-0.018204,0.999636,0.237664,0.285614,0.043622,0.588931,-0.120846,-0.260446,-0.420685,-0.340950,-0.219313,0.461131,-0.049750,0.107217,0.021432,-0.032930,0.161336,0.058709,0.235762,-0.006769,1.154248,0.134554,0.001617,0.106750,0.160522,-0.138897,0.289038,1.227071,0.068917,0.027554,-0.321183
1.820935,-1.801939,0.749023,-0.009834,-0.025323,-0.028781,0.999217,0.160285,0.386276,0.047159,0.815065,-0.004488,-0.120451,-0.385356,-0.261110,-0.251073,0.533598,-0.104347,0.063286,0.034871,-0.007710,0.163037,0.095978,0.235317,0.041096,1.140808,0.133529,0.001657,0.109849,0.143292,-0.128476,0.341704,1.241642,0.053722,0.033429,-0.319668
1.848501,-1.832175,0.751980,-0.027585,-0.036055,-0.041095,0.998123,0.051836,0.514042,0.082075,1.060492,0.126545,0.104130,-0.317672,-0.175931,-0.279306,0.550167,-0.172031,0.028514,0.051245,0.026830,0.177790,0.125564,0.224654,0.067024,1.135142,0.121085,-0.005331,0.097540,0.123086,-0.135005,0.357730,1.234402,0.044684,0.032056,-0.340069
1.873011,-1.859251,0.755207,-0.042873,-0.043684,-0.047681,0.996986,-0.064381,0.571810,0.037331,1.259242,0.107924,0.159893,-0.242733,-0.097492,-0.308220,0.526429,-0.216720,-0.005038,0.067435,0.062346,0.193732,0.132313,0.211309,0.064278,1.144439,0.129773,-0.000881,0.083133,0.102117,-0.151618,0.346154,1.216137,0.018266,0.037329,-0.354111
1.895711,-1.882993,0.759248,-0.048553,-0.045995,-0.056025,0.996187,-0.193014,0.513420,-0.043576,1.420421,0.012682,0.203957,-0.183482,-0.039152,-0.313329,0.490946,-0.245006,-0.032441,0.091766,0.083507,0.201510,0.134390,0.191318,0.058886,1.148948,0.165789,0.013870,0.074882,0.078218,-0.174274,0.319278,1.196186,0.035746,0.030884,-0.353254
1.917596,-1.904520,0.763210,-0.050125,-0.049042,-0.065898,0.995359,-0.301291,0.445851,-0.071535,1.523754,-0.032426,0.190356,-0.118489,0.009564,-0.304997,0.439685,-0.262501,-0.050337,0.116209,0.098032,0.211530,0.145194,0.167975,0.057247,1.141207,0.171517,0.011962,0.070369,0.048754,-0.199156,0.294327,1.180367,0.052645,0.030185,-0.357223
1.938567,-1.924436,0.766591,-0.050622,-0.053126,-0.074598,0.994510,-0.393561,0.342311,-0.092295,1.566909,-0.085676,0.181499,-0.048022,0.052663,-0.292689,0.378899,-0.270413,-0.067725,0.135252,0.110021,0.224348,0.159938,0.144157,0.065069,1.127914,0.166463,0.008577,0.066305,0.015275,-0.223569,0.280925,1.164995,0.057054,0.028353,-0.360337
1.959043,-1.943552,0.769048,-0.049442,-0.057460,-0.082199,0.993729,-0.468702,0.226334,-0.100680,1.544330,-0.117110,0.140061,0.022251,0.088422,-0.275954,0.319735,-0.276811,-0.087009,0.148443,0.117252,0.238497,0.176797,0.122517,0.074569,1.115669,0.158777,0.005396,0.068520,-0.020189,-0.244655,0.279557,1.145113,0.047295,0.028437,-0.361796
1.979429,-1.962395,0.769952,-0.046557,-0.061001,-0.089640,0.993014,-0.528670,0.118707,-0.094129,1.465739,-0.108385,0.111608,0.093489,0.118328,-0.257130,0.255579,-0.281610,-0.101991,0.157720,0.119012,0.250416,0.194387,0.107238,0.074219,1.110860,0.154568,0.003119,0.075560,-0.056417,-0.260923,0.290119,1.122030,0.037458,0.028919,-0.358747
2.000084,-1.981212,0.769642,-0.043431,-0.061318,-0.098356,0.992310,-0.569516,0.049016,-0.057013,1.335110,-0.080481,0.092034,0.159108,0.146476,-0.232875,0.191170,-0.284137,-0.118506,0.167286,0.118542,0.254250,0.210817,0.097066,0.073156,1.113402,0.158716,0.007077,0.075550,-0.089096,-0.270373,0.308087,1.096810,0.023965,0.028624,-0.354423
2.020618,-2.000130,0.767773,-0.039785,-0.057299,-0.109721,0.991512,-0.591812,-0.011202,-0.014177,1.163258,-0.039117,0.074674,0.203858,0.170267,-0.203095,0.151102,-0.293631,-0.138994,0.181197,0.116325,0.249393,0.226272,0.091194,0.070335,1.117455,0.162052,0.010215,0.071776,-0.118676,-0.273107,0.331139,1.070329,0.007605,0.028758,-0.354486
2.040709,-2.019184,0.764443,-0.035210,-0.050646,-0.120561,0.990788,-0.582121,-0.075150,0.021511,0.935916,0.010569,0.021185,0.230819,0.187841,-0.176082,0.137061,-0.314914,-0.151876,0.194290,0.111141,0.242478,0.241021,0.087712,0.072886,1.114050,0.163747,0.014762,0.069595,-0.145674,-0.269227,0.353833,1.046368,-0.018139,0.029963,-0.352047
2.061391,-2.038850,0.759993,-0.032388,-0.046053,-0.131753,0.989682,-0.513075,-0.121744,0.074989,0.635133,0.067517,-0.070081,0.257545,0.206542,-0.149835,0.139660,-0.341741,-0.164672,0.206971,0.107624,0.238965,0.259764,0.087136,0.080181,1.106899,0.158330,0.011239,0.075946,-0.167352,-0.256839,0.377242,1.030152,-0.039461,0.038349,-0.349171
2.083514,-2.060543,0.753514,-0.037008,-0.043525,-0.147063,0.987476,-0.385624,-0.151211,0.140803,0.271188,0.136944,-0.170402,0.299758,0.243018,-0.108732,0.133103,-0.356345,-0.177487,0.228001,0.115949,0.232458,0.285505,0.091282,0.087455,1.098555,0.142913,0.004866,0.082689,-0.181042,-0.235246,0.406684,1.030016,-0.051157,0.043761,-0.347030
2.107366,-2.083552,0.744028,-0.054005,-0.036653,-0.170087,0.983265,-0.342784,-0.139667,0.203642,0.104949,0.108821,-0.261800,0.341942,0.306895,-0.045188,0.129352,-0.363210,-0.197699,0.265920,0.148493,0.209734,0.316896,0.098256,0.088860,1.089522,0.132029,0.004691,0.085068,-0.181123,-0.211594,0.441558,1.034805,-0.060196,0.054152,-0.344731
2.132244,-2.106921,0.737206,-0.058759,-0.025987,-0.186791,0.980297,-0.369386,-0.124399,0.258170,0.103021,-0.001058,-0.261800,0.373943,0.339631,-0.003210,0.127948,-0.360353,-0.211745,0.292256,0.154668,0.183027,0.341987,0.106444,0.089085,1.089082,0.125797,0.003087,0.085913,-0.170440,-0.186136,0.475814,1.033240,-0.090757,0.070339,-0.332726
2.158489,-2.131436,0.732931,-0.055420,-0.014959,-0.197835,0.978553,-0.360168,-0.113883,0.365684,0.100059,-0.058013,-0.261800,0.401554,0.351600,0.022260,0.127786,-0.336441,-0.212452,0.308293,0.141699,0.157171,0.361117,0.115190,0.090039,1.096448,0.125192,0.006838,0.093659,-0.146502,-0.156493,0.504132,1.027243,-0.128592,0.080813,-0.326465
2.185136,-2.158645,0.731316,-0.045019,-0.002417,-0.204079,0.977916,-0.330113,-0.114561,0.383207,0.108935,-0.065945,-0.261731,0.419589,0.349019,0.034705,0.127934,-0.286685,-0.199459,0.314117,0.105144,0.128621,0.378425,0.127403,0.103278,1.103265,0.127718,0.012532,0.096296,-0.119380,-0.115362,0.532381,1.030083,-0.154555,0.087093,-0.325421
2.212981,-2.185703,0.732816,-0.021859,0.006753,-0.206087,0.978266,-0.310981,-0.145275,0.413534,0.114066,-0.036371,-0.131260,0.400195,0.313153,0.021581,0.195275,-0.241508,-0.153802,0.303666,0.039892,0.111447,0.396526,0.138870,0.121331,1.101601,0.123818,0.014081,0.088932,-0.106883,-0.078032,0.574609,1.044799,-0.196360,0.091390,-0.274813
2.240802,-2.212093,0.737463,0.013387,0.007705,-0.210175,0.977542,-0.292224,-0.210833,0.411122,0.119340,-0.011710,0.079730,0.309193,0.245596,0.036401,0.413951,-0.209459,-0.028109,0.288014,-0.055627,0.108466,0.410913,0.157191,0.129930,1.111699,0.103996,0.007104,0.077446,-0.141532,-0.055496,0.676912,1.105859,-0.253734,0.098891,-0.139492
2.266468,-2.236766,0.741871,0.034245,0.004889,-0.217276,0.975497,-0.291627,-0.226837,0.418268,0.204978,-0.051621,0.204711,0.244379,0.231539,0.143521,0.591895,-0.140325,0.180364,0.284042,-0.110276,0.115875,0.406469,0.165202,0.123326,1.133240,0.118497,0.010909,0.072684,-0.170450,-0.057436,0.743858,1.160725,-0.229354,0.107824,-0.110271
2.289778,-2.260911,0.745538,0.028131,0.002697,-0.230055,0.972767,-0.308186,-0.161435,0.426384,0.371764,-0.159444,0.223178,0.217708,0.245466,0.138126,0.681294,0.011858,0.261800,0.281353,-0.098092,0.123098,0.397465,0.154318,0.117527,1.140637,0.151588,0.028098,0.057871,-0.190852,-0.076266,0.767169,1.196237,-0.178577,0.111081,-0.195969
2.313522,-2.279328,0.750934,0.030015,-0.002802,-0.245265,0.968987,-0.238999,-0.155838,0.439172,0.351210,-0.190202,0.210117,0.106617,0.165179,0.064173,0.908763,-0.096207,0.261800,0.275610,-0.089553,0.137789,0.386603,0.132363,0.108281,1.136788,0.157900,0.027442,0.050475,-0.203464,-0.109770,0.734689,1.204952,-0.142116,0.082439,-0.284408
2.336221,-2.296531,0.756777,0.034656,-0.007837,-0.248785,0.967907,-0.149314,-0.177612,0.435786,0.269092,-0.180260,0.187091,-0.009599,-0.006317,-0.064222,1.101977,-0.171557,0.261800,0.253862,-0.087346,0.154602,0.360325,0.114394,0.100459,1.134063,0.157734,0.021335,0.059717,-0.197974,-0.150585,0.635799,1.175351,-0.125613,0.058086,-0.328322
2.358468,-2.313180,0.761926,0.036256,-0.012955,-0.234516,0.971350,-0.052963,-0.207832,0.389747,0.169552,-0.152540,0.164763,-0.101400,-0.158148,-0.136254,1.226446,-0.254272,0.261800,0.210846,-0.079214,0.172935,0.317529,0.104789,0.092786,1.130272,0.159276,0.022313,0.071362,-0.174256,-0.190425,0.502749,1.123688,-0.076215,0.052077,-0.327003
2.378972,-2.330252,0.766298,0.031534,-0.015324,-0.216668,0.975616,0.015022,-0.205725,0.337461,0.125618,-0.147980,0.140387,-0.183180,-0.285806,-0.208301,1.282581,-0.293989,0.166324,0.169699,-0.058990,0.189285,0.262119,0.100409,0.080757,1.126206,0.159896,0.020972,0.081110,-0.145907,-0.226936,0.395693,1.077625,0.001927,0.041839,-0.325678
2.398205,-2.347948,0.769399,0.027006,-0.018818,-0.198780,0.979491,0.064425,-0.190375,0.296957,0.123544,-0.160692,0.111083,-0.249913,-0.388866,-0.271353,1.274016,-0.331450,0.072880,0.137701,-0.039939,0.209125,0.199753,0.100046,0.063332,1.117167,0.162338,0.018918,0.091034,-0.117687,-0.261330,0.333694,1.050714,0.043757,0.030915,-0.328064
2.416978,-2.366418,0.771062,0.025137,-0.021993,-0.176118,0.983802,0.108957,-0.177042,0.257594,0.123492,-0.171907,0.084391,-0.307834,-0.446806,-0.300158,1.197009,-0.332098,0.047461,0.107745,-0.027678,0.226130,0.132420,0.104493,0.037996,1.103679,0.167940,0.017801,0.100415,-0.084641,-0.292263,0.306270,1.039471,0.033996,0.032304,-0.331024
2.435891,-2.385849,0.771868,0.026073,-0.023512,-0.150345,0.988010,0.147096,-0.164704,0.210842,0.124264,-0.181735,0.058418,-0.355094,-0.467441,-0.294260,1.054384,-0.297088,0.088633,0.079422,-0.022281,0.237263,0.063646,0.113006,-0.000880,1.085383,0.181214,0.015925,0.112301,-0.045081,-0.315318,0.291727,1.036476,0.010709,0.037361,-0.328542
2.455168,-2.406149,0.771232,0.027845,-0.023396,-0.125396,0.991440,0.180812,-0.149258,0.162723,0.124792,-0.197876,0.030790,-0.377589,-0.480164,-0.296568,0.857275,-0.245670,0.145130,0.056156,-0.018896,0.242328,-0.002758,0.123216,-0.049450,1.064994,0.203611,0.015263,0.124530,-0.001609,-0.327587,0.275729,1.041051,0.006437,0.040387,-0.319395
2.475695,-2.427738,0.768511,0.029885,-0.023598,-0.107947,0.993427,0.217895,-0.129689,0.126899,0.125239,-0.224142,0.001657,-0.386357,-0.486362,-0.297630,0.642900,-0.200930,0.157548,0.047557,-0.016971,0.243426,-0.058864,0.129438,-0.084184,1.041844,0.225224,0.015120,0.128745,0.042052,-0.329670,0.267122,1.054148,0.013953,0.045489,-0.303572
2.497465,-2.450865,0.763728,0.035232,-0.025760,-0.093184,0.994692,0.259491,-0.113734,0.098644,0.126492,-0.249403,-0.017776,-0.379108,-0.489357,-0.288000,0.422875,-0.160799,0.172993,0.039426,-0.025410,0.243441,-0.098451,0.132639,-0.100351,1.016331,0.238794,0.015005,0.130125,0.080402,-0.323151,0.266411,1.076336,0.007349,0.049607,-0.280063
2.520545,-2.476095,0.757582,0.044562,-0.029416,-0.077322,0.995575,0.303986,-0.101853,0.065073,0.128205,-0.266456,-0.038499,-0.344809,-0.490239,-0.264625,0.190329,-0.111940,0.222704,0.026667,-0.046455,0.242521,-0.125670,0.137561,-0.111543,0.996835,0.242498,0.011114,0.133503,0.115233,-0.307367,0.268313,1.100915,-0.002771,0.053654,-0.261995
2.543849,-2.503549,0.751875,0.053242,-0.031466,-0.060418,0.996255,0.329804,-0.080182,0.027841,0.157417,-0.281842,-0.071406,-0.360599,-0.500759,-0.201594,0.115627,-0.129947,0.261800,0.010523,-0.069728,0.241051,-0.147469,0.147515,-0.123666,0.987369,0.240608,0.006122,0.133868,0.144825,-0.282115,0.265868,1.122549,0.004205,0.050825,-0.263977
2.568239,-2.532702,0.748876,0.052099,-0.032707,-0.053486,0.996672,0.342991,-0.033100,0.007588,0.216278,-0.288226,-0.113957,-0.363191,-0.477932,-0.173203,0.115856,-0.143759,0.258588,0.007997,-0.075020,0.238836,-0.155619,0.157065,-0.124924,0.988157,0.246745,0.007743,0.136498,0.166645,-0.251897,0.261336,1.144154,0.018992,0.048330,-0.266897
2.594423,-2.563984,0.749215,0.039417,-0.028744,-0.053235,0.997390,0.328625,0.042404,-0.001824,0.316199,-0.275166,-0.160999,-0.348070,-0.417373,-0.187995,0.164395,-0.129382,0.166937,0.011364,-0.059065,0.220591,-0.140822,0.166990,-0.115261,0.993326,0.248994,0.012333,0.136381,0.180867,-0.219942,0.268307,1.171814,0.029798,0.046353,-0.264226
2.621470,-2.597601,0.751545,0.025972,-0.018643,-0.050072,0.998234,0.275238,0.122059,-0.022077,0.454483,-0.221497,-0.200260,-0.384723,-0.362304,-0.198471,0.304715,-0.105910,0.136425,0.009396,-0.044643,0.189338,-0.114619,0.182983,-0.104429,1.001894,0.247357,0.009083,0.131465,0.191823,-0.185936,0.278535,1.188475,0.024640,0.049038,-0.262254
2.649839,-2.632430,0.753362,0.015872,-0.013556,-0.047372,0.998659,0.201457,0.186970,-0.049652,0.635413,-0.124361,-0.185606,-0.403428,-0.304546,-0.190265,0.412482,-0.052570,0.128878,0.009996,-0.039202,0.159876,-0.079725,0.202468,-0.089284,1.018961,0.245139,0.012929,0.126683,0.201686,-0.153558,0.296644,1.200605,0.025061,0.049220,-0.271391
2.677936,-2.665112,0.755529,-0.003744,-0.021082,-0.052584,0.998387,0.128228,0.271900,-0.055121,0.852145,-0.010235,-0.087793,-0.369926,-0.229156,-0.218820,0.492465,-0.105801,0.080831,0.016126,-0.011812,0.158299,-0.028477,0.211088,-0.053598,1.034798,0.237708,0.010895,0.132698,0.195291,-0.136018,0.312051,1.211299,0.013628,0.052206,-0.271221
2.703970,-2.694165,0.757214,-0.018966,-0.031339,-0.061481,0.997436,0.034030,0.361667,-0.032611,1.073306,0.106614,0.058674,-0.310198,-0.156472,-0.241404,0.521668,-0.173355,0.050480,0.028739,0.016459,0.167883,0.019330,0.205628,-0.018592,1.053713,0.234587,0.015018,0.132485,0.176592,-0.138680,0.323916,1.211002,0.010868,0.054101,-0.277203
2.727703,-2.720097,0.760109,-0.029903,-0.039335,-0.068055,0.996457,-0.055675,0.412241,-0.034991,1.241702,0.083604,0.125456,-0.239031,-0.092398,-0.260179,0.505248,-0.218848,0.023257,0.041108,0.041841,0.178118,0.055366,0.193994,-0.010178,1.087141,0.204823,0.010796,0.127491,0.153090,-0.154769,0.315441,1.195735,0.003736,0.054286,-0.294548
2.750183,-2.743256,0.763914,-0.034101,-0.042120,-0.077070,0.995552,-0.149269,0.381594,-0.064573,1.361071,-0.008076,0.141767,-0.177094,-0.041176,-0.261961,0.468491,-0.245906,0.004398,0.060507,0.057049,0.178893,0.088030,0.177994,-0.011639,1.121198,0.207659,0.019830,0.111516,0.129183,-0.177188,0.283067,1.170613,-0.005744,0.056161,-0.308142
2.772178,-2.764403,0.767529,-0.034390,-0.045777,-0.089477,0.994342,-0.230661,0.323920,-0.075852,1.424116,-0.057616,0.129615,-0.114238,0.000758,-0.248250,0.425971,-0.263910,-0.013066,0.085379,0.065301,0.182006,0.125455,0.159393,-0.013154,1.140136,0.218051,0.031984,0.088637,0.102908,-0.204122,0.250981,1.139974,0.012793,0.052049,-0.318269
2.792664,-2.784293,0.770428,-0.035293,-0.050670,-0.100281,0.993041,-0.305298,0.248467,-0.089208,1.434998,-0.102498,0.109903,-0.046912,0.040660,-0.232825,0.376097,-0.272805,-0.036829,0.105320,0.073897,0.193282,0.163506,0.138809,-0.005454,1.145332,0.219027,0.033147,0.077878,0.067368,-0.232289,0.230725,1.113664,0.023716,0.048876,-0.327828
2.812376,-2.802952,0.772046,-0.035368,-0.056637,-0.113400,0.991303,-0.365724,0.164676,-0.098083,1.395664,-0.136560,0.067263,0.017981,0.075422,-0.210071,0.334391,-0.282305,-0.063793,0.127796,0.081664,0.208612,0.200937,0.118667,0.000900,1.142049,0.208183,0.030494,0.077448,0.026722,-0.260658,0.223887,1.093449,0.013143,0.045390,-0.333182
2.831705,-2.820916,0.772206,-0.033676,-0.063074,-0.123842,0.989723,-0.416236,0.079720,-0.103281,1.316188,-0.133637,0.042530,0.083810,0.100099,-0.190462,0.294933,-0.297488,-0.082448,0.144599,0.086308,0.225687,0.233376,0.100298,0.005486,1.140581,0.209478,0.027202,0.081227,-0.012864,-0.285160,0.219003,1.072833,0.008854,0.042262,-0.336841
2.851016,-2.838444,0.771235,-0.032381,-0.065879,-0.134299,0.988218,-0.457583,0.019394,-0.088808,1.201648,-0.108545,0.014846,0.139696,0.123479,-0.166104,0.261220,-0.310937,-0.099343,0.161743,0.092338,0.234859,0.259363,0.083915,0.010836,1.141558,0.211254,0.030394,0.078333,-0.050220,-0.305258,0.221434,1.053368,0.000474,0.039790,-0.341341
2.870501,-2.855680,0.769417,-0.031680,-0.063947,-0.145610,0.986765,-0.489256,-0.035312,-0.074965,1.060942,-0.079917,-0.007312,0.185995,0.148200,-0.136857,0.227082,-0.320242,-0.120202,0.179216,0.100332,0.233963,0.280947,0.068485,0.017325,1.143596,0.208478,0.030117,0.079168,-0.086121,-0.320241,0.232862,1.038528,-0.006609,0.039624,-0.341578
2.890168,-2.873059,0.767039,-0.029880,-0.058339,-0.156710,0.985467,-0.500119,-0.090233,-0.062907,0.878824,-0.037358,-0.037709,0.224451,0.167863,-0.111331,0.194190,-0.328191,-0.131069,0.192194,0.105158,0.227601,0.299047,0.054413,0.028039,1.144113,0.198034,0.029893,0.077515,-0.122503,-0.326997,0.248188,1.031338,-0.012881,0.037742,-0.337632
2.909988,-2.891047,0.763691,-0.028767,-0.052036,-0.168037,0.983986,-0.472143,-0.124148,-0.026345,0.641497,0.019866,-0.098589,0.255272,0.186652,-0.085018,0.177803,-0.338697,-0.137015,0.203429,0.110074,0.221041,0.312306,0.043814,0.036765,1.145546,0.191206,0.028094,0.078605,-0.155554,-0.322144,0.258180,1.033752,-0.014395,0.035743,-0.332988
2.930719,-2.910485,0.759042,-0.033813,-0.048191,-0.182853,0.981376,-0.389010,-0.132985,0.041187,0.345210,0.077110,-0.174113,0.296483,0.218437,-0.049464,0.162247,-0.339307,-0.148649,0.217509,0.123838,0.217821,0.323536,0.038765,0.042733,1.147986,0.187688,0.028962,0.078311,-0.181769,-0.304360,0.262317,1.042571,-0.024415,0.039464,-0.326984
2.953063,-2.931194,0.751423,-0.051051,-0.043093,-0.206017,0.976265,-0.315970,-0.110274,0.136237,0.110551,0.084186,-0.261800,0.352991,0.275349,0.010055,0.132361,-0.326851,-0.165305,0.243977,0.161030,0.206425,0.338153,0.038587,0.041039,1.147225,0.188106,0.030452,0.077624,-0.197188,-0.279702,0.266287,1.052414,-0.021938,0.038433,-0.315712
2.976899,-2.952035,0.743895,-0.064818,-0.035760,-0.226160,0.971273,-0.337976,-0.075094,0.247858,0.102216,-0.020036,-0.261800,0.394217,0.319540,0.058130,0.132115,-0.319157,-0.180172,0.266324,0.193081,0.189250,0.346635,0.040780,0.034298,1.149538,0.184003,0.030139,0.078255,-0.195931,-0.259643,0.279669,1.055124,-0.027529,0.037664,-0.306483
3.001761,-2.974244,0.738478,-0.068147,-0.025299,-0.237398,0.968689,-0.333049,-0.045988,0.407655,0.096212,-0.091772,-0.261800,0.423777,0.341802,0.078707,0.133834,-0.300184,-0.193689,0.272208,0.197789,0.166647,0.347418,0.046917,0.040638,1.152491,0.182103,0.030639,0.083572,-0.191988,-0.234046,0.308155,1.065811,-0.040575,0.038015,-0.296976
3.027492,-2.998672,0.734991,-0.063352,-0.014504,-0.241212,0.968294,-0.292478,-0.038022,0.496179,0.094916,-0.101630,-0.261800,0.447189,0.346942,0.080447,0.134807,-0.262265,-0.189595,0.267146,0.180814,0.141666,0.340154,0.058172,0.055026,1.156274,0.177203,0.032091,0.087718,-0.173656,-0.208987,0.339718,1.073264,-0.063345,0.042368,-0.283188
3.054710,-3.023963,0.735466,-0.042414,-0.006309,-0.238979,0.970077,-0.266445,-0.064722,0.537212,0.103852,-0.075587,-0.214396,0.409929,0.316894,0.055221,0.241896,-0.251411,-0.157907,0.254832,0.128199,0.122869,0.324415,0.073762,0.072374,1.151857,0.173596,0.035619,0.092177,-0.145695,-0.186225,0.371712,1.082872,-0.072632,0.044245,-0.277401
3.082242,-3.048903,0.739154,-0.005287,-0.004204,-0.227719,0.973703,-0.258703,-0.148972,0.510056,0.114794,-0.039010,0.000837,0.336431,0.248886,0.033101,0.413026,-0.219634,-0.056486,0.231283,0.038831,0.114402,0.302238,0.094954,0.088175,1.141399,0.168247,0.030968,0.098131,-0.116597,-0.164854,0.410468,1.117569,-0.056174,0.037103,-0.280320
3.107518,-3.072947,0.743216,0.019746,-0.007356,-0.221901,0.974842,-0.227453,-0.200483,0.489217,0.122698,-0.030492,0.111559,0.279762,0.216316,0.086875,0.567185,-0.146830,0.139996,0.222765,-0.026488,0.116965,0.274267,0.111840,0.102360,1.124668,0.168977,0.026514,0.106360,-0.092096,-0.145846,0.434388,1.163370,-0.068023,0.054695,-0.257322
3.129977,-3.096400,0.747031,0.022184,-0.010989,-0.226313,0.973740,-0.251033,-0.157021,0.487097,0.291898,-0.117060,0.186234,0.245200,0.223547,0.099767,0.676449,-0.012905,0.261800,0.221026,-0.038486,0.125192,0.254932,0.110266,0.128482,1.072978,0.190146,0.032986,0.097123,-0.083990,-0.146364,0.477315,1.195756,-0.058194,0.081250,-0.221385
3.151930,-3.115569,0.750496,0.016156,-0.014045,-0.238478,0.970912,-0.232538,-0.110287,0.498026,0.378841,-0.188001,0.198289,0.167454,0.168000,0.005826,0.842562,-0.037820,0.261800,0.220671,-0.020932,0.130704,0.242851,0.096426,0.133899,1.011266,0.197158,0.020438,0.097323,-0.086421,-0.167357,0.528669,1.219310,-0.061916,0.082665,-0.202867
3.174337,-3.131552,0.755283,0.021934,-0.021272,-0.244334,0.969210,-0.151125,-0.133959,0.501148,0.318998,-0.192873,0.188966,0.065159,-0.005521,-0.123158,1.043594,-0.154030,0.261800,0.208365,-0.022963,0.143246,0.222784,0.086128,0.118730,0.966315,0.205600,0.003100,0.110041,-0.077023,-0.195823,0.515067,1.210821,-0.072314,0.079164,-0.212925
3.196503,-3.147521,0.759759,0.027868,-0.030071,-0.237062,0.970629,-0.050180,-0.177018,0.474481,0.215851,-0.169683,0.171973,-0.011974,-0.186258,-0.214625,1.181762,-0.234401,0.261800,0.177542,-0.028656,0.157545,0.191980,0.084580,0.100430,0.946067,0.224380,-0.002339,0.119972,-0.052871,-0.221155,0.448819,1.179661,-0.059032,0.071863,-0.252993
3.216928,-3.164034,0.763682,0.025799,-0.037073,-0.226638,0.972931,0.040096,-0.191089,0.438708,0.138140,-0.155842,0.152217,-0.086608,-0.308046,-0.261040,1.250722,-0.282552,0.188194,0.143066,-0.019954,0.171386,0.150643,0.089060,0.081809,0.947744,0.234355,0.005086,0.115391,-0.028716,-0.242398,0.377524,1.141397,-0.010981,0.053351,-0.290500
3.234854,-3.180741,0.766696,0.018933,-0.040349,-0.215718,0.975438,0.092835,-0.173477,0.407433,0.125729,-0.173891,0.132340,-0.156388,-0.390415,-0.308635,1.248147,-0.315065,0.103054,0.112151,-0.003209,0.184412,0.098658,0.099567,0.054356,0.967667,0.230951,0.007978,0.117228,-0.008256,-0.261004,0.313748,1.100868,0.014542,0.041238,-0.296979
3.252239,-3.197376,0.767888,0.014157,-0.044412,-0.201725,0.978332,0.140120,-0.157549,0.375284,0.123865,-0.199469,0.115578,-0.222392,-0.433816,-0.326935,1.190379,-0.322083,0.064964,0.082822,0.007612,0.199796,0.040134,0.115560,0.015017,1.000999,0.219654,0.007189,0.121511,0.009671,-0.277559,0.274599,1.070533,0.023090,0.037030,-0.298318
3.269176,-3.214706,0.767549,0.012216,-0.047871,-0.183650,0.981749,0.182056,-0.143775,0.335421,0.124230,-0.224894,0.098477,-0.278936,-0.442051,-0.319626,1.075091,-0.293253,0.083724,0.054513,0.009935,0.213599,-0.020372,0.133028,-0.023052,1.037864,0.228105,0.012729,0.126952,0.028431,-0.288748,0.250073,1.052145,0.014939,0.036701,-0.299666
3.286103,-3.233017,0.766341,0.012890,-0.049027,-0.164831,0.985018,0.216294,-0.130059,0.295478,0.126566,-0.248874,0.074125,-0.317676,-0.435610,-0.305966,0.902433,-0.244863,0.149305,0.034301,0.007725,0.222737,-0.077401,0.147310,-0.057587,1.068460,0.221878,0.016701,0.128792,0.052130,-0.291840,0.222482,1.041760,0.009662,0.035184,-0.301530
3.303592,-3.252206,0.763698,0.015167,-0.049350,-0.146918,0.987800,0.248110,-0.115784,0.258708,0.129439,-0.273161,0.046123,-0.341301,-0.434357,-0.295287,0.712336,-0.208286,0.174925,0.020275,0.001982,0.228621,-0.123018,0.156598,-0.079211,1.088917,0.241034,0.024584,0.137886,0.078280,-0.286966,0.197965,1.039188,0.012148,0.038316,-0.303658
3.322608,-3.272086,0.759660,0.020037,-0.051389,-0.130957,0.989852,0.284979,-0.105573,0.227550,0.131587,-0.298574,0.022921,-0.349246,-0.446999,-0.298704,0.524204,-0.168553,0.172560,0.012236,-0.007813,0.232723,-0.151123,0.161291,-0.094508,1.093423,0.237968,0.026429,0.139071,0.106727,-0.277619,0.180271,1.048560,0.019769,0.034962,-0.294912
3.343300,-3.293519,0.754271,0.026717,-0.055876,-0.115204,0.991409,0.329749,-0.095713,0.197243,0.132373,-0.322199,-0.002453,-0.340133,-0.456203,-0.288129,0.336054,-0.130274,0.182198,0.007654,-0.021992,0.236169,-0.163301,0.161973,-0.100522,1.089449,0.240802,0.024391,0.142738,0.137653,-0.265263,0.174365,1.065879,0.025105,0.035732,-0.281896
3.365389,-3.316930,0.747711,0.035447,-0.061103,-0.098971,0.992580,0.377495,-0.084304,0.165965,0.132393,-0.342102,-0.033559,-0.307926,-0.459369,-0.250116,0.139298,-0.096599,0.215945,0.003643,-0.042862,0.237877,-0.159954,0.161812,-0.098834,1.078900,0.217965,0.014395,0.135801,0.166433,-0.249501,0.181967,1.092683,0.030417,0.039476,-0.266355
3.388242,-3.342332,0.741443,0.043154,-0.064296,-0.082864,0.993548,0.420407,-0.063349,0.138506,0.133228,-0.350427,-0.071767,-0.337831,-0.475311,-0.180884,0.117292,-0.128088,0.230987,-0.000091,-0.063945,0.237168,-0.146722,0.162360,-0.092701,1.069812,0.211055,0.010187,0.137584,0.188895,-0.229065,0.195364,1.125625,0.033591,0.044630,-0.251404
3.411750,-3.369502,0.736982,0.044380,-0.064735,-0.070141,0.994445,0.447951,-0.020830,0.119829,0.155482,-0.351921,-0.115687,-0.337816,-0.471365,-0.153492,0.118712,-0.139101,0.209906,0.000171,-0.073437,0.232372,-0.124169,0.165561,-0.087966,1.069848,0.211769,0.006579,0.137305,0.204921,-0.204952,0.208518,1.160082,0.036350,0.052671,-0.236597
3.436550,-3.399391,0.733898,0.039910,-0.062743,-0.059128,0.995477,0.455321,0.041815,0.098363,0.210805,-0.348765,-0.168775,-0.319871,-0.450055,-0.160523,0.156602,-0.156114,0.156664,-0.000372,-0.075749,0.219472,-0.091093,0.174774,-0.087167,1.083471,0.194591,0.004561,0.133823,0.218176,-0.176416,0.224004,1.193501,0.052578,0.055463,-0.224723
3.460740,-3.430248,0.735123,0.024473,-0.050046,-0.046959,0.997342,0.412206,0.134258,0.075569,0.313357,-0.333359,-0.218542,-0.343669,-0.403961,-0.195268,0.265607,-0.110903,0.131525,-0.007190,-0.057056,0.195036,-0.058086,0.189022,-0.091899,1.105347,0.185555,0.004046,0.130705,0.220364,-0.145516,0.230544,1.214583,0.055080,0.058283,-0.220840
3.485498,-3.462254,0.737151,0.007983,-0.039319,-0.039874,0.998399,0.356428,0.225532,0.052433,0.446403,-0.295685,-0.229095,-0.371132,-0.342898,-0.203391,0.368176,-0.049579,0.130469,-0.004215,-0.038092,0.168174,-0.024423,0.205377,-0.094221,1.145034,0.172124,0.006627,0.128972,0.216756,-0.118423,0.251632,1.233920,0.071579,0.051515,-0.230305
3.511088,-3.492206,0.740740,-0.016464,-0.040335,-0.047642,0.997914,0.316214,0.331453,0.076541,0.616678,-0.228313,-0.172390,-0.348847,-0.252810,-0.228994,0.429091,-0.053734,0.108500,0.005588,-0.000491,0.156220,0.039581,0.205007,-0.064286,1.177592,0.173117,0.012714,0.144347,0.195985,-0.107932,0.282831,1.257945,0.057915,0.057104,-0.234252
3.534904,-3.519046,0.744659,-0.027085,-0.041840,-0.055950,0.997189,0.239019,0.417503,0.124172,0.826691,-0.139961,-0.022242,-0.321381,-0.193382,-0.241915,0.465287,-0.093838,0.081271,0.014689,0.015872,0.150285,0.104352,0.189800,-0.020795,1.193900,0.180337,0.030522,0.133015,0.176192,-0.111531,0.277309,1.239259,0.040910,0.065649,-0.245561
3.555701,-3.544642,0.748892,-0.041782,-0.045316,-0.053793,0.996648,0.133475,0.534976,0.158955,1.033762,-0.040021,0.114448,-0.261306,-0.128150,-0.278139,0.453734,-0.136759,0.042311,0.016645,0.043237,0.157726,0.145311,0.175762,-0.007800,1.215726,0.165852,0.029078,0.102064,0.163475,-0.123736,0.244763,1.180922,0.028971,0.056083,-0.272635
3.574142,-3.566892,0.752588,-0.055823,-0.047390,-0.050310,0.996046,0.019575,0.578949,0.109561,1.198547,-0.075379,0.148609,-0.196072,-0.064151,-0.311877,0.409338,-0.159241,0.020261,0.023517,0.073708,0.167345,0.168834,0.159135,-0.016657,1.236568,0.160231,0.034059,0.085942,0.150012,-0.144319,0.208705,1.117466,-0.050248,0.062205,-0.308130
3.591644,-3.584708,0.755838,-0.059170,-0.051399,-0.049923,0.995673,-0.084470,0.520690,0.035665,1.319473,-0.153474,0.151332,-0.140024,-0.027972,-0.323920,0.377619,-0.182958,0.010421,0.038774,0.090449,0.179839,0.189449,0.133214,-0.020503,1.243963,0.178492,0.042348,0.077293,0.137036,-0.174853,0.165687,1.060988,-0.022032,0.040612,-0.332361
3.607625,-3.600327,0.759197,-0.059185,-0.055481,-0.054019,0.995239,-0.170016,0.457010,0.010877,1.392425,-0.178876,0.123928,-0.088796,0.002410,-0.321803,0.342823,-0.197647,-0.002090,0.058567,0.104406,0.196036,0.211564,0.099970,-0.010690,1.230130,0.191217,0.044575,0.077594,0.116582,-0.209599,0.122496,1.014197,0.012086,0.025814,-0.337293
3.622864,-3.614228,0.761811,-0.057670,-0.061832,-0.060967,0.994552,-0.237526,0.383989,0.006903,1.418219,-0.196336,0.106280,-0.037651,0.026767,-0.311238,0.313281,-0.210921,-0.014972,0.076159,0.115439,0.217933,0.235680,0.065278,0.005407,1.204186,0.187641,0.038732,0.078150,0.081557,-0.248177,0.106761,0.990766,0.016460,0.026754,-0.337506
3.637299,-3.627544,0.763743,-0.053635,-0.067335,-0.067104,0.994025,-0.297870,0.302220,0.008778,1.397905,-0.213105,0.076368,0.002098,0.039776,-0.302175,0.302245,-0.229090,-0.027976,0.089743,0.120533,0.238287,0.251921,0.036465,0.008779,1.180769,0.191811,0.034255,0.073248,0.040025,-0.285785,0.108351,0.983820,-0.002664,0.032881,-0.343094
3.652103,-3.640707,0.764889,-0.049186,-0.069635,-0.070615,0.993854,-0.358151,0.220907,0.009030,1.340542,-0.205507,0.053922,0.030062,0.049153,-0.295918,0.303793,-0.254562,-0.046841,0.097278,0.122001,0.249836,0.261479,0.017512,0.002105,1.164491,0.200687,0.033451,0.068464,0.000130,-0.318248,0.122773,0.984569,-0.006020,0.034086,-0.344199
3.666487,-3.653623,0.764990,-0.044633,-0.069393,-0.075316,0.993740,-0.410231,0.155549,0.020902,1.251124,-0.182069,0.042557,0.049465,0.058065,-0.289763,0.310244,-0.283539,-0.063429,0.104393,0.121167,0.257580,0.263575,0.005641,0.000984,1.154519,0.215796,0.032368,0.064559,-0.039448,-0.341983,0.141557,0.987759,-0.006955,0.037992,-0.342032
3.681512,-3.666343,0.764571,-0.041296,-0.069643,-0.077915,0.993667,-0.446192,0.090197,0.021629,1.135598,-0.145616,0.028650,0.074245,0.068411,-0.286749,0.311598,-0.311125,-0.074120,0.106539,0.120776,0.264739,0.261206,0.001801,0.001665,1.146885,0.221894,0.033321,0.060708,-0.070387,-0.354567,0.158106,0.987393,-0.008950,0.042192,-0.339734
3.696990,-3.678860,0.763491,-0.038491,-0.068853,-0.079194,0.993733,-0.462688,0.026016,0.015720,0.991541,-0.103485,0.004860,0.092461,0.079271,-0.281368,0.323956,-0.338718,-0.099646,0.107549,0.119674,0.268255,0.253447,0.005889,0.003426,1.143475,0.214841,0.033459,0.072263,-0.092331,-0.357974,0.175829,0.984546,-0.014699,0.044635,-0.336572
3.713060,-3.691766,0.762030,-0.035944,-0.066954,-0.078603,0.994005,-0.458487,-0.033288,0.008191,0.818969,-0.043779,-0.026817,0.116488,0.092368,-0.278217,0.321545,-0.361692,-0.111219,0.108110,0.116918,0.267548,0.242846,0.016672,0.007677,1.137243,0.208136,0.035539,0.082594,-0.103318,-0.351759,0.193828,0.980832,-0.019934,0.044122,-0.334036
3.729985,-3.705106,0.759962,-0.034687,-0.064622,-0.079092,0.994166,-0.425475,-0.076236,0.014341,0.615420,0.020217,-0.078441,0.144987,0.110208,-0.273398,0.310620,-0.381321,-0.121837,0.112295,0.113894,0.262653,0.235676,0.032291,0.018487,1.122507,0.209270,0.034965,0.090191,-0.106261,-0.336694,0.215359,0.980491,-0.027191,0.046384,-0.331537
3.747855,-3.718671,0.756949,-0.035678,-0.061950,-0.081020,0.994145,-0.360201,-0.105603,0.038455,0.377121,0.066964,-0.133669,0.178946,0.133952,-0.266992,0.289664,-0.395810,-0.124469,0.119285,0.114329,0.253989,0.231004,0.050458,0.031522,1.102049,0.208606,0.033453,0.095322,-0.103067,-0.315180,0.239792,0.985757,-0.038035,0.049546,-0.324508
3.766502,-3.732360,0.752296,-0.044534,-0.059729,-0.087128,0.993407,-0.268574,-0.111361,0.096119,0.121000,0.119040,-0.184162,0.219046,0.177770,-0.251924,0.262218,-0.399953,-0.137741,0.131645,0.130691,0.243461,0.230893,0.068162,0.047067,1.073624,0.205691,0.031870,0.099262,-0.096381,-0.290700,0.271187,0.995116,-0.046390,0.053589,-0.314974
3.785649,-3.745760,0.746702,-0.058553,-0.055374,-0.096686,0.992047,-0.282690,-0.090003,0.170735,0.107266,0.050062,-0.252193,0.257338,0.232118,-0.232309,0.234298,-0.393079,-0.151351,0.148854,0.160952,0.227884,0.231140,0.080151,0.062887,1.048556,0.195116,0.021298,0.112162,-0.083987,-0.270334,0.304840,1.002813,-0.062391,0.058640,-0.298682
3.805358,-3.758646,0.742006,-0.066269,-0.048641,-0.103439,0.991233,-0.292868,-0.072013,0.246347,0.104553,-0.017995,-0.261800,0.278887,0.266006,-0.217750,0.232427,-0.393683,-0.158101,0.158245,0.178071,0.208625,0.230208,0.089408,0.081257,1.026696,0.190973,0.020112,0.119373,-0.070557,-0.249733,0.338666,1.013935,-0.079091,0.062056,-0.279293
3.825686,-3.771283,0.737907,-0.068935,-0.040287,-0.107180,0.991028,-0.285261,-0.058791,0.332001,0.101130,-0.049558,-0.261800,0.286748,0.285420,-0.210029,0.251391,-0.399642,-0.167401,0.163047,0.182557,0.185310,0.227432,0.098062,0.098616,1.015767,0.187695,0.016677,0.121354,-0.057645,-0.224643,0.371885,1.036728,-0.085745,0.057826,-0.276078
3.846771,-3.784978,0.735582,-0.062326,-0.032739,-0.111823,0.991231,-0.256812,-0.050417,0.398531,0.100973,-0.054237,-0.261800,0.295434,0.281414,-0.203655,0.272735,-0.408068,-0.156972,0.169591,0.166506,0.164195,0.223605,0.105761,0.115629,1.012327,0.185337,0.016837,0.118214,-0.038234,-0.201767,0.399953,1.060048,-0.080223,0.042711,-0.284584
3.869016,-3.798683,0.735684,-0.042721,-0.027803,-0.117367,0.991780,-0.237511,-0.066487,0.463976,0.104271,-0.029634,-0.218785,0.295183,0.240569,-0.202472,0.322443,-0.425916,-0.128398,0.173160,0.122701,0.150067,0.223870,0.114077,0.129370,1.010285,0.175782,0.014360,0.112933,-0.019393,-0.174587,0.409437,1.088217,-0.077748,0.032954,-0.298128
3.892073,-3.812175,0.738239,-0.014689,-0.024372,-0.116731,0.992756,-0.228388,-0.128752,0.448871,0.106908,-0.005312,-0.039041,0.277062,0.174683,-0.214609,0.409430,-0.430328,-0.098434,0.166291,0.060160,0.134266,0.221803,0.126791,0.132523,1.027287,0.167955,0.011886,0.115340,-0.001542,-0.145173,0.409872,1.130936,-0.047719,0.023616,-0.307917
3.914572,-3.825340,0.742588,0.003057,-0.022347,-0.120146,0.992500,-0.205704,-0.158690,0.449209,0.108309,-0.006219,0.045976,0.253866,0.129880,-0.208839,0.502441,-0.383767,-0.067455,0.168968,0.017029,0.117304,0.217865,0.138426,0.138912,1.052818,0.167455,0.013475,0.109646,0.014209,-0.116485,0.387846,1.171642,-0.026279,0.031210,-0.289424
3.936162,-3.837301,0.747630,0.013082,-0.019327,-0.127461,0.991569,-0.180466,-0.168463,0.452544,0.108515,-0.020988,0.077269,0.223317,0.101429,-0.179865,0.589410,-0.304582,0.003511,0.177578,-0.005208,0.099230,0.219670,0.138225,0.149451,1.065268,0.175722,0.021651,0.098612,0.024897,-0.113066,0.381826,1.199196,0.018949,0.035076,-0.245845
3.956645,-3.847770,0.751356,0.020828,-0.017569,-0.136604,0.990251,-0.153314,-0.175300,0.457575,0.108900,-0.041247,0.096469,0.193899,0.082592,-0.127223,0.670075,-0.230856,0.127238,0.181935,-0.016807,0.086941,0.232193,0.128753,0.151961,1.056823,0.173598,0.024711,0.096976,0.024196,-0.131375,0.409190,1.217621,0.034584,0.030959,-0.250521
3.975109,-3.857272,0.753796,0.025804,-0.019551,-0.148306,0.988411,-0.119302,-0.176630,0.470568,0.110595,-0.067816,0.109894,0.161805,0.076357,-0.065089,0.764267,-0.159099,0.261800,0.184719,-0.019039,0.089164,0.245130,0.115705,0.152728,1.038576,0.182890,0.020289,0.087974,0.018609,-0.160670,0.419676,1.208162,-0.006347,0.039482,-0.281850
3.990333,-3.867971,0.755432,0.024148,-0.019107,-0.163393,0.986080,-0.095449,-0.155202,0.489018,0.122826,-0.097833,0.107805,0.126988,0.056907,-0.095029,0.849211,-0.075944,0.261800,0.190668,-0.010577,0.092298,0.251064,0.104575,0.148224,1.024492,0.183210,0.016339,0.089556,0.010077,-0.192489,0.399135,1.178959,-0.024489,0.039992,-0.299715
4.005255,-3.875284,0.756328,0.027792,-0.021659,-0.169964,0.984820,-0.064037,-0.159827,0.496117,0.121729,-0.121811,0.102213,0.067701,-0.019181,-0.135655,0.988923,-0.175312,0.261800,0.181843,-0.010284,0.103974,0.247975,0.096206,0.139206,1.024861,0.187214,0.013659,0.097096,0.005172,-0.224642,0.356922,1.135401,-0.014073,0.033655,-0.306399
4.019103,-3.882034,0.757583,0.029868,-0.026778,-0.172549,0.984184,-0.026941,-0.165065,0.496688,0.117502,-0.141031,0.092577,0.016647,-0.148728,-0.219383,1.109118,-0.229192,0.261800,0.168378,-0.007235,0.122987,0.235973,0.092696,0.125967,1.036553,0.186565,0.018013,0.095984,0.000878,-0.253453,0.314979,1.091791,0.008529,0.027482,-0.306750
4.031991,-3.888638,0.758773,0.030654,-0.033789,-0.168014,0.984728,0.012835,-0.171211,0.481830,0.112666,-0.156255,0.082622,-0.026420,-0.260001,-0.266730,1.188528,-0.269383,0.261800,0.145069,-0.003451,0.146722,0.218915,0.092868,0.110008,1.051800,0.192618,0.020098,0.091408,-0.005150,-0.277539,0.284920,1.057685,0.015186,0.023279,-0.311839
4.043897,-3.895730,0.759804,0.030445,-0.039962,-0.161697,0.985561,0.048472,-0.172768,0.458301,0.110320,-0.170000,0.073594,-0.068326,-0.344605,-0.291664,1.218304,-0.300283,0.246824,0.122084,0.000461,0.169641,0.201794,0.096912,0.094000,1.060585,0.202365,0.021574,0.090156,-0.010779,-0.296521,0.262150,1.032812,0.003032,0.022222,-0.316589
4.054893,-3.903462,0.760954,0.028584,-0.041178,-0.159505,0.985924,0.072605,-0.164195,0.455938,0.110132,-0.183772,0.061202,-0.117814,-0.415040,-0.327081,1.203319,-0.326346,0.187266,0.110889,0.007360,0.182761,0.186133,0.102481,0.079836,1.058084,0.206470,0.024316,0.091432,-0.014614,-0.310356,0.243830,1.018155,-0.004921,0.023191,-0.322208
4.065764,-3.911762,0.761750,0.026874,-0.041362,-0.157228,0.986330,0.093963,-0.154557,0.449489,0.110292,-0.198377,0.046564,-0.164526,-0.466126,-0.357301,1.146197,-0.334681,0.169692,0.103407,0.012782,0.192431,0.173528,0.108547,0.072448,1.051023,0.206592,0.021691,0.100607,-0.016213,-0.319791,0.236183,1.016891,0.001446,0.022403,-0.319637
4.076231,-3.920415,0.762389,0.025788,-0.040749,-0.150319,0.987461,0.112208,-0.145576,0.435622,0.111188,-0.210657,0.034270,-0.211146,-0.489708,-0.368575,1.055454,-0.313047,0.166510,0.090466,0.017225,0.200799,0.158481,0.115082,0.066448,1.044400,0.202046,0.019541,0.103885,-0.016027,-0.324531,0.232496,1.026065,0.005371,0.024543,-0.313889
4.087606,-3.929946,0.762514,0.025566,-0.040723,-0.145003,0.988262,0.132636,-0.137452,0.423700,0.112143,-0.223918,0.021241,-0.248560,-0.492060,-0.358792,0.929279,-0.288848,0.186813,0.084745,0.019689,0.206643,0.145235,0.122656,0.059749,1.041613,0.201281,0.017730,0.106547,-0.009216,-0.325771,0.236868,1.042028,0.007338,0.028818,-0.306385
4.099289,-3.940347,0.761977,0.027731,-0.041956,-0.138877,0.989032,0.155046,-0.133657,0.410736,0.112844,-0.233703,0.009714,-0.275989,-0.488137,-0.334414,0.781802,-0.258666,0.200000,0.081908,0.017153,0.213028,0.129354,0.132385,0.047055,1.045089,0.193004,0.019766,0.106277,0.002091,-0.324374,0.246504,1.062010,0.008499,0.033270,-0.294445
4.111614,-3.951760,0.760622,0.031818,-0.044356,-0.131677,0.989788,0.180485,-0.133344,0.396695,0.113701,-0.243216,0.006393,-0.287286,-0.484343,-0.308902,0.617146,-0.217976,0.223571,0.077940,0.009313,0.219267,0.115222,0.141041,0.037736,1.053405,0.192940,0.018366,0.108224,0.015360,-0.319405,0.261318,1.085987,0.014522,0.035964,-0.283209
4.124523,-3.964215,0.758524,0.037267,-0.044735,-0.123751,0.990604,0.201650,-0.133896,0.381809,0.114482,-0.255017,-0.002448,-0.288457,-0.476641,-0.271852,0.433961,-0.171073,0.258537,0.075795,-0.000411,0.219041,0.102270,0.147703,0.032531,1.064924,0.191359,0.017637,0.107945,0.033113,-0.309674,0.267280,1.108936,0.016169,0.041699,-0.274171
4.138214,-3.978613,0.755850,0.043589,-0.045220,-0.117057,0.991137,0.225362,-0.132558,0.369080,0.115694,-0.268140,-0.018437,-0.271718,-0.464891,-0.228878,0.237690,-0.127701,0.261800,0.077652,-0.015177,0.216844,0.093337,0.152399,0.041166,1.077091,0.184220,0.015042,0.102863,0.053375,-0.295496,0.276011,1.131047,0.026977,0.042990,-0.264394
4.152462,-3.994548,0.752400,0.050990,-0.047417,-0.106445,0.991878,0.253056,-0.131323,0.347534,0.116504,-0.280233,-0.039938,-0.265086,-0.470222,-0.191333,0.118584,-0.114990,0.261800,0.073195,-0.034320,0.216989,0.087001,0.155034,0.051438,1.087667,0.171513,0.015752,0.106425,0.073102,-0.277666,0.282223,1.151042,0.034469,0.045493,-0.254330
4.167408,-4.011752,0.749647,0.055440,-0.047299,-0.094854,0.992820,0.276317,-0.118934,0.322614,0.118611,-0.293847,-0.062807,-0.290612,-0.478909,-0.168800,0.116559,-0.143684,0.261800,0.066572,-0.047530,0.212085,0.083486,0.157126,0.056124,1.097460,0.164021,0.016696,0.109877,0.091102,-0.257900,0.285250,1.168528,0.041350,0.047462,-0.245273
4.181801,-4.029992,0.748149,0.054364,-0.045860,-0.086018,0.993752,0.297756,-0.090134,0.304585,0.119264,-0.303260,-0.091099,-0.285593,-0.467486,-0.170408,0.116420,-0.139331,0.261800,0.064449,-0.050053,0.208560,0.080413,0.158146,0.058136,1.104364,0.158575,0.016482,0.111574,0.101835,-0.238572,0.288357,1.182655,0.045658,0.049960,-0.238257
4.195679,-4.048873,0.749446,0.045429,-0.038936,-0.075575,0.995343,0.304797,-0.039777,0.284123,0.119983,-0.302983,-0.126023,-0.263477,-0.429488,-0.174442,0.116918,-0.071245,0.261800,0.059693,-0.037255,0.198944,0.078020,0.156440,0.061586,1.104871,0.155614,0.013561,0.110106,0.105354,-0.219789,0.292806,1.193298,0.050648,0.050366,-0.237236
4.209917,-4.069408,0.751551,0.035598,-0.031928,-0.063421,0.996841,0.310237,0.016818,0.266929,0.120101,-0.291936,-0.165209,-0.278941,-0.392260,-0.167151,0.179569,0.003955,0.261570,0.051952,-0.023497,0.186153,0.074504,0.155387,0.054522,1.113420,0.151291,0.013010,0.114297,0.105565,-0.201880,0.295998,1.201365,0.048294,0.051523,-0.241424
4.225083,-4.091228,0.754448,0.022863,-0.028574,-0.057604,0.997669,0.327382,0.080858,0.260746,0.119553,-0.266805,-0.205543,-0.298737,-0.346039,-0.168145,0.278111,0.012284,0.215375,0.053589,-0.004620,0.174074,0.076867,0.149124,0.052770,1.128974,0.146786,0.011151,0.118250,0.105354,-0.185863,0.292156,1.205682,0.058275,0.048183,-0.244869
4.239700,-4.113180,0.758226,0.013089,-0.026884,-0.056777,0.997939,0.347614,0.136848,0.259621,0.118246,-0.219943,-0.239416,-0.304379,-0.303515,-0.183596,0.349133,-0.031197,0.159971,0.060314,0.007717,0.165656,0.086253,0.135774,0.059590,1.134462,0.154222,0.018040,0.115119,0.098193,-0.175650,0.289650,1.201257,0.049878,0.050426,-0.246488
4.253327,-4.134820,0.762289,0.007392,-0.025760,-0.052044,0.998285,0.340060,0.187625,0.239532,0.164106,-0.180039,-0.261800,-0.287205,-0.270589,-0.211879,0.380439,-0.074427,0.114779,0.057538,0.009911,0.159870,0.096535,0.124258,0.059413,1.136606,0.157103,0.016538,0.097947,0.082704,-0.171792,0.304052,1.193712,0.034410,0.049309,-0.252586
4.265567,-4.156220,0.765793,0.001410,-0.025888,-0.046120,0.998599,0.293139,0.245839,0.214456,0.289374,-0.170686,-0.261800,-0.259299,-0.235670,-0.243657,0.391946,-0.109849,0.079674,0.056037,0.011434,0.158219,0.098717,0.119632,0.040765,1.140536,0.163438,0.015773,0.082469,0.067299,-0.170766,0.303227,1.172813,0.015289,0.051088,-0.263397
4.278175,-4.176611,0.768734,-0.005923,-0.025566,-0.034211,0.999070,0.237610,0.307865,0.191172,0.416924,-0.151583,-0.254345,-0.218073,-0.201589,-0.288972,0.381960,-0.141583,0.056307,0.050228,0.016435,0.152818,0.095632,0.116732,0.021087,1.148304,0.182362,0.020201,0.075988,0.064832,-0.171625,0.276936,1.134472,0.001342,0.048800,-0.272629
4.290337,-4.195811,0.770844,-0.013594,-0.027407,-0.027376,0.999157,0.190699,0.369723,0.192063,0.537327,-0.123246,-0.220542,-0.176105,-0.159561,-0.318496,0.365111,-0.165670,0.031724,0.056968,0.025000,0.151349,0.091906,0.109944,0.014137,1.152529,0.184092,0.023845,0.078653,0.061320,-0.179963,0.256920,1.098287,-0.000433,0.039446,-0.284772
4.301426,-4.214111,0.772395,-0.019428,-0.032137,-0.022981,0.999030,0.146066,0.432768,0.209934,0.660292,-0.087982,-0.157869,-0.128142,-0.117850,-0.340175,0.336945,-0.184997,0.012474,0.067809,0.032343,0.157777,0.090260,0.100916,0.025164,1.145888,0.189145,0.022327,0.075515,0.049542,-0.194558,0.249828,1.075247,-0.008963,0.034653,-0.291420
4.312113,-4.230278,0.773075,-0.025305,-0.036364,-0.018105,0.998854,0.090698,0.504711,0.240477,0.791886,-0.052748,-0.070417,-0.081502,-0.076886,-0.359125,0.304294,-0.198503,-0.004510,0.073188,0.042314,0.163292,0.096663,0.093846,0.034300,1.125669,0.184007,0.013467,0.067569,0.029390,-0.215971,0.259599,1.067021,-0.012690,0.038286,-0.303901
4.321246,-4.245506,0.773190,-0.031022,-0.045001,-0.016209,0.998374,0.048417,0.592465,0.303001,0.920067,-0.024273,0.051546,-0.028562,-0.034492,-0.368536,0.267702,-0.205827,-0.022023,0.079606,0.054235,0.181619,0.098770,0.090738,0.034674,1.109022,0.193116,0.012127,0.069603,0.001666,-0.239002,0.267669,1.068839,-0.021257,0.042426,-0.303328
4.329923,-4.259140,0.772837,-0.035171,-0.052470,-0.015290,0.997886,0.014921,0.653710,0.347034,1.017735,-0.049534,0.131556,0.019259,0.002897,-0.374289,0.232084,-0.212359,-0.037367,0.087102,0.063466,0.196022,0.101417,0.091348,0.032300,1.097323,0.196741,0.011327,0.076451,-0.025305,-0.262423,0.281871,1.076288,-0.016816,0.045285,-0.301182
4.338359,-4.270682,0.772504,-0.035116,-0.057304,-0.014295,0.997637,-0.046063,0.605490,0.275404,1.075022,-0.105622,0.115677,0.049019,0.022592,-0.379429,0.222256,-0.227910,-0.052492,0.093454,0.066962,0.204053,0.105386,0.094519,0.031968,1.090181,0.200943,0.011273,0.076923,-0.049610,-0.286639,0.299866,1.086357,-0.004707,0.044903,-0.302568
4.346277,-4.281196,0.772653,-0.033730,-0.062284,-0.013533,0.997397,-0.104351,0.525424,0.203193,1.104421,-0.127780,0.073522,0.086645,0.040370,-0.380406,0.192712,-0.231712,-0.060592,0.096925,0.066855,0.214156,0.110061,0.098404,0.031051,1.089252,0.206007,0.011608,0.078226,-0.071714,-0.305065,0.317357,1.094938,0.000097,0.047144,-0.303135
4.353808,-4.290447,0.773129,-0.031712,-0.064525,-0.013581,0.997320,-0.158750,0.440872,0.151495,1.111028,-0.157268,0.016925,0.117660,0.055700,-0.382229,0.161739,-0.231277,-0.067394,0.101906,0.068123,0.218159,0.112576,0.104206,0.027064,1.099383,0.221623,0.007058,0.078587,-0.085748,-0.317763,0.323057,1.096931,-0.000131,0.049595,-0.304490
4.361448,-4.298663,0.773087,-0.030350,-0.066330,-0.013779,0.997241,-0.207714,0.363530,0.118860,1.094879,-0.180222,-0.015475,0.148871,0.071691,-0.380103,0.127487,-0.227069,-0.077144,0.106188,0.070720,0.222311,0.116226,0.111858,0.029740,1.106645,0.198268,0.010720,0.078620,-0.089568,-0.324572,0.320943,1.085681,-0.008620,0.052788,-0.303268
4.369019,-4.307053,0.773369,-0.026169,-0.066938,-0.014728,0.997305,-0.251362,0.294199,0.112062,1.059405,-0.190362,-0.017690,0.164857,0.074107,-0.381292,0.122531,-0.241713,-0.069072,0.109092,0.066762,0.224825,0.124558,0.117882,0.033230,1.110934,0.190277,0.013845,0.081164,-0.090646,-0.323184,0.317177,1.072066,0.003974,0.045919,-0.311771
4.376153,-4.314332,0.772901,-0.023883,-0.064122,-0.017991,0.997494,-0.297081,0.233930,0.109561,1.004167,-0.190200,-0.027410,0.169800,0.082882,-0.373104,0.120535,-0.251265,-0.083567,0.114692,0.065547,0.221295,0.132386,0.125643,0.041758,1.114650,0.182175,0.016742,0.084562,-0.089874,-0.315840,0.316169,1.060379,-0.007291,0.047259,-0.309834
4.383740,-4.321708,0.771983,-0.019868,-0.062555,-0.022339,0.997594,-0.331230,0.165428,0.101462,0.929516,-0.178280,-0.043049,0.177402,0.084363,-0.368687,0.121014,-0.269741,-0.076164,0.120411,0.060808,0.220002,0.143586,0.132192,0.051093,1.115944,0.172059,0.018547,0.082753,-0.085669,-0.301674,0.322242,1.053508,-0.004734,0.044794,-0.316689
4.391459,-4.329186,0.771257,-0.018350,-0.062753,-0.026774,0.997501,-0.357180,0.091657,0.071394,0.839934,-0.139256,-0.065054,0.189060,0.093449,-0.357051,0.121501,-0.280647,-0.083702,0.123461,0.060345,0.219360,0.157547,0.139089,0.043957,1.120180,0.168319,0.010156,0.096861,-0.079821,-0.279291,0.327612,1.057797,-0.011124,0.046662,-0.310506
4.398981,-4.335715,0.770651,-0.014961,-0.059704,-0.033039,0.997557,-0.368309,0.019906,0.042007,0.712231,-0.079121,-0.104251,0.192457,0.097296,-0.345537,0.122112,-0.292425,-0.087401,0.129843,0.055018,0.214187,0.166632,0.145507,0.057844,1.124052,0.143316,0.011546,0.103086,-0.073586,-0.254521,0.330287,1.067530,-0.014329,0.048903,-0.293227
4.406634,-4.342388,0.769848,-0.014849,-0.057770,-0.040807,0.997385,-0.367616,-0.031056,0.024322,0.577895,-0.029338,-0.135461,0.198161,0.108131,-0.331705,0.122468,-0.295598,-0.113441,0.136415,0.057568,0.210765,0.177676,0.147881,0.066817,1.128119,0.187934,0.019474,0.069550,-0.068051,-0.229614,0.343747,1.080758,-0.003167,0.051559,-0.279047
4.414854,-4.348785,0.768947,-0.014898,-0.055098,-0.050783,0.997077,-0.351476,-0.067679,0.029095,0.424722,0.016072,-0.155521,0.204210,0.120211,-0.306132,0.122524,-0.304971,-0.112699,0.144051,0.060605,0.204274,0.192229,0.148250,0.072209,1.127348,0.196415,0.024358,0.071205,-0.061484,-0.206768,0.362710,1.096516,0.006387,0.053696,-0.267807
4.423125,-4.355375,0.766717,-0.017954,-0.053491,-0.059775,0.996616,-0.315782,-0.092352,0.038531,0.248655,0.074694,-0.187828,0.213452,0.140418,-0.285616,0.122140,-0.314522,-0.132481,0.150426,0.069455,0.201200,0.198527,0.150115,0.085124,1.135072,0.162499,0.016459,0.073002,-0.052644,-0.187201,0.377047,1.107895,-0.005165,0.061489,-0.251669
4.431795,-4.361950,0.763637,-0.024273,-0.052112,-0.071622,0.995774,-0.289524,-0.104145,0.070321,0.112018,0.108880,-0.217989,0.224914,0.164899,-0.262559,0.121276,-0.326300,-0.133760,0.160676,0.085220,0.197580,0.208305,0.149111,0.081442,1.136910,0.189429,0.019044,0.067392,-0.040986,-0.170080,0.379876,1.114812,-0.025896,0.068964,-0.229920
4.440739,-4.368808,0.760548,-0.031774,-0.050389,-0.082030,0.994848,-0.316340,-0.105545,0.111576,0.107137,0.073704,-0.250357,0.237166,0.193255,-0.239432,0.120646,-0.335012,-0.140470,0.172464,0.104009,0.194927,0.210386,0.146986,0.084137,1.140132,0.176995,0.021175,0.071872,-0.023546,-0.160505,0.375709,1.112844,-0.000849,0.060184,-0.246405
4.449852,-4.375367,0.757092,-0.037599,-0.047860,-0.091982,0.993899,-0.334118,-0.103603,0.170516,0.103115,0.047975,-0.261800,0.247720,0.218436,-0.213917,0.121000,-0.344232,-0.158453,0.181876,0.118516,0.191741,0.209519,0.145616,0.088877,1.143005,0.193546,0.025583,0.066737,-0.011438,-0.154440,0.374126,1.117225,0.008082,0.056079,-0.251819
4.458936,-4.382484,0.754354,-0.040836,-0.044467,-0.100949,0.993058,-0.338702,-0.100958,0.251381,0.100367,0.016242,-0.261800,0.256677,0.233624,-0.197936,0.121689,-0.355820,-0.151136,0.192315,0.126044,0.187621,0.206537,0.142363,0.087145,1.141697,0.181016,0.018588,0.064303,-0.003711,-0.150596,0.375568,1.127155,0.000891,0.059925,-0.244639
4.469016,-4.389952,0.751429,-0.043244,-0.038777,-0.106147,0.992653,-0.329338,-0.094429,0.336004,0.097582,-0.011574,-0.261800,0.262753,0.251115,-0.182939,0.121851,-0.365142,-0.164978,0.194334,0.129753,0.178093,0.202932,0.141080,0.086257,1.138562,0.156301,0.023212,0.094052,0.001488,-0.149516,0.381016,1.141054,0.000164,0.061137,-0.242429
4.479600,-4.397846,0.748813,-0.043919,-0.031956,-0.112009,0.992222,-0.310279,-0.088991,0.405856,0.095561,-0.023731,-0.261800,0.266470,0.263319,-0.170529,0.122309,-0.373847,-0.170227,0.194267,0.129554,0.166536,0.199040,0.140324,0.088599,1.132334,0.141747,0.036393,0.093804,0.002692,-0.149960,0.384601,1.156759,-0.031809,0.071148,-0.227634
4.490355,-4.406861,0.745891,-0.043908,-0.025612,-0.119528,0.991529,-0.280875,-0.086725,0.452145,0.092247,-0.030343,-0.261800,0.272396,0.273650,-0.157288,0.123490,-0.384871,-0.167568,0.193920,0.127158,0.157111,0.199858,0.138101,0.086945,1.124227,0.162173,0.028012,0.100283,0.001046,-0.151260,0.386498,1.170607,0.010405,0.062226,-0.247462
4.502710,-4.416445,0.744051,-0.038448,-0.016105,-0.124358,0.991361,-0.249332,-0.081601,0.482698,0.101798,-0.061257,-0.261800,0.273304,0.274270,-0.145260,0.122391,-0.392374,-0.180077,0.191520,0.111776,0.138261,0.198636,0.137805,0.083968,1.113720,0.174868,0.030085,0.095095,0.003113,-0.153171,0.387548,1.180641,0.001236,0.066658,-0.248794
4.516624,-4.425954,0.741960,-0.033290,-0.007903,-0.133960,0.990396,-0.230275,-0.085544,0.497920,0.092380,-0.068683,-0.261800,0.278947,0.272032,-0.127071,0.123435,-0.401316,-0.177498,0.194232,0.098949,0.121347,0.201226,0.138196,0.087064,1.108209,0.176160,0.025086,0.093965,0.006365,-0.156577,0.386964,1.183431,-0.001756,0.067152,-0.253977
4.531509,-4.435773,0.743513,-0.015495,-0.003743,-0.139218,0.990133,-0.228960,-0.112918,0.506455,0.101377,-0.068887,-0.191035,0.290948,0.236943,-0.119303,0.123280,-0.404360,-0.162953,0.187090,0.060973,0.114869,0.198407,0.138976,0.086361,1.107338,0.167165,0.023273,0.098542,0.007090,-0.161121,0.392656,1.187528,0.016348,0.058994,-0.260379
4.545679,-4.445754,0.745016,-0.003106,0.002161,-0.135221,0.990808,-0.228143,-0.137897,0.492048,0.104654,-0.069349,-0.113585,0.297249,0.219458,-0.124357,0.123224,-0.389488,-0.159988,0.177119,0.032651,0.101969,0.181863,0.140373,0.079988,1.118596,0.170672,0.027244,0.108501,0.018883,-0.164766,0.374556,1.181226,0.009567,0.064292,-0.259174
4.558939,-4.456140,0.747792,0.008063,0.007392,-0.133373,0.991006,-0.224020,-0.154618,0.483452,0.105967,-0.061815,-0.077193,0.302778,0.201069,-0.128165,0.123077,-0.364988,-0.136149,0.174960,0.006766,0.093345,0.166726,0.140355,0.084984,1.116308,0.172026,0.030697,0.101003,0.025638,-0.168846,0.366311,1.174205,0.016014,0.061489,-0.258031
4.572163,-4.466546,0.750881,0.016955,0.009059,-0.134942,0.990667,-0.210453,-0.164216,0.480161,0.110073,-0.068658,-0.032673,0.315532,0.186533,-0.122417,0.124713,-0.327973,-0.113959,0.178930,-0.013198,0.090343,0.158582,0.136405,0.096175,1.095150,0.178322,0.028673,0.094748,0.026952,-0.177758,0.378142,1.173416,0.017234,0.056585,-0.257824
4.585388,-4.475512,0.752967,0.021936,0.009104,-0.137136,0.990267,-0.193521,-0.169130,0.476135,0.115199,-0.077526,0.007385,0.330657,0.178190,-0.115867,0.128229,-0.288642,-0.091290,0.178371,-0.021427,0.087444,0.157150,0.128427,0.099361,1.066821,0.176577,0.027093,0.103987,0.023066,-0.190584,0.382596,1.172446,0.000800,0.062519,-0.254994
4.598497,-4.484656,0.755274,0.027483,0.007531,-0.140709,0.989641,-0.171814,-0.175892,0.473472,0.117960,-0.086013,0.057120,0.308479,0.161145,-0.104796,0.214793,-0.273471,-0.045098,0.175109,-0.028361,0.089169,0.163463,0.117340,0.109846,1.025147,0.174790,0.029567,0.108282,0.016246,-0.208340,0.386383,1.165117,0.006989,0.058538,-0.259119
4.611034,-4.493492,0.756796,0.031812,0.007124,-0.148949,0.988307,-0.151966,-0.176105,0.476283,0.120838,-0.099295,0.071834,0.257409,0.146608,-0.072756,0.349098,-0.265459,0.015898,0.180283,-0.036425,0.087321,0.169034,0.109429,0.122543,0.999767,0.180126,0.011318,0.107585,0.007615,-0.220389,0.375455,1.155798,0.006267,0.057578,-0.261893
4.623043,-4.500853,0.758166,0.034912,0.006892,-0.155045,0.987266,-0.132526,-0.176523,0.479255,0.122376,-0.111952,0.083175,0.205314,0.139299,-0.025939,0.476909,-0.243928,0.111949,0.179718,-0.039296,0.084341,0.170234,0.100094,0.126981,0.994909,0.185976,0.004980,0.102696,-0.000710,-0.231515,0.354912,1.142010,0.009333,0.056306,-0.267352
4.634067,-4.507847,0.759441,0.037777,0.001158,-0.160797,0.986264,-0.101587,-0.179305,0.484403,0.123577,-0.125770,0.105156,0.164366,0.135835,0.028673,0.602889,-0.222811,0.261800,0.175888,-0.039493,0.095913,0.166731,0.092460,0.118686,1.000931,0.198111,0.008775,0.102187,-0.012462,-0.241935,0.337169,1.123150,0.007506,0.053424,-0.275892
4.642783,-4.516264,0.759678,0.033756,0.000121,-0.163708,0.985931,-0.095055,-0.155432,0.483768,0.158307,-0.151192,0.107715,0.121439,0.142655,0.016340,0.702226,-0.177235,0.261800,0.170669,-0.030605,0.100084,0.154524,0.090793,0.107234,1.018057,0.190037,0.012994,0.103432,-0.024083,-0.248816,0.321891,1.101158,0.001687,0.049441,-0.282187
4.651609,-4.520541,0.759910,0.033697,-0.004034,-0.159070,0.986684,-0.079410,-0.154583,0.473396,0.177358,-0.169165,0.111228,0.052873,0.039742,-0.104295,0.868488,-0.230724,0.261800,0.163436,-0.023095,0.112423,0.134194,0.089434,0.088367,1.044977,0.194946,0.008264,0.097169,-0.024268,-0.259865,0.296267,1.073301,-0.001339,0.043662,-0.286729
4.660830,-4.524916,0.760576,0.035600,-0.010946,-0.151239,0.987795,-0.041453,-0.168947,0.457014,0.157259,-0.167217,0.122775,0.006057,-0.132088,-0.250982,1.024204,-0.282368,0.261800,0.146535,-0.021224,0.128857,0.122702,0.087927,0.074085,1.056086,0.200499,0.014992,0.101296,-0.025979,-0.264785,0.280155,1.056226,-0.003233,0.040132,-0.294159
4.670302,-4.529411,0.761157,0.035692,-0.018660,-0.137195,0.989725,0.002882,-0.182554,0.422238,0.128218,-0.159584,0.115507,-0.024838,-0.285602,-0.348432,1.138885,-0.350659,0.208095,0.127381,-0.015906,0.143360,0.109063,0.087265,0.055095,1.072255,0.194492,0.015064,0.106207,-0.021490,-0.268936,0.270893,1.053000,0.004145,0.035314,-0.294737
4.677369,-4.535323,0.762277,0.032737,-0.024344,-0.128203,0.990909,0.025997,-0.173756,0.401543,0.135678,-0.169676,0.111439,-0.070589,-0.387335,-0.395620,1.198310,-0.383616,0.083029,0.118362,-0.008484,0.161469,0.097303,0.087042,0.048598,1.071561,0.196761,0.014352,0.104025,-0.024304,-0.268898,0.268826,1.061292,0.007147,0.036777,-0.288318
4.684448,-4.540947,0.763481,0.031986,-0.028390,-0.121712,0.991644,0.044547,-0.167473,0.402390,0.144691,-0.175929,0.120552,-0.123119,-0.457245,-0.402173,1.190962,-0.398705,0.057487,0.116263,-0.003491,0.175533,0.090076,0.086141,0.037931,1.063325,0.208093,0.011600,0.108527,-0.028311,-0.268546,0.275907,1.080655,0.013304,0.039640,-0.281323
4.692527,-4.546278,0.763756,0.029206,-0.030615,-0.113548,0.992631,0.068889,-0.161416,0.388779,0.133825,-0.180745,0.110534,-0.171718,-0.485036,-0.383820,1.117525,-0.392731,0.086499,0.111949,0.007383,0.182363,0.084688,0.083816,0.023967,1.065308,0.195032,0.012523,0.112121,-0.026332,-0.270427,0.284776,1.100634,0.015474,0.045272,-0.272031
4.699808,-4.552145,0.764593,0.028523,-0.032944,-0.106698,0.993336,0.089321,-0.157951,0.374444,0.127699,-0.184868,0.107666,-0.219640,-0.508026,-0.364276,1.004069,-0.347019,0.131221,0.109904,0.013724,0.193113,0.080968,0.080860,0.018851,1.066790,0.186277,0.005758,0.108672,-0.024991,-0.272000,0.293779,1.118489,0.021985,0.046745,-0.263542
4.707413,-4.558776,0.765473,0.028740,-0.032969,-0.099101,0.994116,0.101570,-0.154707,0.353275,0.126878,-0.189640,0.099075,-0.248484,-0.526862,-0.363062,0.848142,-0.303050,0.169278,0.105361,0.018181,0.198079,0.080418,0.077418,0.013882,1.069181,0.201363,0.009781,0.112377,-0.021936,-0.272111,0.299832,1.132320,0.024864,0.050233,-0.259069
4.715045,-4.565675,0.765423,0.028844,-0.031313,-0.095451,0.994523,0.111819,-0.146894,0.346103,0.126029,-0.198495,0.085282,-0.267277,-0.537747,-0.374294,0.663179,-0.263534,0.179063,0.108707,0.022637,0.198755,0.079343,0.076350,0.014394,1.079227,0.181505,0.014821,0.105371,-0.016635,-0.271641,0.299403,1.140974,0.028216,0.051170,-0.255090
4.723449,-4.574017,0.765258,0.031971,-0.028715,-0.090853,0.994937,0.119401,-0.146471,0.332153,0.124249,-0.203646,0.074176,-0.272708,-0.540203,-0.379173,0.453538,-0.216579,0.194354,0.108762,0.018766,0.193918,0.084096,0.077313,0.013043,1.091121,0.197367,0.018657,0.101823,-0.010450,-0.270224,0.303630,1.148103,0.034294,0.049765,-0.250117
4.732403,-4.583414,0.763511,0.037193,-0.027227,-0.090001,0.994874,0.131677,-0.148746,0.323597,0.122734,-0.216858,0.060242,-0.265622,-0.533684,-0.375849,0.229319,-0.170041,0.224653,0.115100,0.007321,0.190474,0.092358,0.082949,0.015994,1.106925,0.178586,0.015828,0.106414,-0.003235,-0.264231,0.300618,1.149740,0.029277,0.053604,-0.247527
4.741826,-4.593184,0.761930,0.043876,-0.023585,-0.084663,0.995164,0.139782,-0.150661,0.318314,0.120856,-0.224557,0.056071,-0.296010,-0.543488,-0.347072,0.119069,-0.147911,0.258513,0.110643,-0.007038,0.184202,0.097783,0.089765,0.016916,1.122648,0.171319,0.022097,0.103498,0.001737,-0.259328,0.298558,1.148569,0.030390,0.051197,-0.249175
4.751378,-4.603965,0.760557,0.046442,-0.024888,-0.085990,0.994902,0.161911,-0.142944,0.318530,0.119085,-0.240151,0.040413,-0.344623,-0.546222,-0.305262,0.116825,-0.159639,0.261800,0.114466,-0.013862,0.191963,0.107430,0.093045,0.016327,1.133088,0.163688,0.023853,0.124281,0.001696,-0.255664,0.299466,1.146468,0.026140,0.052145,-0.251501
4.760207,-4.615189,0.759928,0.046775,-0.025437,-0.086950,0.994789,0.179957,-0.128529,0.317690,0.119386,-0.246114,0.035615,-0.354389,-0.535189,-0.277886,0.116465,-0.138381,0.261800,0.110948,-0.018391,0.200726,0.116058,0.096956,0.026775,1.141526,0.156224,0.025100,0.123608,-0.009396,-0.251287,0.310002,1.150402,0.051714,0.039489,-0.261754
4.769667,-4.626793,0.759889,0.043007,-0.027917,-0.089227,0.994691,0.204830,-0.103949,0.320917,0.119598,-0.256653,0.018668,-0.335140,-0.506713,-0.256253,0.122618,-0.113246,0.257702,0.109682,-0.011403,0.210203,0.121093,0.098102,0.017818,1.157709,0.143761,0.025057,0.129718,-0.018348,-0.250737,0.312820,1.149790,0.127559,-0.000031,-0.307526
4.779703,-4.642076,0.759611,0.042865,-0.028670,-0.083265,0.995192,0.224952,-0.081545,0.313594,0.120546,-0.262304,0.011321,-0.339826,-0.488668,-0.216527,0.206632,-0.145578,0.247772,0.099969,-0.018651,0.215548,0.121782,0.106375,0.003211,1.174231,0.144253,0.023512,0.127035,-0.017955,-0.242817,0.310245,1.139411,0.114184,0.004499,-0.302732
4.792075,-4.658364,0.758366,0.044103,-0.026312,-0.075957,0.995788,0.239081,-0.060567,0.299196,0.121298,-0.263454,-0.001346,-0.328835,-0.463072,-0.188413,0.273056,-0.177208,0.242005,0.097030,-0.029775,0.204988,0.120040,0.117352,-0.010446,1.192909,0.150013,0.035808,0.110749,-0.004701,-0.230640,0.300430,1.127096,0.054923,0.032277,-0.274578
4.804204,-4.676137,0.758321,0.041766,-0.019683,-0.061900,0.997014,0.239969,-0.026535,0.274944,0.121376,-0.264422,-0.056188,-0.309682,-0.421438,-0.184748,0.318063,-0.171977,0.241491,0.087979,-0.034984,0.190316,0.112486,0.124795,-0.010683,1.196323,0.157442,0.041344,0.109040,0.011693,-0.215691,0.279904,1.111610,0.008363,0.048740,-0.264128
4.816858,-4.695429,0.759239,0.034138,-0.008930,-0.055513,0.997834,0.236842,0.022548,0.261426,0.120657,-0.263613,-0.131724,-0.308811,-0.355846,-0.132327,0.291045,-0.038628,0.251743,0.093582,-0.029230,0.168434,0.106227,0.130777,-0.004886,1.187746,0.153569,0.046741,0.104026,0.021402,-0.203693,0.280828,1.109681,0.007159,0.049764,-0.275945
4.829369,-4.714380,0.761099,0.023989,-0.003266,-0.049245,0.998493,0.243543,0.076492,0.250270,0.119801,-0.245396,-0.181441,-0.307187,-0.319587,-0.172413,0.325396,-0.008990,0.224104,0.095829,-0.015402,0.153833,0.100976,0.128421,0.006447,1.173463,0.139596,0.033231,0.129021,0.022989,-0.193101,0.289515,1.129401,0.002152,0.049366,-0.271495
4.841844,-4.734494,0.763293,0.017182,-0.005719,-0.049691,0.998600,0.270761,0.122803,0.249456,0.118566,-0.213102,-0.218314,-0.297854,-0.284872,-0.187692,0.384769,-0.069289,0.194559,0.108259,-0.007270,0.150709,0.105719,0.118160,0.035564,1.144544,0.161293,0.028352,0.126404,0.016038,-0.186071,0.313603,1.161693,0.010297,0.058123,-0.257384
4.853460,-4.755344,0.765380,0.013544,-0.006562,-0.048656,0.998702,0.288222,0.162870,0.236056,0.119743,-0.165316,-0.259722,-0.276636,-0.254813,-0.208383,0.403621,-0.106277,0.182480,0.113850,-0.010735,0.150165,0.112808,0.110478,0.046070,1.108520,0.172996,0.022383,0.129129,0.007416,-0.179913,0.337174,1.178637,0.018453,0.062187,-0.259819
4.864747,-4.776084,0.766985,0.013483,-0.005514,-0.041127,0.999048,0.268976,0.196607,0.200026,0.172159,-0.130795,-0.261800,-0.249612,-0.234408,-0.241247,0.405580,-0.135774,0.187504,0.106252,-0.023717,0.143971,0.118466,0.111860,0.049190,1.073275,0.192121,0.018704,0.105832,0.004463,-0.171804,0.348527,1.176188,-0.002757,0.066669,-0.253494
4.876401,-4.795816,0.768466,0.013291,-0.002825,-0.033143,0.999358,0.225065,0.233278,0.168279,0.267282,-0.117474,-0.261800,-0.222407,-0.211859,-0.270465,0.397975,-0.161289,0.187720,0.095439,-0.037321,0.133474,0.117909,0.118266,0.036731,1.054385,0.171760,0.007078,0.084208,0.008793,-0.164711,0.342485,1.150933,-0.022277,0.066896,-0.262128
4.885237,-4.814688,0.769404,0.008022,-0.005181,-0.034191,0.999370,0.180045,0.283930,0.160388,0.394364,-0.113466,-0.261800,-0.192157,-0.168817,-0.277730,0.381550,-0.175261,0.175993,0.102464,-0.037721,0.140005,0.108709,0.121090,0.040633,1.043508,0.194733,-0.002652,0.078207,0.004775,-0.163008,0.333736,1.121834,-0.030455,0.059684,-0.269616
4.894875,-4.831833,0.769741,0.001804,-0.006163,-0.035721,0.999341,0.123021,0.338885,0.158648,0.539955,-0.110671,-0.248178,-0.156966,-0.124011,-0.287603,0.352196,-0.185096,0.165148,0.107420,-0.032902,0.138326,0.100882,0.122829,0.038517,1.042738,0.183309,0.001317,0.096702,-0.000613,-0.166230,0.331743,1.101900,-0.045391,0.057584,-0.271269
4.902728,-4.846660,0.769783,-0.003287,-0.008516,-0.033038,0.999412,0.042140,0.395341,0.165054,0.717024,-0.111939,-0.145008,-0.117874,-0.086907,-0.299798,0.315473,-0.189896,0.162478,0.105052,-0.025632,0.144348,0.095583,0.118097,0.069131,1.050749,0.141043,-0.051524,0.028860,-0.009460,-0.176646,0.317381,1.083272,-0.054653,0.060194,-0.266902
4.912365,-4.859134,0.769464,-0.009208,-0.013155,-0.045677,0.998827,-0.002271,0.448258,0.203501,0.858570,-0.125583,-0.048211,-0.073433,-0.040749,-0.284975,0.268155,-0.188647,0.159797,0.126925,-0.009731,0.148024,0.101124,0.108135,0.083093,1.052195,0.063600,-0.077678,-0.034073,-0.016852,-0.192029,0.319362,1.075575,-0.065949,0.060009,-0.273632
4.917890,-4.870441,0.769410,-0.009836,-0.016934,-0.047879,0.998661,-0.068403,0.430915,0.162546,0.963348,-0.176283,-0.003708,-0.043642,-0.018148,-0.282193,0.243208,-0.193284,0.158105,0.128300,-0.002508,0.161204,0.094153,0.097750,0.091969,1.063814,0.088829,-0.096647,-0.058691,-0.033890,-0.208887,0.308497,1.070709,-0.029801,0.050660,-0.292662
4.921794,-4.879528,0.769629,-0.007545,-0.019077,-0.048480,0.998613,-0.140332,0.385795,0.124510,1.031847,-0.188220,0.012998,-0.026252,-0.008565,-0.282503,0.232066,-0.198783,0.157566,0.121268,-0.000769,0.176116,0.087882,0.087884,0.090531,1.066627,0.083196,-0.108137,-0.075707,-0.056837,-0.223142,0.297069,1.073383,-0.024198,0.048826,-0.298844
4.928700,-4.887706,0.770165,-0.004536,-0.024093,-0.060611,0.997860,-0.177457,0.320421,0.101436,1.045404,-0.185627,0.015407,0.000017,0.003209,-0.260454,0.216768,-0.204642,0.155762,0.130813,-0.000873,0.186088,0.093380,0.078502,0.113115,1.076926,0.092600,-0.095023,-0.085066,-0.067850,-0.232614,0.292938,1.076034,-0.016572,0.048758,-0.300176
4.935187,-4.894404,0.771137,-0.000178,-0.029800,-0.070549,0.997063,-0.207660,0.242735,0.080037,1.015854,-0.199028,-0.045896,0.030437,0.008668,-0.239455,0.194869,-0.204203,0.155386,0.133924,-0.002660,0.197394,0.103034,0.069059,0.134742,1.084574,0.086497,-0.111539,-0.135445,-0.075625,-0.238824,0.291614,1.075164,-0.014843,0.049496,-0.299595
4.941055,-4.899675,0.771702,0.002585,-0.030418,-0.081200,0.996230,-0.249231,0.193894,0.087058,0.963830,-0.199946,-0.047571,0.048505,0.016427,-0.217447,0.171664,-0.200328,0.154537,0.135787,0.000058,0.199222,0.104944,0.057849,0.147175,1.107562,0.037881,-0.109897,-0.142904,-0.079595,-0.245040,0.294521,1.068141,-0.013747,0.048056,-0.294811
4.946522,-4.905030,0.771939,0.005029,-0.029909,-0.092258,0.995273,-0.279541,0.168214,0.129237,0.879848,-0.193496,-0.056784,0.065300,0.025162,-0.195866,0.145456,-0.193407,0.154391,0.134007,0.003350,0.200011,0.111663,0.064547,0.110076,1.127845,0.101508,-0.095015,-0.068007,-0.079611,-0.246093,0.292441,1.056347,-0.019413,0.047314,-0.293592
4.952039,-4.909932,0.771847,0.005923,-0.027531,-0.104478,0.994128,-0.310581,0.150900,0.177516,0.787995,-0.178720,-0.047267,0.073713,0.035189,-0.174659,0.127753,-0.190314,0.153871,0.134082,0.005474,0.198269,0.114579,0.069992,0.108996,1.152988,0.083598,-0.101777,-0.078013,-0.074780,-0.240358,0.286039,1.043532,-0.028298,0.046965,-0.296306
4.956759,-4.914628,0.771491,0.006395,-0.023790,-0.114105,0.993163,-0.340945,0.100775,0.182301,0.656367,-0.127481,-0.059074,0.072366,0.044317,-0.160803,0.126025,-0.196268,0.152114,0.128095,0.008047,0.196007,0.107319,0.077674,0.097763,1.186105,0.099672,-0.086350,-0.042586,-0.070175,-0.230860,0.280447,1.038250,-0.025252,0.043800,-0.297464
4.964396,-4.918376,0.771497,0.007402,-0.019787,-0.131499,0.991091,-0.340046,0.028374,0.146658,0.449952,-0.051393,-0.115227,0.072388,0.051601,-0.128466,0.123984,-0.202256,0.149995,0.134852,0.012735,0.185815,0.112714,0.081256,0.070920,1.192689,0.149884,-0.039449,0.012281,-0.056156,-0.222435,0.284698,1.043168,-0.018748,0.041948,-0.303472
4.967349,-4.923900,0.769263,0.000838,-0.017273,-0.132974,0.990969,-0.319874,-0.018503,0.101419,0.203345,0.065064,-0.180604,0.075254,0.076406,-0.127043,0.121074,-0.197178,0.145403,0.123257,0.027084,0.192755,0.103710,0.098270,0.035890,1.194440,0.159749,-0.034661,0.030922,-0.045921,-0.208570,0.280085,1.053520,-0.009341,0.039468,-0.303049
4.973880,-4.929017,0.766331,-0.010836,-0.019131,-0.143093,0.989465,-0.338432,-0.027699,0.085561,0.107398,0.082104,-0.217543,0.094168,0.111359,-0.110683,0.119137,-0.207965,0.136897,0.133684,0.052038,0.199517,0.096300,0.108610,0.040032,1.194362,0.162235,-0.006317,0.038186,-0.021510,-0.196454,0.283606,1.070191,0.002108,0.039201,-0.294260
4.980719,-4.933626,0.763016,-0.022018,-0.020208,-0.151160,0.988058,-0.389444,-0.025378,0.097104,0.102663,0.052647,-0.258186,0.110679,0.143822,-0.098846,0.117370,-0.219403,0.131960,0.141560,0.079582,0.205518,0.093133,0.114945,0.026407,1.179139,0.168436,0.000838,0.057110,0.003573,-0.189337,0.293389,1.095013,0.004614,0.042150,-0.284690
4.989437,-4.937820,0.760585,-0.026539,-0.019556,-0.157180,0.987020,-0.430489,-0.027844,0.152821,0.103192,0.018261,-0.261800,0.125620,0.158885,-0.086286,0.116910,-0.234171,0.129663,0.151277,0.093727,0.203545,0.088566,0.121093,0.020046,1.164343,0.165918,0.003591,0.063683,0.032612,-0.183007,0.307600,1.127721,0.022610,0.040236,-0.281896
4.996606,-4.942376,0.758605,-0.029383,-0.020968,-0.159502,0.986537,-0.447327,-0.024717,0.253634,0.101023,0.003330,-0.261800,0.142161,0.169430,-0.080420,0.117534,-0.248385,0.127586,0.157335,0.104228,0.210813,0.076852,0.126476,0.011704,1.141863,0.179373,0.003885,0.068841,0.055510,-0.177655,0.322082,1.162428,0.029308,0.046748,-0.267580
5.005053,-4.946193,0.755967,-0.034062,-0.020166,-0.162227,0.985959,-0.448342,-0.025287,0.329728,0.091777,0.014145,-0.261800,0.155660,0.183613,-0.072497,0.119136,-0.261674,0.124297,0.164556,0.118719,0.210242,0.070932,0.131632,0.002557,1.119018,0.175290,-0.004183,0.074090,0.077398,-0.173721,0.336908,1.197243,0.048576,0.052646,-0.257325
5.013849,-4.949980,0.754216,-0.034570,-0.015739,-0.160789,0.986258,-0.442005,-0.029646,0.392029,0.090720,0.014194,-0.261800,0.160987,0.188197,-0.074531,0.119647,-0.277393,0.120159,0.164894,0.125404,0.202274,0.059764,0.133498,0.005266,1.105209,0.186470,0.005426,0.070319,0.097284,-0.171856,0.346695,1.223432,0.064097,0.057249,-0.251996
5.022274,-4.955950,0.753192,-0.032374,-0.011284,-0.159871,0.986542,-0.428799,-0.035296,0.424671,0.096162,-0.005923,-0.261800,0.165988,0.190668,-0.074810,0.119357,-0.290392,0.115947,0.161499,0.121022,0.197571,0.044962,0.136928,0.013270,1.095400,0.185505,0.014766,0.076819,0.111250,-0.167356,0.351927,1.238425,0.065061,0.063792,-0.243949
5.034347,-4.961280,0.751253,-0.030426,-0.007743,-0.156812,0.987129,-0.402672,-0.049057,0.434647,0.098146,-0.015297,-0.261800,0.180083,0.190614,-0.076625,0.119856,-0.307603,0.116690,0.149690,0.117375,0.185297,0.047136,0.137536,0.017307,1.084146,0.183242,0.015721,0.077737,0.128167,-0.165116,0.350693,1.242920,0.071435,0.064612,-0.243938
5.045831,-4.967662,0.749075,-0.028445,-0.003692,-0.153234,0.987774,-0.368527,-0.055138,0.439895,0.099356,-0.014367,-0.261800,0.190426,0.192621,-0.081897,0.120354,-0.321932,0.112283,0.136250,0.114223,0.172186,0.051527,0.148320,-0.017378,1.092502,0.226417,-0.002841,0.110759,0.141273,-0.161459,0.340548,1.236166,0.065718,0.059473,-0.239582
5.059147,-4.974308,0.747755,-0.021800,0.000975,-0.146075,0.989033,-0.319595,-0.065562,0.461213,0.100976,-0.020983,-0.200511,0.200639,0.182579,-0.094351,0.121314,-0.339246,0.109804,0.123736,0.096539,0.155911,0.045398,0.156694,-0.020872,1.107370,0.241654,-0.003388,0.117284,0.159215,-0.156485,0.323614,1.213008,0.068402,0.054217,-0.247231
5.073300,-4.980816,0.746714,-0.013025,0.007082,-0.140619,0.989953,-0.274402,-0.070187,0.531054,0.100203,-0.015768,-0.140809,0.208863,0.168545,-0.104758,0.122425,-0.356541,0.107468,0.111071,0.076236,0.138033,0.041096,0.157039,-0.010639,1.121462,0.224265,0.003758,0.108327,0.165392,-0.153020,0.312447,1.195668,0.044591,0.057023,-0.249487
5.089287,-4.986448,0.748158,0.003632,0.009505,-0.132159,0.991176,-0.277166,-0.121588,0.504964,0.103020,0.013807,0.023855,0.224830,0.132041,-0.124670,0.123854,-0.369089,0.111007,0.089537,0.044345,0.123872,0.044600,0.160042,-0.042350,1.148132,0.267684,-0.015598,0.138201,0.157499,-0.151951,0.314001,1.196319,0.054601,0.050481,-0.267859
5.104563,-4.992789,0.748995,0.006906,0.012322,-0.125035,0.992052,-0.270414,-0.138523,0.472179,0.103810,0.023295,0.041950,0.242401,0.128633,-0.143218,0.124967,-0.364259,0.105216,0.080124,0.035447,0.112751,0.032714,0.156691,-0.045503,1.179013,0.241017,-0.007544,0.136677,0.150431,-0.149945,0.305505,1.195030,0.038072,0.060394,-0.269199
5.118941,-4.998987,0.752147,0.011275,0.010689,-0.116524,0.993066,-0.243203,-0.152671,0.462629,0.105207,0.003251,0.071422,0.266871,0.120269,-0.157997,0.125984,-0.349144,0.101971,0.074083,0.026990,0.112064,0.020389,0.148153,-0.062119,1.198962,0.234018,0.000713,0.133333,0.133025,-0.150152,0.305535,1.199926,0.029357,0.080025,-0.275682
5.132293,-5.005959,0.755767,0.014603,0.010658,-0.109473,0.993825,-0.221435,-0.160466,0.446404,0.106503,-0.013251,0.079220,0.285854,0.116613,-0.170083,0.126811,-0.330196,0.101598,0.074919,0.018805,0.108701,0.012140,0.139116,-0.070198,1.199322,0.235322,0.004201,0.118374,0.114054,-0.153995,0.313098,1.189547,0.051216,0.044411,-0.273520
5.146422,-5.011998,0.760206,0.005797,0.007035,-0.104143,0.994521,-0.190214,-0.144252,0.414307,0.109133,-0.023936,0.062312,0.306149,0.137051,-0.180753,0.152871,-0.315326,-0.062372,0.072132,0.038599,0.111363,0.017133,0.126488,-0.068730,1.176109,0.245224,0.007967,0.100930,0.088733,-0.164736,0.319876,1.179995,0.028827,0.059738,-0.270218
5.160257,-5.018503,0.762236,0.008859,0.003301,-0.115561,0.993255,-0.159941,-0.142219,0.425657,0.110289,-0.044754,0.076460,0.289971,0.120808,-0.172371,0.238760,-0.308659,-0.059938,0.096003,0.032288,0.110841,0.034755,0.117147,-0.059756,1.142299,0.252205,-0.001192,0.097974,0.062476,-0.177293,0.327123,1.164044,0.013452,0.058680,-0.263595
5.176517,-5.023564,0.763310,0.011961,0.002533,-0.121949,0.992461,-0.134720,-0.147517,0.427214,0.111379,-0.066685,0.092843,0.273515,0.102011,-0.169211,0.318323,-0.295330,-0.044345,0.100618,0.028608,0.096942,0.061894,0.098522,-0.014340,1.087427,0.206768,0.003608,0.053645,0.038135,-0.191742,0.330223,1.142952,-0.008991,0.059921,-0.260255
5.190263,-5.030002,0.763921,0.015758,-0.001644,-0.141877,0.989758,-0.101691,-0.143576,0.455620,0.111325,-0.091153,0.082609,0.244000,0.080822,-0.127774,0.427550,-0.282696,-0.004606,0.123708,0.022382,0.095051,0.087298,0.093850,-0.005818,1.059080,0.188527,-0.000136,0.053949,0.005757,-0.203033,0.324302,1.113525,-0.021897,0.062741,-0.260559
5.204206,-5.034885,0.764396,0.019152,-0.002428,-0.156173,0.987541,-0.074365,-0.143950,0.482288,0.111102,-0.121324,0.086371,0.205428,0.064185,-0.082368,0.532698,-0.255217,0.061953,0.135359,0.016806,0.085542,0.105726,0.093372,-0.001006,1.054089,0.179979,-0.000451,0.052550,-0.018510,-0.210506,0.303512,1.072244,-0.039488,0.061373,-0.259853
5.217654,-5.038600,0.764233,0.021376,-0.004951,-0.178750,0.983650,-0.045291,-0.142715,0.517961,0.110025,-0.149781,0.093452,0.155668,0.055460,-0.007982,0.658037,-0.220529,0.162271,0.158140,0.017632,0.081876,0.118110,0.094174,-0.008389,1.066703,0.180665,-0.011822,0.068007,-0.043223,-0.219619,0.293185,1.028525,-0.044186,0.057192,-0.270968
5.227057,-5.042860,0.763976,0.019918,-0.011753,-0.179846,0.983423,-0.013909,-0.141023,0.519631,0.113057,-0.161484,0.085232,0.130668,0.052287,-0.002107,0.750092,-0.177381,0.261800,0.143532,0.021660,0.100122,0.108961,0.098585,-0.014636,1.095682,0.178785,-0.008690,0.064193,-0.067685,-0.226427,0.275205,0.979129,-0.046890,0.048985,-0.281588
5.236218,-5.046981,0.764000,0.017153,-0.019361,-0.180538,0.983228,0.018326,-0.136785,0.516819,0.117382,-0.174601,0.080189,0.104919,0.016368,-0.056767,0.842158,-0.192655,0.261800,0.135215,0.026648,0.118618,0.095246,0.105265,-0.026696,1.127754,0.174451,0.001443,0.068952,-0.079485,-0.230245,0.258376,0.936200,-0.065871,0.044461,-0.294972
5.244728,-5.049169,0.764066,0.019038,-0.024670,-0.172943,0.984439,0.041123,-0.150139,0.494914,0.113743,-0.176580,0.082224,0.052095,-0.103569,-0.163322,0.969847,-0.264656,0.261800,0.117832,0.022637,0.133238,0.075737,0.111468,-0.046793,1.155016,0.178921,0.015187,0.079824,-0.082433,-0.232353,0.241223,0.902339,-0.079458,0.040726,-0.302998
5.253743,-5.051749,0.764872,0.022069,-0.033613,-0.165743,0.985349,0.074603,-0.164749,0.477528,0.110312,-0.171588,0.085240,0.022918,-0.229599,-0.244072,1.043845,-0.311852,0.251113,0.103776,0.017215,0.152300,0.071162,0.114740,-0.044783,1.148568,0.205136,0.016049,0.078617,-0.078111,-0.233103,0.225904,0.883237,-0.078915,0.039141,-0.304164
5.258661,-5.054895,0.765133,0.018255,-0.031840,-0.151224,0.987818,0.080383,-0.157241,0.460301,0.111934,-0.187468,0.094262,-0.018303,-0.311751,-0.323396,1.059188,-0.360106,0.199208,0.084025,0.024393,0.158207,0.055185,0.121695,-0.051333,1.137543,0.194001,0.009386,0.074947,-0.074807,-0.232941,0.214155,0.883711,-0.079146,0.037380,-0.304193
5.264908,-5.058480,0.765610,0.015659,-0.031158,-0.142827,0.989133,0.089982,-0.151173,0.445603,0.113035,-0.195126,0.090254,-0.055054,-0.369686,-0.367059,1.020779,-0.391215,0.175133,0.075356,0.030500,0.161049,0.050834,0.123839,-0.044103,1.113188,0.216915,0.001569,0.077194,-0.065519,-0.231872,0.211624,0.904925,-0.066760,0.033326,-0.307369
5.270544,-5.062088,0.766172,0.013631,-0.030762,-0.132218,0.990649,0.094406,-0.148774,0.407387,0.114512,-0.186435,0.070522,-0.092169,-0.409173,-0.394281,0.946142,-0.390356,0.158307,0.066768,0.037567,0.164420,0.044788,0.123155,-0.032488,1.087400,0.211442,0.001055,0.074549,-0.051673,-0.229746,0.208842,0.940865,-0.058285,0.034288,-0.304509
5.275929,-5.065782,0.766391,0.013950,-0.028040,-0.128479,0.991218,0.096909,-0.144815,0.407934,0.114700,-0.194045,0.069684,-0.143103,-0.428077,-0.379731,0.837906,-0.360675,0.178430,0.068939,0.041564,0.163158,0.039097,0.122027,-0.028172,1.070929,0.228203,-0.007724,0.072358,-0.037969,-0.227214,0.212926,0.989516,-0.037358,0.029330,-0.301108
5.283286,-5.068663,0.766594,0.014898,-0.026029,-0.115743,0.992826,0.107651,-0.144235,0.406301,0.115394,-0.210190,0.084691,-0.166218,-0.458038,-0.398171,0.703339,-0.325890,0.208347,0.052243,0.044357,0.159696,0.034531,0.118442,-0.016287,1.071973,0.239720,-0.022871,0.076679,-0.016121,-0.224796,0.222226,1.040055,-0.009717,0.018331,-0.316002
5.288313,-5.072930,0.766453,0.014414,-0.025251,-0.111584,0.993330,0.111396,-0.141699,0.387448,0.115872,-0.204822,0.067566,-0.194678,-0.470783,-0.398690,0.569539,-0.290413,0.215399,0.050225,0.049898,0.163458,0.030595,0.116183,-0.009392,1.068886,0.240289,-0.021624,0.077250,0.002684,-0.220859,0.233322,1.090679,-0.016364,0.019080,-0.319424
5.293800,-5.077666,0.766018,0.016484,-0.022562,-0.107860,0.993773,0.110992,-0.143778,0.371876,0.116310,-0.206572,0.061505,-0.225903,-0.483578,-0.389373,0.440496,-0.250616,0.226766,0.048512,0.049308,0.160512,0.022962,0.119760,-0.016419,1.092407,0.278501,-0.041366,0.095730,0.026919,-0.214283,0.259107,1.131830,-0.021965,0.000319,-0.364994
5.299929,-5.083580,0.765562,0.017964,-0.023878,-0.106948,0.993816,0.128893,-0.137679,0.385937,0.116010,-0.217814,0.056756,-0.242204,-0.485927,-0.363804,0.309674,-0.212258,0.249394,0.042350,0.047033,0.163040,0.033538,0.121017,-0.007182,1.093166,0.248986,-0.026401,0.077460,0.051158,-0.205166,0.240249,1.161638,0.022020,-0.005531,-0.369392
5.306048,-5.089558,0.765056,0.020294,-0.024475,-0.104536,0.994013,0.141104,-0.136971,0.382528,0.116207,-0.227558,0.053691,-0.256779,-0.489699,-0.324114,0.197348,-0.175770,0.261800,0.039467,0.042823,0.163093,0.030725,0.123683,-0.008324,1.123561,0.219195,-0.015736,0.062425,0.081393,-0.198567,0.241441,1.182139,0.057795,-0.015799,-0.384706
5.310673,-5.096397,0.763723,0.023225,-0.025321,-0.103687,0.994016,0.148722,-0.138310,0.368049,0.116399,-0.225156,0.028912,-0.275994,-0.493638,-0.279204,0.124205,-0.156442,0.261800,0.035198,0.035537,0.167141,0.036906,0.126824,-0.012817,1.133099,0.242330,-0.014203,0.082193,0.104576,-0.192759,0.236424,1.190574,0.095557,-0.035102,-0.394981
5.316954,-5.103921,0.763590,0.025198,-0.026620,-0.103883,0.993914,0.164276,-0.132280,0.375097,0.116700,-0.236128,0.032338,-0.302749,-0.504125,-0.260155,0.121166,-0.157305,0.261800,0.031944,0.029674,0.166877,0.049420,0.129430,-0.014924,1.145831,0.227602,-0.013134,0.084551,0.126041,-0.187541,0.231238,1.193626,0.094164,-0.038585,-0.391873
5.323160,-5.111681,0.763783,0.025075,-0.026929,-0.102191,0.994084,0.178184,-0.121329,0.376219,0.116723,-0.242287,0.025596,-0.307538,-0.511952,-0.276978,0.123822,-0.153534,0.261800,0.027087,0.027448,0.166831,0.058665,0.130558,-0.012304,1.157435,0.209554,-0.005549,0.082525,0.142611,-0.184070,0.219267,1.191046,0.091790,-0.034372,-0.382892
5.329155,-5.119875,0.763694,0.025108,-0.026592,-0.102101,0.994101,0.187278,-0.112044,0.367768,0.117038,-0.244597,0.016618,-0.300935,-0.510643,-0.289646,0.128195,-0.146424,0.261800,0.027023,0.026719,0.165247,0.061906,0.130141,-0.021878,1.182122,0.222260,-0.011555,0.081463,0.154734,-0.182893,0.205475,1.186647,0.117877,-0.045426,-0.379721
5.334266,-5.129741,0.763546,0.026892,-0.024309,-0.101393,0.994186,0.192781,-0.101544,0.366756,0.117153,-0.247750,0.006195,-0.314107,-0.507222,-0.283600,0.182790,-0.165121,0.261800,0.023144,0.020556,0.162998,0.067067,0.131712,-0.024854,1.195942,0.210954,-0.013295,0.082128,0.155275,-0.181625,0.192933,1.179912,0.121033,-0.041626,-0.367262
5.341710,-5.140656,0.762908,0.028534,-0.020791,-0.103787,0.993973,0.200993,-0.089037,0.373181,0.117011,-0.254423,-0.007367,-0.316940,-0.489698,-0.266675,0.228550,-0.184024,0.254659,0.031462,0.014067,0.149485,0.085919,0.131623,-0.025574,1.184658,0.207828,-0.000661,0.075376,0.158409,-0.181131,0.192517,1.179802,0.103267,-0.031711,-0.350584
5.348830,-5.153700,0.761809,0.032371,-0.018643,-0.099031,0.994383,0.208324,-0.079908,0.360094,0.117592,-0.256085,-0.023949,-0.302638,-0.469249,-0.253464,0.279261,-0.209768,0.247384,0.027457,0.001030,0.141367,0.086871,0.136748,-0.030727,1.201494,0.188995,-0.002317,0.070604,0.157200,-0.178428,0.199612,1.178973,0.079034,-0.021197,-0.330065
5.356212,-5.166715,0.762124,0.031854,-0.011018,-0.095509,0.994858,0.203971,-0.058866,0.349301,0.118376,-0.257056,-0.041848,-0.293054,-0.425769,-0.231807,0.320599,-0.189986,0.243704,0.030997,-0.002339,0.125631,0.089494,0.138538,-0.025508,1.204303,0.212158,-0.006995,0.070759,0.153408,-0.176936,0.193516,1.171795,0.086782,-0.024420,-0.310805
5.363236,-5.181284,0.762963,0.029181,-0.002941,-0.088529,0.995642,0.197572,-0.029582,0.333869,0.119058,-0.250349,-0.065038,-0.286827,-0.376758,-0.178313,0.294624,-0.128179,0.239270,0.034373,-0.001256,0.111258,0.082352,0.140209,-0.020332,1.202049,0.194554,-0.000850,0.073599,0.145556,-0.174757,0.194914,1.170137,0.068672,-0.002524,-0.300889
5.369813,-5.196297,0.765195,0.023468,0.002496,-0.084824,0.996116,0.198265,0.008415,0.330390,0.120230,-0.248642,-0.070958,-0.297832,-0.344740,-0.180704,0.321425,-0.076203,0.210552,0.039091,0.005872,0.103153,0.073822,0.139214,-0.012834,1.208315,0.195518,-0.010083,0.091539,0.125449,-0.176555,0.208084,1.177995,0.073034,-0.004605,-0.280834
5.378781,-5.211069,0.766929,0.012756,0.003108,-0.081486,0.996588,0.214476,0.056323,0.324975,0.119042,-0.242161,-0.144616,-0.280506,-0.311919,-0.207091,0.342647,-0.098881,0.191916,0.044100,0.027538,0.096832,0.079516,0.128738,-0.011168,1.195208,0.183243,0.000898,0.105291,0.112146,-0.185121,0.222754,1.182269,0.062084,0.012897,-0.280865
5.383440,-5.226936,0.768557,0.009203,0.004065,-0.084318,0.996388,0.223409,0.089475,0.327923,0.116662,-0.218123,-0.209646,-0.276843,-0.285017,-0.215993,0.358146,-0.118243,0.177688,0.052629,0.033188,0.102635,0.080914,0.121104,-0.002774,1.170992,0.210462,-0.009914,0.092346,0.081780,-0.193943,0.230395,1.175213,0.033351,0.026503,-0.261502
5.389788,-5.242876,0.771015,0.008152,0.004959,-0.080560,0.996704,0.235917,0.119275,0.332240,0.116737,-0.200935,-0.216213,-0.257288,-0.262383,-0.234609,0.354803,-0.135416,0.159740,0.055239,0.029017,0.102395,0.077588,0.121311,-0.006299,1.154808,0.214403,-0.006938,0.071427,0.064315,-0.200235,0.248326,1.166346,0.011959,0.023187,-0.279335
5.397524,-5.259146,0.773493,0.003018,0.000325,-0.076190,0.997089,0.256817,0.154896,0.321504,0.115859,-0.166183,-0.247596,-0.217618,-0.234928,-0.265837,0.344570,-0.157676,0.137548,0.054859,0.031416,0.107799,0.075014,0.127086,-0.015622,1.142972,0.238401,-0.006648,0.065946,0.052457,-0.202418,0.216277,1.127454,-0.005662,0.038950,-0.273229
5.403705,-5.275214,0.775081,0.002565,-0.003742,-0.073605,0.997277,0.271888,0.175750,0.300857,0.116568,-0.128830,-0.240244,-0.197620,-0.216395,-0.279217,0.359875,-0.187946,0.116287,0.060160,0.023156,0.113463,0.066315,0.133402,-0.013983,1.140968,0.217999,-0.011610,0.073137,0.038251,-0.202412,0.207250,1.101897,-0.043091,0.053632,-0.271017
5.410841,-5.289623,0.776576,0.000814,-0.010431,-0.069488,0.997528,0.293244,0.201548,0.295741,0.125126,-0.102893,-0.261339,-0.161648,-0.195800,-0.293449,0.357488,-0.209437,0.099038,0.062621,0.018993,0.121515,0.062189,0.136757,-0.011952,1.134764,0.251577,-0.015739,0.092959,0.028076,-0.208038,0.198295,1.077276,-0.037912,0.043414,-0.269941
5.417972,-5.303365,0.777757,0.003555,-0.018976,-0.065926,0.997638,0.316579,0.213993,0.292463,0.136920,-0.082666,-0.261800,-0.132955,-0.189016,-0.302114,0.375549,-0.240052,0.085481,0.066053,0.009543,0.132836,0.066169,0.138456,-0.008895,1.113129,0.233866,-0.002263,0.092513,0.018036,-0.213779,0.200176,1.058615,-0.079267,0.059907,-0.270182
5.423571,-5.316464,0.779482,0.005788,-0.028731,-0.063279,0.997565,0.333457,0.228263,0.290008,0.157208,-0.055583,-0.261800,-0.094121,-0.177271,-0.311947,0.369319,-0.256499,0.068377,0.072278,0.001512,0.151847,0.059077,0.140849,-0.004701,1.106829,0.240160,-0.010019,0.092255,0.003732,-0.221506,0.199846,1.047948,-0.103931,0.069605,-0.266748
5.428230,-5.328944,0.780388,0.004899,-0.037626,-0.056040,0.997707,0.307140,0.261001,0.274595,0.256591,-0.057761,-0.261800,-0.050531,-0.160115,-0.332972,0.353439,-0.268769,0.054849,0.069991,0.000390,0.171001,0.050328,0.144006,-0.009893,1.102478,0.235474,-0.000882,0.088978,-0.010226,-0.228499,0.198454,1.045449,-0.123376,0.077820,-0.266755
5.432495,-5.340772,0.780175,0.000490,-0.038266,-0.050543,0.997988,0.241877,0.311183,0.265444,0.403928,-0.083077,-0.239920,-0.026687,-0.132304,-0.351795,0.334361,-0.275800,0.041850,0.069895,0.006362,0.173722,0.049819,0.148532,-0.015583,1.088090,0.234386,-0.007024,0.100985,-0.022267,-0.234127,0.202718,1.048130,-0.120707,0.080151,-0.261422
5.435582,-5.352088,0.778831,-0.005577,-0.032340,-0.048446,0.998287,0.159553,0.361238,0.248734,0.547308,-0.096525,-0.215511,-0.027403,-0.099805,-0.364044,0.326426,-0.285014,0.027332,0.071278,0.015148,0.165463,0.052014,0.151016,-0.010553,1.078595,0.238256,0.001529,0.099228,-0.038950,-0.239307,0.216439,1.061667,-0.125439,0.083370,-0.254293
5.438492,-5.361603,0.777557,-0.011836,-0.027859,-0.039942,0.998743,0.081148,0.411551,0.233873,0.671456,-0.085688,-0.195378,-0.017596,-0.070604,-0.386612,0.307102,-0.290560,0.017169,0.071887,0.026299,0.159651,0.041821,0.150432,-0.005006,1.087301,0.239272,-0.005806,0.096788,-0.042248,-0.245414,0.221217,1.068888,-0.106052,0.079057,-0.242819
5.442295,-5.371772,0.777188,-0.011960,-0.031485,-0.040134,0.998627,0.049897,0.442901,0.242771,0.751090,-0.060241,-0.160086,0.001532,-0.052976,-0.388222,0.299543,-0.301170,0.010683,0.078857,0.027780,0.166788,0.048051,0.152082,-0.009076,1.086075,0.243023,-0.013401,0.100786,-0.050971,-0.249877,0.246082,1.089822,-0.122156,0.089663,-0.242060
5.445223,-5.380658,0.777106,-0.010644,-0.036049,-0.034167,0.998709,0.004484,0.469997,0.238894,0.838300,-0.038847,-0.124544,0.027481,-0.041687,-0.399419,0.283801,-0.308290,0.004750,0.079686,0.025444,0.176723,0.046907,0.153310,-0.018903,1.095439,0.258516,-0.007622,0.108191,-0.052601,-0.249972,0.255140,1.101930,-0.090414,0.084732,-0.228073
5.448413,-5.388948,0.776909,-0.009686,-0.038177,-0.035797,0.998583,-0.044448,0.502445,0.249169,0.936783,-0.032300,-0.071960,0.040137,-0.028992,-0.396425,0.277550,-0.314814,-0.001699,0.086477,0.025599,0.181601,0.062922,0.153150,-0.014210,1.085638,0.269409,-0.030314,0.102063,-0.055666,-0.245496,0.265980,1.115197,-0.104878,0.094649,-0.227304
5.450904,-5.395560,0.775805,-0.011706,-0.041206,-0.030618,0.998613,-0.104982,0.539653,0.248361,1.038361,-0.049410,-0.041587,0.059532,-0.013430,-0.408173,0.264723,-0.318979,-0.012735,0.088541,0.032646,0.189374,0.060600,0.151877,-0.001408,1.100192,0.229875,-0.017143,0.092361,-0.050349,-0.240424,0.265060,1.117725,-0.114786,0.103302,-0.225498
5.454483,-5.401853,0.774720,-0.013117,-0.042176,-0.036098,0.998372,-0.153999,0.507170,0.190909,1.092669,-0.068960,-0.023347,0.065938,0.001982,-0.398821,0.264646,-0.326130,-0.019716,0.097953,0.038427,0.186802,0.078162,0.146674,0.012084,1.104768,0.232047,-0.024560,0.095284,-0.048241,-0.234667,0.272908,1.127158,-0.097057,0.095831,-0.218866
5.456403,-5.407027,0.774121,-0.012666,-0.041675,-0.034736,0.998447,-0.218492,0.416793,0.095105,1.124523,-0.084813,-0.016962,0.071199,0.010125,-0.401598,0.259374,-0.331563,-0.025747,0.101895,0.040822,0.186087,0.091051,0.142593,-0.000161,1.101712,0.312789,-0.098068,0.128742,-0.040708,-0.230836,0.279039,1.129923,-0.111323,0.099126,-0.217294
5.458406,-5.411009,0.774266,-0.008983,-0.040661,-0.035112,0.998515,-0.261072,0.356147,0.080916,1.129680,-0.123483,-0.028920,0.066589,0.005585,-0.400489,0.271474,-0.341425,-0.029245,0.103895,0.037320,0.183300,0.108647,0.138717,0.008170,1.116201,0.315432,-0.173475,0.167014,-0.035486,-0.225296,0.283883,1.134389,-0.091388,0.091367,-0.205475
5.460649,-5.414646,0.774401,-0.006150,-0.041633,-0.035186,0.998494,-0.290358,0.317640,0.100579,1.117044,-0.155837,-0.020703,0.071281,0.004339,-0.399363,0.274244,-0.348141,-0.031500,0.100445,0.037854,0.186612,0.121537,0.132112,-0.007109,1.147258,0.215397,-0.126524,0.148783,-0.031426,-0.217299,0.291004,1.141344,-0.122080,0.099476,-0.204879
5.462712,-5.417693,0.773859,-0.004317,-0.039484,-0.038834,0.998456,-0.327213,0.274459,0.115180,1.091139,-0.170029,-0.025781,0.058569,0.001774,-0.393718,0.296724,-0.360512,-0.038588,0.107223,0.039624,0.181015,0.126714,0.126611,0.003710,1.164728,0.166416,-0.060051,0.129482,-0.025514,-0.213646,0.297583,1.147644,-0.123260,0.098393,-0.199142
5.464612,-5.421147,0.773361,-0.005257,-0.040496,-0.039879,0.998370,-0.357744,0.235168,0.123960,1.054734,-0.181390,-0.018821,0.067826,0.012027,-0.391356,0.287353,-0.360583,-0.044570,0.109488,0.045806,0.184014,0.129931,0.123216,0.014609,1.169878,0.168655,-0.031913,0.107408,-0.017997,-0.210354,0.300749,1.148466,-0.109322,0.092236,-0.190221
5.466554,-5.423828,0.773043,-0.006968,-0.041812,-0.042153,0.998212,-0.385465,0.190198,0.123967,1.005230,-0.166867,-0.028404,0.078429,0.023766,-0.386440,0.275079,-0.357575,-0.050342,0.112031,0.054189,0.186574,0.137362,0.121383,0.020375,1.186276,0.148221,-0.008946,0.111839,-0.013861,-0.207472,0.312366,1.155953,-0.106922,0.090528,-0.178723
5.468349,-5.426625,0.772755,-0.007431,-0.040038,-0.047413,0.998045,-0.414338,0.142876,0.121434,0.944664,-0.136753,-0.044756,0.075841,0.031021,-0.378034,0.274851,-0.359230,-0.054911,0.118804,0.059451,0.183936,0.145653,0.117621,0.016391,1.181105,0.179803,-0.014112,0.094935,-0.012488,-0.206145,0.314975,1.167179,-0.108949,0.090375,-0.174067
5.470099,-5.428912,0.772894,-0.007403,-0.038991,-0.050723,0.997924,-0.441168,0.072069,0.088238,0.867881,-0.088140,-0.072550,0.081213,0.038023,-0.372112,0.261649,-0.355332,-0.057904,0.119787,0.063683,0.183212,0.151327,0.114275,0.015837,1.176572,0.191294,-0.007826,0.094813,-0.012901,-0.205150,0.323267,1.177675,-0.112046,0.092468,-0.168753
5.472388,-5.431363,0.773214,-0.007565,-0.039510,-0.055210,0.997664,-0.451068,0.053202,0.113883,0.809616,-0.075618,-0.080766,0.096411,0.048022,-0.363019,0.235521,-0.345925,-0.059228,0.120075,0.066914,0.185453,0.159868,0.113360,0.025209,1.170049,0.169069,0.012768,0.091183,-0.014140,-0.202412,0.321648,1.182700,-0.134310,0.112060,-0.173434
5.474178,-5.433543,0.773293,-0.008051,-0.039530,-0.060414,0.997358,-0.464815,0.026935,0.135615,0.754993,-0.055468,-0.084557,0.104035,0.055997,-0.353581,0.222302,-0.340906,-0.062236,0.131084,0.070264,0.180793,0.154568,0.112104,0.022606,1.180728,0.189334,0.006063,0.105061,-0.012239,-0.201962,0.318706,1.187542,-0.116897,0.114428,-0.175301
5.475933,-5.435708,0.773403,-0.008251,-0.038731,-0.063679,0.997184,-0.479346,-0.005397,0.146064,0.698092,-0.038124,-0.074705,0.113092,0.063919,-0.347828,0.202605,-0.333424,-0.064840,0.133056,0.073955,0.184806,0.154983,0.110981,0.030977,1.158899,0.194873,-0.007229,0.097435,-0.008291,-0.207363,0.309397,1.179442,-0.125696,0.108107,-0.169214
5.478732,-5.437944,0.773566,-0.008437,-0.036691,-0.070940,0.996770,-0.493140,-0.059774,0.118922,0.645380,-0.029671,-0.085861,0.119718,0.072382,-0.334029,0.183863,-0.325704,-0.066974,0.130938,0.076528,0.182952,0.161258,0.111349,0.027432,1.155894,0.196555,0.008734,0.094456,-0.012274,-0.209826,0.316325,1.174066,-0.110520,0.102989,-0.161864
5.480562,-5.440051,0.773556,-0.009387,-0.035558,-0.068197,0.996994,-0.498426,-0.078422,0.144587,0.606279,-0.007980,-0.095327,0.140130,0.084243,-0.337520,0.140976,-0.308043,-0.066772,0.122923,0.080814,0.185286,0.145080,0.114827,0.012613,1.161023,0.141109,0.045493,0.097782,-0.010320,-0.209877,0.314011,1.165000,-0.130248,0.112029,-0.174599
5.483170,-5.442688,0.773188,-0.011113,-0.037067,-0.071660,0.996678,-0.503977,-0.099729,0.156235,0.588501,-0.003598,-0.098638,0.152223,0.093976,-0.330500,0.130690,-0.307325,-0.066611,0.125567,0.084891,0.188829,0.145161,0.116520,0.015206,1.140956,0.184338,0.007015,0.100573,-0.010567,-0.211134,0.322367,1.163996,-0.140468,0.112925,-0.175170
5.483938,-5.445406,0.772687,-0.011275,-0.034559,-0.074573,0.996553,-0.508068,-0.110766,0.186261,0.561009,-0.000432,-0.095692,0.148092,0.100194,-0.323401,0.129797,-0.306680,-0.065732,0.122436,0.084576,0.191813,0.136777,0.116196,0.023694,1.124533,0.174432,0.009501,0.103965,-0.020936,-0.216092,0.312469,1.169755,-0.094007,0.071921,-0.141085
5.486411,-5.448187,0.772096,-0.011298,-0.033605,-0.073547,0.996661,-0.500230,-0.129357,0.205347,0.526315,0.005548,-0.100927,0.151874,0.104515,-0.324829,0.127170,-0.311999,-0.060568,0.120420,0.085286,0.190791,0.128726,0.116260,0.019333,1.111578,0.186187,0.010941,0.104528,-0.021822,-0.217580,0.329944,1.176366,-0.150430,0.085866,-0.156841
5.488966,-5.450808,0.771294,-0.012502,-0.031529,-0.075879,0.996540,-0.482474,-0.150238,0.209445,0.469166,0.028439,-0.138370,0.151967,0.111900,-0.320564,0.126105,-0.314695,-0.059646,0.122248,0.087736,0.189288,0.119858,0.117396,0.022896,1.089624,0.206505,0.014543,0.108555,-0.023454,-0.216627,0.339322,1.177241,-0.163627,0.085565,-0.153917
5.490838,-5.453684,0.770705,-0.013788,-0.027642,-0.080192,0.996301,-0.464957,-0.165092,0.216573,0.408192,0.042836,-0.145094,0.145306,0.119291,-0.314975,0.127216,-0.314191,-0.060977,0.127834,0.089033,0.185883,0.103260,0.109940,0.081697,1.106860,0.207680,0.031802,0.113261,-0.030933,-0.206723,0.343144,1.176508,-0.195141,0.118006,-0.169414
5.493895,-5.456789,0.769823,-0.015747,-0.027042,-0.082853,0.996070,-0.439316,-0.175280,0.224503,0.361052,0.037318,-0.149648,0.149885,0.128612,-0.309192,0.124778,-0.315768,-0.059118,0.127547,0.092921,0.184560,0.108046,0.111458,0.041759,1.056486,0.219868,0.028412,0.125356,-0.037945,-0.205638,0.334694,1.178981,-0.142746,0.100506,-0.151403
5.496629,-5.459757,0.769015,-0.016831,-0.024117,-0.084379,0.996000,-0.404290,-0.187873,0.228229,0.287295,0.047854,-0.156736,0.149135,0.136389,-0.305773,0.123530,-0.320475,-0.058632,0.131165,0.094557,0.177463,0.100817,0.112275,0.042117,1.053385,0.218726,0.019990,0.096094,-0.040046,-0.206193,0.346409,1.183323,-0.161601,0.099625,-0.150719
5.501406,-5.462960,0.768301,-0.017221,-0.021812,-0.090277,0.995529,-0.391935,-0.187806,0.242958,0.276500,0.005880,-0.085734,0.152059,0.142294,-0.293930,0.122418,-0.325984,-0.058108,0.135156,0.095411,0.168393,0.106713,0.112229,0.034851,1.046959,0.227612,0.001241,0.117387,-0.038269,-0.205663,0.352766,1.182446,-0.150059,0.087963,-0.138563
5.505075,-5.465929,0.767130,-0.019506,-0.018742,-0.092928,0.995305,-0.343414,-0.198942,0.243552,0.193954,0.010857,-0.096078,0.152424,0.152693,-0.287094,0.120886,-0.330274,-0.058469,0.136163,0.101068,0.165367,0.102746,0.112070,0.031515,1.048349,0.211814,0.001053,0.108934,-0.037935,-0.202192,0.344202,1.177386,-0.190182,0.098381,-0.150332
5.507982,-5.469540,0.765258,-0.023103,-0.016070,-0.092952,0.995273,-0.293028,-0.203053,0.261664,0.122153,0.017043,-0.105693,0.152947,0.166868,-0.286131,0.119734,-0.335454,-0.057716,0.131275,0.104354,0.163111,0.101724,0.112988,0.042880,1.044492,0.208786,0.009299,0.102372,-0.044339,-0.196456,0.342967,1.175406,-0.179383,0.094668,-0.146534
5.512482,-5.473267,0.763272,-0.026155,-0.014730,-0.096894,0.994842,-0.263917,-0.192139,0.312571,0.121817,-0.025819,-0.111082,0.158201,0.179837,-0.277847,0.119816,-0.342903,-0.058773,0.130870,0.108991,0.158905,0.106905,0.115531,0.037753,1.051030,0.215739,0.015184,0.105898,-0.048267,-0.193293,0.347924,1.177492,-0.184778,0.095007,-0.147538
5.517882,-5.477349,0.760771,-0.030190,-0.012689,-0.102097,0.994235,-0.228500,-0.171265,0.383613,0.121681,-0.066987,-0.118975,0.163687,0.195972,-0.266766,0.119917,-0.351648,-0.059001,0.127933,0.113264,0.151182,0.118392,0.117866,0.046923,1.059275,0.195106,0.021779,0.086938,-0.050576,-0.187076,0.359947,1.179312,-0.178340,0.091237,-0.148220
5.522766,-5.482637,0.757228,-0.034889,-0.011161,-0.104997,0.993798,-0.183117,-0.134804,0.478035,0.122065,-0.100107,-0.125809,0.172671,0.213198,-0.267892,0.120048,-0.368517,-0.057237,0.127121,0.114272,0.142266,0.127694,0.123373,0.040757,1.060005,0.198617,0.026142,0.098962,-0.049590,-0.181063,0.366094,1.179804,-0.188053,0.092110,-0.149362
5.528099,-5.488275,0.753381,-0.039789,-0.008237,-0.111863,0.992893,-0.151992,-0.102392,0.515621,0.119985,-0.106942,-0.122128,0.175450,0.236183,-0.246661,0.120859,-0.373737,-0.064202,0.124571,0.118825,0.132630,0.149721,0.130452,0.035488,1.051373,0.198539,0.016805,0.096423,-0.054197,-0.171149,0.368895,1.183739,-0.198078,0.092758,-0.154939
5.534784,-5.491942,0.752068,-0.036208,-0.010556,-0.116738,0.992446,-0.143942,-0.116440,0.507634,0.119835,-0.143354,-0.107857,0.191943,0.230809,-0.235340,0.121672,-0.387924,-0.060963,0.123160,0.105196,0.128810,0.163346,0.135605,0.022160,1.062751,0.190436,0.004742,0.116543,-0.056987,-0.164501,0.378515,1.191756,-0.200798,0.092231,-0.156717
5.540282,-5.496056,0.752099,-0.030510,-0.008665,-0.108998,0.993536,-0.141613,-0.131761,0.492925,0.120222,-0.145274,-0.106690,0.197077,0.222446,-0.248747,0.121011,-0.398205,-0.059989,0.108155,0.085035,0.121776,0.148372,0.135260,0.060924,1.118129,0.050435,0.053308,0.145287,-0.047361,-0.154550,0.357743,1.188636,-0.219716,0.099091,-0.158713
5.544219,-5.500703,0.753155,-0.026365,-0.006097,-0.102114,0.994405,-0.141763,-0.140638,0.478043,0.118886,-0.142779,-0.112264,0.197282,0.218263,-0.257315,0.120350,-0.399034,-0.055777,0.090297,0.072841,0.117707,0.143414,0.138095,0.037367,1.141873,0.041885,0.065244,0.214918,-0.043031,-0.140981,0.337528,1.185026,-0.194585,0.091984,-0.155571
5.547598,-5.504518,0.754090,-0.019870,-0.004993,-0.098914,0.994885,-0.141832,-0.149536,0.481492,0.122128,-0.121687,-0.042648,0.199583,0.208320,-0.260191,0.121818,-0.401987,-0.052927,0.091755,0.050959,0.114658,0.136483,0.142360,0.012750,1.138406,0.114983,0.041107,0.192258,-0.037955,-0.135208,0.345250,1.183564,-0.175527,0.082775,-0.149995
5.550093,-5.506557,0.754582,-0.016339,-0.004271,-0.100027,0.994841,-0.142845,-0.156801,0.476511,0.123021,-0.107807,0.013921,0.201153,0.202147,-0.258355,0.122330,-0.400620,-0.047013,0.103035,0.043012,0.118947,0.127902,0.140947,-0.001550,1.131278,0.120460,0.027788,0.146590,-0.034446,-0.136136,0.350836,1.181642,-0.205782,0.087072,-0.149368
5.552385,-5.507614,0.754730,-0.015708,-0.004506,-0.108764,0.993933,-0.136920,-0.154325,0.486618,0.120763,-0.121906,0.000108,0.205012,0.201995,-0.241559,0.122741,-0.398765,-0.046734,0.122869,0.046291,0.123927,0.128413,0.130378,0.000755,1.110469,0.136959,0.020720,0.137524,-0.040056,-0.145893,0.374276,1.189839,-0.213100,0.088008,-0.148866
5.555901,-5.509198,0.754921,-0.012927,-0.005686,-0.112646,0.993535,-0.129965,-0.158544,0.496562,0.121542,-0.127270,0.025217,0.213167,0.195832,-0.235125,0.122626,-0.402344,-0.045870,0.123674,0.045336,0.125084,0.138006,0.115558,0.020561,1.084921,0.148127,0.027519,0.131026,-0.044221,-0.156253,0.391100,1.198516,-0.212243,0.088010,-0.147462
5.558714,-5.510832,0.755134,-0.010872,-0.004940,-0.116906,0.993071,-0.127514,-0.159834,0.500640,0.121324,-0.132592,0.023916,0.215015,0.192964,-0.224818,0.123791,-0.402328,-0.039409,0.129010,0.043403,0.121440,0.142597,0.107880,0.023143,1.058630,0.156355,0.026400,0.129188,-0.045420,-0.162811,0.376271,1.200062,-0.214567,0.090620,-0.148047
5.560379,-5.512994,0.755521,-0.009154,-0.001990,-0.115756,0.993233,-0.131546,-0.160045,0.502483,0.120511,-0.130404,0.020681,0.211210,0.191710,-0.229067,0.123378,-0.402181,-0.039952,0.118589,0.040588,0.120134,0.140150,0.107618,0.006065,1.048510,0.164989,0.008072,0.139521,-0.048086,-0.165117,0.359883,1.191090,-0.235771,0.095159,-0.155522
5.562360,-5.514008,0.755948,-0.008908,-0.002385,-0.115816,0.993228,-0.127100,-0.161287,0.499579,0.119330,-0.137321,0.013194,0.214770,0.191098,-0.230835,0.124340,-0.400081,-0.040147,0.116682,0.041890,0.122686,0.132621,0.108413,-0.003848,1.065866,0.156967,0.005639,0.131327,-0.049258,-0.169976,0.353450,1.179202,-0.219578,0.088741,-0.153639
5.564211,-5.514938,0.755999,-0.008054,-0.002612,-0.114316,0.993408,-0.123561,-0.164057,0.497253,0.118170,-0.139272,0.009603,0.217801,0.189763,-0.232655,0.124975,-0.400379,-0.039304,0.114159,0.037896,0.123536,0.123269,0.108727,0.005256,1.067026,0.173247,0.010459,0.130140,-0.048220,-0.178135,0.359409,1.170457,-0.227416,0.088954,-0.152202
5.566613,-5.516282,0.756166,-0.006797,-0.003563,-0.113817,0.993472,-0.117518,-0.166654,0.495620,0.117751,-0.142474,0.005857,0.223484,0.187774,-0.232147,0.125402,-0.400149,-0.038023,0.112355,0.039246,0.127014,0.113111,0.110635,-0.002928,1.086539,0.156624,0.002411,0.137945,-0.044354,-0.182532,0.364938,1.166142,-0.240777,0.091579,-0.155964
5.568636,-5.517584,0.755973,-0.005075,-0.005455,-0.110356,0.993864,-0.110270,-0.172208,0.490431,0.117593,-0.144427,0.004760,0.230951,0.185027,-0.238439,0.125101,-0.402769,-0.034113,0.110022,0.033238,0.129329,0.111437,0.114446,-0.003940,1.076331,0.165177,0.002472,0.133676,-0.041073,-0.185280,0.358178,1.169304,-0.234955,0.089567,-0.156933
5.569765,-5.518451,0.756151,-0.004362,-0.005118,-0.107215,0.994213,-0.109245,-0.175198,0.485099,0.117047,-0.146295,0.002220,0.231589,0.184161,-0.244399,0.125912,-0.402996,-0.032195,0.112792,0.035251,0.131859,0.104774,0.116639,-0.001834,1.072581,0.166478,0.003974,0.135211,-0.039608,-0.187827,0.360146,1.173152,-0.228550,0.088274,-0.151876
5.570855,-5.519007,0.755802,-0.002931,-0.004758,-0.103658,0.994597,-0.108745,-0.179993,0.480656,0.116820,-0.145123,0.000907,0.232687,0.179842,-0.254982,0.126187,-0.408627,-0.014726,0.112766,0.034844,0.133240,0.104758,0.119193,-0.001641,1.052413,0.179689,-0.003647,0.129990,-0.040589,-0.190985,0.360653,1.183705,-0.230866,0.090015,-0.157735
5.572826,-5.519411,0.755801,-0.002222,-0.005653,-0.102097,0.994756,-0.104057,-0.183514,0.476225,0.116913,-0.149139,0.001730,0.237214,0.179004,-0.253795,0.126541,-0.408018,-0.022276,0.111530,0.036024,0.134955,0.108200,0.121428,0.004306,1.046260,0.172104,0.003978,0.124910,-0.042329,-0.193580,0.372363,1.194027,-0.215318,0.086188,-0.151633
5.574023,-5.520211,0.755623,-0.001381,-0.006381,-0.098324,0.995133,-0.100627,-0.186989,0.471322,0.117197,-0.148959,0.003391,0.241028,0.178177,-0.260884,0.126091,-0.409031,-0.021646,0.114256,0.036327,0.136137,0.109016,0.125348,-0.009593,1.038319,0.187868,-0.021297,0.137234,-0.036637,-0.194979,0.377733,1.197525,-0.233603,0.091832,-0.153404
5.576506,-5.521049,0.755611,0.000176,-0.006790,-0.098363,0.995127,-0.096292,-0.190335,0.470931,0.117259,-0.151297,0.003014,0.246041,0.175232,-0.259699,0.125072,-0.410371,-0.012826,0.111994,0.035258,0.134549,0.116613,0.127512,-0.001411,1.047369,0.176080,-0.009504,0.131479,-0.035823,-0.194343,0.377711,1.198472,-0.213486,0.086230,-0.148414
5.578187,-5.521765,0.755685,-0.000075,-0.005242,-0.097631,0.995209,-0.096876,-0.189038,0.470441,0.117155,-0.150136,0.000143,0.244756,0.176543,-0.259944,0.125557,-0.407808,-0.017995,0.112480,0.038189,0.129985,0.115391,0.127872,0.008597,1.060212,0.151563,0.003129,0.129032,-0.035026,-0.190921,0.372115,1.190800,-0.231352,0.109039,-0.147638
5.579547,-5.522413,0.755594,0.001927,-0.005399,-0.094896,0.995471,-0.094455,-0.195284,0.465379,0.116841,-0.155461,0.001677,0.248060,0.172352,-0.265655,0.124108,-0.412055,-0.003228,0.102879,0.035032,0.128731,0.119954,0.128834,0.013740,1.067287,0.144591,-0.001225,0.124393,-0.041973,-0.184115,0.358116,1.184963,-0.201037,0.118351,-0.150622
5.581398,-5.522827,0.755401,0.002475,-0.005508,-0.095116,0.995448,-0.091507,-0.196772,0.465650,0.116914,-0.159177,0.002896,0.251054,0.170818,-0.266069,0.124169,-0.413010,-0.001698,0.105123,0.032915,0.126255,0.127388,0.129276,0.000992,1.074944,0.159150,0.005337,0.140768,-0.043119,-0.180073,0.351029,1.177579,-0.192921,0.131062,-0.159962
5.582653,-5.523648,0.755448,0.003012,-0.005229,-0.094003,0.995554,-0.090705,-0.197536,0.462071,0.117173,-0.156486,-0.000860,0.252562,0.170852,-0.266931,0.123687,-0.412474,-0.003090,0.120490,0.031405,0.124203,0.111680,0.123692,0.054174,1.112324,0.082782,0.001565,0.112537,-0.032841,-0.176689,0.330244,1.164722,-0.196614,0.139553,-0.174661
5.583839,-5.523864,0.755428,0.003376,-0.003438,-0.093529,0.995605,-0.092549,-0.198608,0.462027,0.116667,-0.159431,0.001020,0.249378,0.169823,-0.268761,0.125593,-0.412282,-0.006528,0.112034,0.033307,0.120357,0.128351,0.118346,0.030071,1.099475,0.096933,0.002451,0.139319,-0.043555,-0.173924,0.335660,1.169995,-0.179181,0.137621,-0.181896
5.584981,-5.524249,0.755250,0.004504,-0.003669,-0.091705,0.995769,-0.090638,-0.202239,0.459022,0.116901,-0.160788,0.003166,0.251953,0.167597,-0.272535,0.125082,-0.414731,0.000685,0.111381,0.033262,0.120383,0.133400,0.117640,-0.007492,1.092451,0.117597,-0.016665,0.147647,-0.046542,-0.172874,0.344055,1.170191,-0.172659,0.138252,-0.181968
5.586409,-5.524615,0.755260,0.004661,-0.004821,-0.091138,0.995816,-0.086450,-0.203236,0.456946,0.117677,-0.162379,0.004609,0.256472,0.167943,-0.270753,0.125147,-0.412739,-0.004212,0.112657,0.028988,0.121634,0.133093,0.112129,0.018242,1.109530,0.142399,0.003794,0.117588,-0.047123,-0.171455,0.360088,1.168687,-0.163499,0.135954,-0.178957
5.587267,-5.525506,0.755112,0.005946,-0.003985,-0.090011,0.995915,-0.087104,-0.205664,0.455029,0.117686,-0.162514,0.001463,0.256332,0.165828,-0.275797,0.124979,-0.415857,0.004913,0.110453,0.028117,0.119759,0.139218,0.109185,0.007387,1.107862,0.162273,-0.014592,0.121878,-0.050929,-0.170198,0.358337,1.171916,-0.167184,0.136243,-0.183763
5.587934,-5.526076,0.754994,0.006770,-0.003673,-0.088395,0.996056,-0.086743,-0.207402,0.453207,0.117982,-0.162786,0.001918,0.256781,0.164502,-0.279741,0.124954,-0.417583,0.008710,0.108618,0.027572,0.120628,0.138450,0.107583,-0.002077,1.109966,0.133235,-0.014685,0.113969,-0.053971,-0.168453,0.349690,1.170258,-0.175602,0.140373,-0.189393
5.590082,-5.526178,0.754903,0.007068,-0.002990,-0.090407,0.995875,-0.085350,-0.208115,0.455017,0.117666,-0.166695,0.002709,0.258189,0.163244,-0.275182,0.125181,-0.418008,0.007019,0.118122,0.028423,0.114020,0.141189,0.101120,0.019384,1.116082,0.138342,-0.008243,0.116310,-0.049694,-0.168630,0.342010,1.167408,-0.158277,0.135372,-0.193415
5.591955,-5.526395,0.754732,0.007193,-0.002328,-0.092898,0.995647,-0.084433,-0.206757,0.459626,0.118243,-0.168223,0.002870,0.259211,0.162927,-0.269371,0.125762,-0.417711,0.004306,0.118237,0.032694,0.112836,0.145590,0.097633,-0.001790,1.116688,0.145720,-0.014338,0.120792,-0.053632,-0.171418,0.354010,1.170486,-0.181065,0.143844,-0.200762
5.592195,-5.526834,0.754672,0.007982,-0.000974,-0.089477,0.995956,-0.087218,-0.209815,0.454298,0.118883,-0.169931,0.007091,0.256110,0.161764,-0.277404,0.126676,-0.418669,0.004899,0.116572,0.030581,0.112580,0.139812,0.095639,0.001675,1.121201,0.139349,-0.006127,0.148659,-0.051915,-0.174767,0.334988,1.163860,-0.172149,0.145375,-0.208478
5.593149,-5.527200,0.754455,0.008343,-0.001556,-0.087590,0.996120,-0.084038,-0.211166,0.453681,0.119551,-0.166231,0.004157,0.259323,0.161303,-0.281345,0.126081,-0.420053,0.008488,0.119143,0.029095,0.112065,0.138071,0.090316,0.017555,1.115842,0.151935,-0.018131,0.128006,-0.045993,-0.177275,0.324962,1.159999,-0.165093,0.139803,-0.206427
5.593822,-5.527880,0.754508,0.009437,-0.001511,-0.086931,0.996168,-0.083497,-0.213063,0.453224,0.120027,-0.168367,0.010165,0.260306,0.159603,-0.283292,0.125951,-0.420201,0.012345,0.123316,0.026614,0.111060,0.132143,0.087867,0.018308,1.118223,0.149944,-0.015601,0.123249,-0.041049,-0.178836,0.328318,1.159448,-0.171660,0.138440,-0.204927
5.595459,-5.528430,0.754575,0.009635,-0.002161,-0.089355,0.995951,-0.080592,-0.212788,0.453116,0.120855,-0.172213,0.010268,0.263951,0.159336,-0.277089,0.126217,-0.418812,0.010406,0.126655,0.025976,0.108931,0.131620,0.087254,0.016373,1.116024,0.134525,0.006689,0.128487,-0.038073,-0.180536,0.329014,1.158609,-0.139611,0.125237,-0.188281
5.596194,-5.528789,0.754595,0.009751,-0.002370,-0.089252,0.995959,-0.079224,-0.212493,0.453131,0.121643,-0.172344,0.010729,0.265790,0.159023,-0.278292,0.126005,-0.419141,0.010550,0.122837,0.025560,0.109249,0.132431,0.087276,0.014066,1.108778,0.140926,-0.008327,0.122674,-0.037748,-0.181836,0.335200,1.163968,-0.189109,0.138796,-0.196519
5.596611,-5.529085,0.754621,0.009919,-0.002310,-0.088641,0.996012,-0.079232,-0.213203,0.450612,0.121929,-0.171053,0.009257,0.265852,0.159190,-0.279173,0.126770,-0.418198,0.009727,0.117593,0.025535,0.110022,0.134305,0.088839,-0.002102,1.100748,0.173465,-0.019569,0.130188,-0.038336,-0.182496,0.336011,1.165634,-0.186231,0.136658,-0.193204
5.597318,-5.529192,0.754755,0.010007,-0.002729,-0.089203,0.995959,-0.076959,-0.213236,0.451398,0.121770,-0.172890,0.006458,0.267607,0.159128,-0.276110,0.126828,-0.416800,0.007993,0.115871,0.025777,0.110697,0.137951,0.088506,0.009352,1.093818,0.155500,-0.002630,0.129031,-0.037216,-0.182140,0.336323,1.169773,-0.197876,0.138208,-0.196415
5.597160,-5.529208,0.754656,0.010711,-0.001904,-0.088105,0.996052,-0.079391,-0.214902,0.451225,0.121750,-0.170953,0.003678,0.265803,0.156943,-0.281960,0.126743,-0.419326,0.020846,0.112366,0.024058,0.111831,0.128507,0.088943,0.010929,1.095669,0.144131,0.033580,0.137036,-0.039755,-0.182316,0.339023,1.174700,-0.188659,0.132947,-0.194262
5.597527,-5.528959,0.754917,0.010197,-0.001458,-0.088824,0.995994,-0.079893,-0.214069,0.451182,0.121672,-0.173278,0.001749,0.264935,0.157367,-0.281299,0.127127,-0.417511,0.018584,0.109064,0.026314,0.109648,0.133431,0.090309,-0.003153,1.077786,0.147913,0.016367,0.167756,-0.041734,-0.183035,0.341802,1.181164,-0.187871,0.131356,-0.188575
5.598805,-5.528788,0.755052,0.009406,-0.002127,-0.092585,0.995658,-0.075932,-0.210951,0.457142,0.121282,-0.174595,-0.005991,0.268363,0.158524,-0.272494,0.126773,-0.415198,0.014852,0.108217,0.030282,0.107988,0.143298,0.090973,-0.000009,1.071586,0.153698,0.017616,0.168962,-0.042636,-0.182996,0.343690,1.187589,-0.196005,0.132701,-0.187200
5.599140,-5.528494,0.755063,0.009301,-0.001938,-0.092487,0.995669,-0.075708,-0.211521,0.456990,0.120846,-0.176752,-0.005509,0.268718,0.158086,-0.273141,0.126035,-0.415325,0.018363,0.105557,0.028234,0.109723,0.130175,0.092986,0.026086,1.099361,0.155821,0.032763,0.160507,-0.041983,-0.183197,0.348097,1.185754,-0.198163,0.131717,-0.184572
5.600036,-5.528185,0.755063,0.009328,-0.001108,-0.091053,0.995802,-0.076148,-0.212819,0.454875,0.120397,-0.176658,-0.009171,0.268428,0.157582,-0.275773,0.125495,-0.415917,0.021343,0.105606,0.029732,0.104781,0.129016,0.094054,0.019806,1.086310,0.159739,0.047786,0.165027,-0.034180,-0.183423,0.345173,1.183547,-0.212869,0.134922,-0.186011
5.600085,-5.527820,0.755061,0.009032,-0.000995,-0.091802,0.995736,-0.076769,-0.212136,0.455714,0.120657,-0.177000,-0.010613,0.268219,0.157320,-0.274789,0.125483,-0.416979,0.024622,0.108606,0.028734,0.105973,0.118507,0.095767,0.034053,1.104586,0.107657,0.126950,0.187686,-0.032226,-0.184134,0.342054,1.182025,-0.218651,0.134397,-0.188234
5.599144,-5.527595,0.755288,0.008200,-0.001808,-0.097636,0.995187,-0.076296,-0.207296,0.466340,0.121345,-0.179796,-0.008642,0.267752,0.158209,-0.263656,0.126819,-0.414903,0.019764,0.118688,0.029028,0.111355,0.108307,0.099097,0.027745,1.090119,0.077543,0.175923,0.243981,-0.035839,-0.185937,0.349481,1.182410,-0.206878,0.129252,-0.185104
5.598505,-5.527487,0.755243,0.007883,-0.001177,-0.099272,0.995028,-0.078802,-0.204923,0.469666,0.121312,-0.175736,-0.012144,0.265355,0.159082,-0.260281,0.126809,-0.414907,0.023209,0.121956,0.029237,0.112588,0.106822,0.105227,-0.001804,1.088275,0.114553,0.164815,0.249927,-0.036021,-0.187481,0.359718,1.181842,-0.208672,0.127980,-0.179498
5.598291,-5.527263,0.755411,0.007332,-0.000506,-0.099761,0.994984,-0.080274,-0.203412,0.471195,0.121523,-0.178492,-0.012519,0.263841,0.160420,-0.258359,0.125944,-0.413663,0.023922,0.129586,0.029086,0.111869,0.100098,0.108790,0.000219,1.097929,0.123976,0.170491,0.247213,-0.030927,-0.187808,0.357973,1.180461,-0.223627,0.130791,-0.181787
5.597686,-5.526371,0.755572,0.005797,-0.000064,-0.100382,0.994932,-0.082189,-0.200689,0.470726,0.121699,-0.179069,-0.013048,0.261616,0.162817,-0.255782,0.125996,-0.410339,0.021259,0.122163,0.026892,0.110861,0.101037,0.113293,-0.005203,1.102193,0.125155,0.167122,0.250718,-0.042149,-0.188471,0.377746,1.190307,-0.211855,0.125639,-0.176960
5.596704,-5.526107,0.755526,0.005677,0.000957,-0.100697,0.994901,-0.086071,-0.199363,0.472646,0.121605,-0.175517,-0.014643,0.257778,0.164160,-0.252317,0.125988,-0.406591,0.030885,0.124368,0.025406,0.105582,0.108015,0.120208,-0.043623,1.072816,0.088209,0.149026,0.231386,-0.042689,-0.189681,0.369874,1.191196,-0.220748,0.128838,-0.180772
5.595827,-5.525930,0.755878,0.004570,0.000203,-0.100807,0.994895,-0.085116,-0.197251,0.471092,0.121458,-0.175509,-0.017624,0.257975,0.164949,-0.254585,0.126313,-0.406456,0.030771,0.114440,0.025257,0.107718,0.127715,0.128708,-0.059308,1.054372,0.169117,0.050876,0.156556,-0.048532,-0.186769,0.366769,1.187662,-0.222550,0.129006,-0.182239
5.594714,-5.524559,0.756310,0.003029,-0.001588,-0.099638,0.995018,-0.082420,-0.196078,0.467803,0.120582,-0.171093,-0.023430,0.260202,0.166171,-0.256016,0.126332,-0.403754,0.028961,0.107934,0.024154,0.110184,0.125450,0.132191,-0.046960,1.063692,0.152393,0.065112,0.147860,-0.054487,-0.184597,0.371231,1.188064,-0.230517,0.129125,-0.184934
5.594217,-5.522888,0.757002,0.001974,-0.003160,-0.101617,0.994817,-0.080233,-0.195019,0.469760,0.120472,-0.167086,-0.023955,0.262292,0.165482,-0.249187,0.126329,-0.397911,0.031355,0.106676,0.023316,0.108466,0.127812,0.132220,-0.040406,1.066246,0.140123,0.063304,0.145175,-0.056324,-0.183836,0.365372,1.183899,-0.221154,0.125773,-0.185128
5.592279,-5.521501,0.758178,0.001879,-0.003996,-0.100872,0.994890,-0.082686,-0.195585,0.467530,0.120878,-0.152209,-0.025858,0.260424,0.162818,-0.247462,0.126315,-0.390918,0.040329,0.108594,0.020137,0.106134,0.124731,0.132168,-0.037758,1.064493,0.140812,0.063839,0.145853,-0.056671,-0.183521,0.367244,1.184055,-0.252692,0.134909,-0.192937
5.590230,-5.519137,0.759952,0.001512,-0.004962,-0.101147,0.994858,-0.085063,-0.196072,0.469465,0.120431,-0.129511,-0.034596,0.257930,0.159497,-0.238110,0.125948,-0.378929,0.050701,0.106782,0.021234,0.104011,0.123565,0.131547,-0.040530,1.068278,0.137433,0.064328,0.142040,-0.059860,-0.183401,0.367835,1.186208,-0.247057,0.131712,-0.200192
5.587146,-5.516137,0.762254,0.001165,-0.007661,-0.099635,0.994994,-0.085633,-0.197778,0.466525,0.119730,-0.100407,-0.040661,0.257196,0.155240,-0.222115,0.125442,-0.364456,0.065005,0.106076,0.019719,0.105034,0.121482,0.127424,-0.023352,1.063516,0.147355,0.053658,0.135932,-0.060870,-0.183218,0.361109,1.184492,-0.246636,0.132264,-0.199284
5.582191,-5.513045,0.764708,0.001014,-0.009174,-0.094635,0.995469,-0.092312,-0.200494,0.455908,0.118346,-0.060592,-0.052225,0.250607,0.153787,-0.199781,0.124784,-0.347691,0.073498,0.102170,0.016705,0.106118,0.112033,0.119661,0.009225,1.072611,0.158135,0.039680,0.119017,-0.062510,-0.182809,0.347098,1.178496,-0.233829,0.127293,-0.197174
5.578437,-5.508291,0.767480,-0.000506,-0.013493,-0.094603,0.995424,-0.090405,-0.197887,0.457215,0.117653,-0.030543,-0.063238,0.250990,0.150434,-0.153090,0.124159,-0.332583,0.078957,0.103172,0.024295,0.104609,0.112217,0.114510,-0.008540,1.070645,0.161851,0.032403,0.122995,-0.062289,-0.185311,0.351519,1.179568,-0.247059,0.130159,-0.201722
5.572532,-5.502925,0.770183,-0.003036,-0.015659,-0.095212,0.995329,-0.096067,-0.189645,0.466287,0.115993,-0.003587,-0.081016,0.241706,0.153038,-0.076829,0.124371,-0.311722,0.083076,0.100255,0.033019,0.105670,0.113008,0.109361,-0.007347,1.059038,0.142697,0.043950,0.126553,-0.065845,-0.188091,0.346186,1.170735,-0.244099,0.128067,-0.202407
5.565236,-5.496853,0.772716,-0.004084,-0.019757,-0.091273,0.995622,-0.098426,-0.188739,0.468950,0.115168,0.010158,-0.081100,0.234584,0.154540,0.015897,0.123516,-0.292408,0.092137,0.097324,0.039941,0.110648,0.111983,0.102532,-0.011702,1.048465,0.139237,0.037093,0.123930,-0.064937,-0.192986,0.340930,1.162080,-0.251879,0.128655,-0.206747
5.556736,-5.489498,0.774177,-0.004211,-0.024783,-0.089241,0.995693,-0.104138,-0.193218,0.467960,0.114389,0.035941,-0.081501,0.228341,0.153095,0.114897,0.124226,-0.283631,0.105306,0.093982,0.046890,0.122972,0.109064,0.096588,-0.023186,1.035547,0.146049,0.033331,0.129401,-0.067103,-0.199003,0.338630,1.151197,-0.270872,0.132122,-0.208798
5.546408,-5.481298,0.775389,-0.003130,-0.028201,-0.081623,0.996259,-0.119932,-0.201669,0.470405,0.114842,0.092436,-0.081416,0.218014,0.143017,0.144789,0.126187,-0.274148,0.067980,0.088227,0.053460,0.136958,0.091613,0.092280,-0.034556,1.038024,0.147323,0.032810,0.135290,-0.067006,-0.208416,0.333175,1.137766,-0.263541,0.126784,-0.212817
5.532739,-5.473569,0.776808,0.000171,-0.030292,-0.063380,0.997530,-0.152862,-0.203473,0.485872,0.141017,0.158297,-0.081181,0.200622,0.126582,0.098032,0.128042,-0.264628,0.024345,0.078341,0.055624,0.158483,0.058480,0.088795,-0.026110,1.047399,0.154823,0.037027,0.132317,-0.062041,-0.215585,0.321357,1.119694,-0.275861,0.128925,-0.214678
5.521955,-5.468908,0.773474,-0.010932,-0.034839,-0.051887,0.997985,-0.219600,-0.201383,0.351646,0.226004,0.464001,-0.202032,0.197648,0.149990,0.053518,0.126893,-0.268096,-0.024414,0.081560,0.080245,0.168210,0.045557,0.091210,-0.018231,1.039523,0.189440,0.015550,0.119750,-0.049328,-0.217904,0.320699,1.121243,-0.268167,0.125211,-0.209792
5.510590,-5.462389,0.770010,-0.020804,-0.043128,-0.040034,0.998050,-0.298456,-0.191095,0.270018,0.342318,0.523600,-0.261800,0.202676,0.165690,0.008344,0.125160,-0.282614,-0.066831,0.096232,0.106334,0.183859,0.024320,0.090377,-0.007356,1.049200,0.210655,0.012210,0.114582,-0.037171,-0.221793,0.333463,1.136222,-0.241073,0.114655,-0.199117
5.498507,-5.453576,0.771516,-0.006975,-0.046563,-0.019033,0.998710,-0.322426,-0.207951,0.295963,0.370359,0.523600,-0.261800,0.193702,0.116021,-0.043650,0.126265,-0.284880,-0.033574,0.087721,0.091920,0.199664,0.026356,0.088116,-0.010199,1.015967,0.208918,0.001261,0.122838,-0.032589,-0.226497,0.344329,1.155686,-0.226259,0.108552,-0.186835
5.487755,-5.446697,0.773294,-0.003325,-0.047284,0.001583,0.998875,-0.341124,-0.169316,0.367228,0.427056,0.428075,-0.261800,0.181702,0.093282,-0.082840,0.126648,-0.276484,-0.021497,0.075915,0.093310,0.204525,0.031267,0.086868,-0.009107,1.005687,0.216629,0.000489,0.121637,-0.027991,-0.227384,0.356697,1.176301,-0.203149,0.110423,-0.178797
5.477270,-5.441328,0.775677,-0.003712,-0.047014,0.017544,0.998733,-0.366433,-0.070123,0.490210,0.553221,0.277285,-0.261800,0.168412,0.082148,-0.114140,0.125088,-0.261815,-0.019968,0.084584,0.098784,0.202391,0.034687,0.081153,0.006038,1.009442,0.217122,-0.005959,0.124391,-0.011803,-0.226296,0.353735,1.189556,-0.202009,0.113688,-0.173035
5.468147,-5.434751,0.778043,0.000473,-0.044820,0.041629,0.998127,-0.353291,-0.010116,0.601743,0.585407,0.199004,-0.215776,0.155194,0.056765,-0.159366,0.126074,-0.251605,-0.014036,0.081943,0.094422,0.195768,0.040393,0.077521,0.010024,1.018936,0.208854,0.000721,0.121547,0.014377,-0.221871,0.336908,1.186743,-0.210471,0.116716,-0.166308
5.458620,-5.428478,0.779710,0.002485,-0.046543,0.067272,0.996645,-0.336747,0.023494,0.640419,0.586494,0.164996,-0.215139,0.152533,0.033431,-0.211324,0.125712,-0.243220,-0.009206,0.081287,0.091296,0.198231,0.037918,0.080542,0.013330,1.037933,0.166868,-0.003542,0.104103,0.035268,-0.218908,0.324729,1.182908,-0.207944,0.120095,-0.166539
5.449457,-5.422646,0.781865,0.008383,-0.045649,0.096468,0.994253,-0.240479,0.176091,0.897196,0.666897,-0.017029,-0.125529,0.146977,0.001017,-0.265196,0.128620,-0.238254,-0.003611,0.073231,0.075346,0.202653,0.035797,0.088890,0.018418,1.048709,0.147591,-0.000222,0.096339,0.049507,-0.213810,0.325934,1.175579,-0.200267,0.115731,-0.159809
5.440866,-5.416292,0.782664,0.009315,-0.045861,0.122259,0.991394,-0.192860,0.255394,0.985153,0.703034,-0.091627,-0.066645,0.147440,-0.019472,-0.314509,0.125741,-0.231938,0.000634,0.075559,0.070210,0.204779,0.034992,0.094291,0.024671,1.056287,0.152502,0.001923,0.109299,0.060408,-0.208336,0.335902,1.178118,-0.226009,0.125892,-0.162138
5.431705,-5.408835,0.783691,0.009973,-0.042584,0.148960,0.987876,-0.155914,0.319929,1.041084,0.722443,-0.157830,-0.035180,0.136970,-0.045145,-0.365446,0.133720,-0.229386,0.005579,0.077016,0.064782,0.197511,0.032664,0.096439,0.037848,1.067389,0.110481,-0.002367,0.118625,0.063418,-0.208018,0.334496,1.188573,-0.220884,0.125200,-0.161274
5.423667,-5.400321,0.784353,0.009011,-0.038748,0.176636,0.983472,-0.117203,0.384325,1.088630,0.738014,-0.207488,-0.012098,0.134810,-0.067015,-0.417829,0.129488,-0.222071,0.011849,0.071971,0.059999,0.185355,0.035041,0.097107,0.043591,1.068878,0.131058,0.035466,0.121838,0.062989,-0.209308,0.325442,1.200222,-0.210121,0.122029,-0.155787
5.416127,-5.391098,0.783894,0.005155,-0.039073,0.198086,0.979392,-0.062025,0.469462,1.146844,0.769896,-0.246784,0.003898,0.135143,-0.082508,-0.457451,0.137613,-0.219531,0.015383,0.074706,0.063037,0.176302,0.046997,0.097835,0.045614,1.064858,0.121401,0.020628,0.100017,0.058791,-0.209518,0.333538,1.204548,-0.233855,0.147368,-0.154461
5.408121,-5.380444,0.783091,0.001344,-0.038001,0.222239,0.974250,-0.015574,0.540269,1.185941,0.787362,-0.278069,0.019198,0.130157,-0.106104,-0.503792,0.160114,-0.224487,0.019411,0.069746,0.062331,0.164334,0.056583,0.099702,0.060407,1.064506,0.136669,0.015639,0.057955,0.050043,-0.214651,0.326632,1.209564,-0.204310,0.137752,-0.161945
5.399416,-5.369222,0.781621,-0.003422,-0.041973,0.247117,0.968070,0.041628,0.616570,1.225638,0.816229,-0.325502,0.052232,0.162965,-0.109253,-0.548272,0.119570,-0.201865,0.037933,0.064915,0.063940,0.164214,0.060426,0.101549,0.049029,1.063164,0.137628,0.025869,0.064985,0.043259,-0.219387,0.342486,1.209072,-0.200829,0.148120,-0.155990
5.390555,-5.356139,0.780312,-0.007310,-0.043942,0.276090,0.960099,0.101030,0.672742,1.283481,0.829129,-0.366453,0.095789,0.181396,-0.127391,-0.602126,0.119838,-0.195819,0.048896,0.052700,0.064105,0.158616,0.060658,0.102358,0.035393,1.072583,0.141062,0.017596,0.072161,0.039747,-0.223604,0.325349,1.196050,-0.218098,0.169824,-0.158161
5.380250,-5.340242,0.778843,-0.011111,-0.044236,0.311018,0.949309,0.135204,0.699961,1.313101,0.825701,-0.375390,0.112304,0.203871,-0.153530,-0.672758,0.121466,-0.189570,0.059978,0.046920,0.065260,0.147466,0.054144,0.098341,0.045570,1.086737,0.163288,0.009460,0.019654,0.051894,-0.232667,0.306891,1.180198,-0.227950,0.141738,-0.200589
5.369102,-5.320831,0.777078,-0.013889,-0.046191,0.340787,0.938902,0.147859,0.697383,1.284614,0.806647,-0.333629,0.099734,0.217342,-0.197800,-0.731782,0.165607,-0.194642,0.059866,0.047850,0.073450,0.135695,0.053436,0.085750,0.037663,1.091400,0.181287,0.022305,0.007789,0.062077,-0.247833,0.294096,1.170095,-0.236149,0.147189,-0.194879
5.355163,-5.299659,0.773356,-0.011074,-0.042347,0.371894,0.927243,0.110403,0.613950,1.159767,0.721557,-0.238873,-0.050535,0.195952,-0.296607,-0.777147,0.303874,-0.234295,0.056138,0.056878,0.069558,0.117764,0.049391,0.073296,-0.003804,1.095202,0.162992,0.023625,0.040836,0.074884,-0.269263,0.299000,1.172378,-0.227684,0.143814,-0.196543
5.337955,-5.277278,0.768973,0.000201,-0.033580,0.407302,0.912676,0.069913,0.486313,1.048403,0.647663,-0.284869,-0.060327,0.184088,-0.428576,-0.826333,0.444358,-0.260870,0.047769,0.070090,0.049750,0.103362,0.041296,0.061468,-0.024527,1.096980,0.225526,0.031197,0.041389,0.091614,-0.293418,0.292064,1.174495,-0.220486,0.140764,-0.184508
5.320730,-5.255415,0.766415,0.019505,-0.026057,0.439948,0.897433,0.066652,0.351659,1.004359,0.581680,-0.313344,-0.028242,0.191939,-0.570101,-0.854068,0.562539,-0.247475,0.043739,0.079218,0.017819,0.103234,0.036584,0.061408,-0.045597,1.095923,0.226576,0.034871,0.035605,0.096042,-0.312566,0.286481,1.195169,-0.192610,0.127550,-0.177253
5.303319,-5.234013,0.764714,0.041756,-0.019706,0.471317,0.880754,0.078196,0.210606,0.951125,0.506295,-0.312404,0.000159,0.208741,-0.701432,-0.849860,0.652629,-0.163065,0.098672,0.094639,-0.015438,0.110842,0.029557,0.075188,-0.058986,1.099937,0.223199,0.037317,0.018601,0.101777,-0.319841,0.275876,1.211592,-0.195368,0.142283,-0.155024
5.283186,-5.212489,0.763471,0.053729,-0.020218,0.511094,0.857606,0.095435,0.096397,0.872750,0.431800,-0.309447,0.022536,0.234583,-0.798786,-0.840630,0.745532,-0.115522,0.091062,0.104357,-0.019482,0.122727,0.014479,0.089056,-0.063295,1.108488,0.217005,0.026879,0.026117,0.108861,-0.323580,0.291708,1.236368,-0.196019,0.147639,-0.139364
5.262307,-5.193933,0.762345,0.053428,-0.020716,0.556533,0.828847,0.092018,0.022696,0.772849,0.392630,-0.311727,0.038037,0.210933,-0.833788,-0.748622,0.834540,-0.101747,0.029711,0.096941,-0.005609,0.125442,0.003469,0.100025,-0.042129,1.088334,0.216323,0.032723,0.076787,0.114910,-0.329279,0.303842,1.234715,-0.170724,0.135828,-0.132170
5.246281,-5.178555,0.762470,0.050564,-0.023251,0.592357,0.803751,0.097060,-0.021886,0.694238,0.370022,-0.309358,0.050440,0.120264,-0.742857,-0.473912,0.856856,-0.096781,0.033106,0.087795,0.007668,0.128927,0.005211,0.126636,-0.025558,1.055523,0.183765,0.020818,0.120007,0.099203,-0.325481,0.313065,1.223851,-0.164598,0.128540,-0.125097
5.234124,-5.165779,0.763938,0.046598,-0.029103,0.627133,0.776972,0.105797,-0.046355,0.614555,0.360084,-0.304203,0.057586,0.089171,-0.643762,-0.323860,0.874312,-0.137592,0.077773,0.078082,0.015939,0.138493,-0.000625,0.167991,-0.015153,1.033746,0.155930,0.009053,0.142589,0.074925,-0.301961,0.304160,1.197371,-0.179380,0.133855,-0.129610
5.222489,-5.153766,0.765908,0.040882,-0.031118,0.663594,0.746327,0.109229,-0.071840,0.528626,0.344572,-0.290376,0.062249,0.064859,-0.576269,-0.268221,0.898612,-0.165984,0.094642,0.067284,0.018560,0.139882,-0.016277,0.210503,-0.002827,1.025416,0.147553,0.013311,0.132355,0.059618,-0.270851,0.302061,1.195593,-0.177611,0.132899,-0.129192
5.212445,-5.143663,0.768036,0.033853,-0.029709,0.696591,0.716053,0.103465,-0.092710,0.447612,0.336871,-0.274020,0.063962,0.030311,-0.532761,-0.253896,0.912060,-0.202286,0.092481,0.063234,0.015792,0.140247,-0.036846,0.249350,0.013205,1.020324,0.132683,0.006819,0.129488,0.039304,-0.243881,0.297444,1.192281,-0.181409,0.132818,-0.131788
5.202795,-5.133050,0.769961,0.030666,-0.030506,0.726957,0.685319,0.114680,-0.114429,0.371250,0.322338,-0.254532,0.060530,0.009471,-0.501674,-0.266792,0.902829,-0.232844,0.101560,0.065474,0.010870,0.149182,-0.060345,0.279255,0.036849,1.018592,0.103215,0.008120,0.121998,0.019755,-0.227599,0.291588,1.189927,-0.184255,0.132802,-0.133893
5.193490,-5.123671,0.770847,0.025427,-0.022664,0.757876,0.651509,0.106100,-0.144373,0.291730,0.316717,-0.234686,0.062424,-0.046276,-0.494418,-0.287438,0.912591,-0.275541,0.048955,0.061605,-0.005017,0.149972,-0.087729,0.302752,0.056373,1.012634,0.070701,0.012829,0.119207,-0.031937,-0.212895,0.246245,1.031569,-0.256635,0.139039,-0.156836
5.183548,-5.112089,0.771725,0.021154,-0.017798,0.793910,0.607406,0.109356,-0.172148,0.188520,0.314042,-0.217693,0.066653,-0.095228,-0.447037,-0.272788,0.889974,-0.324066,0.011526,0.054770,-0.019829,0.147190,-0.126478,0.318050,0.045022,1.020271,0.048292,0.012756,0.133021,-0.044289,-0.203263,0.260240,0.990488,-0.154133,0.134703,-0.261766
5.174549,-5.101773,0.772868,0.016516,-0.016381,0.822375,0.568470,0.109210,-0.185219,0.107135,0.328596,-0.206669,0.090788,-0.151516,-0.364188,-0.229571,0.842572,-0.321718,0.018498,0.041884,-0.021062,0.156932,-0.151026,0.330443,0.031502,1.008461,0.055029,0.025286,0.113462,-0.078433,-0.203060,0.262165,0.981040,-0.193558,0.143528,-0.312315
5.165704,-5.091611,0.773548,0.011752,-0.013431,0.846211,0.532549,0.114313,-0.199642,0.032415,0.330491,-0.194572,0.102625,-0.233229,-0.257245,-0.099643,0.795175,-0.312396,0.032304,0.040001,-0.026653,0.166897,-0.179188,0.339837,0.003920,0.996700,0.059372,0.034996,0.096322,-0.109918,-0.213286,0.280424,0.978114,-0.246628,0.128132,-0.359649
5.156053,-5.079478,0.773864,0.008773,-0.011042,0.867706,0.496877,0.131344,-0.211454,-0.037892,0.327741,-0.184227,0.116909,-0.294528,-0.168738,-0.025991,0.735509,-0.284912,0.036627,0.040135,-0.035713,0.177847,-0.201082,0.343798,-0.022135,0.985813,0.065141,0.032934,0.079369,-0.146864,-0.230199,0.306492,1.003498,-0.257957,0.149557,-0.370756
5.144795,-5.066214,0.773526,0.004346,-0.007739,0.888313,0.459154,0.151593,-0.220771,-0.108947,0.319495,-0.178083,0.112327,-0.339850,-0.109900,0.006374,0.646678,-0.249335,0.057786,0.026946,-0.041167,0.182250,-0.213228,0.338307,-0.028562,0.972756,0.062782,0.033759,0.063040,-0.164536,-0.252410,0.309890,1.011734,-0.280479,0.165910,-0.360113
5.131824,-5.051445,0.772629,-0.001063,-0.003142,0.906966,0.421190,0.169610,-0.218109,-0.151029,0.315825,-0.177522,0.113111,-0.368493,-0.072328,0.002948,0.523793,-0.194856,0.074974,0.022961,-0.048003,0.181995,-0.231385,0.324773,-0.040466,0.972571,0.069890,0.035559,0.054820,-0.165825,-0.273051,0.304287,1.026488,-0.235036,0.150541,-0.379899
5.116228,-5.034290,0.770541,-0.003344,0.002517,0.922430,0.386142,0.203925,-0.222965,-0.197660,0.302530,-0.170012,0.108890,-0.359797,-0.049969,-0.010621,0.347132,-0.134750,0.103285,0.015043,-0.057995,0.178785,-0.234271,0.310432,-0.046297,0.976573,0.075859,0.035199,0.053159,-0.155797,-0.292834,0.314588,1.039961,-0.220661,0.150060,-0.380789
5.098303,-5.015912,0.766682,-0.001353,0.011942,0.935341,0.353543,0.245846,-0.234739,-0.231881,0.292510,-0.156945,0.111060,-0.324072,-0.044086,-0.035159,0.146316,-0.076753,0.134434,0.006484,-0.076388,0.176682,-0.227312,0.298807,-0.056079,0.983739,0.075827,0.033475,0.052894,-0.124570,-0.306847,0.297472,1.030080,-0.221391,0.128568,-0.329031
5.077672,-4.995923,0.762273,0.003807,0.018958,0.945404,0.325326,0.293204,-0.241952,-0.261113,0.296880,-0.141467,0.100019,-0.339895,-0.040269,-0.032030,0.118555,-0.090189,0.149371,0.002253,-0.092838,0.176710,-0.211884,0.290257,-0.066193,0.997797,0.077909,0.031958,0.053304,-0.091915,-0.313510,0.281672,1.035650,-0.210065,0.113764,-0.282744
5.053636,-4.973585,0.758514,0.009321,0.021150,0.952108,0.304888,0.337430,-0.240294,-0.286461,0.321398,-0.113536,0.069080,-0.326530,-0.029456,-0.051944,0.118398,-0.092470,0.144681,0.005130,-0.100282,0.171554,-0.181251,0.284728,-0.065282,1.017756,0.078233,0.031204,0.051876,-0.053323,-0.310759,0.273420,1.044332,-0.171506,0.096959,-0.240304
5.026723,-4.949515,0.755383,0.009894,0.013799,0.956738,0.290457,0.353736,-0.223223,-0.313856,0.395891,-0.084399,0.017581,-0.309693,0.014449,-0.008510,0.177990,-0.028074,0.105072,0.010809,-0.083890,0.151321,-0.138974,0.278985,-0.059758,1.048038,0.072833,0.026462,0.054207,-0.020172,-0.299484,0.271335,1.070995,-0.169787,0.099992,-0.218096
4.999397,-4.924501,0.753701,0.009171,-0.000199,0.961128,0.275950,0.350442,-0.204741,-0.378440,0.503511,-0.023141,-0.068601,-0.322122,0.049269,-0.020143,0.317672,-0.048383,0.073776,0.008713,-0.056357,0.129881,-0.095717,0.275053,-0.043562,1.085029,0.071409,0.034000,0.066828,0.009449,-0.280838,0.264807,1.092235,-0.154068,0.101464,-0.210399
4.973835,-4.901947,0.754492,0.014337,-0.016890,0.965673,0.258814,0.336730,-0.202460,-0.453684,0.639904,0.101775,-0.215722,-0.288611,0.076348,-0.047785,0.404879,-0.130350,0.045454,0.000187,-0.031295,0.131172,-0.060761,0.270178,-0.031709,1.130079,0.059246,0.027245,0.094246,0.030606,-0.255835,0.259206,1.112895,-0.151616,0.107103,-0.197943
4.950014,-4.882400,0.755478,0.022811,-0.023423,0.970669,0.238187,0.284167,-0.229698,-0.470722,0.813567,0.280002,-0.261800,-0.229984,0.076665,-0.076938,0.438862,-0.195187,0.041039,-0.003944,-0.029781,0.141076,-0.048880,0.268096,-0.044972,1.186424,0.065484,0.031859,0.100596,0.055367,-0.229348,0.246751,1.124328,-0.142076,0.105620,-0.187834
4.928910,-4.864014,0.757627,0.025489,-0.028006,0.974463,0.221333,0.177689,-0.226227,-0.424816,1.004148,0.307290,-0.261800,-0.164271,0.084328,-0.107855,0.418593,-0.227395,0.037563,0.002296,-0.030837,0.145390,-0.047102,0.269347,-0.071250,1.231281,0.096765,0.045570,0.078888,0.069334,-0.204290,0.255675,1.136905,-0.135578,0.105071,-0.183974
4.908286,-4.847763,0.760684,0.023877,-0.030099,0.976543,0.211869,0.032137,-0.110998,-0.260575,1.139535,0.165011,-0.151881,-0.102778,0.095121,-0.123881,0.373999,-0.237694,0.038426,0.012766,-0.031947,0.140356,-0.030821,0.268343,-0.092663,1.242311,0.128994,0.057993,0.064795,0.067863,-0.189094,0.261034,1.147698,-0.133132,0.102295,-0.155300
4.887623,-4.833890,0.764193,0.026883,-0.030282,0.975613,0.215728,-0.073854,0.052632,-0.052880,1.207635,0.030985,0.002293,-0.010822,0.108136,-0.113680,0.275751,-0.223837,0.045865,0.032284,-0.032073,0.144562,0.003077,0.260753,-0.088783,1.227885,0.144708,0.054068,0.069572,0.040877,-0.184624,0.336257,1.175521,-0.138672,0.103918,-0.189483
4.865969,-4.820835,0.767356,0.036171,-0.026820,0.973032,0.226232,-0.120347,0.162620,0.108342,1.210870,-0.088001,0.116476,0.088986,0.108560,-0.084209,0.186031,-0.208123,0.056170,0.051115,-0.038774,0.155960,0.051876,0.250495,-0.067157,1.201940,0.142893,0.042047,0.079203,0.016828,-0.188788,0.352256,1.158545,-0.141989,0.115165,-0.184907
4.845294,-4.809017,0.768367,0.040742,-0.019535,0.969838,0.239526,-0.164270,0.206817,0.218987,1.167382,-0.165182,0.167504,0.152450,0.095933,-0.075430,0.145217,-0.210766,0.068676,0.068195,-0.048748,0.160969,0.091805,0.239574,-0.046319,1.188438,0.141685,0.038037,0.085974,-0.007836,-0.197788,0.354586,1.127104,-0.186963,0.120348,-0.176563
4.825302,-4.797679,0.769316,0.043468,-0.019018,0.966626,0.251761,-0.210577,0.213189,0.264679,1.080616,-0.199233,0.168794,0.196835,0.098055,-0.038990,0.126142,-0.216782,0.049098,0.070975,-0.043742,0.170005,0.123751,0.231952,-0.026783,1.190862,0.142212,0.042506,0.079349,-0.034592,-0.210840,0.335133,1.074261,-0.158759,0.105441,-0.207315
4.805070,-4.787199,0.767762,0.044497,-0.015647,0.962330,0.267762,-0.259081,0.180041,0.267408,0.961067,-0.192342,0.133982,0.229238,0.090071,0.006828,0.125444,-0.238948,0.053486,0.078228,-0.043710,0.175150,0.143695,0.229890,-0.022529,1.215332,0.145153,0.046744,0.070179,-0.060365,-0.226386,0.320289,1.021185,-0.157493,0.086854,-0.235302
4.783180,-4.776765,0.765689,0.043426,-0.013455,0.957190,0.285869,-0.294036,0.146659,0.252841,0.815092,-0.169562,0.089766,0.261131,0.080061,0.036248,0.124259,-0.262422,0.058901,0.084374,-0.041185,0.171853,0.160588,0.231075,-0.025266,1.251721,0.136470,0.049416,0.069461,-0.083370,-0.242266,0.313579,0.978490,-0.133523,0.068460,-0.272041
4.760398,-4.766130,0.763355,0.042960,-0.010490,0.951604,0.304128,-0.308878,0.127890,0.253209,0.660379,-0.138824,0.055651,0.294635,0.066058,0.056341,0.124799,-0.285651,0.058062,0.088378,-0.041749,0.167535,0.174884,0.233366,-0.024514,1.286181,0.135323,0.055604,0.069321,-0.104841,-0.255890,0.314197,0.948429,-0.102746,0.050515,-0.286396
4.736567,-4.754532,0.761577,0.044754,-0.014494,0.946740,0.318546,-0.291045,0.136371,0.281982,0.507582,-0.115748,0.007987,0.312413,0.065344,0.094547,0.176230,-0.307702,0.049620,0.086408,-0.030578,0.170532,0.187775,0.236787,-0.016583,1.306956,0.123635,0.059395,0.064081,-0.119738,-0.265618,0.313151,0.934039,-0.104538,0.046095,-0.309063
4.711611,-4.743511,0.760254,0.043646,-0.010696,0.941756,0.333282,-0.273464,0.121846,0.309392,0.369815,-0.076220,-0.067264,0.336983,0.045555,0.124424,0.191267,-0.324329,0.045735,0.089891,-0.032719,0.164621,0.194324,0.238484,-0.007456,1.314958,0.121814,0.063578,0.064212,-0.122608,-0.272533,0.302809,0.927003,-0.104988,0.048031,-0.317322
4.684787,-4.732303,0.759273,0.044768,-0.007207,0.937858,0.344044,-0.246685,0.099865,0.313077,0.297397,-0.045704,-0.154032,0.360618,0.022505,0.148241,0.223381,-0.340027,0.037411,0.088185,-0.033312,0.158928,0.198480,0.238923,0.001371,1.310454,0.114050,0.064726,0.067821,-0.110496,-0.277623,0.283476,0.928398,-0.096134,0.045223,-0.305761
4.655698,-4.720098,0.757906,0.048045,-0.000572,0.935391,0.350336,-0.268233,0.067408,0.278039,0.401904,-0.074267,-0.054724,0.374330,-0.006824,0.174459,0.286990,-0.362101,0.025321,0.084122,-0.039156,0.146923,0.200651,0.239491,0.008240,1.302031,0.114730,0.056682,0.068996,-0.080776,-0.282729,0.272373,0.943077,-0.075519,0.040205,-0.313809
4.625677,-4.708063,0.756529,0.049667,0.003470,0.934697,0.351942,-0.261350,0.051245,0.289476,0.489647,-0.149018,0.023721,0.393409,-0.028658,0.188289,0.339850,-0.364264,0.011003,0.073849,-0.036683,0.131022,0.193810,0.237397,0.010899,1.288391,0.111384,0.055820,0.079306,-0.046175,-0.288885,0.262096,0.967264,-0.050539,0.046965,-0.315770
4.593947,-4.695570,0.756746,0.053464,0.013169,0.931378,0.359865,-0.211606,0.021201,0.323638,0.497691,-0.186603,0.031634,0.372299,-0.061310,0.208079,0.466772,-0.360241,-0.012005,0.076682,-0.041735,0.113648,0.186174,0.230649,0.012956,1.269535,0.115041,0.053444,0.086627,-0.006632,-0.297770,0.258381,1.007182,-0.018053,0.039412,-0.312326
4.563847,-4.682556,0.758214,0.058267,0.026233,0.927148,0.369207,-0.138739,-0.024971,0.358898,0.453176,-0.209952,0.030179,0.317407,-0.093521,0.230180,0.643740,-0.319167,-0.026633,0.077527,-0.056441,0.096905,0.177524,0.225778,0.026222,1.247168,0.109944,0.047739,0.090316,0.030239,-0.297102,0.246429,1.054056,-0.003777,0.053507,-0.292397
4.536685,-4.670452,0.759479,0.059025,0.040253,0.920581,0.383962,-0.068621,-0.073937,0.392155,0.380887,-0.212773,0.021304,0.235402,-0.105045,0.299935,0.826195,-0.233080,0.025889,0.081812,-0.072994,0.079894,0.164025,0.221819,0.032903,1.217213,0.118331,0.046707,0.100803,0.048430,-0.290869,0.257828,1.121841,0.034488,0.057910,-0.291908
4.513295,-4.658716,0.761150,0.064389,0.044981,0.914789,0.396223,0.005061,-0.108248,0.405542,0.322432,-0.207924,0.016819,0.162052,-0.090105,0.351245,0.999025,-0.101878,0.113252,0.076128,-0.078983,0.087821,0.142495,0.222863,0.036688,1.184588,0.123011,0.040537,0.102627,0.065150,-0.277406,0.254883,1.164677,0.059985,0.073965,-0.274097
4.493061,-4.647456,0.762671,0.068842,0.044991,0.911499,0.402996,0.074905,-0.132390,0.411164,0.264861,-0.199650,0.000426,0.084076,-0.095727,0.333239,1.149449,-0.051900,0.211795,0.058036,-0.079361,0.100751,0.111427,0.230272,0.015368,1.167231,0.125307,0.026329,0.120783,0.083572,-0.261726,0.260329,1.188333,0.080422,0.075731,-0.265601
4.474797,-4.636132,0.765316,0.074765,0.041333,0.910743,0.404040,0.146295,-0.150060,0.400675,0.209163,-0.177639,-0.009789,-0.007799,-0.178385,0.211626,1.269205,-0.154492,0.120750,0.032791,-0.077839,0.118898,0.069545,0.244947,-0.031316,1.164127,0.125341,0.018848,0.131719,0.110895,-0.246247,0.272675,1.188946,0.075656,0.071298,-0.258557
4.458135,-4.624565,0.768144,0.078186,0.036147,0.911114,0.403053,0.206743,-0.157088,0.386859,0.165002,-0.155492,-0.028807,-0.087690,-0.248714,0.102424,1.328876,-0.210460,0.050162,0.007109,-0.074390,0.131915,0.016979,0.260099,-0.086015,1.179033,0.141324,0.019813,0.131051,0.140051,-0.231848,0.282642,1.178566,0.061853,0.070873,-0.252115
4.442682,-4.612615,0.770973,0.079793,0.029623,0.911133,0.403228,0.260542,-0.155197,0.377358,0.129421,-0.134285,-0.044324,-0.152118,-0.276112,0.022885,1.329973,-0.268859,-0.000277,-0.012839,-0.068378,0.145648,-0.033761,0.273426,-0.140370,1.179333,0.158563,0.029256,0.118743,0.168230,-0.218111,0.283342,1.164335,0.042463,0.069345,-0.255397
4.428166,-4.600675,0.773136,0.079410,0.023787,0.911115,0.403730,0.295121,-0.146680,0.369289,0.124525,-0.128350,-0.055212,-0.209696,-0.270497,-0.033526,1.266660,-0.300246,-0.002029,-0.029397,-0.063264,0.157549,-0.081449,0.284103,-0.186449,1.171034,0.179273,0.030248,0.103885,0.191072,-0.204923,0.274630,1.155297,0.037648,0.061851,-0.263221
4.413826,-4.588443,0.773965,0.076213,0.019088,0.910364,0.406282,0.321925,-0.137908,0.372623,0.122652,-0.130486,-0.060231,-0.266950,-0.239756,-0.068062,1.155906,-0.310156,-0.007766,-0.040249,-0.057008,0.166106,-0.119168,0.291189,-0.216864,1.147178,0.194824,0.022802,0.099740,0.207825,-0.195023,0.262754,1.151539,0.039249,0.064347,-0.263896
4.399701,-4.575111,0.773328,0.070264,0.015134,0.909469,0.409513,0.343822,-0.127006,0.382571,0.121017,-0.139794,-0.069217,-0.309535,-0.197706,-0.099427,0.992146,-0.291337,-0.003667,-0.046432,-0.049692,0.168150,-0.150621,0.292888,-0.228239,1.118950,0.200021,0.017914,0.108711,0.215779,-0.190210,0.262336,1.162869,0.052659,0.061975,-0.267132
4.385112,-4.560162,0.771463,0.065162,0.014427,0.908965,0.411495,0.367046,-0.123108,0.383416,0.119452,-0.148732,-0.080120,-0.316654,-0.157615,-0.126764,0.762187,-0.250030,0.037352,-0.051755,-0.049118,0.165104,-0.170855,0.291575,-0.226825,1.088800,0.210580,0.013838,0.104694,0.220367,-0.188491,0.268844,1.182887,0.056944,0.075116,-0.262479
4.369647,-4.544029,0.768673,0.061395,0.015446,0.909555,0.410734,0.392820,-0.123037,0.380516,0.117952,-0.153346,-0.092243,-0.297356,-0.123799,-0.161175,0.492085,-0.179933,0.084245,-0.058674,-0.051774,0.160330,-0.187831,0.287307,-0.231813,1.068820,0.212375,0.007421,0.102034,0.223282,-0.189613,0.270820,1.199929,0.059228,0.074124,-0.263651
4.353347,-4.525806,0.765372,0.060154,0.018033,0.910864,0.407902,0.423811,-0.126268,0.368250,0.116909,-0.148357,-0.106038,-0.269729,-0.095641,-0.178039,0.246388,-0.096420,0.079026,-0.065831,-0.057293,0.154317,-0.198631,0.280248,-0.242902,1.062739,0.210666,0.004741,0.101030,0.231068,-0.193386,0.264390,1.205545,0.067163,0.083239,-0.266286
4.336431,-4.505038,0.761353,0.063739,0.023562,0.912319,0.403802,0.462841,-0.137004,0.344082,0.117405,-0.126444,-0.091860,-0.250939,-0.099134,-0.213583,0.116978,-0.079216,0.082356,-0.067898,-0.073505,0.147227,-0.204522,0.272783,-0.258946,1.075496,0.214307,0.004538,0.096412,0.245131,-0.197039,0.259159,1.205972,0.083695,0.062026,-0.281394
4.319133,-4.481951,0.758882,0.064206,0.020702,0.912940,0.402479,0.505420,-0.122341,0.331098,0.119402,-0.097286,-0.127861,-0.245542,-0.096309,-0.262896,0.116169,-0.098156,0.059909,-0.065794,-0.071460,0.138626,-0.194761,0.264431,-0.267926,1.090278,0.216658,0.011933,0.098000,0.253827,-0.200258,0.252516,1.208279,0.078310,0.072339,-0.277006
4.301000,-4.457706,0.758641,0.058967,0.011483,0.912732,0.404119,0.507187,-0.077582,0.328791,0.197655,-0.076963,-0.150385,-0.245172,-0.083918,-0.294376,0.193086,-0.067058,-0.004107,-0.058375,-0.050853,0.124295,-0.172976,0.252804,-0.269957,1.112550,0.217028,0.006349,0.103979,0.255590,-0.205606,0.248208,1.210737,0.082115,0.060202,-0.285759
4.282358,-4.431122,0.757942,0.054210,0.002761,0.914816,0.400206,0.472808,-0.018851,0.313932,0.347507,-0.053693,-0.185752,-0.289524,-0.082632,-0.302788,0.372788,-0.082354,-0.088523,-0.061399,-0.033234,0.102714,-0.140748,0.244367,-0.272257,1.140303,0.216421,0.010609,0.096881,0.259751,-0.208825,0.240811,1.212442,0.084474,0.055599,-0.291588
4.264454,-4.404080,0.758079,0.049027,-0.007266,0.916824,0.396204,0.416837,0.049323,0.293841,0.522016,0.010349,-0.234348,-0.289915,-0.061829,-0.302757,0.470348,-0.162647,-0.138965,-0.067171,-0.015532,0.080787,-0.102074,0.236407,-0.260538,1.179512,0.214812,0.014870,0.098718,0.250964,-0.210050,0.236419,1.219837,0.104301,0.066354,-0.291571
4.247702,-4.378987,0.758205,0.048663,-0.015833,0.918429,0.392262,0.341605,0.110680,0.261670,0.724884,0.099768,-0.210330,-0.250462,-0.043067,-0.313234,0.505785,-0.224417,-0.137862,-0.072336,-0.004550,0.077727,-0.065671,0.229421,-0.240128,1.212280,0.213847,0.026629,0.096207,0.231489,-0.211943,0.218934,1.212504,0.106890,0.080360,-0.295434
4.232792,-4.355902,0.758933,0.050188,-0.026976,0.920835,0.385767,0.242719,0.176379,0.221964,0.939929,0.226974,-0.126563,-0.186340,-0.016750,-0.334827,0.496183,-0.267987,-0.137811,-0.076768,0.008874,0.088051,-0.043060,0.227068,-0.241627,1.251704,0.199420,0.026456,0.089132,0.206753,-0.215061,0.207718,1.194770,0.108356,0.077613,-0.307238
4.219266,-4.335450,0.760341,0.051954,-0.036987,0.921126,0.384005,0.153513,0.225497,0.187638,1.103440,0.282395,-0.093465,-0.117976,0.016767,-0.341953,0.458116,-0.288777,-0.136439,-0.070729,0.021545,0.103940,-0.026589,0.227286,-0.252955,1.287814,0.184008,0.029561,0.086047,0.174363,-0.221286,0.199096,1.168274,0.091415,0.071875,-0.319537
4.205567,-4.317424,0.762900,0.058069,-0.041115,0.917469,0.391393,0.097131,0.262761,0.196544,1.197394,0.152459,-0.100512,-0.048038,0.039333,-0.323321,0.412980,-0.301957,-0.128857,-0.049543,0.024425,0.124373,-0.006481,0.225043,-0.258761,1.310990,0.173718,0.033723,0.091796,0.136119,-0.233373,0.198740,1.137807,0.068045,0.069688,-0.319022
4.192344,-4.301217,0.765903,0.061306,-0.039394,0.910404,0.407251,0.052239,0.327969,0.275927,1.232437,0.035916,-0.121046,0.002188,0.052356,-0.282439,0.374882,-0.308183,-0.124071,-0.019565,0.022244,0.135741,0.022631,0.221904,-0.251585,1.310946,0.180945,0.039179,0.082026,0.091859,-0.249068,0.211942,1.104970,0.049488,0.069626,-0.324300
4.179820,-4.286626,0.768998,0.064032,-0.039081,0.900650,0.428022,0.018305,0.387996,0.364642,1.217714,-0.075185,-0.075597,0.049813,0.064586,-0.241809,0.335837,-0.303771,-0.116577,0.009634,0.023788,0.151260,0.055849,0.219981,-0.234323,1.294078,0.181171,0.040396,0.072090,0.043209,-0.263113,0.213994,1.060238,0.006475,0.071342,-0.322111
4.167421,-4.272266,0.771153,0.068323,-0.038141,0.890944,0.447320,-0.010692,0.419459,0.433261,1.150230,-0.151594,-0.049471,0.099692,0.070554,-0.194307,0.297037,-0.303437,-0.110259,0.027023,0.021265,0.168729,0.088768,0.221401,-0.223062,1.279104,0.177526,0.037020,0.071302,-0.000968,-0.273629,0.213612,1.005717,0.003076,0.047436,-0.348145
4.155371,-4.258261,0.772231,0.069089,-0.036759,0.881027,0.466548,-0.057514,0.415614,0.450728,1.047824,-0.176802,-0.065796,0.131186,0.072366,-0.154532,0.283663,-0.315061,-0.115006,0.039011,0.018568,0.180312,0.114929,0.225251,-0.217847,1.271623,0.201971,0.041312,0.063618,-0.043610,-0.277929,0.203770,0.943294,-0.004770,0.041721,-0.355993
4.143241,-4.244631,0.772301,0.069990,-0.038034,0.871814,0.483317,-0.100526,0.400340,0.435221,0.920377,-0.165413,-0.087038,0.183189,0.077794,-0.120477,0.231360,-0.311908,-0.101020,0.041668,0.017920,0.196269,0.133287,0.232602,-0.211506,1.272408,0.197959,0.042935,0.065131,-0.082090,-0.277288,0.195850,0.882592,-0.005700,0.034869,-0.365957
4.130381,-4.230912,0.771676,0.066014,-0.038947,0.862682,0.499905,-0.145184,0.372253,0.387970,0.767834,-0.144783,-0.127918,0.216864,0.083893,-0.081763,0.198485,-0.314570,-0.099363,0.040238,0.019278,0.199972,0.144238,0.241230,-0.209965,1.286065,0.196580,0.045757,0.061708,-0.110753,-0.269050,0.179294,0.820362,0.020282,0.023844,-0.373525
4.116695,-4.216516,0.770388,0.061534,-0.041030,0.854213,0.514636,-0.168050,0.345205,0.330005,0.592888,-0.111582,-0.164790,0.253991,0.088530,-0.048457,0.162927,-0.318484,-0.099884,0.033662,0.022881,0.200706,0.148651,0.250383,-0.211036,1.306286,0.187873,0.046521,0.063765,-0.126551,-0.255150,0.159537,0.759534,0.042512,0.020189,-0.372986
4.102425,-4.202215,0.767839,0.054451,-0.039292,0.846626,0.527935,-0.188748,0.314573,0.259382,0.423230,-0.073262,-0.162055,0.272223,0.083712,-0.022767,0.150726,-0.329167,-0.074204,0.029610,0.021218,0.191868,0.142958,0.260381,-0.209069,1.325551,0.191482,0.053340,0.062121,-0.127979,-0.240017,0.136891,0.702461,0.046177,0.020619,-0.365014
4.087439,-4.187571,0.765313,0.047639,-0.039295,0.838698,0.541084,-0.186999,0.289916,0.193355,0.255519,-0.049254,-0.181489,0.285101,0.080470,0.006152,0.154029,-0.350657,-0.070632,0.027311,0.023440,0.185219,0.135256,0.269880,-0.198390,1.328404,0.186666,0.050320,0.068030,-0.120316,-0.227801,0.124820,0.659812,0.052413,0.017268,-0.373182
4.070960,-4.172674,0.762659,0.043133,-0.040661,0.830458,0.553919,-0.164280,0.268455,0.146773,0.113633,-0.023979,-0.233892,0.304707,0.073720,0.036106,0.157669,-0.371224,-0.071176,0.027017,0.028129,0.183721,0.124534,0.277458,-0.188048,1.315034,0.179206,0.046037,0.078473,-0.107216,-0.222086,0.117435,0.636880,0.059703,0.020690,-0.372776
4.052696,-4.158072,0.760224,0.042651,-0.037528,0.824510,0.562988,-0.176517,0.239130,0.115137,0.111349,-0.027737,-0.261800,0.327558,0.047904,0.053691,0.162741,-0.384973,-0.047248,0.023762,0.024271,0.182435,0.105701,0.282734,-0.181812,1.294113,0.175217,0.044308,0.084426,-0.088809,-0.224427,0.108960,0.640184,0.072588,0.018750,-0.361581
4.033236,-4.143251,0.759853,0.048415,-0.028836,0.822399,0.566113,-0.157022,0.188871,0.124299,0.113912,0.007914,-0.229858,0.332096,0.002261,0.057508,0.218314,-0.420977,-0.035656,0.016008,0.007488,0.184373,0.077030,0.284733,-0.179845,1.267412,0.174912,0.044454,0.090915,-0.063258,-0.235539,0.099891,0.661379,0.091224,0.017697,-0.359471
4.012063,-4.127796,0.758562,0.053010,-0.019607,0.821078,0.568011,-0.187229,0.139089,0.094009,0.229171,0.007654,-0.176097,0.337296,-0.046205,0.059328,0.270821,-0.442276,-0.005151,0.012083,-0.005132,0.178442,0.047782,0.279530,-0.170091,1.230493,0.183599,0.042842,0.097718,-0.029839,-0.254874,0.087980,0.697177,0.106382,0.015376,-0.358084
3.989861,-4.111407,0.757318,0.057724,-0.011907,0.820413,0.568725,-0.204122,0.101220,0.100036,0.328528,-0.025522,-0.143296,0.345781,-0.091850,0.064072,0.323981,-0.448177,0.027282,0.009213,-0.011556,0.172031,0.016317,0.267740,-0.158585,1.180811,0.196217,0.052567,0.092940,0.005017,-0.279217,0.076489,0.751116,0.117711,0.019895,-0.361086
3.967040,-4.094221,0.756148,0.062780,-0.003359,0.818590,0.570927,-0.201881,0.064973,0.122754,0.399757,-0.079035,-0.114847,0.342307,-0.138802,0.077081,0.398189,-0.439275,0.065397,0.011824,-0.018531,0.157125,-0.007828,0.252986,-0.152033,1.121297,0.211662,0.052629,0.089684,0.045870,-0.301871,0.061414,0.816041,0.136704,0.022539,-0.354761
3.944257,-4.076166,0.755904,0.069823,0.004100,0.813830,0.576879,-0.162520,0.029996,0.158167,0.415956,-0.122879,-0.107447,0.325907,-0.183394,0.103152,0.500907,-0.412124,0.091850,0.013693,-0.025895,0.144795,-0.020591,0.239451,-0.150891,1.054837,0.215996,0.041551,0.097418,0.079923,-0.320389,0.051982,0.877276,0.165583,0.035955,-0.345113
3.922853,-4.058436,0.756609,0.077072,0.010558,0.805520,0.587440,-0.103264,-0.003111,0.201277,0.395369,-0.154386,-0.097269,0.279105,-0.219773,0.144287,0.646326,-0.359130,0.100513,0.013590,-0.034518,0.136899,-0.023224,0.229016,-0.142635,0.984595,0.223071,0.032990,0.107157,0.103361,-0.332221,0.046689,0.922944,0.192464,0.043250,-0.338342
3.903489,-4.042279,0.757485,0.081571,0.016299,0.793915,0.602312,-0.046223,-0.031306,0.246969,0.363157,-0.174586,-0.087981,0.194639,-0.241832,0.195731,0.827055,-0.282231,0.092153,0.014043,-0.042493,0.132026,-0.024263,0.224044,-0.128377,0.923270,0.224324,0.023622,0.106482,0.119615,-0.335525,0.038042,0.942409,0.195294,0.048172,-0.329944
3.886554,-4.027474,0.758166,0.087014,0.016923,0.779471,0.620135,0.019831,-0.053366,0.291319,0.323167,-0.191158,-0.083240,0.096645,-0.251810,0.237487,1.022181,-0.198738,0.077679,0.005943,-0.046599,0.142494,-0.024846,0.228212,-0.112567,0.875785,0.214818,0.022011,0.097348,0.124532,-0.332048,0.030884,0.930835,0.204467,0.045883,-0.331519
3.872588,-4.014898,0.757993,0.089485,0.015986,0.762806,0.640206,0.072713,-0.066834,0.340723,0.293787,-0.207657,-0.077905,-0.014136,-0.272785,0.243516,1.195233,-0.145347,0.087115,-0.003352,-0.051443,0.157371,-0.031065,0.244849,-0.105948,0.850636,0.199204,0.021821,0.091017,0.121115,-0.320501,0.023256,0.898254,0.205114,0.043815,-0.326784
3.860806,-4.002801,0.758100,0.090392,0.012128,0.745202,0.660573,0.123540,-0.073134,0.391533,0.267348,-0.221617,-0.075987,-0.114276,-0.309842,0.205647,1.310559,-0.231919,0.011972,-0.012513,-0.055591,0.173842,-0.043158,0.270310,-0.108605,0.859328,0.176999,0.014786,0.086023,0.117433,-0.303619,0.027578,0.864491,0.188126,0.030157,-0.327114
3.850808,-3.990816,0.758926,0.088781,0.007627,0.726515,0.681348,0.169670,-0.076190,0.441461,0.240376,-0.227314,-0.077089,-0.201974,-0.321616,0.165216,1.364181,-0.301634,-0.048668,-0.021954,-0.059304,0.186951,-0.053118,0.296955,-0.112270,0.887629,0.161677,0.013384,0.081559,0.111525,-0.283991,0.040351,0.834561,0.170914,0.024670,-0.337825
3.842252,-3.978471,0.760148,0.083925,0.004690,0.706766,0.702437,0.206162,-0.077264,0.492170,0.215271,-0.226400,-0.083707,-0.272437,-0.290365,0.131154,1.349367,-0.363819,-0.078119,-0.031640,-0.062664,0.189774,-0.059136,0.319932,-0.112090,0.932496,0.150461,0.017502,0.071816,0.101235,-0.261386,0.052357,0.821898,0.152871,0.026896,-0.336697
3.834881,-3.965863,0.761812,0.079757,-0.001805,0.687013,0.722253,0.246941,-0.074277,0.540129,0.194620,-0.220787,-0.098069,-0.305375,-0.241784,0.079163,1.265244,-0.388877,-0.080125,-0.040740,-0.062596,0.197218,-0.060590,0.335931,-0.107977,0.970749,0.141988,0.033476,0.060907,0.094452,-0.238434,0.060587,0.815614,0.156017,0.027269,-0.335499
3.828647,-3.952925,0.762834,0.074626,-0.005189,0.668029,0.740366,0.272086,-0.071228,0.584084,0.192234,-0.218859,-0.108203,-0.317341,-0.198761,0.004117,1.123718,-0.381950,-0.068456,-0.048437,-0.063504,0.193682,-0.051639,0.342227,-0.096810,0.979278,0.163265,0.064589,0.043652,0.094846,-0.217302,0.067125,0.819219,0.155631,0.024005,-0.338649
3.823545,-3.939277,0.763177,0.070993,-0.008249,0.649454,0.757035,0.294597,-0.070275,0.622874,0.200989,-0.219893,-0.107565,-0.293858,-0.157970,-0.091795,0.924690,-0.346816,-0.036542,-0.049114,-0.065268,0.190436,-0.033944,0.336594,-0.072146,0.951312,0.178504,0.076666,0.032000,0.104905,-0.198772,0.066039,0.825862,0.156044,0.020272,-0.339290
3.819512,-3.925050,0.762324,0.066309,-0.009556,0.631836,0.772202,0.311853,-0.067378,0.659521,0.215138,-0.225661,-0.126722,-0.254696,-0.127116,-0.233697,0.731047,-0.358735,-0.087652,-0.045427,-0.064587,0.180389,-0.013360,0.322126,-0.043810,0.905443,0.160700,0.063083,0.023859,0.119110,-0.183183,0.059748,0.837094,0.168760,0.030503,-0.342339
3.816850,-3.909701,0.760663,0.059577,-0.008872,0.617513,0.784251,0.317941,-0.057901,0.684974,0.245480,-0.239697,-0.157339,-0.204817,-0.137326,-0.483143,0.611863,-0.363720,-0.186314,-0.041931,-0.060192,0.160721,0.000176,0.302172,-0.026048,0.863310,0.124986,0.048446,0.025458,0.143006,-0.172619,0.053490,0.858316,0.194280,0.025821,-0.343313
3.815233,-3.895023,0.758916,0.054316,-0.010947,0.600699,0.797553,0.324331,-0.040954,0.713484,0.293160,-0.253085,-0.174938,-0.128147,-0.144536,-0.720449,0.553710,-0.409447,-0.238510,-0.029640,-0.052587,0.150230,0.000662,0.279263,-0.015531,0.839084,0.113976,0.045688,0.031451,0.159123,-0.167922,0.054042,0.899110,0.217794,0.021928,-0.338615
3.814177,-3.879677,0.758274,0.049692,-0.015971,0.584716,0.809558,0.332984,-0.017708,0.733183,0.350502,-0.254562,-0.197276,-0.099301,-0.117726,-0.727099,0.532586,-0.426551,-0.259021,-0.023896,-0.041509,0.145742,-0.003510,0.252811,-0.005366,0.839401,0.111722,0.044230,0.041506,0.161864,-0.169153,0.067404,0.967592,0.234567,0.022373,-0.332948
3.812921,-3.865563,0.757375,0.045910,-0.018327,0.568960,0.820878,0.317016,0.017172,0.747932,0.458412,-0.250184,-0.219804,-0.098420,-0.099292,-0.647495,0.538218,-0.435536,-0.220652,-0.027032,-0.033134,0.139897,-0.010982,0.225600,0.005170,0.863672,0.097316,0.042299,0.051492,0.155585,-0.174713,0.086197,1.035261,0.243189,0.037167,-0.323890
3.812886,-3.851887,0.757590,0.038006,-0.027143,0.558516,0.828178,0.280606,0.092625,0.739298,0.626156,-0.224499,-0.248431,-0.065860,-0.062043,-0.621532,0.506143,-0.431790,-0.205362,-0.039831,-0.012008,0.140872,-0.030204,0.204454,-0.008044,0.915081,0.091899,0.044582,0.062265,0.164944,-0.176677,0.082542,1.058095,0.247814,0.051103,-0.321210
3.813603,-3.839983,0.757618,0.029502,-0.033591,0.547035,0.835915,0.213452,0.172176,0.695032,0.817865,-0.167343,-0.254366,-0.034483,-0.022667,-0.604738,0.461376,-0.422630,-0.201046,-0.045654,0.002328,0.140563,-0.052812,0.192378,-0.031726,0.957073,0.109518,0.057151,0.053162,0.184091,-0.174242,0.075201,1.045292,0.247287,0.045004,-0.324583
3.813815,-3.829459,0.756484,0.026363,-0.041377,0.529481,0.846902,0.144852,0.219655,0.615232,0.982590,-0.097918,-0.261800,-0.013120,0.000559,-0.568738,0.455928,-0.429875,-0.199709,-0.044135,0.005066,0.151843,-0.060732,0.186332,-0.042246,0.952184,0.147919,0.082353,0.030882,0.194142,-0.172214,0.077043,1.025975,0.235037,0.033018,-0.326571
3.812108,-3.819706,0.754848,0.028053,-0.040340,0.506476,0.860853,0.075693,0.218262,0.539095,1.093758,-0.026543,-0.261800,-0.029682,-0.009719,-0.514251,0.504641,-0.453650,-0.192878,-0.045955,-0.009516,0.153469,-0.047965,0.185750,-0.041155,0.921761,0.134196,0.070108,0.035225,0.184212,-0.172894,0.087945,1.014321,0.221257,0.031151,-0.331650
3.809372,-3.809837,0.753763,0.031431,-0.036834,0.477033,0.877551,0.028368,0.201836,0.483719,1.154261,-0.021525,-0.261800,-0.054197,-0.021518,-0.444779,0.551751,-0.470138,-0.184205,-0.050320,-0.029265,0.151686,-0.023785,0.189023,-0.026127,0.893974,0.104554,0.041232,0.061197,0.160999,-0.174013,0.089076,0.998876,0.219283,0.036580,-0.331944
3.807483,-3.800113,0.754058,0.033011,-0.041651,0.440054,0.896397,0.024205,0.236030,0.470634,1.188726,-0.055182,-0.261800,-0.048756,-0.008214,-0.371803,0.559803,-0.475649,-0.182034,-0.045969,-0.037949,0.160008,-0.006274,0.195638,-0.007621,0.896173,0.081595,0.033644,0.086166,0.136680,-0.173622,0.086148,0.979312,0.218811,0.031545,-0.332274
3.806403,-3.790511,0.754665,0.026800,-0.049107,0.396876,0.916166,0.035555,0.318645,0.476353,1.205634,-0.089371,-0.261800,-0.035472,0.030540,-0.294302,0.541956,-0.459463,-0.177973,-0.031389,-0.029206,0.165721,0.004309,0.204863,0.011052,0.923196,0.065858,0.040991,0.089228,0.121756,-0.172749,0.081950,0.943839,0.225852,0.015510,-0.337048
3.803713,-3.781746,0.755288,0.017626,-0.060189,0.347062,0.935743,0.062337,0.408373,0.484084,1.198253,-0.143639,-0.261800,-0.017660,0.080715,-0.194965,0.518370,-0.432595,-0.166208,-0.005385,-0.009849,0.182042,0.012113,0.214185,0.033797,0.949923,0.048116,0.049115,0.080668,0.106847,-0.174669,0.071208,0.904880,0.218690,0.005293,-0.333642
