0.000564,0.023903,0.767541,-0.029458,-0.025231,-0.723670,0.689055,0.175792,0.114999,0.374152,0.120917,-0.177355,-0.115447,0.146263,-0.084304,-0.128570,0.150401,-0.261549,0.073911,-0.042278,-0.009072,0.200561,-0.015676,0.141984,-0.384409,1.188664,0.245939,0.059134,0.141196,-0.027974,-0.166583,0.675134,1.151111,-0.063993,0.068977,-0.257702
0.000512,0.023826,0.767562,-0.029265,-0.025068,-0.723771,0.688964,0.175368,0.115069,0.374123,0.120926,-0.177361,-0.115366,0.145710,-0.084233,-0.128231,0.150414,-0.261506,0.073710,-0.042177,-0.009523,0.200659,-0.013662,0.141505,-0.380773,1.185524,0.245300,0.058901,0.141117,-0.028433,-0.166174,0.674409,1.150917,-0.063821,0.069660,-0.257105
0.000425,0.023774,0.767565,-0.028904,-0.024737,-0.723853,0.688905,0.174436,0.115197,0.374561,0.120895,-0.177333,-0.115521,0.144987,-0.084023,-0.128066,0.149607,-0.261251,0.074258,-0.041035,-0.009550,0.199422,-0.013935,0.141270,-0.378989,1.185109,0.248102,0.059669,0.141151,-0.027845,-0.166013,0.674472,1.151267,-0.065816,0.069419,-0.257925
0.000258,0.023789,0.767609,-0.028916,-0.024711,-0.723435,0.689344,0.173999,0.115446,0.373288,0.120952,-0.177018,-0.115199,0.144862,-0.083841,-0.129326,0.150491,-0.261737,0.072702,-0.041825,-0.009962,0.199569,-0.015407,0.141209,-0.378468,1.185673,0.247414,0.059183,0.140902,-0.028105,-0.165789,0.674437,1.151531,-0.063575,0.068295,-0.256846
0.000249,0.023715,0.767550,-0.028832,-0.024759,-0.723458,0.689321,0.174090,0.115273,0.373320,0.120897,-0.177109,-0.115855,0.145540,-0.084015,-0.129532,0.149248,-0.261494,0.074234,-0.041242,-0.010343,0.199484,-0.015512,0.141103,-0.375691,1.184508,0.248623,0.059087,0.140763,-0.027871,-0.165329,0.671136,1.151875,-0.065592,0.068516,-0.257267
0.000077,0.023693,0.767632,-0.028478,-0.024421,-0.723111,0.689713,0.172698,0.115471,0.372036,0.120894,-0.176368,-0.115983,0.144352,-0.083877,-0.130325,0.149961,-0.261548,0.072776,-0.040677,-0.011029,0.198603,-0.016922,0.140831,-0.374221,1.184882,0.249775,0.058643,0.141647,-0.028827,-0.164994,0.669632,1.153650,-0.062320,0.067740,-0.255116
-0.000086,0.023564,0.767620,-0.028189,-0.024191,-0.722810,0.690047,0.171804,0.115676,0.371373,0.120875,-0.176241,-0.116740,0.144266,-0.083805,-0.131366,0.149347,-0.261396,0.072973,-0.041093,-0.011403,0.197783,-0.018419,0.140686,-0.374724,1.185008,0.249163,0.058729,0.140660,-0.030142,-0.164548,0.669504,1.155848,-0.065444,0.069930,-0.258441
-0.000270,0.023473,0.767646,-0.028005,-0.024020,-0.722028,0.690880,0.170730,0.115828,0.368878,0.120873,-0.175739,-0.117327,0.144598,-0.083719,-0.133685,0.148940,-0.261486,0.072608,-0.042597,-0.012133,0.196977,-0.021278,0.141120,-0.376840,1.185896,0.247309,0.059003,0.138090,-0.031823,-0.163579,0.667038,1.157913,-0.063259,0.068520,-0.258338
-0.000552,0.023392,0.767645,-0.027623,-0.023957,-0.720842,0.692134,0.169179,0.115551,0.365396,0.120842,-0.174882,-0.117998,0.145175,-0.084102,-0.136887,0.148429,-0.262195,0.072361,-0.043887,-0.013919,0.196006,-0.024026,0.141765,-0.378200,1.187250,0.248008,0.058333,0.139374,-0.032934,-0.161992,0.661172,1.159029,-0.064209,0.068711,-0.258396
-0.000794,0.023290,0.767667,-0.027404,-0.023844,-0.719894,0.693133,0.168009,0.115649,0.362738,0.120842,-0.174334,-0.118516,0.145995,-0.084102,-0.139451,0.147316,-0.261939,0.073073,-0.045317,-0.015133,0.195127,-0.027460,0.142557,-0.381470,1.188773,0.239858,0.056833,0.137402,-0.035046,-0.160398,0.656042,1.161141,-0.061626,0.067461,-0.255686
-0.000983,0.023173,0.767691,-0.026955,-0.023454,-0.719049,0.694040,0.166120,0.115707,0.360434,0.120836,-0.173813,-0.119053,0.145400,-0.084148,-0.141958,0.147510,-0.262332,0.071854,-0.045863,-0.015749,0.193053,-0.030548,0.143026,-0.383322,1.189298,0.240373,0.057575,0.134765,-0.036545,-0.159142,0.651997,1.162256,-0.059722,0.067336,-0.258122
-0.001225,0.022950,0.767658,-0.026923,-0.023551,-0.718073,0.695048,0.165762,0.115680,0.357641,0.120857,-0.173689,-0.119359,0.146883,-0.084254,-0.144916,0.146946,-0.262754,0.072058,-0.046479,-0.016432,0.192093,-0.032538,0.142844,-0.381186,1.188898,0.245341,0.057816,0.133823,-0.037730,-0.158089,0.645932,1.161974,-0.063722,0.067090,-0.259378
-0.001392,0.022695,0.767636,-0.026883,-0.023485,-0.717703,0.695433,0.165707,0.115906,0.356514,0.120869,-0.173795,-0.119702,0.147506,-0.084027,-0.146065,0.146730,-0.263089,0.071829,-0.046881,-0.016378,0.190857,-0.035093,0.142706,-0.382957,1.189208,0.246869,0.058670,0.134764,-0.039733,-0.157602,0.643107,1.162625,-0.061792,0.066366,-0.256293
-0.001516,0.022452,0.767578,-0.027019,-0.023797,-0.717432,0.695697,0.166603,0.115725,0.355917,0.120882,-0.174056,-0.119837,0.148758,-0.084303,-0.146744,0.146966,-0.264041,0.071866,-0.045946,-0.015555,0.188946,-0.041254,0.142657,-0.388471,1.194669,0.239562,0.056717,0.132624,-0.040842,-0.156828,0.640840,1.164197,-0.065058,0.069047,-0.257533
-0.001647,0.022225,0.767590,-0.026859,-0.023637,-0.717375,0.695768,0.166389,0.115889,0.355718,0.120875,-0.174039,-0.120039,0.148601,-0.084062,-0.146857,0.146984,-0.264239,0.071520,-0.043612,-0.015200,0.187411,-0.042207,0.142108,-0.385331,1.192862,0.238406,0.056516,0.129709,-0.041716,-0.156512,0.640034,1.165247,-0.063930,0.068674,-0.257969
-0.001773,0.021952,0.767511,-0.027114,-0.023923,-0.717434,0.695688,0.167754,0.116089,0.356140,0.120848,-0.174412,-0.120897,0.149791,-0.083973,-0.146735,0.147229,-0.265193,0.071284,-0.043420,-0.014850,0.187046,-0.042926,0.140090,-0.377612,1.192141,0.244688,0.057091,0.129544,-0.043582,-0.156227,0.639392,1.165740,-0.056436,0.066271,-0.255311
-0.001863,0.021473,0.767440,-0.027525,-0.024318,-0.717978,0.695096,0.170280,0.116344,0.357763,0.120863,-0.175329,-0.121262,0.151656,-0.083645,-0.145280,0.146747,-0.265845,0.072257,-0.042310,-0.014055,0.186042,-0.042420,0.138453,-0.374560,1.191140,0.246440,0.057651,0.130858,-0.044428,-0.156134,0.638050,1.165573,-0.061301,0.069801,-0.257261
-0.001927,0.021150,0.767413,-0.027475,-0.024434,-0.717937,0.695137,0.170872,0.116136,0.357946,0.120830,-0.175548,-0.121783,0.152273,-0.083964,-0.145721,0.146893,-0.266379,0.072313,-0.043256,-0.013592,0.183786,-0.042777,0.137283,-0.375957,1.191782,0.241185,0.056384,0.132042,-0.045805,-0.156274,0.636075,1.165619,-0.060004,0.070567,-0.257865
-0.002044,0.020830,0.767323,-0.027847,-0.024898,-0.717733,0.695316,0.172563,0.116100,0.357297,0.120853,-0.176108,-0.121868,0.154276,-0.084044,-0.146182,0.146909,-0.267184,0.072515,-0.043561,-0.013882,0.183510,-0.040995,0.135754,-0.371847,1.189575,0.244438,0.057236,0.132595,-0.046325,-0.156774,0.633924,1.164375,-0.058613,0.069951,-0.257564
-0.002051,0.020580,0.767258,-0.028388,-0.025378,-0.717748,0.695261,0.174677,0.116151,0.357471,0.120894,-0.176796,-0.121741,0.156196,-0.083971,-0.146281,0.147232,-0.268098,0.072371,-0.044944,-0.013500,0.182926,-0.040545,0.134800,-0.373006,1.190494,0.241670,0.056450,0.132366,-0.047495,-0.157267,0.632383,1.164702,-0.061260,0.070467,-0.256814
-0.002001,0.020570,0.767192,-0.028826,-0.026179,-0.717630,0.695335,0.176637,0.115400,0.357572,0.120866,-0.176730,-0.121626,0.158293,-0.084819,-0.146752,0.147356,-0.268583,0.073360,-0.044211,-0.014030,0.183083,-0.040549,0.134020,-0.374049,1.191050,0.239140,0.055836,0.131961,-0.047714,-0.157801,0.630982,1.164496,-0.062587,0.070395,-0.257967
-0.001847,0.020686,0.767242,-0.029624,-0.026894,-0.717456,0.695454,0.178748,0.115201,0.357222,0.120897,-0.176659,-0.121077,0.160173,-0.085206,-0.147305,0.148270,-0.268243,0.073456,-0.043743,-0.013432,0.184120,-0.040982,0.132704,-0.374439,1.191426,0.238202,0.056133,0.130689,-0.047672,-0.158753,0.630987,1.164025,-0.062594,0.071061,-0.258128
-0.001302,0.021345,0.767449,-0.029893,-0.027149,-0.717112,0.695787,0.178177,0.114228,0.356473,0.120884,-0.175274,-0.119597,0.159735,-0.086389,-0.148537,0.149046,-0.265657,0.074735,-0.042892,-0.012695,0.185255,-0.042528,0.131281,-0.373662,1.191422,0.239551,0.055979,0.131609,-0.048614,-0.159818,0.632376,1.164307,-0.063510,0.071173,-0.258611
-0.000371,0.022429,0.767792,-0.030394,-0.027063,-0.716946,0.695939,0.176936,0.113687,0.356217,0.120966,-0.173496,-0.116912,0.157791,-0.086982,-0.148929,0.150700,-0.261652,0.074834,-0.042712,-0.010221,0.187468,-0.044434,0.129109,-0.371574,1.191349,0.243213,0.055576,0.135602,-0.050051,-0.161756,0.635403,1.164232,-0.063551,0.071083,-0.259219
0.001126,0.024238,0.768213,-0.030283,-0.026989,-0.716846,0.696050,0.173542,0.111284,0.356061,0.120949,-0.170845,-0.113475,0.153550,-0.089495,-0.148770,0.152485,-0.256992,0.076363,-0.041351,-0.008584,0.189579,-0.048640,0.127748,-0.373048,1.193039,0.243103,0.054908,0.136522,-0.053011,-0.164174,0.639288,1.165166,-0.060420,0.070994,-0.259740
0.002992,0.026879,0.768511,-0.030642,-0.028055,-0.715204,0.697680,0.169939,0.106871,0.351665,0.121895,-0.167776,-0.108853,0.151767,-0.094276,-0.152397,0.154571,-0.253223,0.078674,-0.043914,-0.008607,0.195791,-0.054730,0.127931,-0.379581,1.194737,0.235674,0.052103,0.139286,-0.057694,-0.166551,0.640804,1.166961,-0.060249,0.069704,-0.258788
0.005519,0.029787,0.768875,-0.029845,-0.027916,-0.715090,0.697836,0.163411,0.101875,0.351567,0.122351,-0.164894,-0.102693,0.144377,-0.099432,-0.151936,0.156917,-0.248195,0.081558,-0.043273,-0.008196,0.199217,-0.057654,0.128546,-0.383257,1.193533,0.236954,0.052196,0.140869,-0.062444,-0.168724,0.640916,1.167118,-0.058352,0.067197,-0.258943
0.008767,0.033458,0.769174,-0.028990,-0.028294,-0.715558,0.697378,0.157449,0.094752,0.353234,0.121549,-0.160907,-0.096088,0.135567,-0.106503,-0.148877,0.160276,-0.242960,0.085332,-0.041777,-0.008378,0.203846,-0.060093,0.128992,-0.385398,1.193040,0.234722,0.050938,0.141948,-0.069094,-0.171082,0.641891,1.165504,-0.058288,0.067630,-0.258901
0.012834,0.037769,0.769284,-0.027621,-0.029129,-0.716215,0.696724,0.150717,0.084649,0.355632,0.120425,-0.157030,-0.087477,0.115324,-0.117900,-0.143922,0.185209,-0.247766,0.090290,-0.040820,-0.009485,0.209377,-0.061034,0.128898,-0.386951,1.191913,0.234959,0.050642,0.141565,-0.076376,-0.173808,0.644499,1.163373,-0.058340,0.066070,-0.259864
0.017614,0.042778,0.769366,-0.025213,-0.029255,-0.717501,0.695486,0.140042,0.073414,0.359951,0.120050,-0.152685,-0.077817,0.089237,-0.130540,-0.136429,0.212548,-0.251112,0.095500,-0.041120,-0.010903,0.214332,-0.058698,0.127791,-0.382989,1.188173,0.241227,0.050947,0.141433,-0.085586,-0.176863,0.646038,1.159453,-0.061394,0.066896,-0.259323
0.022958,0.048712,0.769251,-0.022120,-0.029625,-0.719831,0.693164,0.127985,0.060212,0.367517,0.119568,-0.148236,-0.066490,0.055349,-0.145130,-0.124038,0.249084,-0.256168,0.101350,-0.039515,-0.012527,0.218201,-0.062545,0.127560,-0.392068,1.192941,0.239427,0.051106,0.141855,-0.096420,-0.179264,0.648802,1.157862,-0.056419,0.066594,-0.259645
0.028783,0.055518,0.768959,-0.018113,-0.030063,-0.723219,0.689727,0.113759,0.045391,0.379478,0.118869,-0.142557,-0.054873,0.012023,-0.161157,-0.106274,0.296158,-0.261210,0.107883,-0.038283,-0.016496,0.222643,-0.063582,0.128156,-0.395098,1.196133,0.233157,0.048889,0.138664,-0.108610,-0.180587,0.648044,1.154320,-0.057332,0.065565,-0.257687
0.034765,0.063101,0.768464,-0.013505,-0.030340,-0.727730,0.685059,0.097697,0.030687,0.394981,0.117998,-0.136187,-0.043594,-0.041500,-0.176565,-0.083291,0.355232,-0.263850,0.115941,-0.037909,-0.022422,0.230978,-0.059827,0.130310,-0.388233,1.189998,0.240898,0.051306,0.138288,-0.122769,-0.180242,0.647620,1.146086,-0.056604,0.067640,-0.257977
0.040765,0.071413,0.767934,-0.008583,-0.029906,-0.733670,0.678794,0.079482,0.017830,0.414673,0.117056,-0.129148,-0.032920,-0.104072,-0.188042,-0.053138,0.420995,-0.257587,0.127044,-0.037266,-0.028632,0.237797,-0.062382,0.137011,-0.399925,1.192034,0.227812,0.051898,0.139979,-0.138639,-0.175602,0.647361,1.140888,-0.057493,0.069409,-0.257008
0.046421,0.080029,0.767519,-0.005543,-0.029691,-0.738967,0.673064,0.063650,0.008390,0.432442,0.116293,-0.121555,-0.021971,-0.159647,-0.194357,-0.026906,0.478085,-0.242604,0.135212,-0.037386,-0.033586,0.248468,-0.063075,0.143148,-0.399902,1.194161,0.225340,0.052075,0.139972,-0.151875,-0.167676,0.647623,1.134808,-0.062462,0.071330,-0.260674
0.051251,0.088376,0.767236,-0.002815,-0.029177,-0.742176,0.669564,0.046780,0.000619,0.444539,0.115711,-0.112745,-0.011967,-0.201103,-0.200502,-0.014789,0.514286,-0.226496,0.140790,-0.038855,-0.037320,0.255611,-0.067381,0.148807,-0.405348,1.202913,0.237338,0.055664,0.142020,-0.156003,-0.157311,0.646330,1.127687,-0.062977,0.070757,-0.258601
0.054868,0.096403,0.766693,-0.002549,-0.031348,-0.742597,0.668999,0.037269,-0.007458,0.448480,0.115316,-0.103783,-0.002425,-0.216242,-0.213571,-0.030586,0.534382,-0.229277,0.146888,-0.042109,-0.042340,0.266407,-0.073981,0.155706,-0.413203,1.210940,0.227385,0.054575,0.138577,-0.153790,-0.143725,0.648626,1.122225,-0.065409,0.071749,-0.259303
0.057672,0.103897,0.766140,-0.003975,-0.034855,-0.741668,0.669849,0.032923,-0.014666,0.448740,0.114957,-0.094746,0.004549,-0.216678,-0.223233,-0.041239,0.574996,-0.271555,0.151198,-0.042355,-0.045380,0.275419,-0.079367,0.162065,-0.415379,1.213347,0.225438,0.054697,0.138460,-0.145026,-0.128656,0.655274,1.122967,-0.062660,0.067311,-0.258526
0.059062,0.111078,0.765801,-0.005467,-0.037490,-0.740054,0.671479,0.027581,-0.018557,0.446476,0.114781,-0.085853,0.010549,-0.215069,-0.228707,-0.045540,0.652005,-0.312356,0.146055,-0.039683,-0.046272,0.277972,-0.080575,0.167157,-0.407144,1.207443,0.218910,0.052359,0.140482,-0.132575,-0.113791,0.658854,1.127116,-0.054137,0.060853,-0.282651
0.059704,0.118275,0.765871,-0.007694,-0.039586,-0.740736,0.670585,0.023682,-0.017824,0.448353,0.114680,-0.076022,0.016636,-0.207792,-0.231306,-0.048952,0.745662,-0.346462,0.127480,-0.032178,-0.045672,0.277669,-0.074105,0.170349,-0.386847,1.190374,0.217203,0.051315,0.143965,-0.127891,-0.103881,0.649316,1.132639,-0.055868,0.057965,-0.295915
0.059173,0.125093,0.765876,-0.010081,-0.040896,-0.741207,0.669953,0.019494,-0.014068,0.449298,0.114794,-0.068406,0.021965,-0.188429,-0.227840,-0.046835,0.831598,-0.366623,0.118530,-0.027744,-0.046145,0.274189,-0.061740,0.173103,-0.364853,1.168598,0.221889,0.049561,0.148965,-0.132083,-0.102550,0.647345,1.140117,-0.059838,0.055207,-0.289318
0.058166,0.132261,0.765586,-0.011907,-0.042103,-0.743041,0.667814,0.014134,-0.009343,0.452576,0.115039,-0.062591,0.027514,-0.160873,-0.212437,-0.022098,0.895235,-0.360452,0.123391,-0.021505,-0.047000,0.268839,-0.043563,0.172443,-0.336839,1.143669,0.243452,0.051239,0.152619,-0.139758,-0.107932,0.661879,1.148672,-0.056344,0.061821,-0.280721
0.056757,0.139745,0.764994,-0.012852,-0.045589,-0.744525,0.665912,0.010576,-0.009501,0.455821,0.114976,-0.053218,0.033065,-0.119428,-0.200932,0.008680,0.930879,-0.347310,0.146928,-0.020587,-0.051979,0.265296,-0.030979,0.172277,-0.332073,1.133432,0.249925,0.052273,0.154421,-0.144675,-0.114997,0.670232,1.152048,-0.062009,0.067606,-0.269141
0.055288,0.146360,0.764156,-0.012991,-0.050813,-0.750472,0.658818,0.012702,-0.010633,0.472266,0.114491,-0.045643,0.035622,-0.069366,-0.201528,0.040411,0.943011,-0.340826,0.170212,-0.008407,-0.058389,0.259346,-0.013998,0.168747,-0.324305,1.129422,0.255653,0.054184,0.152752,-0.143194,-0.122760,0.674928,1.152056,-0.058424,0.066844,-0.266766
0.053086,0.154411,0.763232,-0.013270,-0.053185,-0.755058,0.653363,0.007473,-0.005635,0.485986,0.114266,-0.037433,0.036171,-0.018833,-0.216420,0.043040,0.936380,-0.341040,0.170437,-0.003325,-0.060095,0.251422,-0.003943,0.163906,-0.324822,1.138963,0.250950,0.054491,0.155754,-0.142349,-0.129359,0.675332,1.148224,-0.058856,0.067254,-0.270686
0.050093,0.163583,0.762450,-0.013482,-0.055844,-0.759578,0.647875,0.001101,0.000562,0.499312,0.114047,-0.024533,0.037133,0.033979,-0.240092,0.034454,0.907298,-0.336776,0.167122,-0.001507,-0.062393,0.244532,-0.001933,0.162086,-0.350500,1.163121,0.219110,0.050768,0.153947,-0.142674,-0.133460,0.675338,1.145777,-0.061955,0.066144,-0.273957
0.046003,0.174402,0.761521,-0.013457,-0.057722,-0.764025,0.642459,-0.009353,0.010292,0.511216,0.114658,-0.009249,0.037154,0.081729,-0.257359,0.027932,0.860092,-0.331222,0.152853,-0.000109,-0.066236,0.238248,0.004812,0.159633,-0.359282,1.172576,0.228770,0.061983,0.144593,-0.143977,-0.134698,0.678826,1.140756,-0.057325,0.065758,-0.273618
0.040808,0.186676,0.760554,-0.014387,-0.059798,-0.768871,0.636439,-0.023097,0.026527,0.524736,0.125014,0.004163,0.035078,0.127245,-0.261874,0.029613,0.789762,-0.316974,0.151756,0.000438,-0.068633,0.235101,0.008776,0.157539,-0.367108,1.174640,0.214200,0.070900,0.129682,-0.145681,-0.133483,0.680594,1.135673,-0.054467,0.063404,-0.271345
0.034527,0.200713,0.759115,-0.013108,-0.060152,-0.774244,0.629886,-0.044614,0.046100,0.539901,0.135049,0.021540,0.030972,0.169485,-0.251760,0.045882,0.679985,-0.330053,0.185344,0.005491,-0.071064,0.227535,0.009950,0.157674,-0.360497,1.166229,0.212537,0.076052,0.117609,-0.145906,-0.128586,0.676562,1.129589,-0.057194,0.067550,-0.273316
0.027374,0.217030,0.757036,-0.011173,-0.059581,-0.778711,0.624448,-0.072467,0.068880,0.550868,0.146082,0.042576,0.024925,0.197528,-0.239729,0.051992,0.569971,-0.348844,0.206019,0.010030,-0.073343,0.220404,0.003745,0.162937,-0.361939,1.154945,0.256223,0.085922,0.122363,-0.146783,-0.120529,0.675251,1.126778,-0.059500,0.064689,-0.274424
0.019073,0.235803,0.754068,-0.010509,-0.059534,-0.781419,0.621071,-0.103201,0.095043,0.556033,0.160011,0.067945,0.016532,0.212063,-0.227423,0.042575,0.498481,-0.397513,0.197076,0.013797,-0.076852,0.219326,-0.009563,0.173398,-0.370668,1.143979,0.293970,0.094569,0.130696,-0.148213,-0.109433,0.679687,1.123606,-0.058688,0.065734,-0.279226
0.009822,0.257071,0.750666,-0.014804,-0.058061,-0.781897,0.620522,-0.138046,0.133691,0.548448,0.185195,0.094691,0.003945,0.221242,-0.200959,0.015507,0.449349,-0.451194,0.163050,0.014029,-0.072636,0.227778,-0.028652,0.185190,-0.379337,1.135608,0.300693,0.095940,0.133702,-0.154486,-0.098777,0.691937,1.128275,-0.056640,0.056818,-0.270929
-0.000508,0.280353,0.747430,-0.026439,-0.051460,-0.778547,0.624914,-0.185365,0.192638,0.517424,0.230387,0.121552,-0.011441,0.225835,-0.149053,-0.028185,0.417480,-0.485813,0.113311,0.008330,-0.053337,0.243944,-0.049499,0.193540,-0.374022,1.129577,0.292208,0.089042,0.135910,-0.159904,-0.090507,0.707944,1.136856,-0.054668,0.049230,-0.262985
-0.010305,0.304941,0.743986,-0.038986,-0.040353,-0.772742,0.632235,-0.246720,0.252304,0.466357,0.270779,0.165635,-0.030688,0.215187,-0.084925,-0.061731,0.398303,-0.506164,0.064721,0.000003,-0.024678,0.257603,-0.070466,0.196072,-0.364387,1.122320,0.280881,0.084855,0.135242,-0.163307,-0.087357,0.717078,1.144289,-0.058051,0.054685,-0.253818
-0.019109,0.329602,0.741898,-0.050186,-0.031455,-0.766113,0.639970,-0.309765,0.297403,0.406706,0.299831,0.247331,-0.056338,0.195149,-0.028408,-0.083547,0.392105,-0.509381,0.029747,-0.007384,-0.000220,0.275044,-0.084847,0.190888,-0.351441,1.111770,0.279228,0.074045,0.143119,-0.161486,-0.090462,0.715583,1.149420,-0.049501,0.054963,-0.253579
-0.026821,0.353204,0.741934,-0.061492,-0.024883,-0.759224,0.647440,-0.351583,0.321770,0.329940,0.292217,0.346468,-0.126928,0.168653,0.018883,-0.107775,0.403578,-0.492182,0.001640,-0.014272,0.022534,0.293944,-0.097084,0.180658,-0.355106,1.107250,0.267973,0.067409,0.142818,-0.157421,-0.098954,0.717058,1.169079,-0.042357,0.046751,-0.263421
-0.032812,0.375372,0.744452,-0.066168,-0.026401,-0.754644,0.652256,-0.337315,0.323152,0.317757,0.256687,0.342659,-0.181033,0.145647,0.036650,-0.124072,0.407463,-0.468107,-0.018621,-0.018229,0.024434,0.312205,-0.100900,0.168690,-0.377433,1.111915,0.264221,0.059792,0.146388,-0.151871,-0.108953,0.714703,1.199153,-0.031443,0.048596,-0.267979
-0.037693,0.395608,0.748719,-0.069807,-0.033187,-0.749219,0.657797,-0.330413,0.333093,0.326929,0.320425,0.254024,-0.173600,0.144025,0.042013,-0.140595,0.384425,-0.433680,-0.033696,-0.020942,0.017840,0.331721,-0.104572,0.158745,-0.421277,1.128349,0.263613,0.055398,0.168821,-0.134279,-0.119746,0.693323,1.222156,-0.021443,0.055518,-0.270020
-0.041557,0.414809,0.753743,-0.069304,-0.040546,-0.744201,0.663113,-0.312762,0.338713,0.348171,0.404487,0.138692,-0.160049,0.139451,0.037925,-0.154350,0.357132,-0.396007,-0.047776,-0.018704,0.007027,0.344835,-0.108142,0.152886,-0.442734,1.142174,0.231484,0.032852,0.240141,-0.108415,-0.133203,0.662285,1.232592,-0.012361,0.055935,-0.271554
-0.044145,0.433285,0.758322,-0.064942,-0.044928,-0.740465,0.667439,-0.302730,0.342272,0.356506,0.514695,0.027017,-0.144167,0.124431,0.029762,-0.164791,0.329513,-0.355097,-0.048965,-0.013451,-0.001373,0.347449,-0.104971,0.149816,-0.417319,1.130392,0.222275,0.025813,0.251274,-0.082107,-0.151076,0.645074,1.234309,-0.005468,0.053331,-0.271074
-0.045789,0.450725,0.761681,-0.061201,-0.046246,-0.737040,0.671482,-0.295634,0.346217,0.347170,0.642887,-0.058354,-0.133603,0.108156,0.025912,-0.175963,0.300011,-0.317841,-0.049269,-0.009832,-0.002190,0.343685,-0.102754,0.151472,-0.392058,1.115625,0.206283,0.027156,0.217348,-0.056507,-0.172762,0.642919,1.231097,-0.007871,0.049557,-0.273879
-0.047010,0.467515,0.763411,-0.058883,-0.046653,-0.734172,0.674795,-0.279644,0.346009,0.326200,0.769729,-0.121802,-0.132368,0.089776,0.024466,-0.189531,0.280500,-0.290246,-0.054912,-0.009060,-0.001602,0.337993,-0.102062,0.157757,-0.376861,1.113693,0.203276,0.029645,0.195447,-0.033214,-0.194141,0.640655,1.222289,-0.013879,0.048589,-0.278824
-0.047218,0.483569,0.764003,-0.058330,-0.046538,-0.731151,0.678122,-0.249023,0.340652,0.299548,0.882100,-0.166071,-0.136842,0.069223,0.024564,-0.195556,0.271036,-0.265416,-0.056152,-0.013891,0.002029,0.330580,-0.108053,0.168274,-0.393279,1.133878,0.197970,0.032936,0.177450,-0.010566,-0.213520,0.619238,1.207821,-0.015848,0.047425,-0.280813
-0.046907,0.499043,0.763860,-0.060273,-0.044600,-0.727720,0.681764,-0.202362,0.340516,0.276099,0.972209,-0.198802,-0.139715,0.051191,0.030966,-0.202259,0.259768,-0.237877,-0.059702,-0.026183,0.007633,0.324603,-0.103426,0.177817,-0.395613,1.148437,0.206889,0.039598,0.151008,0.007771,-0.229655,0.590466,1.185424,-0.020559,0.045839,-0.282539
-0.046228,0.514636,0.763266,-0.061819,-0.041821,-0.725780,0.683866,-0.140483,0.345019,0.266024,1.032176,-0.217633,-0.146638,0.030875,0.038136,-0.208511,0.247944,-0.210293,-0.065076,-0.037243,0.012835,0.315558,-0.098901,0.185500,-0.402404,1.170456,0.197929,0.041367,0.135898,0.019946,-0.241633,0.570016,1.166411,-0.014328,0.040214,-0.289029
-0.044853,0.530561,0.762374,-0.062883,-0.038815,-0.725274,0.684483,-0.067448,0.341355,0.258861,1.055710,-0.225739,-0.152964,0.005348,0.044034,-0.212230,0.242107,-0.182937,-0.071634,-0.045720,0.017521,0.305448,-0.091861,0.188709,-0.395847,1.189777,0.191789,0.043988,0.130414,0.025731,-0.248440,0.551982,1.150957,-0.021416,0.041980,-0.295325
-0.042673,0.547355,0.760934,-0.062189,-0.035446,-0.726767,0.683144,0.009595,0.317204,0.246524,1.040044,-0.214197,-0.180662,-0.030349,0.046724,-0.211378,0.245501,-0.157012,-0.075317,-0.049384,0.020980,0.291989,-0.080302,0.187772,-0.371847,1.195274,0.193797,0.050262,0.126841,0.025697,-0.251329,0.539729,1.140476,-0.015228,0.038210,-0.293998
-0.039857,0.565311,0.758886,-0.060134,-0.031429,-0.728079,0.682127,0.081069,0.274737,0.222623,0.989065,-0.189760,-0.229524,-0.071971,0.047094,-0.211001,0.250517,-0.129554,-0.077238,-0.053417,0.024189,0.278487,-0.064648,0.182591,-0.331301,1.184585,0.204647,0.046932,0.128156,0.020990,-0.251584,0.532011,1.126322,-0.016575,0.039660,-0.294884
-0.036413,0.584661,0.756509,-0.056461,-0.027119,-0.726824,0.683961,0.142196,0.225027,0.195283,0.907465,-0.177346,-0.261800,-0.117400,0.042193,-0.216220,0.254519,-0.100059,-0.080344,-0.060663,0.026983,0.263818,-0.058699,0.178934,-0.312599,1.171497,0.204530,0.043776,0.131811,0.015437,-0.248226,0.523157,1.110786,-0.019383,0.040361,-0.297626
-0.032218,0.606186,0.753774,-0.050759,-0.022324,-0.723256,0.688350,0.186495,0.179073,0.171388,0.807739,-0.180236,-0.261800,-0.164190,0.031684,-0.226304,0.247770,-0.062835,-0.079655,-0.067839,0.028638,0.250120,-0.064693,0.175952,-0.305193,1.160417,0.206028,0.043279,0.137710,0.006284,-0.240669,0.515180,1.097094,-0.020352,0.040678,-0.300661
-0.027798,0.630241,0.750193,-0.047890,-0.015086,-0.718227,0.693995,0.210865,0.162242,0.154329,0.709429,-0.231824,-0.261800,-0.192125,0.030881,-0.243934,0.196755,-0.003808,-0.072482,-0.074019,0.037201,0.242950,-0.080663,0.173012,-0.301079,1.150415,0.209970,0.042361,0.141470,-0.005948,-0.231776,0.508043,1.082448,-0.024633,0.044841,-0.301357
-0.022219,0.657502,0.745953,-0.038585,-0.015370,-0.711984,0.700966,0.226493,0.134683,0.181246,0.584567,-0.309162,-0.204555,-0.221912,0.002109,-0.261072,0.149877,0.044917,-0.025141,-0.078442,0.025934,0.242574,-0.107192,0.169084,-0.295028,1.140440,0.214800,0.046578,0.144278,-0.025966,-0.221130,0.506441,1.073451,-0.023979,0.042436,-0.301761
-0.015725,0.686893,0.741506,-0.028785,-0.024894,-0.706515,0.706674,0.244201,0.089743,0.227728,0.473586,-0.380074,-0.157098,-0.242786,-0.042975,-0.267658,0.112952,0.051906,0.041601,-0.080070,0.001019,0.256799,-0.137134,0.165265,-0.294841,1.133500,0.212907,0.044683,0.148660,-0.049103,-0.210057,0.498682,1.065246,-0.025670,0.042250,-0.296710
-0.009122,0.717582,0.738815,-0.020174,-0.043120,-0.703224,0.709373,0.260882,0.024974,0.264113,0.377541,-0.403501,-0.104312,-0.267202,-0.098775,-0.259570,0.114553,0.003018,0.073379,-0.077553,-0.036012,0.283281,-0.166821,0.162879,-0.302376,1.136458,0.210216,0.038227,0.156385,-0.074800,-0.196911,0.490743,1.063903,-0.026574,0.040431,-0.301687
-0.003886,0.747844,0.736083,-0.008294,-0.064175,-0.699249,0.711944,0.269836,-0.051077,0.277125,0.289438,-0.390139,-0.062661,-0.291124,-0.161483,-0.243965,0.116195,-0.069128,0.124338,-0.077416,-0.085563,0.300796,-0.188061,0.164996,-0.309439,1.146016,0.209168,0.038671,0.152901,-0.090605,-0.178102,0.475495,1.060365,-0.038947,0.041634,-0.305007
0.000217,0.775819,0.733667,-0.001414,-0.088143,-0.695775,0.712830,0.290960,-0.121377,0.265881,0.207494,-0.351846,-0.034482,-0.296112,-0.221275,-0.231472,0.116270,-0.116100,0.213413,-0.076354,-0.133948,0.321643,-0.192247,0.171415,-0.314862,1.150184,0.217731,0.040520,0.143658,-0.096073,-0.159300,0.470009,1.047970,-0.047337,0.041593,-0.308163
0.003391,0.803238,0.736772,-0.002274,-0.097846,-0.697932,0.709445,0.266021,-0.141939,0.275739,0.205301,-0.317390,-0.016685,-0.286349,-0.238999,-0.238310,0.121601,-0.092922,0.249609,-0.066333,-0.147128,0.340955,-0.188821,0.180463,-0.320268,1.152214,0.206147,0.034401,0.145361,-0.099724,-0.144976,0.474822,1.035213,-0.062619,0.035838,-0.322583
0.005455,0.829087,0.743296,-0.011398,-0.093092,-0.705926,0.702049,0.231972,-0.119832,0.301825,0.210725,-0.286978,-0.006199,-0.320529,-0.229065,-0.232928,0.279685,-0.132716,0.221983,-0.053776,-0.126119,0.350069,-0.164942,0.185806,-0.306055,1.157041,0.205465,0.031361,0.161182,-0.102981,-0.133787,0.495424,1.045310,-0.067717,0.030051,-0.325349
0.006768,0.852707,0.749871,-0.021067,-0.087081,-0.713198,0.695213,0.211141,-0.096077,0.321968,0.194063,-0.249150,0.006584,-0.353431,-0.215319,-0.201205,0.483225,-0.188179,0.202291,-0.048537,-0.103565,0.351694,-0.123367,0.188168,-0.281472,1.161914,0.211690,0.031328,0.168347,-0.105110,-0.126130,0.524752,1.069800,-0.064581,0.030200,-0.312735
0.007261,0.874954,0.754651,-0.027186,-0.082556,-0.716116,0.692549,0.189516,-0.079861,0.330411,0.174983,-0.209511,0.014411,-0.368432,-0.207185,-0.154074,0.679535,-0.236372,0.197960,-0.050538,-0.087758,0.347600,-0.082558,0.191611,-0.271474,1.170244,0.202841,0.028141,0.160206,-0.099400,-0.123497,0.541274,1.087701,-0.050327,0.025879,-0.316229
0.006771,0.895754,0.757473,-0.029314,-0.081285,-0.715435,0.693315,0.161860,-0.073075,0.329692,0.166215,-0.175957,0.025990,-0.360585,-0.224427,-0.132264,0.864795,-0.280252,0.182023,-0.053349,-0.082318,0.338470,-0.049308,0.198661,-0.282322,1.188835,0.191672,0.028497,0.143712,-0.081611,-0.123514,0.524752,1.096342,-0.048994,0.025989,-0.322992
0.005512,0.915879,0.758733,-0.029758,-0.081631,-0.711769,0.697019,0.130922,-0.070606,0.324564,0.164708,-0.145567,0.034566,-0.321487,-0.262418,-0.137944,1.015565,-0.316434,0.151693,-0.056504,-0.081848,0.326880,-0.023713,0.207182,-0.302613,1.210931,0.190422,0.042720,0.134838,-0.062532,-0.126035,0.503140,1.111585,-0.033654,0.027925,-0.315974
0.003189,0.935201,0.759140,-0.030006,-0.081617,-0.708376,0.700458,0.097329,-0.065688,0.317440,0.170817,-0.120241,0.040242,-0.252577,-0.289295,-0.141937,1.108510,-0.335252,0.135452,-0.053241,-0.081984,0.312816,0.004061,0.212337,-0.302471,1.235799,0.205325,0.039420,0.149073,-0.044989,-0.130357,0.494373,1.137992,-0.012561,0.033230,-0.302741
0.000705,0.954284,0.758878,-0.030032,-0.082488,-0.707763,0.700975,0.065319,-0.061124,0.316751,0.177255,-0.093315,0.044696,-0.166515,-0.295935,-0.127092,1.147918,-0.341537,0.140188,-0.040837,-0.080730,0.299075,0.037428,0.212869,-0.279481,1.232686,0.197842,0.050953,0.149983,-0.034501,-0.139915,0.509598,1.175285,0.011172,0.033605,-0.289772
-0.001995,0.973556,0.758149,-0.028994,-0.083340,-0.709385,0.699276,0.037666,-0.058390,0.322186,0.172341,-0.061730,0.049455,-0.070649,-0.292434,-0.106966,1.138337,-0.343181,0.154377,-0.024759,-0.078520,0.284553,0.073021,0.208568,-0.246146,1.218120,0.186246,0.052415,0.148421,-0.029290,-0.153078,0.539978,1.210759,0.016113,0.041485,-0.285086
-0.005808,0.993673,0.756845,-0.024157,-0.081155,-0.714108,0.694895,0.000084,-0.052553,0.335172,0.166058,-0.031498,0.055242,0.012041,-0.281989,-0.083264,1.096522,-0.337175,0.170276,-0.008314,-0.080556,0.263530,0.114669,0.203421,-0.207278,1.183753,0.186757,0.055225,0.147589,-0.026298,-0.164229,0.558597,1.229104,0.016869,0.050169,-0.275805
-0.010703,1.015668,0.754743,-0.018919,-0.076852,-0.718830,0.690666,-0.049517,-0.038557,0.347438,0.172260,-0.005343,0.054417,0.085717,-0.261403,-0.059493,1.024460,-0.315796,0.187668,0.001283,-0.081708,0.241411,0.147505,0.199622,-0.189147,1.154867,0.186334,0.054555,0.151108,-0.027345,-0.170667,0.551006,1.229411,0.011539,0.056826,-0.270777
-0.016452,1.039741,0.751714,-0.014828,-0.071616,-0.724450,0.685437,-0.102009,-0.016873,0.360524,0.181422,0.020453,0.041639,0.155463,-0.237363,-0.043298,0.920338,-0.297428,0.210872,0.009946,-0.080374,0.226050,0.171125,0.195979,-0.183182,1.130908,0.189358,0.050119,0.160280,-0.032536,-0.175136,0.533046,1.210581,0.007966,0.056714,-0.276134
-0.022813,1.066503,0.747818,-0.011073,-0.066747,-0.731930,0.678012,-0.152378,0.007615,0.376990,0.182295,0.045418,0.026521,0.217006,-0.220816,-0.039977,0.788709,-0.318223,0.222832,0.020352,-0.078814,0.219202,0.180962,0.190341,-0.180829,1.119233,0.195350,0.047696,0.163676,-0.045907,-0.178666,0.519024,1.179882,-0.004193,0.055463,-0.283541
-0.030077,1.096238,0.743409,-0.007504,-0.060663,-0.742072,0.667528,-0.196016,0.037783,0.398986,0.163790,0.063632,0.004388,0.253572,-0.201616,-0.037527,0.637996,-0.377015,0.194997,0.033709,-0.075846,0.219081,0.179088,0.182487,-0.173695,1.114501,0.198110,0.045127,0.161180,-0.069123,-0.180733,0.514470,1.143193,-0.015066,0.052225,-0.286332
-0.038186,1.128111,0.740118,-0.014675,-0.054617,-0.752142,0.656570,-0.211615,0.082284,0.412450,0.124300,0.065603,-0.028451,0.272443,-0.164353,-0.048954,0.519760,-0.463001,0.152440,0.043443,-0.059384,0.240574,0.168700,0.173428,-0.161775,1.112068,0.201580,0.044784,0.157795,-0.098641,-0.179086,0.513608,1.105594,-0.025255,0.048353,-0.291366
-0.046359,1.161273,0.738667,-0.030800,-0.043101,-0.760801,0.646819,-0.232903,0.151052,0.405373,0.113536,0.019741,-0.062614,0.253534,-0.098033,-0.059858,0.478070,-0.504127,0.089608,0.047185,-0.023747,0.269953,0.154522,0.160727,-0.136477,1.107985,0.216693,0.050374,0.155907,-0.129050,-0.174575,0.515487,1.076355,-0.027012,0.041602,-0.292505
-0.052711,1.193755,0.736901,-0.044878,-0.028072,-0.768055,0.638192,-0.268307,0.219050,0.387110,0.115682,-0.045883,-0.094929,0.209197,-0.028475,-0.052622,0.468821,-0.522304,0.044725,0.047208,0.016755,0.287069,0.144599,0.144961,-0.110953,1.102461,0.233793,0.051161,0.154896,-0.153456,-0.173766,0.523876,1.057260,-0.034904,0.038102,-0.287463
-0.058111,1.224708,0.737449,-0.052066,-0.026333,-0.770699,0.634522,-0.281119,0.245450,0.385166,0.114664,-0.039228,-0.126429,0.178878,0.004324,-0.052164,0.455368,-0.525897,0.021384,0.039764,0.026223,0.311816,0.132394,0.138649,-0.104181,1.094546,0.241344,0.051318,0.144222,-0.168316,-0.176382,0.533677,1.039731,-0.045460,0.037444,-0.284468
-0.063048,1.253628,0.742123,-0.057239,-0.035115,-0.768529,0.636282,-0.270147,0.244891,0.371819,0.151763,-0.019490,-0.125594,0.164804,0.013341,-0.062891,0.442223,-0.503101,-0.000862,0.028328,0.016763,0.345198,0.109399,0.146606,-0.126169,1.107424,0.236124,0.039388,0.139572,-0.166965,-0.180742,0.528135,1.033154,-0.054729,0.032652,-0.288216
-0.065892,1.280390,0.749417,-0.056331,-0.040946,-0.767218,0.637594,-0.290741,0.260975,0.388409,0.302901,-0.058090,-0.120655,0.137746,0.011703,-0.071107,0.424911,-0.455242,-0.008377,0.024785,0.007493,0.359453,0.081611,0.153980,-0.148786,1.142058,0.236315,0.035880,0.151418,-0.153885,-0.185723,0.515541,1.051856,-0.050159,0.035602,-0.298560
-0.067212,1.305028,0.757152,-0.051626,-0.044774,-0.766756,0.638290,-0.306208,0.278833,0.408713,0.480595,-0.101172,-0.102613,0.114373,0.007233,-0.072322,0.385507,-0.399305,-0.014219,0.023758,-0.000715,0.360017,0.060407,0.155747,-0.143302,1.167609,0.241590,0.047836,0.147500,-0.137200,-0.195408,0.514297,1.086954,-0.028618,0.040646,-0.289685
-0.068108,1.328581,0.762988,-0.048829,-0.045998,-0.764267,0.641401,-0.313412,0.292746,0.399733,0.662912,-0.144520,-0.091612,0.101156,0.008179,-0.080246,0.330465,-0.338980,-0.013734,0.017327,-0.001642,0.358650,0.043895,0.158787,-0.128952,1.175870,0.228857,0.050854,0.137197,-0.118282,-0.209802,0.521730,1.121450,-0.014308,0.044034,-0.274430
-0.068461,1.351138,0.765858,-0.047145,-0.045864,-0.762929,0.643128,-0.303455,0.305841,0.389256,0.832004,-0.183939,-0.081665,0.083001,0.011895,-0.083497,0.289895,-0.292390,-0.011978,0.014411,0.001851,0.354255,0.028524,0.166265,-0.124283,1.176871,0.214924,0.049311,0.132722,-0.096583,-0.226685,0.529542,1.151921,-0.006340,0.051549,-0.267868
-0.068152,1.372806,0.766115,-0.050163,-0.046461,-0.760323,0.645937,-0.262191,0.318145,0.382862,0.970844,-0.217470,-0.072889,0.071191,0.019126,-0.094046,0.262867,-0.259780,-0.009180,0.005542,0.009045,0.354140,0.017202,0.176433,-0.127061,1.170262,0.217114,0.047272,0.143057,-0.071806,-0.243332,0.529624,1.178071,0.006978,0.054823,-0.266081
-0.067188,1.393654,0.765551,-0.054673,-0.045119,-0.756790,0.649803,-0.197177,0.330257,0.382572,1.066674,-0.239955,-0.058208,0.053259,0.030059,-0.105165,0.246688,-0.226357,-0.009365,-0.006701,0.020825,0.350038,0.009447,0.186009,-0.132349,1.156156,0.224019,0.045160,0.157503,-0.045953,-0.258965,0.529175,1.199272,0.028528,0.056432,-0.265147
-0.065718,1.413875,0.764544,-0.057381,-0.041980,-0.751371,0.656039,-0.123250,0.330052,0.375257,1.115128,-0.248875,-0.043679,0.032579,0.039155,-0.119506,0.228127,-0.192855,-0.011427,-0.023644,0.032013,0.337393,0.003440,0.192569,-0.139046,1.139605,0.226980,0.041516,0.172884,-0.017706,-0.272378,0.522598,1.209954,0.032511,0.061558,-0.263138
-0.064043,1.434155,0.763129,-0.058805,-0.037704,-0.745211,0.663160,-0.048193,0.310596,0.350203,1.119018,-0.244346,-0.050777,0.010441,0.046508,-0.138408,0.204811,-0.157621,-0.011251,-0.040662,0.042525,0.319273,-0.003238,0.196373,-0.146462,1.123387,0.225968,0.038721,0.172558,0.012288,-0.282538,0.511760,1.206057,0.037711,0.064476,-0.261984
-0.061951,1.454505,0.761216,-0.059723,-0.032848,-0.738909,0.670349,0.027537,0.273492,0.310992,1.079632,-0.219622,-0.084092,-0.011905,0.052547,-0.158850,0.177071,-0.119474,-0.005256,-0.056545,0.052623,0.298849,-0.008017,0.194453,-0.144628,1.105739,0.231179,0.038539,0.165630,0.043267,-0.288875,0.492944,1.190076,0.030667,0.062336,-0.266917
-0.059105,1.476309,0.758535,-0.057367,-0.027869,-0.733642,0.676537,0.095171,0.224879,0.270213,1.007587,-0.187542,-0.117681,-0.044670,0.051712,-0.176492,0.154828,-0.084954,0.006722,-0.069447,0.058100,0.277678,-0.014860,0.187798,-0.138883,1.087878,0.233721,0.034707,0.165734,0.067600,-0.291203,0.467990,1.165475,0.020285,0.064428,-0.273050
-0.055222,1.500042,0.755785,-0.050771,-0.024443,-0.727638,0.683643,0.152465,0.161864,0.224850,0.899254,-0.169860,-0.154170,-0.080917,0.037954,-0.196922,0.126304,-0.045871,0.034341,-0.083311,0.055692,0.258365,-0.025356,0.179517,-0.139128,1.068836,0.236566,0.032777,0.168746,0.082493,-0.288874,0.442779,1.142732,0.016698,0.060216,-0.278127
-0.050594,1.526254,0.752424,-0.040398,-0.021248,-0.721383,0.691031,0.196170,0.108082,0.203313,0.761674,-0.203256,-0.144106,-0.134199,0.013099,-0.217667,0.115880,-0.021515,0.071619,-0.096657,0.047466,0.241226,-0.040825,0.171705,-0.145664,1.054059,0.239911,0.028835,0.172253,0.087845,-0.280038,0.409853,1.121652,0.013654,0.056732,-0.280659
-0.045544,1.555109,0.748195,-0.028054,-0.018621,-0.716167,0.697117,0.242363,0.070441,0.234973,0.565667,-0.269469,-0.130270,-0.196924,-0.017024,-0.233242,0.113274,-0.010064,0.108248,-0.103553,0.035357,0.229588,-0.060172,0.162974,-0.148779,1.038486,0.247649,0.028971,0.171567,0.084610,-0.265411,0.375138,1.098406,0.013047,0.057314,-0.285337
-0.039843,1.585740,0.744653,-0.019576,-0.027548,-0.712738,0.700615,0.289917,0.016467,0.266895,0.391341,-0.324977,-0.106622,-0.237957,-0.057761,-0.235933,0.112598,-0.021530,0.128512,-0.104800,0.010124,0.244354,-0.083428,0.155011,-0.156597,1.031660,0.246702,0.027013,0.172302,0.070928,-0.248906,0.350091,1.080034,0.007816,0.052196,-0.290552
-0.033740,1.617259,0.742288,-0.008459,-0.045778,-0.707824,0.704853,0.315115,-0.061184,0.265844,0.257162,-0.323904,-0.058509,-0.268679,-0.119328,-0.227694,0.113259,-0.057111,0.152593,-0.108223,-0.032643,0.266029,-0.109242,0.149748,-0.180038,1.049522,0.235323,0.015415,0.181310,0.055525,-0.227803,0.321088,1.068675,0.004295,0.047158,-0.293968
-0.029215,1.647735,0.739525,0.000231,-0.063862,-0.702793,0.708522,0.330162,-0.127542,0.271469,0.157160,-0.304639,-0.017110,-0.290219,-0.178032,-0.243653,0.114677,-0.110391,0.175451,-0.111223,-0.074664,0.283283,-0.125272,0.149193,-0.202348,1.072899,0.232249,0.022855,0.164206,0.044481,-0.200846,0.297905,1.061428,-0.003715,0.047740,-0.294761
-0.025540,1.676864,0.737601,0.000312,-0.077299,-0.700739,0.709218,0.320117,-0.160571,0.276591,0.131393,-0.309378,0.012104,-0.290754,-0.216531,-0.285805,0.117224,-0.127052,0.222086,-0.107280,-0.098105,0.306208,-0.127756,0.149205,-0.211045,1.092871,0.238767,0.026938,0.148252,0.033777,-0.177565,0.296919,1.050858,-0.011409,0.042935,-0.292839
-0.021773,1.704891,0.740426,-0.011236,-0.083902,-0.708486,0.700630,0.309637,-0.159611,0.300892,0.127947,-0.295607,0.027173,-0.272544,-0.210724,-0.281492,0.158092,-0.112055,0.206372,-0.084153,-0.090766,0.340674,-0.119885,0.147320,-0.210637,1.112413,0.229957,0.025021,0.146893,0.012510,-0.168397,0.333957,1.051472,-0.019645,0.037160,-0.302079
-0.019234,1.731004,0.745692,-0.018113,-0.086431,-0.715759,0.692742,0.286091,-0.154630,0.326434,0.124475,-0.257575,0.031571,-0.330372,-0.225359,-0.241656,0.402375,-0.189543,0.190212,-0.069902,-0.084663,0.354060,-0.095393,0.145986,-0.198257,1.141970,0.213191,0.016651,0.161514,-0.009400,-0.161769,0.384321,1.075689,-0.038656,0.034298,-0.311998
-0.017940,1.755627,0.751251,-0.021052,-0.081410,-0.720299,0.688548,0.246173,-0.140608,0.343356,0.121680,-0.219639,0.040193,-0.368684,-0.225882,-0.200329,0.613154,-0.239520,0.177959,-0.066954,-0.074404,0.346199,-0.060258,0.147691,-0.179415,1.169761,0.204744,0.024854,0.160494,-0.024444,-0.152763,0.415040,1.101166,-0.045336,0.042467,-0.303450
-0.017606,1.778919,0.755759,-0.025172,-0.075885,-0.723054,0.686149,0.209568,-0.121811,0.353725,0.119523,-0.186129,0.046029,-0.375414,-0.225902,-0.175857,0.803087,-0.279328,0.164758,-0.066636,-0.062576,0.338237,-0.027695,0.152306,-0.160499,1.207801,0.205567,0.024617,0.146681,-0.030909,-0.146843,0.433310,1.110706,-0.033907,0.046693,-0.294004
-0.017528,1.801483,0.758133,-0.027812,-0.074862,-0.723707,0.685471,0.178334,-0.112261,0.356962,0.117380,-0.154349,0.046998,-0.352854,-0.241563,-0.159518,0.970578,-0.311083,0.149972,-0.064345,-0.058367,0.331349,0.005120,0.161747,-0.158747,1.231973,0.195737,0.026234,0.130307,-0.029036,-0.147670,0.447622,1.107928,-0.039060,0.048688,-0.293747
-0.018135,1.823407,0.758535,-0.028100,-0.076712,-0.721544,0.687532,0.148463,-0.111191,0.354359,0.115367,-0.123657,0.046848,-0.302724,-0.264643,-0.148097,1.099677,-0.328093,0.143558,-0.064084,-0.062342,0.322526,0.035599,0.173179,-0.150159,1.243858,0.190026,0.043684,0.117573,-0.020181,-0.151739,0.451807,1.101784,-0.050939,0.052555,-0.298366
-0.019436,1.844696,0.757992,-0.025716,-0.078337,-0.720354,0.688689,0.114827,-0.112563,0.355073,0.114081,-0.094919,0.041785,-0.230535,-0.279680,-0.135210,1.173167,-0.334944,0.156032,-0.058311,-0.069064,0.307247,0.068616,0.185698,-0.141916,1.245360,0.187820,0.048243,0.122977,-0.007990,-0.156482,0.449312,1.102801,-0.042408,0.049037,-0.298960
-0.021686,1.866762,0.757123,-0.021686,-0.077614,-0.718949,0.690375,0.072661,-0.111168,0.353066,0.113318,-0.064771,0.030621,-0.143724,-0.282930,-0.128821,1.191447,-0.338846,0.174703,-0.050327,-0.074492,0.288150,0.097431,0.199213,-0.133982,1.234537,0.180178,0.047250,0.129940,0.001814,-0.160217,0.445487,1.109687,-0.029455,0.048743,-0.294121
-0.024518,1.889063,0.755812,-0.019664,-0.076160,-0.719352,0.690179,0.033371,-0.103459,0.356229,0.113399,-0.039600,0.009188,-0.042950,-0.262543,-0.113369,1.152053,-0.326682,0.213711,-0.034824,-0.075360,0.271048,0.123136,0.209452,-0.120286,1.211805,0.182381,0.050331,0.136167,0.008479,-0.164921,0.451950,1.123719,-0.024002,0.051336,-0.288400
-0.027986,1.912334,0.754028,-0.017137,-0.072486,-0.721681,0.688207,-0.010646,-0.090303,0.364525,0.113443,-0.014740,-0.015455,0.052703,-0.220988,-0.080001,1.068609,-0.304989,0.261800,-0.015007,-0.073289,0.251712,0.145796,0.215531,-0.104447,1.181059,0.182755,0.047436,0.141363,0.009842,-0.171679,0.474734,1.136787,-0.020611,0.057219,-0.283559
-0.032407,1.937520,0.751869,-0.016128,-0.065680,-0.726312,0.684030,-0.058779,-0.065179,0.376140,0.113904,0.009306,-0.047357,0.136922,-0.167930,-0.042631,0.952793,-0.282134,0.261800,0.006183,-0.064990,0.235896,0.163432,0.217151,-0.086598,1.144586,0.185317,0.043770,0.144679,0.001540,-0.179117,0.502450,1.149244,-0.026055,0.057953,-0.278684
-0.036883,1.964715,0.748914,-0.013600,-0.058551,-0.733467,0.677062,-0.109742,-0.037571,0.395664,0.112185,0.033483,-0.087832,0.200349,-0.130586,0.000758,0.828103,-0.268951,0.261800,0.025604,-0.059014,0.223221,0.179836,0.212883,-0.065974,1.103401,0.187047,0.040918,0.151514,-0.015806,-0.184778,0.521962,1.153503,-0.026079,0.061268,-0.275571
-0.041403,1.994834,0.745010,-0.011790,-0.051670,-0.743211,0.666955,-0.159745,-0.004001,0.419734,0.109180,0.053509,-0.132532,0.237784,-0.107618,0.041248,0.705471,-0.324492,0.191922,0.045166,-0.051339,0.219519,0.186702,0.203978,-0.051675,1.071819,0.188897,0.035697,0.158298,-0.042438,-0.188084,0.527044,1.149370,-0.028513,0.060181,-0.278810
-0.046222,2.027703,0.740997,-0.014756,-0.043945,-0.754473,0.654692,-0.205350,0.041134,0.438448,0.107165,0.060325,-0.161262,0.267133,-0.079472,0.060433,0.553944,-0.414993,0.118978,0.062059,-0.035659,0.229409,0.183580,0.191180,-0.036311,1.048956,0.190953,0.034343,0.157502,-0.078374,-0.189531,0.528663,1.137176,-0.030672,0.059656,-0.281827
-0.050891,2.062123,0.738309,-0.027832,-0.035666,-0.764988,0.642453,-0.235610,0.100932,0.441382,0.107788,0.032005,-0.165656,0.273791,-0.034306,0.059896,0.463884,-0.478863,0.070441,0.072115,-0.003439,0.257201,0.170782,0.175051,-0.024209,1.043581,0.189858,0.029967,0.152541,-0.116360,-0.189177,0.518140,1.118557,-0.031238,0.054313,-0.280859
-0.054726,2.096700,0.736736,-0.044879,-0.023652,-0.774338,0.630735,-0.264691,0.169178,0.431388,0.110841,-0.021686,-0.163471,0.248958,0.028998,0.068508,0.430009,-0.504043,0.020051,0.078060,0.040212,0.285571,0.155375,0.156119,-0.014427,1.045399,0.177403,0.030642,0.139244,-0.150535,-0.188098,0.501203,1.104574,-0.022426,0.047595,-0.281269
-0.057291,2.129769,0.736662,-0.056282,-0.018396,-0.781685,0.620857,-0.282742,0.212196,0.431749,0.111811,-0.038114,-0.171917,0.208394,0.072886,0.082300,0.432842,-0.511013,-0.010862,0.076608,0.062683,0.313266,0.147176,0.139537,-0.008160,1.037414,0.162155,0.035364,0.115644,-0.181414,-0.188628,0.498516,1.097283,-0.024534,0.047723,-0.280166
-0.059231,2.160501,0.740544,-0.062233,-0.026713,-0.784066,0.616971,-0.261803,0.212480,0.442966,0.119044,-0.007858,-0.176746,0.183271,0.080598,0.077846,0.433669,-0.497060,-0.029452,0.061897,0.053462,0.349651,0.139630,0.135064,-0.025016,1.031276,0.148614,0.029124,0.098082,-0.202537,-0.189071,0.502463,1.097038,-0.023360,0.044066,-0.286152
-0.060349,2.188565,0.747738,-0.064540,-0.037878,-0.783591,0.616754,-0.268477,0.219732,0.444199,0.258644,-0.043879,-0.168266,0.164388,0.074741,0.073714,0.423061,-0.456310,-0.037810,0.047954,0.035378,0.377586,0.125919,0.137077,-0.055633,1.039517,0.153157,0.025188,0.098206,-0.201654,-0.189613,0.493208,1.099381,-0.024103,0.044711,-0.288912
-0.060447,2.214590,0.755442,-0.062027,-0.043717,-0.783445,0.616810,-0.289163,0.237281,0.446094,0.457234,-0.100786,-0.147522,0.138285,0.068455,0.072117,0.397677,-0.403340,-0.043454,0.041856,0.022115,0.384764,0.111518,0.136376,-0.068342,1.046502,0.170269,0.032207,0.099970,-0.183401,-0.194675,0.481564,1.100204,-0.023678,0.047858,-0.286615
-0.060044,2.239342,0.761601,-0.056305,-0.045160,-0.783430,0.617275,-0.304590,0.251860,0.436316,0.659341,-0.149965,-0.133295,0.106027,0.063922,0.069077,0.365421,-0.351062,-0.048754,0.040067,0.014386,0.377986,0.098953,0.134094,-0.067117,1.041638,0.171804,0.034279,0.097703,-0.156910,-0.207731,0.485711,1.099790,-0.022046,0.046907,-0.284035
-0.059339,2.263170,0.764951,-0.054244,-0.045431,-0.781127,0.620351,-0.296126,0.269799,0.428235,0.852885,-0.195069,-0.115138,0.080878,0.064342,0.060039,0.334200,-0.303778,-0.049754,0.033624,0.013712,0.372313,0.088470,0.135055,-0.064281,1.025827,0.170151,0.033962,0.095953,-0.127825,-0.225957,0.502084,1.100544,-0.022298,0.050815,-0.280167
-0.058636,2.286071,0.765840,-0.055889,-0.044215,-0.777261,0.625130,-0.256368,0.293547,0.427370,1.013675,-0.233604,-0.094780,0.060178,0.071979,0.048609,0.307872,-0.264384,-0.050228,0.023590,0.019238,0.367574,0.078706,0.138032,-0.055457,1.007861,0.172653,0.032563,0.103058,-0.097288,-0.244857,0.525361,1.108326,-0.024044,0.054489,-0.279527
-0.057765,2.308511,0.765583,-0.059477,-0.041806,-0.771816,0.631677,-0.190513,0.316224,0.427113,1.128537,-0.254557,-0.081661,0.041422,0.082615,0.031433,0.283740,-0.228318,-0.053347,0.009918,0.029100,0.361882,0.064276,0.141945,-0.048462,1.002271,0.168729,0.025961,0.118999,-0.065288,-0.260481,0.540872,1.124432,-0.019809,0.054870,-0.277028
-0.056758,2.330715,0.764783,-0.059776,-0.037130,-0.764822,0.640387,-0.115470,0.328032,0.424409,1.187483,-0.251222,-0.077564,0.013777,0.089582,0.006523,0.260666,-0.190455,-0.052895,-0.005563,0.037530,0.346348,0.045292,0.145322,-0.042073,1.007260,0.167116,0.025523,0.134324,-0.029787,-0.269795,0.536452,1.140759,-0.011590,0.060578,-0.270384
-0.055591,2.353051,0.763782,-0.057293,-0.031842,-0.756448,0.650761,-0.037505,0.323732,0.414125,1.195010,-0.236909,-0.085245,-0.022808,0.091104,-0.018560,0.242862,-0.152275,-0.051373,-0.023068,0.042697,0.324146,0.024035,0.148911,-0.041884,1.020080,0.165715,0.026855,0.139443,0.004342,-0.272385,0.522285,1.158557,0.006357,0.061689,-0.265365
-0.054060,2.376000,0.762090,-0.054307,-0.026848,-0.746563,0.662551,0.037154,0.303294,0.387670,1.156632,-0.208662,-0.107678,-0.062818,0.087525,-0.049506,0.231354,-0.117693,-0.053034,-0.043233,0.044868,0.301358,0.002086,0.153747,-0.048533,1.033696,0.168356,0.028099,0.138783,0.034784,-0.269659,0.504087,1.171246,0.013749,0.065440,-0.264534
-0.051557,2.399992,0.759860,-0.050454,-0.022723,-0.736105,0.674602,0.103159,0.257193,0.336690,1.072360,-0.177683,-0.154132,-0.106739,0.076802,-0.080287,0.224964,-0.083956,-0.051192,-0.062955,0.045054,0.280294,-0.021000,0.157936,-0.065849,1.046672,0.175579,0.027833,0.142593,0.060589,-0.262920,0.482642,1.176026,0.020462,0.068019,-0.268371
-0.047894,2.425753,0.757066,-0.043894,-0.018979,-0.725162,0.686915,0.151189,0.187398,0.257519,0.951478,-0.145363,-0.200393,-0.156520,0.056340,-0.108766,0.218809,-0.048931,-0.038351,-0.081575,0.042332,0.260280,-0.045531,0.159367,-0.084240,1.053851,0.186057,0.030687,0.146292,0.080951,-0.254691,0.459828,1.169211,0.019884,0.066279,-0.271882
-0.043337,2.453438,0.753401,-0.036205,-0.014897,-0.714744,0.698290,0.196525,0.129366,0.198453,0.797925,-0.152383,-0.201064,-0.199217,0.032075,-0.134711,0.189760,-0.008466,-0.005479,-0.098482,0.039438,0.243777,-0.069394,0.157305,-0.101473,1.056619,0.196361,0.030699,0.153539,0.091863,-0.245643,0.439380,1.156198,0.018151,0.064067,-0.271002
-0.037870,2.483752,0.748614,-0.027040,-0.011763,-0.706312,0.707286,0.245202,0.089523,0.192856,0.594768,-0.239400,-0.162416,-0.232468,0.004491,-0.159218,0.135406,0.020323,0.042720,-0.110031,0.033632,0.233424,-0.096081,0.152307,-0.117312,1.057495,0.197634,0.030613,0.157340,0.089554,-0.235762,0.418197,1.141100,0.021799,0.060855,-0.272126
-0.031339,2.516405,0.744668,-0.019432,-0.018433,-0.700739,0.712915,0.299988,0.043023,0.238454,0.405667,-0.316942,-0.138317,-0.266413,-0.035556,-0.162465,0.114383,0.005102,0.082335,-0.114883,0.015264,0.246427,-0.127078,0.146641,-0.141654,1.063318,0.196356,0.025884,0.158540,0.073441,-0.225666,0.397584,1.125639,0.013300,0.059533,-0.277938
-0.024320,2.550205,0.741660,-0.007610,-0.037110,-0.696792,0.716272,0.336455,-0.037987,0.261877,0.250641,-0.324856,-0.093226,-0.297501,-0.101553,-0.153216,0.113990,-0.052310,0.135237,-0.118603,-0.028509,0.269922,-0.155960,0.142557,-0.170591,1.084347,0.196041,0.016928,0.161331,0.050591,-0.214107,0.374538,1.112224,-0.002059,0.059186,-0.282427
-0.018984,2.583531,0.738329,0.004815,-0.055364,-0.691085,0.720634,0.339160,-0.111293,0.248815,0.156307,-0.311355,-0.060545,-0.328645,-0.167585,-0.148872,0.114631,-0.125387,0.190269,-0.127014,-0.075407,0.285769,-0.179190,0.143358,-0.202946,1.120035,0.203777,0.020752,0.149503,0.032285,-0.195559,0.341825,1.095148,-0.015958,0.062675,-0.289075
-0.014625,2.616032,0.737046,0.006164,-0.066275,-0.690497,0.720266,0.316956,-0.144678,0.253041,0.133965,-0.318352,-0.029901,-0.338720,-0.198526,-0.171332,0.117016,-0.133884,0.233397,-0.124980,-0.095918,0.309893,-0.195912,0.149641,-0.240360,1.152716,0.208832,0.029461,0.131926,0.010294,-0.180099,0.324870,1.074419,-0.030530,0.064368,-0.299039
-0.009836,2.646708,0.741078,-0.007269,-0.072043,-0.702242,0.708247,0.304912,-0.143138,0.291804,0.131304,-0.305781,-0.007282,-0.320169,-0.180410,-0.173698,0.163376,-0.117012,0.214588,-0.099460,-0.085382,0.351612,-0.194266,0.154034,-0.258651,1.176068,0.214661,0.030510,0.130642,-0.021468,-0.177216,0.345879,1.068857,-0.045304,0.056849,-0.314922
-0.006450,2.674185,0.747404,-0.015232,-0.072423,-0.714405,0.695808,0.278559,-0.135501,0.327842,0.128218,-0.267970,0.001272,-0.381317,-0.174726,-0.147567,0.406777,-0.184478,0.202376,-0.081223,-0.076390,0.365469,-0.167122,0.159188,-0.256168,1.197779,0.200226,0.028320,0.141940,-0.052892,-0.177796,0.393634,1.089603,-0.056984,0.053209,-0.316043
-0.004444,2.699263,0.753747,-0.017194,-0.064892,-0.722387,0.688222,0.233629,-0.119600,0.354922,0.124420,-0.230064,0.007205,-0.425287,-0.168875,-0.135854,0.618463,-0.225754,0.184254,-0.076169,-0.064264,0.350376,-0.126679,0.164839,-0.243812,1.217867,0.191299,0.032703,0.140838,-0.073984,-0.175961,0.426162,1.111029,-0.065718,0.062696,-0.295430
-0.003152,2.722433,0.758674,-0.018671,-0.057901,-0.726630,0.684331,0.191902,-0.103127,0.371189,0.119937,-0.195180,0.007794,-0.440856,-0.165656,-0.115772,0.806642,-0.256272,0.169107,-0.076055,-0.052255,0.332007,-0.085245,0.171770,-0.236565,1.233778,0.183076,0.039443,0.124396,-0.081986,-0.175738,0.436011,1.112859,-0.057868,0.068386,-0.284839
-0.002404,2.744776,0.761159,-0.019548,-0.056056,-0.727328,0.683717,0.157483,-0.095708,0.375045,0.116144,-0.163268,0.007176,-0.425345,-0.174362,-0.092537,0.970593,-0.280670,0.156605,-0.076034,-0.048583,0.317783,-0.048077,0.179829,-0.231803,1.247274,0.182659,0.042634,0.112213,-0.078357,-0.180423,0.439798,1.102654,-0.057858,0.064933,-0.289296
-0.002074,2.766192,0.761439,-0.019735,-0.059578,-0.725617,0.685231,0.130062,-0.099464,0.372997,0.114847,-0.134980,0.016025,-0.370946,-0.199394,-0.078570,1.094988,-0.309581,0.153660,-0.074556,-0.053817,0.306227,-0.012996,0.189387,-0.229668,1.253911,0.178774,0.045408,0.112010,-0.065908,-0.188852,0.445538,1.090378,-0.058170,0.061811,-0.294768
-0.002106,2.787238,0.760715,-0.019702,-0.065361,-0.723224,0.687231,0.105871,-0.107586,0.371278,0.114093,-0.106593,0.030018,-0.285161,-0.231604,-0.076624,1.170625,-0.328226,0.157201,-0.070866,-0.062254,0.296926,0.022306,0.198134,-0.218480,1.246437,0.177699,0.046463,0.120696,-0.052057,-0.198350,0.456305,1.086650,-0.054050,0.057230,-0.297009
-0.002627,2.808160,0.759772,-0.017077,-0.068184,-0.723726,0.686498,0.074182,-0.112478,0.376990,0.113013,-0.077241,0.039582,-0.187653,-0.255097,-0.076988,1.190870,-0.334268,0.166485,-0.057421,-0.067716,0.278444,0.057468,0.204163,-0.200091,1.228227,0.173953,0.043387,0.128208,-0.037497,-0.206742,0.469589,1.091977,-0.046078,0.057800,-0.291400
-0.003862,2.829834,0.758595,-0.014873,-0.069707,-0.724401,0.685684,0.039653,-0.112784,0.382166,0.111988,-0.046354,0.046204,-0.077427,-0.254426,-0.068422,1.157352,-0.334114,0.196910,-0.041442,-0.070032,0.260225,0.089090,0.205746,-0.172048,1.201435,0.176974,0.041985,0.134280,-0.026373,-0.211557,0.484099,1.108059,-0.038343,0.060199,-0.284694
-0.005721,2.852255,0.756938,-0.012810,-0.069726,-0.727293,0.682655,0.002969,-0.107483,0.392829,0.111080,-0.016509,0.049361,0.031798,-0.220884,-0.030312,1.077229,-0.318847,0.259584,-0.022219,-0.069653,0.240761,0.120467,0.202266,-0.138264,1.166761,0.175766,0.039785,0.141774,-0.022368,-0.213831,0.508301,1.131430,-0.030347,0.063282,-0.276629
-0.008687,2.876490,0.755138,-0.010297,-0.065480,-0.733306,0.676660,-0.042778,-0.089987,0.409189,0.111442,0.013722,0.042125,0.123664,-0.181696,0.002727,0.972721,-0.296591,0.261800,-0.000207,-0.064340,0.219363,0.147220,0.195023,-0.107472,1.131001,0.173485,0.034813,0.146510,-0.027297,-0.212207,0.533045,1.154704,-0.026601,0.068218,-0.270185
-0.012037,2.903230,0.752532,-0.008116,-0.059641,-0.739830,0.670096,-0.092104,-0.066175,0.427254,0.110557,0.040875,0.017094,0.197540,-0.149859,0.031912,0.856012,-0.267667,0.261800,0.016477,-0.058203,0.202773,0.166898,0.185742,-0.080456,1.097638,0.177084,0.032767,0.149427,-0.040888,-0.206507,0.552202,1.167916,-0.026731,0.070581,-0.270403
-0.014997,2.932393,0.748879,-0.006357,-0.055747,-0.748684,0.660548,-0.137657,-0.040682,0.450492,0.107626,0.064922,-0.021974,0.251245,-0.133384,0.065762,0.740348,-0.276222,0.261800,0.034542,-0.053793,0.194924,0.178852,0.173875,-0.058544,1.072511,0.177843,0.030570,0.153287,-0.059669,-0.198060,0.560141,1.168591,-0.025905,0.070496,-0.273438
-0.018794,2.965175,0.744880,-0.008696,-0.048204,-0.759793,0.648318,-0.184168,0.004072,0.474871,0.106324,0.080154,-0.075632,0.274758,-0.108829,0.086016,0.621600,-0.359708,0.146850,0.052725,-0.038447,0.197557,0.178879,0.158469,-0.035156,1.056947,0.175842,0.026749,0.158031,-0.084709,-0.186556,0.543063,1.155146,-0.030211,0.065139,-0.273373
-0.022936,3.000576,0.741222,-0.019637,-0.040515,-0.770386,0.635986,-0.219059,0.062670,0.485156,0.106415,0.078776,-0.117952,0.289688,-0.073922,0.074609,0.517658,-0.451668,0.079319,0.065670,-0.011287,0.218691,0.172191,0.141459,-0.009670,1.045131,0.184256,0.025141,0.156560,-0.115295,-0.171837,0.514696,1.134116,-0.025812,0.060446,-0.277963
-0.026811,3.037519,0.738746,-0.039553,-0.032021,-0.779551,0.624268,-0.240522,0.132783,0.482165,0.109050,0.035816,-0.131264,0.281092,-0.015566,0.069336,0.474984,-0.503802,0.030698,0.072928,0.028937,0.253783,0.162266,0.126796,0.003631,1.036901,0.194337,0.025386,0.156526,-0.151322,-0.158767,0.509593,1.119122,-0.025112,0.055534,-0.283526
-0.030051,3.073747,0.736645,-0.060294,-0.019478,-0.786880,0.613845,-0.266303,0.205429,0.461903,0.112439,-0.030070,-0.141429,0.246561,0.057595,0.074924,0.472474,-0.524466,-0.018812,0.075469,0.075305,0.280032,0.156552,0.117522,0.001419,1.033210,0.200994,0.026009,0.148678,-0.182619,-0.152295,0.531523,1.110977,-0.030887,0.051313,-0.280152
-0.032716,3.108472,0.735727,-0.072218,-0.013978,-0.790035,0.608633,-0.285619,0.244936,0.452431,0.112481,-0.026955,-0.178954,0.211563,0.104516,0.076231,0.466234,-0.534115,-0.049873,0.067991,0.094241,0.302448,0.157078,0.116797,-0.006793,1.019200,0.206774,0.030108,0.128025,-0.205915,-0.151783,0.563927,1.100846,-0.051204,0.050970,-0.273694
-0.035261,3.140795,0.739282,-0.077175,-0.022372,-0.787859,0.610592,-0.276519,0.246907,0.455803,0.148161,0.007041,-0.165717,0.192985,0.111452,0.059460,0.450698,-0.522218,-0.070140,0.050658,0.077779,0.331285,0.153132,0.129290,-0.030239,1.022798,0.195041,0.022075,0.116668,-0.212029,-0.152450,0.578284,1.093309,-0.067204,0.046438,-0.279643
-0.036504,3.171001,0.746514,-0.077666,-0.028837,-0.786279,0.612292,-0.300789,0.281542,0.489638,0.332321,-0.046813,-0.137642,0.155598,0.113005,0.050403,0.450486,-0.477022,-0.078498,0.042663,0.061653,0.347017,0.136584,0.143889,-0.060256,1.060951,0.174684,0.017177,0.121214,-0.199066,-0.153182,0.563762,1.101960,-0.062470,0.043317,-0.294911
-0.036523,3.198975,0.754673,-0.072624,-0.034317,-0.784855,0.614451,-0.310066,0.307481,0.513204,0.521634,-0.109230,-0.091006,0.125733,0.102709,0.043040,0.417433,-0.421260,-0.075366,0.037992,0.042058,0.349735,0.120633,0.152631,-0.072513,1.104680,0.172276,0.028680,0.119207,-0.174988,-0.156724,0.543287,1.119932,-0.044635,0.049917,-0.293068
-0.036080,3.225643,0.761571,-0.067567,-0.039019,-0.781278,0.619288,-0.309969,0.316650,0.494097,0.708690,-0.164333,-0.061542,0.106589,0.090158,0.029493,0.367225,-0.363580,-0.070816,0.030630,0.025827,0.350261,0.105336,0.160553,-0.078298,1.136831,0.167915,0.038179,0.108127,-0.147475,-0.166478,0.538740,1.140585,-0.020691,0.052232,-0.279309
-0.035294,3.251451,0.765513,-0.063146,-0.041021,-0.778080,0.623635,-0.302362,0.316183,0.450725,0.885827,-0.205439,-0.052506,0.080003,0.082985,0.017679,0.330658,-0.313689,-0.060353,0.026643,0.016931,0.346720,0.089827,0.169992,-0.084299,1.157208,0.156668,0.037464,0.102520,-0.116942,-0.181862,0.548104,1.158572,-0.017201,0.056546,-0.270534
-0.034118,3.276091,0.766985,-0.063461,-0.040934,-0.774797,0.627683,-0.266959,0.315320,0.410082,1.032951,-0.235525,-0.054505,0.050843,0.087023,0.006635,0.314103,-0.273453,-0.066479,0.021494,0.019179,0.343594,0.077488,0.178888,-0.091396,1.163026,0.156777,0.039765,0.107461,-0.082466,-0.199803,0.558310,1.174159,-0.013799,0.058319,-0.267496
-0.032431,3.299729,0.766777,-0.064701,-0.038787,-0.771466,0.631783,-0.203039,0.319711,0.392085,1.137808,-0.254708,-0.059249,0.021645,0.094402,-0.006072,0.297904,-0.235700,-0.068032,0.014436,0.026191,0.334579,0.068692,0.185070,-0.092581,1.158740,0.161057,0.038524,0.118601,-0.044589,-0.217195,0.558973,1.186188,-0.003685,0.060755,-0.266309
-0.030276,3.322641,0.765676,-0.065385,-0.035135,-0.766995,0.637345,-0.120730,0.323324,0.385936,1.194783,-0.255001,-0.063801,-0.008206,0.099792,-0.023120,0.279656,-0.197908,-0.062707,0.001512,0.033713,0.318307,0.064067,0.187314,-0.085507,1.146968,0.164610,0.036550,0.127692,-0.006380,-0.232009,0.549272,1.194656,-0.001603,0.063610,-0.263543
-0.027897,3.345597,0.764025,-0.062880,-0.030231,-0.761316,0.644616,-0.037634,0.309517,0.372061,1.202194,-0.237926,-0.080355,-0.045267,0.099560,-0.045135,0.261511,-0.161557,-0.051123,-0.016608,0.037931,0.294081,0.061154,0.186996,-0.075843,1.129576,0.167563,0.033131,0.134155,0.031560,-0.242629,0.523277,1.192806,0.003959,0.067730,-0.262141
-0.025263,3.368745,0.762229,-0.060808,-0.027736,-0.754566,0.652812,0.053847,0.274984,0.349490,1.155267,-0.230693,-0.117437,-0.077522,0.093900,-0.067921,0.242734,-0.125641,-0.043055,-0.038414,0.038337,0.272689,0.057358,0.187084,-0.076191,1.112655,0.173810,0.032483,0.134513,0.069050,-0.248564,0.485377,1.179612,0.010705,0.069687,-0.267101
-0.021597,3.393228,0.760345,-0.054401,-0.026803,-0.746719,0.662369,0.127904,0.216229,0.309644,1.065026,-0.206365,-0.156505,-0.117739,0.075002,-0.090528,0.227842,-0.093225,-0.022927,-0.060545,0.032013,0.250176,0.044944,0.188065,-0.088977,1.101816,0.189710,0.033146,0.134583,0.100949,-0.250785,0.441949,1.159888,0.016274,0.068192,-0.269245
-0.017048,3.419918,0.758197,-0.045070,-0.026411,-0.735700,0.675290,0.180110,0.147993,0.253410,0.940595,-0.163781,-0.195039,-0.159348,0.044301,-0.119508,0.205842,-0.063966,0.004810,-0.086471,0.021664,0.230252,0.022972,0.189549,-0.105285,1.092916,0.213001,0.037741,0.137594,0.126853,-0.248316,0.400048,1.136225,0.016506,0.065830,-0.273663
-0.012118,3.448400,0.755228,-0.036864,-0.023037,-0.724804,0.687582,0.228055,0.095520,0.208008,0.770315,-0.141991,-0.220707,-0.197763,0.020300,-0.146500,0.168630,-0.042897,0.019691,-0.105736,0.016923,0.214579,-0.004094,0.190293,-0.115225,1.084325,0.231066,0.039962,0.145170,0.146335,-0.241153,0.363708,1.112506,0.011207,0.063547,-0.273642
-0.006539,3.479858,0.750857,-0.027968,-0.019697,-0.714899,0.698390,0.268466,0.060031,0.204156,0.578417,-0.236508,-0.150205,-0.239879,-0.005282,-0.165085,0.128788,-0.030146,0.028113,-0.119197,0.010526,0.207200,-0.037062,0.190846,-0.118470,1.072824,0.233245,0.040200,0.151508,0.149873,-0.231642,0.341586,1.095338,0.006280,0.062311,-0.275576
0.000129,3.513671,0.746851,-0.019691,-0.029984,-0.708568,0.704730,0.318293,0.008080,0.247393,0.404590,-0.316097,-0.113705,-0.276143,-0.052807,-0.171739,0.117882,-0.044595,0.047671,-0.122753,-0.016402,0.226425,-0.071913,0.191851,-0.122648,1.061688,0.230434,0.037776,0.157446,0.139700,-0.222167,0.320527,1.079448,-0.013894,0.065948,-0.276286
0.006989,3.548084,0.743915,-0.007044,-0.050768,-0.702942,0.709398,0.348287,-0.075877,0.255993,0.260698,-0.321830,-0.069725,-0.307350,-0.124374,-0.168805,0.118695,-0.091384,0.082681,-0.128836,-0.065932,0.250906,-0.100690,0.195582,-0.134706,1.068301,0.221204,0.025967,0.168467,0.120124,-0.210817,0.306674,1.079512,-0.020151,0.061473,-0.294083
0.012119,3.580482,0.741108,0.000340,-0.067761,-0.696923,0.713938,0.357794,-0.136818,0.246653,0.168626,-0.313594,-0.036925,-0.329139,-0.181061,-0.173358,0.120540,-0.153583,0.119813,-0.137382,-0.105441,0.269588,-0.117798,0.201579,-0.153670,1.091318,0.216723,0.022693,0.168973,0.106928,-0.196145,0.294053,1.077417,-0.028296,0.066243,-0.303136
0.016816,3.611635,0.742095,-0.005049,-0.072727,-0.699993,0.710419,0.345517,-0.151668,0.265333,0.132906,-0.315518,-0.005948,-0.327185,-0.184902,-0.197760,0.125632,-0.136009,0.151723,-0.126209,-0.105960,0.295851,-0.129008,0.202723,-0.169450,1.120149,0.211802,0.024398,0.161249,0.092251,-0.188052,0.296599,1.069305,-0.030713,0.062096,-0.306400
0.021341,3.640187,0.747306,-0.018765,-0.076148,-0.709892,0.699930,0.333091,-0.145060,0.299210,0.127929,-0.298880,0.013564,-0.367152,-0.168255,-0.154204,0.299171,-0.182597,0.149582,-0.105988,-0.092738,0.327334,-0.118675,0.196643,-0.170617,1.145597,0.201851,0.028081,0.157238,0.069113,-0.187462,0.334514,1.078749,-0.028801,0.056288,-0.309861
0.024007,3.666772,0.754198,-0.025608,-0.076008,-0.718633,0.690748,0.305033,-0.136356,0.326230,0.123120,-0.257244,0.019090,-0.412902,-0.154220,-0.108221,0.507645,-0.224158,0.152053,-0.098425,-0.086980,0.335338,-0.086097,0.189766,-0.163095,1.168323,0.196320,0.027153,0.159760,0.044566,-0.185010,0.380408,1.105328,-0.032279,0.057705,-0.308452
0.025525,3.692322,0.760168,-0.027477,-0.071266,-0.723110,0.686497,0.262336,-0.124576,0.342899,0.119352,-0.217845,0.025530,-0.452851,-0.152091,-0.082121,0.724710,-0.257732,0.144302,-0.102222,-0.082073,0.326305,-0.046144,0.185939,-0.161955,1.184588,0.191443,0.031054,0.145972,0.030586,-0.175947,0.394317,1.118285,-0.032419,0.066527,-0.299331
0.026700,3.716758,0.763940,-0.029311,-0.067866,-0.724388,0.685417,0.223426,-0.114184,0.351213,0.116453,-0.183649,0.030134,-0.469056,-0.164264,-0.066018,0.939792,-0.272967,0.126327,-0.106476,-0.077673,0.318339,-0.009713,0.183911,-0.170790,1.197583,0.188819,0.035631,0.125310,0.030189,-0.166595,0.385137,1.107134,-0.027999,0.064834,-0.300986
0.027789,3.740234,0.765515,-0.030078,-0.068625,-0.724144,0.685567,0.189787,-0.112188,0.351134,0.115837,-0.154766,0.033426,-0.445364,-0.184825,-0.047407,1.114441,-0.296384,0.119800,-0.103492,-0.079481,0.312339,0.022834,0.180879,-0.171327,1.204243,0.198942,0.041699,0.115377,0.039668,-0.161253,0.376839,1.086285,-0.031101,0.059941,-0.304307
0.028598,3.762603,0.765890,-0.029032,-0.069966,-0.723783,0.685858,0.155807,-0.114319,0.351599,0.115082,-0.127421,0.037246,-0.389571,-0.199524,-0.023531,1.237989,-0.311259,0.131059,-0.095629,-0.082647,0.301180,0.055976,0.175978,-0.162989,1.208408,0.203798,0.041445,0.121695,0.051058,-0.158809,0.377318,1.077822,-0.034756,0.055254,-0.304498
0.028870,3.784612,0.765869,-0.027693,-0.071108,-0.723890,0.685682,0.121390,-0.115399,0.354635,0.114157,-0.098615,0.039073,-0.302284,-0.209293,-0.008602,1.299140,-0.316455,0.148844,-0.084429,-0.084466,0.288186,0.088288,0.169987,-0.146659,1.206044,0.192826,0.037470,0.133644,0.056917,-0.157160,0.385145,1.088013,-0.027569,0.052132,-0.301533
0.028492,3.806272,0.765557,-0.024704,-0.069074,-0.726000,0.683771,0.081086,-0.111457,0.361597,0.112978,-0.072291,0.028572,-0.199240,-0.214162,-0.004869,1.298914,-0.307260,0.176746,-0.067728,-0.082201,0.266134,0.119534,0.164846,-0.135643,1.199777,0.184912,0.036380,0.136372,0.058982,-0.154854,0.396668,1.111448,-0.019973,0.055129,-0.293621
0.027320,3.828366,0.764822,-0.022998,-0.066667,-0.726554,0.683481,0.041684,-0.103784,0.364582,0.111834,-0.047097,0.008239,-0.077990,-0.197663,0.000016,1.235044,-0.285079,0.231607,-0.053424,-0.078289,0.245578,0.145410,0.162561,-0.132530,1.190927,0.184407,0.035926,0.129937,0.058544,-0.152203,0.409403,1.135625,-0.011469,0.060354,-0.283224
0.024966,3.851380,0.763781,-0.022062,-0.060526,-0.727868,0.682684,-0.003246,-0.085729,0.368118,0.111721,-0.023116,-0.021093,0.040339,-0.147385,0.016176,1.118736,-0.253469,0.261800,-0.037601,-0.069632,0.222672,0.166089,0.162151,-0.134435,1.180656,0.182804,0.034054,0.131259,0.056138,-0.149468,0.425150,1.151303,-0.008987,0.063247,-0.278249
0.022130,3.875601,0.762035,-0.019482,-0.052433,-0.730528,0.680588,-0.055234,-0.064325,0.374299,0.111986,0.000788,-0.056463,0.141416,-0.098495,0.033266,0.973490,-0.223830,0.261800,-0.021092,-0.062181,0.197762,0.182871,0.162227,-0.133326,1.169121,0.176780,0.031351,0.135329,0.048941,-0.146160,0.437683,1.157793,-0.010383,0.063608,-0.274312
0.019114,3.902200,0.759434,-0.016488,-0.043320,-0.733541,0.678063,-0.111864,-0.040085,0.383431,0.111307,0.026196,-0.095218,0.222706,-0.055236,0.051538,0.811777,-0.195921,0.261800,-0.006594,-0.054934,0.177108,0.192090,0.160654,-0.118831,1.156818,0.159752,0.031857,0.134811,0.035235,-0.143057,0.442709,1.155194,-0.013608,0.061950,-0.276846
0.016634,3.931979,0.755705,-0.015098,-0.035808,-0.739518,0.672014,-0.164770,-0.012349,0.400455,0.108137,0.048477,-0.141651,0.278444,-0.019580,0.085291,0.662148,-0.218009,0.261800,0.010522,-0.047807,0.169568,0.195284,0.154716,-0.097752,1.146644,0.154677,0.030846,0.139695,0.008041,-0.141993,0.451489,1.149048,-0.020777,0.058221,-0.280271
0.014257,3.965386,0.751291,-0.018012,-0.027759,-0.747805,0.663093,-0.213507,0.027096,0.421187,0.105048,0.061299,-0.186661,0.294037,-0.003826,0.064407,0.553307,-0.299618,0.139260,0.029915,-0.032144,0.177284,0.189814,0.144552,-0.072804,1.136739,0.141467,0.027111,0.144184,-0.028932,-0.145158,0.458866,1.133311,-0.023003,0.061219,-0.284533
0.011671,4.001105,0.746903,-0.029793,-0.022391,-0.754236,0.655544,-0.248069,0.073551,0.428368,0.105684,0.048385,-0.200381,0.315864,0.020875,0.005493,0.458502,-0.386073,0.045053,0.043529,-0.006401,0.206839,0.176453,0.131156,-0.048296,1.131322,0.137161,0.024630,0.146104,-0.069709,-0.150829,0.465829,1.111936,-0.032008,0.059314,-0.292403
0.009201,4.037385,0.743637,-0.049973,-0.018256,-0.760010,0.647730,-0.265838,0.128333,0.424837,0.108352,-0.001558,-0.193301,0.331629,0.069217,-0.002205,0.387649,-0.438954,0.002441,0.054955,0.030792,0.248950,0.161608,0.117691,-0.038818,1.130623,0.133490,0.021156,0.153105,-0.112298,-0.158982,0.489523,1.102544,-0.033473,0.049876,-0.299172
0.007325,4.071854,0.741149,-0.067062,-0.011868,-0.767095,0.637908,-0.286069,0.184615,0.424944,0.110815,-0.046462,-0.186544,0.317046,0.119809,0.025301,0.353271,-0.464369,-0.023874,0.064584,0.066779,0.275871,0.157670,0.107029,-0.049098,1.127046,0.151382,0.024436,0.149644,-0.151840,-0.167500,0.523589,1.106299,-0.032744,0.049542,-0.288005
0.005791,4.103936,0.742365,-0.075120,-0.014419,-0.771153,0.632039,-0.286188,0.208576,0.446250,0.113683,-0.022846,-0.191408,0.296479,0.140749,0.029627,0.333632,-0.470887,-0.053221,0.062523,0.072763,0.299516,0.159579,0.104641,-0.073436,1.122343,0.173734,0.027617,0.130622,-0.181039,-0.171085,0.547035,1.113859,-0.031888,0.049337,-0.281371
0.004473,4.133439,0.747228,-0.077306,-0.026757,-0.769503,0.633382,-0.279345,0.202464,0.429478,0.171902,-0.006710,-0.165857,0.281013,0.133893,0.011017,0.320878,-0.461546,-0.083671,0.048065,0.052644,0.323750,0.157766,0.113424,-0.117003,1.134089,0.177576,0.025352,0.117583,-0.188797,-0.169232,0.542523,1.121417,-0.029316,0.048659,-0.290182
0.004022,4.161168,0.753727,-0.078853,-0.037181,-0.767310,0.635322,-0.314560,0.220081,0.392553,0.372589,-0.061341,-0.138507,0.257885,0.126587,0.002311,0.316393,-0.430184,-0.094262,0.037467,0.034352,0.342026,0.151448,0.123605,-0.145004,1.156630,0.185043,0.030947,0.107139,-0.177165,-0.163035,0.513778,1.123182,-0.031625,0.055182,-0.298537
0.004853,4.187729,0.760250,-0.077134,-0.041602,-0.767428,0.635118,-0.342972,0.235933,0.351738,0.565870,-0.107351,-0.115939,0.224077,0.119781,-0.002454,0.304451,-0.385180,-0.090575,0.032797,0.024145,0.346636,0.145054,0.128731,-0.153270,1.176298,0.189524,0.038561,0.105380,-0.156304,-0.162636,0.499311,1.116615,-0.020088,0.050853,-0.296858
0.006047,4.212864,0.765312,-0.073330,-0.044598,-0.767270,0.635555,-0.351126,0.248214,0.328028,0.743477,-0.149088,-0.111956,0.191653,0.112387,-0.006217,0.284583,-0.344546,-0.089799,0.031031,0.015991,0.344052,0.140338,0.135117,-0.155950,1.184401,0.186175,0.042420,0.107741,-0.125906,-0.171228,0.506826,1.103668,-0.023303,0.051522,-0.287510
0.007125,4.236850,0.768530,-0.071399,-0.046667,-0.766730,0.636278,-0.331250,0.269132,0.324561,0.904188,-0.189764,-0.098674,0.158609,0.110130,-0.009473,0.275156,-0.308817,-0.095393,0.030479,0.012866,0.340806,0.134774,0.143702,-0.152354,1.184273,0.182033,0.044654,0.105710,-0.091318,-0.184414,0.528900,1.095060,-0.036056,0.053120,-0.282159
0.008101,4.259945,0.770092,-0.071140,-0.046905,-0.764736,0.638684,-0.284584,0.295887,0.332263,1.034766,-0.223906,-0.082295,0.128597,0.112320,-0.017584,0.263019,-0.273978,-0.092987,0.024193,0.013870,0.334321,0.130999,0.153676,-0.143234,1.177969,0.179265,0.041675,0.110766,-0.057114,-0.196259,0.554511,1.101781,-0.038496,0.054010,-0.281777
0.009042,4.282057,0.770558,-0.070592,-0.045847,-0.760864,0.643429,-0.215805,0.316219,0.343247,1.125098,-0.243760,-0.077590,0.100397,0.114330,-0.032763,0.247359,-0.241675,-0.091422,0.013447,0.015384,0.321192,0.127333,0.164918,-0.140648,1.170702,0.169510,0.034741,0.125815,-0.021377,-0.204290,0.571544,1.119065,-0.032288,0.057479,-0.275056
0.009952,4.303946,0.770344,-0.069478,-0.043375,-0.754989,0.650602,-0.134767,0.324380,0.348788,1.173418,-0.244192,-0.090540,0.069536,0.115859,-0.054248,0.233134,-0.209321,-0.087102,0.000084,0.017158,0.304368,0.119112,0.175911,-0.135895,1.165960,0.164714,0.030395,0.132997,0.016302,-0.207923,0.574893,1.139144,-0.029539,0.060976,-0.269360
0.010912,4.325808,0.769397,-0.066347,-0.039713,-0.748091,0.659076,-0.051670,0.316147,0.347274,1.182954,-0.232431,-0.112501,0.028873,0.114232,-0.077718,0.227783,-0.181323,-0.085282,-0.016072,0.017505,0.281485,0.110069,0.185293,-0.129923,1.162667,0.160523,0.026826,0.133843,0.052369,-0.207268,0.568144,1.159490,-0.018979,0.066549,-0.265752
0.012072,4.348210,0.767914,-0.063383,-0.035897,-0.740183,0.668448,0.033628,0.295929,0.339906,1.151599,-0.215224,-0.148951,-0.013224,0.110242,-0.104902,0.224075,-0.153009,-0.083838,-0.033950,0.017333,0.259920,0.099309,0.193389,-0.125410,1.159027,0.155021,0.026598,0.134898,0.086802,-0.203716,0.547961,1.171995,-0.014319,0.069496,-0.260978
0.013449,4.371140,0.765880,-0.059591,-0.031379,-0.731646,0.678350,0.108645,0.259844,0.313822,1.080801,-0.188355,-0.193430,-0.058339,0.103802,-0.133028,0.221714,-0.126990,-0.084368,-0.053009,0.016427,0.236909,0.087680,0.201170,-0.128430,1.158501,0.151991,0.025478,0.137207,0.117031,-0.198203,0.530680,1.179230,-0.007592,0.071981,-0.262210
0.015743,4.395394,0.763534,-0.054350,-0.027900,-0.722302,0.688874,0.170795,0.201764,0.262415,0.970152,-0.169451,-0.233861,-0.104491,0.088896,-0.160006,0.216187,-0.099799,-0.071363,-0.072860,0.012296,0.216828,0.072666,0.208444,-0.140318,1.159451,0.154169,0.025749,0.138093,0.139779,-0.191720,0.511323,1.179873,-0.003878,0.074460,-0.263517
0.018986,4.421543,0.760907,-0.047619,-0.025764,-0.713198,0.698869,0.225299,0.136387,0.205130,0.822141,-0.155088,-0.261800,-0.146177,0.067607,-0.183634,0.196708,-0.072344,-0.048771,-0.090988,0.005496,0.201617,0.056605,0.213248,-0.154954,1.160357,0.157656,0.019268,0.144261,0.155568,-0.184545,0.480926,1.171084,-0.005187,0.072565,-0.265667
0.022729,4.450479,0.757327,-0.038858,-0.021119,-0.706228,0.706602,0.263711,0.095727,0.187295,0.654783,-0.227840,-0.178368,-0.189654,0.047646,-0.204992,0.158778,-0.045343,-0.024677,-0.101895,0.000943,0.189122,0.034321,0.214810,-0.157378,1.157376,0.160545,0.023852,0.139449,0.159833,-0.176287,0.443484,1.154715,-0.005997,0.076324,-0.269081
0.027012,4.482183,0.753376,-0.029610,-0.024848,-0.702181,0.710948,0.313969,0.054142,0.234800,0.467884,-0.312697,-0.121152,-0.222537,0.015808,-0.215548,0.118489,-0.030633,0.007331,-0.105755,-0.016318,0.196220,0.008831,0.214854,-0.161583,1.155758,0.161204,0.022499,0.139716,0.152439,-0.168153,0.401647,1.130596,-0.016515,0.076674,-0.274285
0.031792,4.515426,0.750313,-0.021064,-0.043024,-0.701080,0.711472,0.379218,-0.017211,0.309171,0.279718,-0.332384,-0.085603,-0.250442,-0.038447,-0.209989,0.117946,-0.059698,0.050501,-0.102617,-0.054838,0.227115,-0.016597,0.215595,-0.173122,1.159111,0.161108,0.020503,0.140544,0.135341,-0.160110,0.358288,1.107996,-0.020949,0.075352,-0.288113
0.035620,4.548856,0.747119,-0.010587,-0.059628,-0.696411,0.715083,0.407242,-0.091667,0.319505,0.134255,-0.319605,-0.048318,-0.281576,-0.095684,-0.208974,0.118811,-0.117783,0.088437,-0.113515,-0.096883,0.248960,-0.037048,0.220823,-0.197226,1.172435,0.161217,0.020091,0.137144,0.111685,-0.150085,0.334316,1.097690,-0.033380,0.079588,-0.308878
0.038143,4.581052,0.744041,-0.005606,-0.073349,-0.689587,0.720457,0.375256,-0.129182,0.306096,0.128979,-0.351852,-0.013259,-0.300225,-0.142278,-0.219866,0.119767,-0.158514,0.151285,-0.127163,-0.127952,0.272182,-0.056502,0.228715,-0.232016,1.192700,0.166398,0.022030,0.127568,0.095366,-0.140167,0.313374,1.076490,-0.052038,0.085059,-0.316697
0.040441,4.611544,0.746242,-0.014714,-0.084556,-0.693104,0.715710,0.365098,-0.140418,0.319896,0.124066,-0.342751,0.012079,-0.275804,-0.143837,-0.198897,0.126215,-0.133900,0.169716,-0.110910,-0.133042,0.315974,-0.070268,0.231421,-0.256223,1.209466,0.173734,0.023805,0.126392,0.078504,-0.137469,0.318384,1.058860,-0.053868,0.076040,-0.323198
0.041057,4.639769,0.752639,-0.021778,-0.088481,-0.702477,0.705849,0.341334,-0.137501,0.348575,0.120388,-0.299381,0.015099,-0.331835,-0.142997,-0.150407,0.346930,-0.201423,0.149506,-0.085992,-0.130974,0.339421,-0.064544,0.229599,-0.255092,1.219758,0.178836,0.026757,0.135359,0.053645,-0.137096,0.364809,1.079401,-0.047520,0.068508,-0.327818
0.040467,4.666701,0.759449,-0.024147,-0.083301,-0.709006,0.699849,0.296040,-0.123233,0.372746,0.118502,-0.257938,0.021768,-0.379392,-0.139983,-0.124839,0.561294,-0.248338,0.127850,-0.076363,-0.121853,0.337441,-0.042873,0.225303,-0.238165,1.217420,0.177361,0.029075,0.135315,0.030263,-0.133179,0.405534,1.111911,-0.062819,0.077436,-0.308750
0.039609,4.691826,0.765078,-0.026727,-0.076495,-0.713584,0.695868,0.251916,-0.104320,0.390368,0.116192,-0.221178,0.027819,-0.400912,-0.143514,-0.115562,0.761849,-0.284363,0.098689,-0.071479,-0.108005,0.331632,-0.013747,0.220042,-0.218177,1.203634,0.178050,0.028205,0.122420,0.018826,-0.130684,0.427076,1.123844,-0.057403,0.073924,-0.292956
0.038464,4.715591,0.768215,-0.027835,-0.074267,-0.716221,0.693352,0.214064,-0.093749,0.399828,0.115818,-0.188700,0.029346,-0.394232,-0.163937,-0.108158,0.946494,-0.307989,0.065652,-0.066385,-0.102153,0.326465,0.013211,0.215205,-0.207579,1.194667,0.176700,0.025417,0.117184,0.018819,-0.133055,0.438894,1.118461,-0.057118,0.064711,-0.290181
0.037014,4.738258,0.769164,-0.026446,-0.075329,-0.716641,0.692857,0.178565,-0.093213,0.400835,0.115466,-0.160562,0.034473,-0.353722,-0.194634,-0.098267,1.088256,-0.335886,0.053628,-0.064115,-0.105196,0.317483,0.040008,0.210528,-0.198307,1.190629,0.178162,0.026382,0.124158,0.025659,-0.137075,0.434409,1.110019,-0.054649,0.059217,-0.292004
0.034726,4.760055,0.769043,-0.022871,-0.077955,-0.715555,0.693816,0.142939,-0.098206,0.398513,0.114816,-0.129953,0.044186,-0.283990,-0.221444,-0.083356,1.175946,-0.350314,0.062651,-0.063649,-0.114186,0.303147,0.064823,0.205925,-0.190137,1.193641,0.165598,0.030176,0.137315,0.034908,-0.139190,0.416971,1.106661,-0.046323,0.059703,-0.292933
0.031674,4.781473,0.768475,-0.018586,-0.079989,-0.715062,0.694221,0.106116,-0.101400,0.400292,0.113945,-0.098392,0.050986,-0.189988,-0.243314,-0.075532,1.205504,-0.345980,0.090751,-0.057242,-0.122378,0.284400,0.087460,0.200441,-0.181030,1.201256,0.159876,0.030046,0.140487,0.043485,-0.139412,0.403842,1.111879,-0.030250,0.060296,-0.296798
0.028386,4.802761,0.767443,-0.015474,-0.081037,-0.716286,0.692913,0.070654,-0.099980,0.406153,0.113301,-0.069061,0.060272,-0.078147,-0.257150,-0.073861,1.179310,-0.336496,0.127037,-0.043943,-0.125070,0.263897,0.108492,0.191172,-0.164962,1.208404,0.145954,0.031066,0.143375,0.050103,-0.141511,0.402769,1.122425,-0.018171,0.057878,-0.292360
0.024769,4.824793,0.766051,-0.012783,-0.080255,-0.717721,0.691572,0.031530,-0.094375,0.410604,0.112445,-0.040969,0.051721,0.037355,-0.251997,-0.064618,1.103053,-0.324313,0.171078,-0.029909,-0.122062,0.242080,0.128665,0.178920,-0.150876,1.209508,0.137052,0.030707,0.144040,0.052307,-0.146736,0.411598,1.134037,-0.016153,0.058303,-0.285638
0.020405,4.847980,0.764092,-0.007899,-0.077288,-0.721455,0.688090,-0.014875,-0.084383,0.424227,0.111632,-0.009843,0.053143,0.136376,-0.232645,-0.036688,0.994348,-0.308717,0.214235,-0.012889,-0.118293,0.216221,0.149705,0.165304,-0.133506,1.203479,0.131389,0.028335,0.144050,0.050179,-0.152010,0.420015,1.141532,-0.018033,0.062636,-0.279626
0.014851,4.873525,0.761569,-0.004376,-0.072256,-0.726039,0.683832,-0.065599,-0.064381,0.438473,0.112177,0.022548,0.040905,0.219082,-0.203256,-0.000101,0.864056,-0.287460,0.244176,0.002326,-0.111364,0.195321,0.165607,0.152765,-0.116874,1.195817,0.127932,0.026870,0.144298,0.039543,-0.154804,0.422547,1.144313,-0.018421,0.059958,-0.281245
0.008756,4.901858,0.758501,-0.002729,-0.063687,-0.734727,0.675361,-0.118500,-0.028227,0.460466,0.111910,0.048285,-0.005502,0.277047,-0.160893,0.063151,0.722375,-0.271718,0.257726,0.021751,-0.097035,0.180619,0.177520,0.139907,-0.099064,1.184877,0.128662,0.025418,0.144269,0.016620,-0.156465,0.424317,1.144004,-0.017144,0.061407,-0.283809
0.002025,4.932901,0.754903,-0.003823,-0.053945,-0.744213,0.665750,-0.168939,0.017711,0.478972,0.110771,0.063487,-0.063979,0.310195,-0.123319,0.116393,0.586184,-0.319604,0.176768,0.038841,-0.077599,0.174389,0.183356,0.127458,-0.083483,1.177060,0.126790,0.023601,0.147672,-0.015301,-0.157659,0.433734,1.139752,-0.015994,0.060355,-0.288659
-0.004650,4.966384,0.751221,-0.012210,-0.048079,-0.752523,0.656696,-0.203656,0.066759,0.489785,0.109488,0.054112,-0.095143,0.339468,-0.095841,0.114085,0.456417,-0.405363,0.099835,0.050230,-0.052373,0.190052,0.183930,0.115134,-0.064361,1.169255,0.127723,0.022512,0.144607,-0.053982,-0.159008,0.445716,1.132783,-0.017508,0.057675,-0.291168
-0.011992,5.001024,0.749030,-0.033790,-0.042939,-0.757132,0.650972,-0.217598,0.128304,0.474822,0.111068,0.008235,-0.109979,0.366736,-0.043522,0.090573,0.366368,-0.449781,0.057104,0.053318,-0.010523,0.226800,0.176511,0.106706,-0.059384,1.170141,0.131955,0.025213,0.148687,-0.090768,-0.160430,0.458525,1.122232,-0.019186,0.053442,-0.291366
-0.018890,5.034770,0.747851,-0.055094,-0.029526,-0.761413,0.645246,-0.243974,0.201798,0.450027,0.113782,-0.042095,-0.129198,0.368311,0.027673,0.096550,0.292653,-0.452376,0.023887,0.058229,0.042504,0.246040,0.170011,0.100489,-0.062812,1.169447,0.130842,0.033745,0.143507,-0.118003,-0.164418,0.476331,1.116200,-0.024216,0.053829,-0.287279
-0.025351,5.065927,0.749146,-0.065782,-0.026324,-0.762006,0.643682,-0.253669,0.237496,0.463948,0.115251,-0.031884,-0.152883,0.366220,0.067265,0.097683,0.230165,-0.439698,-0.003325,0.056577,0.060380,0.260372,0.172898,0.098423,-0.056457,1.150046,0.119452,0.040633,0.114154,-0.132030,-0.169337,0.490533,1.111254,-0.031364,0.056261,-0.284602
-0.031566,5.094018,0.753962,-0.071469,-0.036803,-0.755059,0.650710,-0.253038,0.244703,0.472586,0.197538,-0.039728,-0.127198,0.382418,0.075193,0.067402,0.169045,-0.407596,-0.030879,0.042924,0.047000,0.281229,0.170895,0.106244,-0.053925,1.144240,0.083562,0.031307,0.085282,-0.123690,-0.171547,0.483258,1.108386,-0.035523,0.053312,-0.295363
-0.036086,5.120680,0.760143,-0.075625,-0.043069,-0.750602,0.654998,-0.275661,0.277586,0.471807,0.382636,-0.098609,-0.093358,0.372180,0.084648,0.051734,0.141417,-0.363365,-0.043828,0.038985,0.041272,0.292801,0.162991,0.111527,-0.044167,1.147419,0.078245,0.035956,0.085906,-0.103476,-0.172638,0.459738,1.111563,-0.029162,0.056925,-0.302502
-0.038578,5.146884,0.766245,-0.074769,-0.043567,-0.751266,0.654302,-0.296148,0.304935,0.446726,0.562496,-0.146481,-0.071859,0.327383,0.091131,0.052790,0.145102,-0.324374,-0.041889,0.044479,0.041372,0.291910,0.157823,0.110441,-0.025956,1.139899,0.079229,0.037244,0.105685,-0.086135,-0.179608,0.451264,1.123199,-0.012086,0.056290,-0.293956
-0.040585,5.172580,0.770745,-0.073224,-0.044802,-0.750621,0.655133,-0.303193,0.312020,0.402849,0.729955,-0.180394,-0.075484,0.286027,0.093979,0.047034,0.145621,-0.289369,-0.039498,0.041905,0.039907,0.294560,0.152697,0.112216,-0.014507,1.128691,0.060711,0.027653,0.105854,-0.071660,-0.192827,0.465144,1.136602,-0.003841,0.056925,-0.281624
-0.042497,5.197248,0.773095,-0.073111,-0.047669,-0.748233,0.657670,-0.282954,0.311923,0.375867,0.880548,-0.208028,-0.087183,0.256036,0.095277,0.037415,0.139280,-0.260058,-0.031362,0.035207,0.036435,0.300588,0.142975,0.121257,-0.014883,1.126844,0.050609,0.020676,0.099740,-0.052609,-0.205591,0.478008,1.146872,-0.005685,0.060355,-0.279428
-0.043707,5.220514,0.774079,-0.074130,-0.048507,-0.744934,0.661230,-0.236131,0.318339,0.372641,1.005341,-0.230663,-0.089101,0.227996,0.100187,0.027777,0.131466,-0.232566,-0.026649,0.024367,0.037316,0.301599,0.132347,0.131433,-0.016998,1.131980,0.057667,0.022331,0.104841,-0.026299,-0.216170,0.475605,1.152951,-0.004455,0.061463,-0.280654
-0.044288,5.243589,0.774172,-0.074737,-0.045457,-0.740732,0.666081,-0.173561,0.326524,0.379195,1.094486,-0.240688,-0.090799,0.194212,0.109248,0.013752,0.122230,-0.203164,-0.024525,0.008031,0.042557,0.295858,0.121995,0.139642,-0.015539,1.137401,0.064025,0.023655,0.116451,0.000460,-0.224871,0.468791,1.155902,0.003072,0.061507,-0.278187
-0.044091,5.265824,0.773797,-0.073907,-0.041163,-0.737027,0.670549,-0.095175,0.321135,0.382440,1.137046,-0.238117,-0.106757,0.153592,0.116054,0.000302,0.120406,-0.175635,-0.018141,-0.009287,0.047454,0.283178,0.115965,0.145623,-0.017528,1.142002,0.059835,0.018789,0.129594,0.027356,-0.233007,0.465722,1.155825,0.005090,0.060882,-0.274131
-0.043643,5.288118,0.772644,-0.073703,-0.036468,-0.732691,0.675575,-0.009687,0.299413,0.369201,1.136065,-0.223267,-0.132505,0.112913,0.123513,-0.013194,0.118698,-0.147802,-0.011647,-0.028243,0.053084,0.269345,0.110200,0.150919,-0.026533,1.144963,0.062770,0.017291,0.132866,0.054710,-0.239013,0.457421,1.150231,0.006089,0.061930,-0.275976
-0.043060,5.310889,0.770809,-0.072929,-0.031267,-0.727600,0.681397,0.077603,0.263889,0.344521,1.089254,-0.208234,-0.173300,0.069839,0.128986,-0.032460,0.117081,-0.120305,-0.007648,-0.050352,0.057256,0.254400,0.104147,0.156467,-0.042917,1.149981,0.076882,0.016061,0.132933,0.079436,-0.241319,0.446338,1.141606,0.003027,0.063488,-0.279918
-0.042016,5.334209,0.768768,-0.070669,-0.027135,-0.721901,0.687843,0.163194,0.216900,0.310906,0.997809,-0.193414,-0.203997,0.025371,0.127708,-0.051717,0.115492,-0.091881,0.003736,-0.071031,0.056657,0.237706,0.095239,0.161950,-0.062844,1.159072,0.089816,0.017188,0.132653,0.103098,-0.239355,0.432275,1.133032,0.011041,0.060600,-0.285354
-0.040361,5.359253,0.766555,-0.064380,-0.022318,-0.716882,0.693857,0.234265,0.164300,0.272402,0.865485,-0.167076,-0.218462,-0.029339,0.118460,-0.070006,0.113704,-0.058889,0.020646,-0.089145,0.051866,0.217765,0.083683,0.166813,-0.085160,1.167084,0.103567,0.018836,0.137593,0.119677,-0.232665,0.416386,1.126291,0.011577,0.062077,-0.287968
-0.038264,5.386926,0.763395,-0.053953,-0.015367,-0.712660,0.699263,0.287077,0.120200,0.246308,0.700784,-0.195073,-0.170386,-0.097911,0.103962,-0.087907,0.111740,-0.024144,0.042329,-0.102354,0.044676,0.196854,0.067500,0.172474,-0.102274,1.169025,0.119336,0.020002,0.136881,0.127031,-0.221907,0.403225,1.119751,0.012797,0.061257,-0.292112
-0.035404,5.417491,0.759294,-0.039705,-0.011901,-0.708644,0.704348,0.337207,0.066766,0.236545,0.474090,-0.257710,-0.133609,-0.169209,0.073830,-0.105887,0.109814,0.004189,0.086713,-0.110360,0.026624,0.184406,0.044372,0.179868,-0.114895,1.167441,0.125745,0.020007,0.136702,0.126096,-0.206974,0.383497,1.110682,0.011650,0.059891,-0.293576
-0.031794,5.449878,0.755950,-0.027665,-0.023024,-0.706436,0.706861,0.404715,-0.004190,0.267806,0.244232,-0.288317,-0.097072,-0.214434,0.023521,-0.114380,0.109358,0.006335,0.149300,-0.112980,-0.011766,0.201972,0.019864,0.187901,-0.123475,1.166145,0.125017,0.015465,0.141332,0.115011,-0.190256,0.367011,1.105054,0.013247,0.058606,-0.297261
-0.028521,5.483142,0.753383,-0.015910,-0.034425,-0.705248,0.707945,0.412019,-0.065520,0.291466,0.127939,-0.299465,-0.059820,-0.259464,-0.023736,-0.117583,0.111362,-0.028877,0.166356,-0.118421,-0.052316,0.219644,0.002019,0.199298,-0.134659,1.170690,0.128624,0.013170,0.144035,0.093343,-0.172736,0.368399,1.114515,0.005764,0.059193,-0.293994
-0.026046,5.515808,0.750863,-0.005716,-0.045477,-0.703182,0.709531,0.368494,-0.106930,0.292953,0.121291,-0.328222,-0.032141,-0.298791,-0.069441,-0.134685,0.115215,-0.086868,0.168309,-0.126627,-0.090254,0.234554,-0.011797,0.214952,-0.154961,1.181573,0.129301,0.016470,0.137005,0.071707,-0.157531,0.380986,1.123456,-0.010632,0.062428,-0.295914
-0.023165,5.546644,0.750418,-0.007031,-0.054938,-0.706145,0.705897,0.342154,-0.128058,0.306758,0.118208,-0.337856,-0.005952,-0.301085,-0.093964,-0.180290,0.120121,-0.084819,0.197710,-0.117258,-0.103242,0.264516,-0.025629,0.226991,-0.182953,1.198898,0.134810,0.019109,0.127887,0.054997,-0.151987,0.393061,1.118426,-0.023626,0.060473,-0.312541
-0.019952,5.574780,0.754203,-0.017501,-0.061772,-0.716808,0.694309,0.329406,-0.129408,0.340318,0.117316,-0.318467,0.008820,-0.335390,-0.093537,-0.144362,0.281219,-0.122951,0.176682,-0.090905,-0.095375,0.301458,-0.024624,0.230110,-0.187290,1.209134,0.146454,0.024136,0.130986,0.038044,-0.156728,0.419224,1.118952,-0.033812,0.052698,-0.332303
-0.017891,5.600485,0.759467,-0.019772,-0.064255,-0.725010,0.685449,0.297970,-0.131411,0.365594,0.116137,-0.281583,0.016696,-0.392169,-0.102164,-0.106657,0.509150,-0.179961,0.169051,-0.076571,-0.090955,0.310048,-0.006710,0.227823,-0.179578,1.213264,0.141469,0.026624,0.148631,0.024245,-0.165587,0.448150,1.132515,-0.034909,0.053214,-0.329573
-0.016787,5.624570,0.765098,-0.020227,-0.060294,-0.730660,0.679773,0.255443,-0.121898,0.385924,0.115403,-0.245135,0.022311,-0.425455,-0.105141,-0.080795,0.705764,-0.215151,0.158404,-0.070696,-0.079125,0.304177,0.018499,0.220976,-0.157819,1.213090,0.143102,0.028308,0.148394,0.012897,-0.174270,0.462729,1.145034,-0.042185,0.064930,-0.309609
-0.016169,5.647103,0.769491,-0.021425,-0.055982,-0.735006,0.675406,0.216524,-0.108692,0.401180,0.114829,-0.213159,0.020272,-0.428511,-0.112694,-0.065688,0.878602,-0.243776,0.143417,-0.065892,-0.065083,0.296860,0.046353,0.212062,-0.140396,1.208477,0.137181,0.025510,0.139026,0.005222,-0.187294,0.468155,1.148087,-0.030999,0.063764,-0.303807
-0.016074,5.668585,0.771917,-0.021737,-0.056586,-0.737457,0.672668,0.184982,-0.104486,0.410066,0.114479,-0.183566,0.029527,-0.401011,-0.136093,-0.054981,1.028217,-0.268854,0.124479,-0.061769,-0.060287,0.291957,0.072662,0.204328,-0.138816,1.204552,0.131245,0.023084,0.133522,0.002373,-0.203762,0.461963,1.142844,-0.020874,0.059677,-0.306713
-0.016885,5.689646,0.772752,-0.020325,-0.059478,-0.737760,0.672131,0.155046,-0.106247,0.412279,0.114231,-0.155926,0.044814,-0.344591,-0.165991,-0.042237,1.136264,-0.293663,0.120614,-0.059375,-0.064017,0.286653,0.095921,0.198051,-0.135466,1.202604,0.136306,0.023762,0.133774,0.004465,-0.217794,0.448732,1.136188,-0.028548,0.062812,-0.305675
-0.018348,5.710286,0.772836,-0.016620,-0.061574,-0.736252,0.673695,0.119365,-0.110488,0.408373,0.114054,-0.127343,0.058293,-0.266131,-0.197083,-0.035130,1.193757,-0.309645,0.127109,-0.057972,-0.071208,0.274809,0.115275,0.192467,-0.127529,1.204438,0.131136,0.021696,0.135247,0.008795,-0.226940,0.427315,1.128334,-0.015483,0.063392,-0.305692
-0.020563,5.731032,0.772796,-0.011708,-0.061290,-0.734479,0.675757,0.078214,-0.110935,0.405293,0.113496,-0.097140,0.063325,-0.170691,-0.220922,-0.035829,1.193259,-0.314719,0.151968,-0.053404,-0.075603,0.257464,0.130465,0.185043,-0.116234,1.206145,0.123402,0.022011,0.141242,0.014464,-0.231552,0.410271,1.124580,-0.008313,0.060872,-0.304978
-0.023384,5.752350,0.772667,-0.007361,-0.059611,-0.733562,0.676963,0.035336,-0.106915,0.403396,0.112923,-0.064026,0.068796,-0.066648,-0.208043,-0.010308,1.136659,-0.311076,0.201218,-0.041372,-0.076303,0.241233,0.140716,0.175177,-0.097876,1.205920,0.119796,0.020342,0.139089,0.020755,-0.234066,0.399242,1.116754,-0.004902,0.060226,-0.300024
-0.026951,5.774905,0.772107,-0.003763,-0.055829,-0.732688,0.678261,-0.011280,-0.096681,0.403508,0.112288,-0.030438,0.072356,0.036729,-0.178482,0.020093,1.036732,-0.298066,0.248976,-0.030683,-0.071763,0.224899,0.150481,0.163194,-0.083479,1.200634,0.111085,0.012309,0.140744,0.022330,-0.234659,0.396921,1.110702,-0.008049,0.060922,-0.295294
-0.031132,5.798160,0.771001,0.001411,-0.049109,-0.735828,0.675384,-0.064454,-0.079547,0.413328,0.112028,0.003089,0.072455,0.121955,-0.150763,0.050255,0.909510,-0.275834,0.261800,-0.012798,-0.065117,0.203867,0.162728,0.149268,-0.065408,1.188263,0.107385,0.007398,0.135739,0.017456,-0.232656,0.397603,1.107620,-0.010536,0.062386,-0.293181
-0.036362,5.824121,0.769127,0.004523,-0.041778,-0.737224,0.674341,-0.119483,-0.056743,0.417248,0.111638,0.041165,0.062465,0.196414,-0.116722,0.081012,0.757713,-0.232275,0.261800,-0.002073,-0.058445,0.192849,0.167559,0.137282,-0.050519,1.171568,0.108433,0.013156,0.132842,0.003089,-0.226371,0.397723,1.102004,-0.015924,0.066256,-0.295270
-0.041452,5.852899,0.766129,0.007153,-0.035081,-0.741004,0.670546,-0.173194,-0.030444,0.429029,0.108632,0.076314,0.031256,0.239088,-0.092672,0.117175,0.620040,-0.273316,0.210644,0.009029,-0.052505,0.190320,0.166133,0.128440,-0.045396,1.163342,0.102589,0.010525,0.134967,-0.023125,-0.217815,0.402177,1.097229,-0.024845,0.066696,-0.299342
-0.047215,5.884625,0.762376,0.003035,-0.025457,-0.746371,0.665036,-0.221585,0.016241,0.437887,0.106479,0.100372,-0.054187,0.263448,-0.065528,0.096342,0.484784,-0.349670,0.091332,0.021299,-0.033900,0.201894,0.154353,0.121680,-0.044061,1.163096,0.105246,0.009433,0.138477,-0.055112,-0.209578,0.404832,1.083198,-0.038186,0.067038,-0.298291
-0.053193,5.917796,0.758684,-0.011057,-0.018479,-0.751201,0.659722,-0.249112,0.073396,0.439651,0.105036,0.106103,-0.146160,0.291116,-0.026588,0.056789,0.376876,-0.410241,0.044868,0.032138,-0.004657,0.233502,0.138484,0.119397,-0.049894,1.162669,0.111628,0.010608,0.137161,-0.087167,-0.205069,0.418623,1.065616,-0.043541,0.063366,-0.299915
-0.059033,5.950944,0.755888,-0.027409,-0.012326,-0.753431,0.656840,-0.274051,0.125041,0.427360,0.106500,0.068120,-0.171323,0.305268,0.023641,0.049358,0.293464,-0.436977,0.009830,0.036632,0.025660,0.266471,0.120594,0.120747,-0.058828,1.167567,0.125254,0.011638,0.133135,-0.116762,-0.202944,0.445053,1.054938,-0.052475,0.060764,-0.297732
-0.064706,5.982436,0.753675,-0.040965,-0.006904,-0.753618,0.655998,-0.299486,0.168002,0.422785,0.109322,0.012449,-0.160427,0.302847,0.071155,0.045749,0.238725,-0.448202,-0.026999,0.034291,0.047757,0.290421,0.111649,0.127552,-0.067694,1.163884,0.128979,0.014168,0.129995,-0.140133,-0.201497,0.475618,1.054600,-0.060024,0.058591,-0.290022
-0.069837,6.011043,0.754366,-0.050061,-0.011267,-0.750041,0.659398,-0.297002,0.181007,0.433907,0.112246,0.013133,-0.160542,0.305058,0.093893,0.027944,0.198412,-0.444746,-0.058415,0.023649,0.047081,0.317714,0.108438,0.141037,-0.076223,1.154312,0.124905,0.013749,0.121656,-0.151522,-0.198679,0.500550,1.059762,-0.062927,0.059495,-0.292903
-0.074244,6.036994,0.758857,-0.056776,-0.020154,-0.741843,0.667862,-0.281849,0.176719,0.415661,0.156589,0.012719,-0.134673,0.290751,0.101761,0.004474,0.202641,-0.422728,-0.064983,0.006993,0.036911,0.343102,0.095838,0.159230,-0.101388,1.161911,0.117372,0.014860,0.123892,-0.146538,-0.193712,0.505115,1.073211,-0.055990,0.058485,-0.297458
-0.077253,6.061014,0.764909,-0.053079,-0.023232,-0.736550,0.673897,-0.317899,0.191278,0.405967,0.322762,-0.050401,-0.105458,0.245497,0.098420,-0.011654,0.216604,-0.394312,-0.064720,-0.000963,0.023294,0.342187,0.083067,0.173534,-0.114949,1.175735,0.121869,0.018937,0.126230,-0.129290,-0.187725,0.501123,1.096485,-0.044320,0.060370,-0.297509
-0.079686,6.082934,0.770748,-0.047401,-0.026938,-0.732274,0.678825,-0.334065,0.197766,0.392751,0.476435,-0.108139,-0.072303,0.211760,0.088797,-0.026693,0.209653,-0.361477,-0.069134,-0.004455,0.008028,0.338306,0.074814,0.184600,-0.111905,1.177523,0.122749,0.022690,0.117307,-0.100564,-0.183540,0.492702,1.110127,-0.031965,0.065504,-0.286408
-0.081441,6.103590,0.775143,-0.042067,-0.030314,-0.728996,0.682551,-0.331224,0.201156,0.378141,0.610668,-0.155279,-0.058233,0.179534,0.077485,-0.038072,0.203672,-0.331220,-0.063610,-0.003335,-0.003942,0.334669,0.065681,0.195315,-0.103361,1.171547,0.114934,0.018296,0.111686,-0.068477,-0.183573,0.499169,1.120760,-0.022401,0.064764,-0.282987
-0.082606,6.122994,0.777826,-0.039449,-0.030885,-0.726950,0.684860,-0.312948,0.212039,0.366121,0.728980,-0.199629,-0.051461,0.146847,0.074816,-0.044774,0.202982,-0.306151,-0.063916,-0.003328,-0.006632,0.329650,0.060029,0.204618,-0.092426,1.158643,0.117777,0.018886,0.113745,-0.038785,-0.186816,0.519518,1.134865,-0.018625,0.064156,-0.279780
-0.083218,6.141690,0.779278,-0.037496,-0.027888,-0.725831,0.686284,-0.283702,0.224859,0.351699,0.822319,-0.234356,-0.062098,0.107150,0.078318,-0.050643,0.208957,-0.284495,-0.069328,-0.007644,-0.003318,0.319877,0.056521,0.212108,-0.085811,1.149143,0.113406,0.016279,0.127152,-0.015263,-0.190161,0.537375,1.155088,-0.023388,0.068404,-0.265524
-0.083443,6.159117,0.780323,-0.036955,-0.026080,-0.723253,0.689100,-0.236022,0.231538,0.337487,0.887271,-0.258420,-0.068920,0.079699,0.080536,-0.058695,0.201914,-0.256994,-0.070459,-0.017582,-0.000558,0.312518,0.052638,0.217550,-0.081110,1.145342,0.114502,0.015194,0.132089,0.008879,-0.191163,0.537321,1.172523,-0.010126,0.072208,-0.263544
-0.083589,6.175984,0.780990,-0.036420,-0.023537,-0.718822,0.693841,-0.181255,0.230408,0.315109,0.925598,-0.271968,-0.081185,0.058129,0.082459,-0.073063,0.184016,-0.226028,-0.067735,-0.032957,0.002323,0.302891,0.046883,0.223505,-0.086954,1.145777,0.115790,0.018300,0.127687,0.031221,-0.189683,0.518573,1.185709,-0.005879,0.074101,-0.258901
-0.083584,6.192395,0.781425,-0.035201,-0.021317,-0.714020,0.698915,-0.116465,0.226287,0.300775,0.934260,-0.274549,-0.105979,0.039004,0.081836,-0.087560,0.162160,-0.195201,-0.063266,-0.047867,0.002709,0.291160,0.039266,0.228647,-0.099348,1.151600,0.121378,0.018413,0.126554,0.052765,-0.186598,0.501915,1.192930,-0.005110,0.074217,-0.262771
-0.082909,6.208727,0.781431,-0.034004,-0.018659,-0.711901,0.701208,-0.044281,0.222490,0.298799,0.922877,-0.273575,-0.122714,0.007606,0.081254,-0.095558,0.161953,-0.169044,-0.064454,-0.055817,0.004599,0.279338,0.030597,0.231170,-0.113437,1.156821,0.131954,0.020735,0.128662,0.069439,-0.184721,0.482466,1.190738,0.006902,0.074622,-0.266520
-0.081496,6.225704,0.780961,-0.032088,-0.016423,-0.712050,0.701203,0.029731,0.214442,0.307702,0.892306,-0.270395,-0.134333,-0.027895,0.079498,-0.095492,0.165566,-0.145235,-0.059676,-0.059037,0.005470,0.269251,0.024360,0.230700,-0.119194,1.152366,0.140443,0.021277,0.131237,0.078406,-0.184881,0.472427,1.182720,0.003497,0.072312,-0.266992
-0.079661,6.243126,0.779986,-0.030493,-0.014084,-0.711738,0.701642,0.097188,0.191441,0.299127,0.839614,-0.262697,-0.158264,-0.062190,0.077222,-0.098624,0.166174,-0.119073,-0.058470,-0.064503,0.007186,0.260457,0.018508,0.228263,-0.120960,1.145115,0.142243,0.019966,0.134225,0.079391,-0.186223,0.469928,1.172168,-0.002305,0.074510,-0.270523
-0.077270,6.261694,0.778552,-0.027587,-0.011310,-0.710942,0.702618,0.152711,0.154945,0.277097,0.760849,-0.240774,-0.186504,-0.099373,0.071768,-0.102967,0.164674,-0.092471,-0.049631,-0.071560,0.008013,0.251987,0.009894,0.224706,-0.125485,1.139124,0.144036,0.019146,0.138736,0.074735,-0.187350,0.460737,1.156088,-0.010910,0.073716,-0.275761
-0.074073,6.281836,0.776616,-0.023469,-0.008333,-0.710187,0.703572,0.201366,0.115859,0.262577,0.649507,-0.208163,-0.201861,-0.137613,0.063347,-0.106955,0.156289,-0.061394,-0.033770,-0.077928,0.008594,0.245493,-0.002907,0.219656,-0.133590,1.134675,0.152224,0.019324,0.141469,0.064074,-0.187961,0.441135,1.134544,-0.014440,0.071213,-0.283632
-0.070504,6.303442,0.773980,-0.016722,-0.004243,-0.709330,0.704665,0.242660,0.083017,0.281272,0.492406,-0.229474,-0.168062,-0.174010,0.051663,-0.111905,0.127669,-0.021901,-0.004567,-0.083639,0.007090,0.236810,-0.019969,0.215036,-0.144602,1.132469,0.157787,0.019534,0.143555,0.047867,-0.188393,0.423289,1.109262,-0.023319,0.071638,-0.290872
-0.066401,6.326576,0.771081,-0.010453,-0.004489,-0.707459,0.706663,0.292697,0.043404,0.323269,0.312635,-0.264246,-0.142951,-0.209732,0.030224,-0.121699,0.113837,-0.000519,0.038452,-0.090075,-0.001208,0.239306,-0.040973,0.211258,-0.156930,1.130234,0.175461,0.022269,0.144038,0.028378,-0.189900,0.408633,1.079271,-0.038732,0.071383,-0.297749
-0.062230,6.351285,0.767907,-0.003659,-0.007164,-0.703189,0.710958,0.324471,-0.003677,0.339229,0.157955,-0.269460,-0.111427,-0.247775,-0.000351,-0.136167,0.111622,0.002588,0.088227,-0.103378,-0.014430,0.246549,-0.066000,0.209220,-0.171444,1.132472,0.175096,0.022303,0.147399,0.007197,-0.191300,0.393065,1.051580,-0.048493,0.071099,-0.308499
-0.058252,6.376747,0.765030,0.002586,-0.008968,-0.697899,0.716135,0.295049,-0.029473,0.330283,0.126022,-0.307902,-0.087151,-0.287466,-0.028080,-0.146221,0.111563,-0.011806,0.104829,-0.118858,-0.026364,0.254038,-0.092399,0.209523,-0.193501,1.139517,0.166370,0.021093,0.149723,-0.013257,-0.191452,0.377523,1.027016,-0.057850,0.074948,-0.315045
-0.055025,6.402048,0.761870,0.006630,-0.015170,-0.694899,0.718917,0.264887,-0.054473,0.325943,0.118446,-0.336139,-0.055510,-0.317776,-0.054694,-0.148772,0.112641,-0.035248,0.111640,-0.127168,-0.043324,0.269167,-0.116998,0.212523,-0.219049,1.148604,0.175089,0.023134,0.143535,-0.030206,-0.191021,0.369013,1.008701,-0.068121,0.073472,-0.316345
-0.051992,6.424836,0.760307,0.007380,-0.032680,-0.695563,0.717683,0.259616,-0.092331,0.327656,0.117784,-0.333182,-0.029778,-0.322033,-0.088212,-0.137985,0.115126,-0.072006,0.123856,-0.122314,-0.073059,0.299716,-0.133112,0.215903,-0.238496,1.154044,0.175464,0.022210,0.137552,-0.041114,-0.192448,0.372929,0.996793,-0.073326,0.072007,-0.316401
-0.050133,6.444917,0.761954,0.011540,-0.043027,-0.699268,0.713471,0.239608,-0.119408,0.337593,0.116139,-0.305000,-0.018023,-0.333906,-0.109680,-0.130211,0.117818,-0.084527,0.135898,-0.111764,-0.095395,0.310856,-0.135989,0.218498,-0.246643,1.161612,0.168636,0.019826,0.142367,-0.050656,-0.194286,0.400359,1.011394,-0.071758,0.066195,-0.325137
-0.049079,6.462882,0.766095,0.007880,-0.042457,-0.707205,0.705689,0.217937,-0.114753,0.359636,0.115819,-0.281062,-0.005135,-0.328972,-0.094893,-0.122389,0.122418,-0.065544,0.139121,-0.100286,-0.090361,0.316884,-0.118461,0.216892,-0.230331,1.163410,0.172412,0.022064,0.143685,-0.063191,-0.193689,0.432639,1.047506,-0.068656,0.072140,-0.313798
-0.048431,6.478629,0.771055,-0.002758,-0.038774,-0.716327,0.696681,0.206866,-0.091582,0.385094,0.116167,-0.262431,0.002404,-0.360582,-0.070563,-0.101028,0.262581,-0.107600,0.124622,-0.088063,-0.069614,0.326399,-0.093523,0.212286,-0.218602,1.165215,0.166957,0.022267,0.142851,-0.070892,-0.193207,0.462548,1.076849,-0.068042,0.081361,-0.290765
-0.048306,6.492519,0.774912,-0.011270,-0.036094,-0.723173,0.689631,0.197234,-0.071354,0.404420,0.116216,-0.246060,0.004445,-0.387919,-0.054068,-0.073971,0.422701,-0.152218,0.111514,-0.080444,-0.052795,0.329975,-0.068587,0.209540,-0.219248,1.173158,0.164129,0.020546,0.131989,-0.069993,-0.195081,0.484895,1.092358,-0.060977,0.080121,-0.284213
-0.048585,6.504595,0.776980,-0.015181,-0.036311,-0.726029,0.686537,0.186317,-0.063247,0.412769,0.116382,-0.232304,0.011010,-0.402996,-0.059159,-0.054800,0.579091,-0.191289,0.101671,-0.079420,-0.047348,0.326354,-0.045789,0.208761,-0.225231,1.185571,0.167845,0.024666,0.122020,-0.055660,-0.197838,0.481226,1.089967,-0.070491,0.076263,-0.281095
-0.049548,6.515224,0.778095,-0.014789,-0.037501,-0.725824,0.686698,0.170822,-0.063307,0.413426,0.116513,-0.218170,0.019297,-0.403530,-0.084757,-0.051868,0.716784,-0.231072,0.083235,-0.083483,-0.050482,0.315210,-0.024445,0.210248,-0.229319,1.200650,0.164712,0.024900,0.122089,-0.036104,-0.197937,0.462283,1.083748,-0.057837,0.073615,-0.295655
-0.051330,6.524508,0.778796,-0.014137,-0.040894,-0.725318,0.687053,0.159942,-0.066492,0.412209,0.116520,-0.202151,0.026916,-0.377576,-0.120198,-0.054037,0.821735,-0.268143,0.073132,-0.084771,-0.058279,0.305141,-0.004339,0.212982,-0.225824,1.216415,0.159706,0.026147,0.124712,-0.016128,-0.194054,0.440327,1.085624,-0.048490,0.069834,-0.302270
-0.052757,6.532424,0.779012,-0.015247,-0.045839,-0.726625,0.685333,0.157313,-0.069773,0.418092,0.116311,-0.189627,0.037754,-0.333313,-0.151064,-0.044238,0.907058,-0.297910,0.061229,-0.077751,-0.063131,0.298653,0.014299,0.212855,-0.217317,1.229989,0.152583,0.027556,0.128020,0.000695,-0.192374,0.431372,1.095788,-0.038204,0.070196,-0.295577
-0.054331,6.539903,0.779136,-0.015592,-0.048755,-0.730550,0.680938,0.152641,-0.069764,0.429306,0.115710,-0.180441,0.038257,-0.286017,-0.174216,-0.023809,0.972691,-0.325652,0.047092,-0.065449,-0.063352,0.290388,0.032709,0.209134,-0.202524,1.234621,0.153044,0.030834,0.126598,0.007082,-0.195601,0.448171,1.117784,-0.027820,0.064549,-0.285910
-0.056206,6.547162,0.779357,-0.014130,-0.049558,-0.734475,0.676677,0.142286,-0.068150,0.441605,0.115110,-0.171626,0.039355,-0.237372,-0.195169,-0.003084,1.016660,-0.342022,0.044848,-0.056202,-0.061974,0.279395,0.052694,0.203637,-0.185402,1.226890,0.151440,0.031106,0.128953,0.006615,-0.201133,0.469832,1.140505,-0.024460,0.067932,-0.279752
-0.058545,6.554543,0.779637,-0.013146,-0.050553,-0.737596,0.673219,0.132316,-0.065874,0.450523,0.114675,-0.162500,0.039011,-0.182231,-0.220007,0.009751,1.042800,-0.342689,0.048919,-0.051230,-0.061199,0.272027,0.071197,0.198287,-0.173746,1.213113,0.150330,0.028256,0.134055,0.003523,-0.204538,0.472216,1.156725,-0.027703,0.072451,-0.277904
-0.061425,6.562087,0.780038,-0.011680,-0.051660,-0.740932,0.669488,0.121062,-0.063339,0.460765,0.114425,-0.150487,0.044704,-0.123997,-0.252754,0.009646,1.048084,-0.334219,0.051491,-0.046368,-0.061947,0.265879,0.084440,0.193970,-0.168642,1.201083,0.152299,0.025703,0.137195,-0.000541,-0.206379,0.460562,1.160896,-0.023583,0.074237,-0.280735
-0.064792,6.569654,0.780508,-0.010775,-0.052840,-0.745570,0.664242,0.111983,-0.057915,0.475995,0.114086,-0.137974,0.049926,-0.061436,-0.287486,-0.000288,1.027546,-0.328791,0.047527,-0.037992,-0.061876,0.261758,0.091524,0.188722,-0.162233,1.192105,0.156198,0.026995,0.134268,-0.006589,-0.210486,0.453400,1.155728,-0.025352,0.074573,-0.283216
-0.068856,6.577713,0.780935,-0.009132,-0.053612,-0.750720,0.658378,0.101220,-0.050310,0.496418,0.113899,-0.124095,0.059184,-0.000664,-0.306039,0.002529,0.979387,-0.322946,0.053486,-0.029751,-0.063116,0.257253,0.095349,0.183914,-0.155015,1.183500,0.160465,0.027102,0.135763,-0.015827,-0.215670,0.452254,1.143926,-0.031353,0.076758,-0.285614
-0.073762,6.586480,0.781350,-0.007116,-0.053350,-0.755458,0.652982,0.086726,-0.040829,0.510843,0.113710,-0.109936,0.055414,0.058847,-0.301054,0.022364,0.899444,-0.297912,0.084824,-0.023474,-0.063467,0.252860,0.094444,0.179625,-0.146634,1.174090,0.159516,0.027280,0.138480,-0.027495,-0.221315,0.450863,1.129202,-0.037788,0.077125,-0.287221
-0.079803,6.596657,0.781394,-0.003161,-0.052599,-0.759628,0.648220,0.065893,-0.032320,0.519859,0.113945,-0.094786,0.044296,0.111283,-0.287068,0.047680,0.801508,-0.268303,0.121591,-0.016927,-0.066656,0.248390,0.088511,0.178165,-0.139162,1.161565,0.159899,0.025805,0.141357,-0.041355,-0.224441,0.446422,1.111342,-0.047010,0.078442,-0.293299
-0.087243,6.608769,0.780864,0.003321,-0.052657,-0.763969,0.643093,0.039482,-0.023451,0.537091,0.115376,-0.075171,0.042283,0.160008,-0.281640,0.060628,0.684624,-0.269626,0.172100,-0.010044,-0.076174,0.245138,0.078682,0.179669,-0.129666,1.148634,0.153877,0.021272,0.148527,-0.060502,-0.225702,0.445609,1.095414,-0.050277,0.075669,-0.297428
-0.095891,6.622847,0.779886,0.010743,-0.051798,-0.767917,0.638361,0.007424,-0.011770,0.549771,0.118066,-0.053106,0.035499,0.192787,-0.279834,0.059319,0.565232,-0.282113,0.198614,-0.003611,-0.088510,0.242944,0.065356,0.186379,-0.121486,1.138099,0.143213,0.014336,0.155882,-0.082804,-0.224559,0.447452,1.080464,-0.057287,0.069389,-0.296604
-0.105873,6.639076,0.778568,0.017477,-0.050067,-0.770082,0.635737,-0.039917,0.012079,0.555984,0.148508,-0.037828,0.028647,0.216685,-0.274889,0.039035,0.454358,-0.294173,0.218252,0.000769,-0.101648,0.244042,0.046277,0.198104,-0.114059,1.130770,0.140475,0.013063,0.156383,-0.107091,-0.219528,0.447871,1.064270,-0.062754,0.069229,-0.295212
-0.116393,6.656712,0.777050,0.019249,-0.045543,-0.769257,0.637024,-0.108017,0.059791,0.548086,0.228924,-0.039920,0.019315,0.237526,-0.255007,-0.001846,0.364252,-0.327195,0.210536,-0.000775,-0.103860,0.249756,0.025406,0.210863,-0.108541,1.124542,0.144959,0.013526,0.158600,-0.129487,-0.214410,0.448623,1.049200,-0.072615,0.066073,-0.296430
-0.127483,6.675220,0.775632,0.015204,-0.038261,-0.766647,0.640748,-0.175989,0.119191,0.528209,0.311047,-0.034218,0.010820,0.263546,-0.213883,-0.034624,0.268861,-0.342023,0.189475,-0.001592,-0.092876,0.260836,0.002536,0.221374,-0.105458,1.118202,0.149907,0.014759,0.161835,-0.147611,-0.212739,0.451277,1.035927,-0.073280,0.060643,-0.297406
-0.138861,6.694199,0.774577,0.011354,-0.031407,-0.762914,0.645637,-0.233205,0.166583,0.503522,0.358163,-0.003493,0.002501,0.283336,-0.170156,-0.066310,0.182140,-0.343397,0.159505,-0.000094,-0.082205,0.271877,-0.018496,0.230444,-0.107220,1.108875,0.161756,0.015517,0.164906,-0.160643,-0.214037,0.457440,1.027791,-0.076880,0.055945,-0.297723
-0.150423,6.713516,0.773495,0.009575,-0.026650,-0.757905,0.651751,-0.279673,0.195836,0.471651,0.369236,0.051627,-0.016210,0.284710,-0.133093,-0.096683,0.131710,-0.350126,0.133595,0.003083,-0.076842,0.283613,-0.037584,0.238636,-0.106092,1.091299,0.174915,0.020173,0.153947,-0.170189,-0.217175,0.466076,1.025607,-0.077377,0.055722,-0.299450
-0.161586,6.732599,0.772456,0.006747,-0.022462,-0.753121,0.657464,-0.317635,0.218855,0.434190,0.363528,0.116200,-0.040896,0.262508,-0.096020,-0.109242,0.129284,-0.369288,0.102000,0.005425,-0.070689,0.297202,-0.048749,0.245804,-0.101144,1.065398,0.177053,0.022523,0.143616,-0.179498,-0.220449,0.479323,1.035041,-0.068034,0.056406,-0.300752
-0.171615,6.750768,0.772344,-0.000309,-0.017666,-0.749087,0.662236,-0.345017,0.244363,0.394528,0.350354,0.181190,-0.061899,0.245053,-0.054031,-0.120869,0.128958,-0.369019,0.070657,0.004789,-0.058036,0.315756,-0.053686,0.251753,-0.098809,1.042716,0.170229,0.019445,0.145599,-0.189824,-0.223566,0.500620,1.056016,-0.068207,0.057546,-0.292602
-0.179838,6.766800,0.773562,-0.005022,-0.013213,-0.745312,0.666566,-0.358415,0.257637,0.360577,0.330493,0.215377,-0.096578,0.225023,-0.021884,-0.129236,0.127849,-0.354282,0.054787,0.001370,-0.047832,0.326622,-0.053473,0.252993,-0.099545,1.032764,0.163960,0.015977,0.146366,-0.193995,-0.225990,0.517250,1.082352,-0.056844,0.059109,-0.285015
-0.186608,6.780311,0.775745,-0.006247,-0.012846,-0.743161,0.668960,-0.357515,0.263395,0.338256,0.362220,0.119656,-0.102570,0.207657,-0.006039,-0.132563,0.127059,-0.338487,0.043849,0.000873,-0.046374,0.331719,-0.051339,0.249024,-0.105356,1.041619,0.160881,0.015882,0.140280,-0.183934,-0.227709,0.522039,1.104104,-0.048773,0.064341,-0.285699
-0.192164,6.791887,0.778728,-0.004793,-0.015541,-0.742363,0.669801,-0.351650,0.271682,0.330926,0.444596,0.014144,-0.089640,0.191542,-0.001953,-0.133094,0.126819,-0.322132,0.029764,0.004372,-0.051738,0.333149,-0.049473,0.241639,-0.111770,1.062542,0.160682,0.020406,0.126160,-0.163394,-0.229152,0.517083,1.118522,-0.038033,0.062993,-0.284753
-0.196664,6.801947,0.781406,-0.001571,-0.017578,-0.743368,0.668650,-0.345724,0.277602,0.316523,0.549701,-0.055372,-0.091296,0.174011,-0.002009,-0.131764,0.126605,-0.308073,0.019166,0.005216,-0.057908,0.329112,-0.039650,0.233511,-0.113416,1.080743,0.159770,0.024824,0.120209,-0.140485,-0.229791,0.516933,1.126868,-0.028178,0.063774,-0.282477
-0.200008,6.810606,0.783009,0.000203,-0.018943,-0.744108,0.667791,-0.340476,0.277928,0.285566,0.669173,-0.110243,-0.103583,0.159684,-0.000390,-0.128139,0.126400,-0.297296,0.014084,0.004685,-0.060100,0.324302,-0.027868,0.224400,-0.112956,1.097723,0.159622,0.026921,0.121084,-0.113311,-0.231048,0.513831,1.128107,-0.026282,0.066698,-0.275340
-0.202587,6.818123,0.783706,0.000243,-0.019677,-0.743967,0.667927,-0.327431,0.282735,0.270451,0.783660,-0.153067,-0.102167,0.149803,0.003755,-0.126536,0.126148,-0.290469,0.010469,0.000252,-0.057337,0.319765,-0.015636,0.214857,-0.113257,1.115809,0.157721,0.026871,0.126120,-0.084261,-0.232990,0.507727,1.125384,-0.027907,0.068653,-0.272945
-0.204473,6.824464,0.783841,-0.000921,-0.019578,-0.742601,0.669447,-0.301235,0.295823,0.278210,0.871540,-0.186211,-0.091494,0.142946,0.009369,-0.128941,0.125750,-0.285350,0.009159,-0.006728,-0.050484,0.313699,-0.004030,0.204251,-0.112075,1.134377,0.158037,0.026999,0.127578,-0.055028,-0.234997,0.501372,1.125205,-0.026041,0.069961,-0.273165
-0.206459,6.829921,0.783811,-0.003821,-0.019842,-0.740939,0.671268,-0.260150,0.311722,0.293537,0.924118,-0.216359,-0.090849,0.140819,0.017577,-0.131461,0.125378,-0.279634,0.004581,-0.015826,-0.043506,0.309446,0.008712,0.195903,-0.109980,1.149194,0.157623,0.027947,0.126843,-0.030203,-0.234477,0.497929,1.132728,-0.018846,0.069643,-0.271935
-0.207897,6.834423,0.783821,-0.004831,-0.018591,-0.738087,0.674432,-0.217685,0.325198,0.314805,0.943466,-0.244151,-0.087149,0.134821,0.024221,-0.137567,0.125090,-0.274403,-0.000464,-0.025573,-0.036885,0.299848,0.018963,0.189307,-0.111203,1.159903,0.158810,0.028986,0.124473,-0.005979,-0.231474,0.489972,1.143862,-0.012921,0.067527,-0.271515
-0.208856,6.838249,0.783921,-0.005131,-0.017542,-0.735258,0.677540,-0.169272,0.327739,0.336706,0.922733,-0.266869,-0.088155,0.128860,0.028114,-0.145189,0.124873,-0.269863,-0.004206,-0.033508,-0.031784,0.289148,0.027403,0.184442,-0.115487,1.165229,0.161185,0.032285,0.127421,0.015973,-0.226422,0.479759,1.154486,-0.003890,0.066695,-0.273181
-0.209130,6.841564,0.784136,-0.005649,-0.017139,-0.733920,0.678996,-0.110882,0.316443,0.356277,0.855511,-0.270786,-0.110018,0.124349,0.030439,-0.148985,0.124730,-0.265050,-0.007071,-0.038075,-0.027941,0.279076,0.037939,0.179959,-0.114161,1.164708,0.167677,0.024720,0.131521,0.031268,-0.220552,0.477568,1.167233,0.006084,0.067822,-0.270454
-0.208698,6.844542,0.784474,-0.005543,-0.016487,-0.733399,0.679575,-0.046639,0.298130,0.382496,0.750675,-0.270069,-0.134210,0.118588,0.030997,-0.150405,0.124641,-0.260472,-0.008623,-0.040893,-0.024884,0.267939,0.047263,0.174954,-0.107372,1.155988,0.171057,0.025952,0.133767,0.040355,-0.215267,0.481765,1.176973,0.006499,0.071289,-0.266337
-0.207589,6.847178,0.784519,-0.005862,-0.014878,-0.732898,0.680150,0.018851,0.279252,0.416262,0.623671,-0.249120,-0.154112,0.112286,0.032971,-0.151745,0.124456,-0.255706,-0.009323,-0.044388,-0.019166,0.256198,0.056055,0.169889,-0.100933,1.144523,0.174326,0.023364,0.134254,0.046741,-0.211135,0.483868,1.178129,-0.006551,0.076624,-0.262681
-0.206179,6.849690,0.783994,-0.007447,-0.011521,-0.733031,0.680057,0.091273,0.258923,0.457385,0.468027,-0.224137,-0.223663,0.105641,0.039754,-0.151424,0.124116,-0.252243,-0.009583,-0.046304,-0.009751,0.244536,0.062602,0.165964,-0.097374,1.132480,0.178818,0.022622,0.136420,0.050683,-0.207743,0.479735,1.169768,-0.005106,0.077332,-0.268546
-0.204243,6.852054,0.783286,-0.010005,-0.008561,-0.732618,0.680513,0.151430,0.236834,0.486451,0.335380,-0.223724,-0.227092,0.101690,0.046374,-0.152736,0.123826,-0.249907,-0.007998,-0.051859,0.000490,0.234823,0.067187,0.162854,-0.098215,1.124189,0.177818,0.022844,0.139885,0.049787,-0.204433,0.472915,1.158424,-0.010128,0.077095,-0.275511
-0.202085,6.854680,0.782751,-0.013119,-0.006465,-0.731375,0.681818,0.201654,0.216023,0.506791,0.218353,-0.208075,-0.223499,0.099749,0.051992,-0.155847,0.123538,-0.246282,-0.007986,-0.058466,0.008829,0.228162,0.066619,0.161780,-0.101352,1.124436,0.176347,0.020994,0.140668,0.045034,-0.199620,0.464225,1.145468,-0.020716,0.077854,-0.280107
-0.199445,6.857728,0.782576,-0.015290,-0.005155,-0.728201,0.685174,0.233895,0.197140,0.512414,0.130151,-0.186757,-0.215538,0.097627,0.052895,-0.164280,0.123224,-0.242788,-0.005042,-0.067834,0.014389,0.222742,0.060339,0.162751,-0.108888,1.132148,0.175459,0.018187,0.141211,0.037276,-0.193250,0.455621,1.131943,-0.023483,0.077960,-0.286286
-0.196569,6.861425,0.782765,-0.016862,-0.004571,-0.725678,0.687812,0.234319,0.192848,0.512419,0.115244,-0.190358,-0.206596,0.094219,0.051422,-0.171056,0.122971,-0.237358,-0.002999,-0.071487,0.017686,0.219650,0.048802,0.164553,-0.119195,1.139281,0.175708,0.022059,0.142314,0.028001,-0.186760,0.450672,1.118495,-0.025637,0.076362,-0.290023
-0.193568,6.865662,0.783136,-0.018111,-0.003989,-0.725048,0.688449,0.228446,0.191998,0.510431,0.115570,-0.193494,-0.201131,0.088887,0.049853,-0.173430,0.122712,-0.230383,-0.001552,-0.069865,0.020668,0.217763,0.038719,0.166367,-0.127253,1.140034,0.176350,0.022736,0.143401,0.014793,-0.180706,0.452067,1.109051,-0.030467,0.072096,-0.289498
-0.190348,6.870247,0.783513,-0.020088,-0.004919,-0.725707,0.687692,0.226715,0.189179,0.509455,0.115742,-0.193993,-0.195911,0.086181,0.046831,-0.172232,0.122426,-0.223227,0.002134,-0.067031,0.023409,0.220713,0.032221,0.166929,-0.131712,1.131329,0.176113,0.024023,0.145878,-0.003379,-0.174737,0.460297,1.104051,-0.030661,0.072979,-0.292498
-0.186894,6.875120,0.784099,-0.021729,-0.006631,-0.726762,0.686513,0.225003,0.183222,0.509254,0.116155,-0.193677,-0.184766,0.083387,0.041713,-0.169877,0.122207,-0.215239,0.006415,-0.061034,0.024633,0.225685,0.024212,0.166429,-0.134338,1.124133,0.180772,0.020638,0.145736,-0.019643,-0.168937,0.462491,1.098628,-0.032885,0.072559,-0.289910
-0.183368,6.880033,0.784706,-0.022523,-0.007666,-0.728110,0.685048,0.221184,0.177035,0.510791,0.116412,-0.193345,-0.174679,0.077941,0.036507,-0.166340,0.121968,-0.206745,0.010403,-0.056162,0.025590,0.228388,0.015472,0.164695,-0.139640,1.121925,0.178588,0.019574,0.150101,-0.036738,-0.164141,0.472001,1.096341,-0.032828,0.070564,-0.288210
-0.179837,6.884820,0.785241,-0.023099,-0.008346,-0.729881,0.683133,0.217367,0.171590,0.514352,0.116287,-0.192902,-0.168951,0.071501,0.031775,-0.161864,0.121707,-0.198289,0.013973,-0.052226,0.026344,0.229798,0.006554,0.161015,-0.146846,1.126000,0.176364,0.023345,0.154086,-0.054531,-0.160183,0.488955,1.096510,-0.037007,0.067419,-0.286311
-0.176409,6.889293,0.785676,-0.023759,-0.009478,-0.731397,0.681472,0.214624,0.165722,0.517764,0.116118,-0.192127,-0.163471,0.066519,0.026512,-0.157944,0.121491,-0.190780,0.018241,-0.050025,0.025842,0.231168,-0.001703,0.156647,-0.156412,1.134605,0.174081,0.022701,0.153049,-0.070369,-0.156905,0.504557,1.095073,-0.046705,0.069765,-0.280709
-0.172824,6.894025,0.786157,-0.022776,-0.008790,-0.732126,0.680731,0.204830,0.160054,0.517443,0.116269,-0.190833,-0.156923,0.055923,0.021074,-0.156024,0.121143,-0.182015,0.023226,-0.052049,0.027252,0.228796,-0.009943,0.149683,-0.165204,1.145647,0.169281,0.022320,0.151406,-0.085146,-0.153586,0.512946,1.094259,-0.050594,0.071143,-0.283823
-0.169997,6.897842,0.786463,-0.023465,-0.009501,-0.734043,0.678631,0.203124,0.156160,0.522608,0.115895,-0.190313,-0.154141,0.051078,0.017993,-0.150053,0.120887,-0.174820,0.026561,-0.049275,0.027565,0.228758,-0.016093,0.142122,-0.175131,1.157822,0.168114,0.025171,0.152139,-0.092785,-0.149401,0.512816,1.092070,-0.052922,0.069371,-0.282419
-0.167196,6.901779,0.786868,-0.022787,-0.009842,-0.733933,0.678768,0.196104,0.150431,0.521817,0.115919,-0.188419,-0.147940,0.044196,0.012077,-0.150443,0.120592,-0.167634,0.031504,-0.052613,0.026290,0.227342,-0.019725,0.134325,-0.181755,1.164703,0.166330,0.024955,0.151035,-0.099251,-0.144659,0.512902,1.093782,-0.047152,0.065508,-0.286211
-0.164839,6.904947,0.787123,-0.023540,-0.011019,-0.734694,0.677900,0.194946,0.146278,0.524108,0.115725,-0.187120,-0.144175,0.041777,0.008306,-0.147876,0.120428,-0.162162,0.034590,-0.051444,0.025173,0.227988,-0.020816,0.127127,-0.188703,1.168170,0.176216,0.027033,0.143411,-0.099731,-0.139645,0.511547,1.095228,-0.056560,0.069895,-0.280546
-0.162846,6.908048,0.787348,-0.024373,-0.012160,-0.735021,0.677498,0.193738,0.142907,0.525304,0.115605,-0.186425,-0.140889,0.039908,0.005037,-0.146847,0.120320,-0.157553,0.036360,-0.052911,0.024636,0.228847,-0.019357,0.120764,-0.188782,1.168441,0.180897,0.024801,0.138084,-0.098989,-0.134920,0.513402,1.100014,-0.054326,0.069359,-0.279524
-0.161148,6.910727,0.787457,-0.024707,-0.013148,-0.736151,0.676239,0.192866,0.139360,0.528390,0.115382,-0.186369,-0.137556,0.037088,0.002193,-0.143282,0.120150,-0.152944,0.039770,-0.049773,0.023190,0.228173,-0.017713,0.116274,-0.184775,1.167544,0.182084,0.024616,0.133204,-0.094205,-0.131824,0.517235,1.105623,-0.051743,0.068033,-0.278225
-0.159840,6.913022,0.787582,-0.025372,-0.014240,-0.736826,0.675456,0.192680,0.136609,0.530354,0.115341,-0.185823,-0.134058,0.035941,-0.000134,-0.141531,0.120053,-0.149331,0.041381,-0.048974,0.022575,0.227550,-0.015101,0.114353,-0.179743,1.166151,0.179502,0.025507,0.128874,-0.088674,-0.129949,0.522244,1.114941,-0.046706,0.067248,-0.275909
-0.158722,6.915057,0.787656,-0.026048,-0.015516,-0.737290,0.674896,0.192880,0.133727,0.531618,0.115370,-0.185296,-0.129996,0.035549,-0.002545,-0.140008,0.119975,-0.146298,0.043528,-0.048185,0.021333,0.227697,-0.014915,0.114664,-0.178927,1.167915,0.176909,0.028496,0.133920,-0.083670,-0.129284,0.526926,1.128364,-0.042963,0.069242,-0.270310
-0.158036,6.916537,0.787636,-0.027164,-0.016914,-0.738348,0.673661,0.195584,0.132075,0.534358,0.115255,-0.185396,-0.128810,0.036757,-0.003467,-0.137014,0.119952,-0.144390,0.044722,-0.045797,0.019240,0.228176,-0.012308,0.117886,-0.174688,1.170017,0.176590,0.024861,0.137077,-0.079406,-0.129258,0.532772,1.144697,-0.037691,0.070643,-0.266177
-0.157534,6.917708,0.787607,-0.028256,-0.018137,-0.738500,0.673417,0.197750,0.130989,0.535090,0.115156,-0.185438,-0.128703,0.038607,-0.004432,-0.136509,0.119935,-0.143361,0.045453,-0.047065,0.016932,0.227825,-0.009857,0.122713,-0.175611,1.171124,0.168425,0.026139,0.144925,-0.077256,-0.130607,0.539723,1.162650,-0.030182,0.072359,-0.262438
-0.157149,6.918788,0.787625,-0.028917,-0.018952,-0.738865,0.672965,0.198891,0.130151,0.536290,0.115039,-0.185265,-0.128582,0.039149,-0.005030,-0.135394,0.119920,-0.141995,0.046089,-0.046760,0.014092,0.227169,-0.007679,0.127749,-0.176311,1.173313,0.169118,0.023777,0.143967,-0.074422,-0.133841,0.543347,1.175775,-0.021968,0.071689,-0.263018
-0.156830,6.919549,0.787626,-0.029979,-0.020087,-0.738801,0.672957,0.201155,0.129391,0.536408,0.115099,-0.184753,-0.127008,0.041638,-0.005851,-0.135902,0.119977,-0.141652,0.045877,-0.047807,0.011564,0.227663,-0.006151,0.132095,-0.181816,1.176441,0.179016,0.024424,0.142220,-0.070497,-0.138664,0.542804,1.182461,-0.020085,0.072601,-0.263576
-0.156618,6.920050,0.787624,-0.030780,-0.020976,-0.738882,0.672804,0.203171,0.128833,0.536869,0.115086,-0.184319,-0.125884,0.043405,-0.006262,-0.135188,0.119963,-0.140740,0.046835,-0.048888,0.008814,0.227204,-0.001854,0.135190,-0.182861,1.173948,0.178431,0.027355,0.141746,-0.064790,-0.144879,0.539541,1.182342,-0.020348,0.072928,-0.265210
-0.156338,6.920455,0.787629,-0.031322,-0.021441,-0.739242,0.672369,0.204366,0.128508,0.538049,0.115081,-0.183863,-0.124688,0.044373,-0.006551,-0.134901,0.119995,-0.140572,0.046683,-0.048779,0.006781,0.226538,0.001188,0.135888,-0.181870,1.172944,0.176757,0.032611,0.141955,-0.058195,-0.151478,0.532742,1.177592,-0.016564,0.070028,-0.271383
-0.156052,6.920818,0.787615,-0.031726,-0.021987,-0.740059,0.671433,0.206054,0.127923,0.540908,0.114931,-0.183048,-0.123784,0.044791,-0.006762,-0.132323,0.120004,-0.139759,0.047053,-0.047536,0.004894,0.226354,0.004896,0.135657,-0.179008,1.173908,0.177898,0.028192,0.141044,-0.053043,-0.157173,0.527993,1.173009,-0.012137,0.069450,-0.274833
-0.155720,6.921069,0.787626,-0.032057,-0.022301,-0.740600,0.670810,0.207062,0.127552,0.542859,0.114895,-0.182245,-0.122270,0.044951,-0.006948,-0.130750,0.120230,-0.139220,0.047512,-0.047117,0.003527,0.226138,0.007207,0.134578,-0.179409,1.175678,0.177779,0.026825,0.140406,-0.049415,-0.162231,0.527658,1.169461,-0.007639,0.066886,-0.277223
-0.155354,6.921299,0.787610,-0.032832,-0.023106,-0.740996,0.670308,0.209459,0.126933,0.544418,0.114791,-0.181135,-0.121371,0.046257,-0.007574,-0.129716,0.121570,-0.139799,0.047789,-0.046100,0.001981,0.227458,0.008207,0.132699,-0.179049,1.176934,0.177456,0.027972,0.137198,-0.046354,-0.166182,0.527768,1.166873,-0.015148,0.067841,-0.273010
-0.154892,6.921536,0.787609,-0.033627,-0.023749,-0.741357,0.669847,0.211607,0.126435,0.545737,0.114768,-0.180617,-0.120114,0.047321,-0.007936,-0.128410,0.122778,-0.139438,0.048315,-0.044650,0.001346,0.228902,0.007690,0.130120,-0.180323,1.179638,0.177716,0.028082,0.136641,-0.043478,-0.168907,0.526580,1.164623,-0.011140,0.067039,-0.275534
-0.154429,6.921838,0.787608,-0.034310,-0.024186,-0.741503,0.669635,0.213074,0.126085,0.546352,0.114741,-0.180633,-0.119227,0.048012,-0.008313,-0.128294,0.124096,-0.139707,0.047835,-0.044657,0.000909,0.230264,0.007145,0.127865,-0.181349,1.180416,0.176011,0.028156,0.139235,-0.042986,-0.169877,0.527380,1.163713,-0.012325,0.067923,-0.274426
-0.153872,6.922113,0.787630,-0.034251,-0.024191,-0.741361,0.669796,0.212354,0.125083,0.545993,0.114766,-0.180665,-0.118059,0.047348,-0.009387,-0.128769,0.124363,-0.139325,0.048431,-0.045603,0.000464,0.229748,0.006521,0.126253,-0.181887,1.179241,0.174084,0.028274,0.137927,-0.042339,-0.169754,0.528055,1.161725,-0.015300,0.068819,-0.273330
-0.153353,6.922347,0.787661,-0.034304,-0.024262,-0.741261,0.669901,0.211907,0.124255,0.545628,0.114856,-0.180413,-0.116671,0.046707,-0.010329,-0.128966,0.125173,-0.139141,0.048509,-0.045091,0.000060,0.229670,0.004511,0.125142,-0.184022,1.177953,0.175245,0.028213,0.138022,-0.040795,-0.168731,0.526201,1.157578,-0.012189,0.067383,-0.275241
-0.152795,6.922519,0.787653,-0.034505,-0.024401,-0.741944,0.669129,0.212732,0.123592,0.547866,0.114752,-0.180430,-0.115133,0.046429,-0.010600,-0.126634,0.125360,-0.138402,0.049639,-0.042727,0.000149,0.229418,0.003259,0.124517,-0.184938,1.175490,0.177425,0.028023,0.139332,-0.040276,-0.166515,0.526472,1.154676,-0.016311,0.067453,-0.274233
-0.152183,6.922720,0.787666,-0.034413,-0.024583,-0.741673,0.669427,0.212082,0.122162,0.546856,0.114831,-0.179930,-0.113063,0.046154,-0.012105,-0.126711,0.125336,-0.137871,0.051341,-0.042950,-0.000527,0.229187,0.001946,0.124732,-0.183621,1.172618,0.178989,0.027349,0.140069,-0.040539,-0.163073,0.526762,1.151066,-0.017168,0.067989,-0.274005
-0.151501,6.923015,0.787719,-0.034358,-0.024649,-0.741190,0.669962,0.210937,0.120874,0.545473,0.115038,-0.179703,-0.110505,0.045745,-0.013657,-0.128029,0.125689,-0.137235,0.052495,-0.044076,-0.000916,0.229464,0.000150,0.125539,-0.183612,1.170867,0.178720,0.027858,0.141472,-0.041734,-0.158953,0.525859,1.148384,-0.016989,0.065985,-0.274477
-0.150937,6.923235,0.787748,-0.034367,-0.024623,-0.741009,0.670163,0.210387,0.120089,0.545105,0.115032,-0.179681,-0.109538,0.045275,-0.014656,-0.128901,0.126220,-0.137417,0.052425,-0.043500,-0.001533,0.229014,-0.001614,0.127144,-0.185998,1.169971,0.180714,0.026885,0.142014,-0.043413,-0.154416,0.527046,1.147153,-0.015095,0.066003,-0.275760
-0.150459,6.923534,0.787781,-0.034352,-0.024678,-0.740838,0.670350,0.209774,0.119289,0.544788,0.115038,-0.179485,-0.108729,0.044617,-0.015460,-0.128565,0.126363,-0.136281,0.053357,-0.043299,-0.002785,0.229036,-0.002779,0.129099,-0.186431,1.168691,0.181890,0.026050,0.140460,-0.045771,-0.149887,0.528017,1.145855,-0.019401,0.067763,-0.273778
-0.149970,6.923779,0.787780,-0.034524,-0.024892,-0.740549,0.670654,0.209722,0.118400,0.544059,0.115054,-0.179487,-0.107983,0.044771,-0.016557,-0.129498,0.126973,-0.136717,0.053361,-0.044114,-0.003917,0.229492,-0.003061,0.130316,-0.185929,1.168521,0.179846,0.026045,0.142335,-0.047784,-0.146866,0.528659,1.143919,-0.021911,0.066593,-0.271961
-0.149366,6.924060,0.787797,-0.034632,-0.024995,-0.740495,0.670703,0.209548,0.117490,0.544065,0.115040,-0.179703,-0.107042,0.044384,-0.017425,-0.129242,0.127236,-0.136006,0.054284,-0.043494,-0.004477,0.229864,-0.003521,0.130842,-0.183499,1.169181,0.181516,0.025184,0.141198,-0.049790,-0.145145,0.530014,1.142438,-0.021221,0.065057,-0.274914
-0.148776,6.924283,0.787807,-0.034843,-0.025216,-0.740422,0.670765,0.209753,0.116488,0.543735,0.115066,-0.179877,-0.105893,0.044550,-0.018462,-0.129496,0.127591,-0.135625,0.055209,-0.043871,-0.004844,0.230291,-0.003047,0.130916,-0.183220,1.169310,0.179405,0.026476,0.142227,-0.051969,-0.144713,0.530726,1.141452,-0.036185,0.067105,-0.268653
-0.148233,6.924422,0.787777,-0.034939,-0.025124,-0.741174,0.669933,0.210224,0.116021,0.546037,0.114872,-0.180355,-0.105578,0.043778,-0.018486,-0.127120,0.127522,-0.134685,0.056017,-0.042128,-0.005000,0.229838,-0.001452,0.130787,-0.183111,1.169484,0.178128,0.027435,0.143240,-0.054565,-0.144799,0.529997,1.143251,-0.025603,0.062502,-0.274873
-0.147770,6.924628,0.787776,-0.034866,-0.025050,-0.741792,0.669255,0.210204,0.115380,0.548022,0.114712,-0.180528,-0.104729,0.042613,-0.018793,-0.125358,0.127834,-0.134155,0.056379,-0.040583,-0.005523,0.229938,-0.000225,0.130282,-0.183254,1.170096,0.179734,0.027428,0.143300,-0.056226,-0.145651,0.527574,1.143154,-0.023043,0.063236,-0.277106
-0.147269,6.924798,0.787779,-0.034983,-0.025144,-0.741826,0.669207,0.210257,0.114622,0.548082,0.114713,-0.180753,-0.103960,0.042428,-0.019549,-0.125191,0.128178,-0.133968,0.056912,-0.038584,-0.006426,0.230019,-0.000533,0.129605,-0.184635,1.173054,0.180081,0.027777,0.143255,-0.056148,-0.147245,0.525528,1.143144,-0.020015,0.064533,-0.277378
-0.146735,6.924984,0.787775,-0.035460,-0.025467,-0.741596,0.669425,0.210991,0.113945,0.547353,0.114748,-0.181058,-0.103175,0.043308,-0.020459,-0.126321,0.128997,-0.134469,0.056890,-0.037874,-0.006796,0.231669,-0.001544,0.129056,-0.187076,1.176626,0.179784,0.028188,0.142590,-0.054847,-0.149315,0.522281,1.141560,-0.020254,0.064116,-0.277515
-0.146300,6.925116,0.787805,-0.035201,-0.025276,-0.741477,0.669577,0.209832,0.113203,0.547083,0.114795,-0.181085,-0.101585,0.042343,-0.021159,-0.126005,0.128654,-0.133474,0.058154,-0.039720,-0.006702,0.231201,-0.000032,0.128657,-0.187369,1.177722,0.180236,0.028171,0.141678,-0.054568,-0.150498,0.521597,1.142271,-0.019363,0.064703,-0.278902
-0.145976,6.925231,0.787811,-0.035070,-0.025129,-0.741375,0.669703,0.209090,0.112760,0.546733,0.114810,-0.181225,-0.101744,0.041700,-0.021631,-0.126285,0.128621,-0.132917,0.058417,-0.040488,-0.006796,0.231049,0.000547,0.128277,-0.185834,1.178838,0.180176,0.028441,0.140603,-0.053049,-0.151379,0.520975,1.141680,-0.020485,0.064992,-0.278093
-0.145671,6.925268,0.787823,-0.034857,-0.025049,-0.741321,0.669776,0.208433,0.112052,0.546658,0.114834,-0.181165,-0.100633,0.041150,-0.022351,-0.126125,0.128593,-0.132932,0.058997,-0.040914,-0.006913,0.230541,0.001060,0.128187,-0.185235,1.179247,0.181430,0.027477,0.139102,-0.050657,-0.151665,0.520407,1.141646,-0.022775,0.065306,-0.276974
-0.145440,6.925283,0.787836,-0.034761,-0.024783,-0.741213,0.669911,0.207728,0.112011,0.546055,0.114880,-0.181360,-0.100878,0.040767,-0.022548,-0.127036,0.128538,-0.132955,0.058701,-0.041590,-0.006530,0.230283,0.001554,0.128251,-0.183850,1.178441,0.182289,0.027597,0.138469,-0.048034,-0.151784,0.519946,1.142946,-0.020540,0.062384,-0.275958
-0.145251,6.925300,0.787836,-0.034557,-0.024660,-0.741131,0.670017,0.207068,0.111606,0.546174,0.114921,-0.181453,-0.099458,0.040226,-0.022927,-0.126793,0.128260,-0.132332,0.059582,-0.041370,-0.006641,0.230151,0.001231,0.128432,-0.182563,1.177162,0.182232,0.028203,0.139587,-0.045573,-0.151604,0.519898,1.143585,-0.020547,0.062384,-0.274877
-0.145089,6.925238,0.787826,-0.034652,-0.024645,-0.740987,0.670172,0.207156,0.111529,0.545885,0.114918,-0.181789,-0.100003,0.040603,-0.023217,-0.127779,0.128393,-0.133116,0.059136,-0.041588,-0.006569,0.230140,0.001091,0.128747,-0.182422,1.175973,0.181321,0.027830,0.140468,-0.043980,-0.150986,0.521572,1.145565,-0.018198,0.063751,-0.273806
-0.144908,6.925192,0.787829,-0.034770,-0.024761,-0.741060,0.670081,0.207566,0.111199,0.546081,0.114965,-0.181551,-0.098541,0.040848,-0.023470,-0.127530,0.128718,-0.132953,0.059601,-0.040474,-0.007049,0.230370,0.000650,0.129080,-0.182674,1.175013,0.182379,0.026970,0.140527,-0.043190,-0.150201,0.523620,1.147870,-0.014942,0.064617,-0.275736
-0.144766,6.925155,0.787821,-0.034754,-0.024711,-0.741313,0.669804,0.207735,0.111097,0.546994,0.114906,-0.181835,-0.098208,0.040558,-0.023507,-0.126846,0.128819,-0.133163,0.059531,-0.039045,-0.007712,0.230741,-0.000032,0.129219,-0.182336,1.174077,0.182400,0.027355,0.141821,-0.042252,-0.149871,0.523040,1.147372,-0.015086,0.064188,-0.274359
-0.144635,6.925079,0.787806,-0.034733,-0.024628,-0.741571,0.669522,0.207905,0.110962,0.547732,0.114849,-0.182051,-0.098245,0.040435,-0.023313,-0.125661,0.128330,-0.132384,0.060362,-0.040902,-0.007868,0.230491,0.001803,0.129365,-0.180854,1.172182,0.181924,0.026147,0.141451,-0.043429,-0.149424,0.522821,1.147858,-0.016718,0.064088,-0.273928
-0.144537,6.924945,0.787787,-0.034830,-0.024645,-0.741898,0.669154,0.208593,0.110926,0.548995,0.114802,-0.182386,-0.097645,0.040510,-0.023217,-0.124816,0.128564,-0.132599,0.060404,-0.040561,-0.008702,0.230465,0.001266,0.129422,-0.180886,1.173697,0.182347,0.027568,0.141791,-0.043781,-0.149220,0.522376,1.146441,-0.016473,0.063854,-0.275567
-0.144415,6.924851,0.787791,-0.034726,-0.024510,-0.742252,0.668772,0.208575,0.110771,0.549918,0.114761,-0.182527,-0.097357,0.040168,-0.023108,-0.123778,0.128276,-0.132223,0.060920,-0.041653,-0.008821,0.230261,0.001994,0.129350,-0.181138,1.173708,0.182100,0.027492,0.141380,-0.045432,-0.149243,0.522624,1.145903,-0.016703,0.063621,-0.277285
-0.144324,6.924783,0.787755,-0.034653,-0.024432,-0.742628,0.668360,0.208734,0.110639,0.551043,0.114677,-0.182660,-0.096987,0.039920,-0.023017,-0.122747,0.127956,-0.131997,0.061470,-0.041261,-0.009451,0.230537,0.001794,0.129176,-0.181460,1.174217,0.182988,0.026429,0.141685,-0.045919,-0.149498,0.521046,1.143961,-0.016719,0.062184,-0.277760
-0.144266,6.924729,0.787780,-0.034636,-0.024303,-0.743093,0.667849,0.208898,0.110762,0.552438,0.114648,-0.182711,-0.096523,0.039351,-0.022657,-0.121570,0.128300,-0.132061,0.060966,-0.041616,-0.009178,0.230982,0.001928,0.129016,-0.181878,1.173828,0.182170,0.027448,0.140894,-0.047635,-0.149710,0.521821,1.143832,-0.017441,0.063130,-0.280154
-0.144221,6.924745,0.787754,-0.034657,-0.024324,-0.743566,0.667320,0.209412,0.110688,0.553990,0.114531,-0.182955,-0.096344,0.039114,-0.022427,-0.120150,0.128169,-0.131725,0.061303,-0.041499,-0.009600,0.231748,0.001724,0.128893,-0.182317,1.174362,0.183812,0.025403,0.142060,-0.048855,-0.149867,0.522348,1.143732,-0.018075,0.062629,-0.278358
-0.144222,6.924736,0.787785,-0.034589,-0.024149,-0.743751,0.667124,0.209151,0.110906,0.554567,0.114549,-0.182788,-0.095890,0.038610,-0.022255,-0.120359,0.128583,-0.132002,0.060531,-0.041387,-0.009730,0.232111,0.000885,0.128910,-0.183309,1.174662,0.182422,0.024168,0.144021,-0.048798,-0.149873,0.522771,1.142591,-0.019225,0.063270,-0.277704
-0.144242,6.924752,0.787791,-0.034500,-0.024038,-0.743953,0.666908,0.209000,0.111004,0.555181,0.114497,-0.182850,-0.095878,0.038138,-0.022014,-0.119819,0.128621,-0.131992,0.060194,-0.040879,-0.009890,0.232389,0.000356,0.128933,-0.183434,1.174394,0.183092,0.023886,0.143876,-0.048331,-0.149678,0.523439,1.141171,-0.019397,0.065180,-0.277852
-0.144300,6.924703,0.787776,-0.034489,-0.024007,-0.743986,0.666873,0.209027,0.111121,0.555267,0.114530,-0.183004,-0.095774,0.038249,-0.021852,-0.119715,0.128384,-0.131919,0.060365,-0.041079,-0.010170,0.232684,-0.000026,0.128954,-0.183426,1.173242,0.181869,0.025172,0.144704,-0.047439,-0.149241,0.523940,1.140872,-0.021604,0.064354,-0.276261
-0.144387,6.924694,0.787782,-0.034456,-0.023872,-0.743932,0.666939,0.208751,0.111427,0.554934,0.114534,-0.183016,-0.096517,0.038163,-0.021581,-0.120006,0.128109,-0.131693,0.060159,-0.041356,-0.010453,0.232618,-0.000403,0.129028,-0.183924,1.172965,0.181464,0.025304,0.145250,-0.046968,-0.148771,0.524913,1.141003,-0.023499,0.065465,-0.274350
-0.144441,6.924695,0.787789,-0.034437,-0.023987,-0.744049,0.666806,0.209036,0.111312,0.555593,0.114547,-0.183109,-0.095479,0.038074,-0.021657,-0.119597,0.128463,-0.131934,0.060094,-0.040699,-0.011325,0.232890,-0.000640,0.129158,-0.184621,1.172685,0.181785,0.024472,0.145455,-0.046377,-0.148213,0.525725,1.141386,-0.022200,0.065960,-0.273841
-0.144469,6.924577,0.787763,-0.034636,-0.023979,-0.744161,0.666671,0.209682,0.111627,0.555739,0.114485,-0.183462,-0.096729,0.038635,-0.021189,-0.119298,0.128234,-0.131962,0.059942,-0.040550,-0.011518,0.232983,-0.000161,0.129104,-0.184501,1.172421,0.182025,0.025026,0.145330,-0.046071,-0.147906,0.527049,1.142625,-0.022667,0.065231,-0.272533
-0.144453,6.924505,0.787765,-0.034669,-0.023991,-0.744409,0.666391,0.209981,0.111667,0.556579,0.114492,-0.183327,-0.095779,0.038453,-0.021042,-0.118491,0.128673,-0.132293,0.059746,-0.039754,-0.012015,0.232903,0.000490,0.128865,-0.184433,1.171977,0.180082,0.025796,0.147018,-0.046089,-0.147836,0.528370,1.143389,-0.023678,0.066017,-0.270508
-0.144466,6.924340,0.787752,-0.034716,-0.023925,-0.744492,0.666299,0.210368,0.111814,0.556390,0.114425,-0.183656,-0.096772,0.038857,-0.020846,-0.118543,0.128276,-0.132073,0.060049,-0.039806,-0.012236,0.232327,0.001133,0.128429,-0.184809,1.173068,0.178925,0.026991,0.147560,-0.046245,-0.148012,0.529587,1.144609,-0.023236,0.066623,-0.270649
-0.144433,6.924135,0.787730,-0.034856,-0.023978,-0.744445,0.666342,0.210946,0.111830,0.556358,0.114447,-0.184002,-0.096721,0.039497,-0.020822,-0.118576,0.128324,-0.132540,0.060132,-0.040107,-0.012467,0.232134,0.001480,0.128171,-0.185416,1.174096,0.178759,0.027666,0.147126,-0.046162,-0.148192,0.529427,1.145449,-0.021861,0.067199,-0.271899
-0.144434,6.923931,0.787708,-0.034917,-0.023830,-0.744307,0.666498,0.211045,0.112151,0.555997,0.114451,-0.184469,-0.097403,0.039935,-0.020544,-0.119000,0.127943,-0.132636,0.060027,-0.040406,-0.012171,0.231618,0.001531,0.128020,-0.185859,1.175476,0.178734,0.026231,0.146454,-0.046273,-0.148365,0.530069,1.146377,-0.022411,0.068698,-0.273292
-0.144357,6.923746,0.787681,-0.034986,-0.023926,-0.744248,0.666558,0.211536,0.111924,0.555805,0.114470,-0.184627,-0.096969,0.040703,-0.020837,-0.119467,0.127778,-0.132977,0.060571,-0.040434,-0.012412,0.231368,0.001061,0.128015,-0.187102,1.176533,0.177849,0.027143,0.148215,-0.046109,-0.148450,0.529987,1.146575,-0.019200,0.068106,-0.274082
-0.144293,6.923548,0.787658,-0.035105,-0.023895,-0.744162,0.666648,0.211950,0.112047,0.555755,0.114430,-0.185170,-0.097383,0.040965,-0.020586,-0.118733,0.127719,-0.133006,0.060572,-0.039942,-0.012083,0.231160,0.000786,0.128157,-0.187421,1.176148,0.179127,0.026239,0.147664,-0.045596,-0.148508,0.529311,1.146453,-0.024838,0.066728,-0.271409
-0.144209,6.923317,0.787659,-0.035319,-0.023925,-0.744272,0.666513,0.212740,0.112178,0.556118,0.114486,-0.185351,-0.096761,0.041504,-0.020509,-0.118929,0.128343,-0.133921,0.059890,-0.039068,-0.011798,0.231441,0.001082,0.128386,-0.186151,1.174620,0.181087,0.025445,0.145783,-0.045224,-0.148426,0.529323,1.145506,-0.025680,0.067825,-0.272994
-0.144107,6.923044,0.787642,-0.035390,-0.023830,-0.744274,0.666510,0.213194,0.112263,0.556122,0.114431,-0.185667,-0.097343,0.042103,-0.020426,-0.119025,0.127944,-0.133971,0.060190,-0.039309,-0.011950,0.231374,0.001260,0.128745,-0.186656,1.174062,0.181904,0.026136,0.146042,-0.045052,-0.148134,0.529103,1.144100,-0.024890,0.067718,-0.272935
-0.144022,6.922754,0.787617,-0.035311,-0.023745,-0.744276,0.666515,0.213260,0.112056,0.556150,0.114451,-0.185928,-0.096639,0.042259,-0.020449,-0.118346,0.127538,-0.133839,0.060998,-0.039375,-0.012349,0.231277,0.001015,0.129175,-0.187628,1.174804,0.183246,0.026034,0.145885,-0.045486,-0.147694,0.528745,1.142913,-0.024499,0.069354,-0.273088
-0.143921,6.922448,0.787591,-0.035405,-0.023619,-0.744182,0.666620,0.213693,0.112223,0.556031,0.114435,-0.186709,-0.097386,0.043063,-0.020435,-0.119336,0.127285,-0.134567,0.060762,-0.039258,-0.012701,0.231212,0.000574,0.129596,-0.187555,1.175956,0.183273,0.025774,0.145182,-0.045424,-0.147212,0.527686,1.141671,-0.028097,0.069928,-0.271400
-0.143830,6.922180,0.787594,-0.035323,-0.023381,-0.744191,0.666622,0.213532,0.112333,0.556055,0.114467,-0.186954,-0.097102,0.042807,-0.020304,-0.119184,0.127415,-0.134657,0.060517,-0.039891,-0.013027,0.230974,0.000346,0.129949,-0.188338,1.176589,0.182528,0.025950,0.146508,-0.045938,-0.146798,0.527101,1.141265,-0.030185,0.069758,-0.271140
-0.143780,6.921882,0.787573,-0.035301,-0.023189,-0.744145,0.666681,0.213711,0.112446,0.555862,0.114388,-0.187547,-0.098435,0.043352,-0.020152,-0.119340,0.126559,-0.134703,0.060968,-0.037342,-0.014369,0.231291,-0.001585,0.130685,-0.190371,1.178249,0.183874,0.025001,0.147524,-0.044945,-0.146312,0.525153,1.139424,-0.028859,0.069233,-0.270931
-0.143627,6.921686,0.787587,-0.035226,-0.023154,-0.744321,0.666490,0.213855,0.112183,0.556638,0.114482,-0.187469,-0.095808,0.043181,-0.020395,-0.118923,0.126995,-0.134960,0.061223,-0.037047,-0.014859,0.231542,-0.001797,0.130916,-0.190319,1.177797,0.182261,0.025325,0.147416,-0.045367,-0.146222,0.524920,1.139158,-0.028066,0.069954,-0.271017
-0.143508,6.921446,0.787573,-0.035166,-0.022918,-0.744356,0.666463,0.213847,0.112219,0.556566,0.114337,-0.188020,-0.097693,0.043223,-0.020263,-0.118935,0.126587,-0.134969,0.061101,-0.037560,-0.014939,0.231591,-0.001367,0.130992,-0.189444,1.176841,0.181577,0.025386,0.147389,-0.046041,-0.146212,0.525887,1.139814,-0.024746,0.069901,-0.273166
-0.143342,6.921245,0.787569,-0.034983,-0.022736,-0.744446,0.666378,0.213515,0.111946,0.556932,0.114416,-0.188075,-0.096003,0.042926,-0.020493,-0.118748,0.126486,-0.135060,0.061592,-0.037678,-0.015217,0.231946,-0.001858,0.130927,-0.187603,1.175302,0.181091,0.028310,0.145231,-0.046633,-0.146290,0.526356,1.140738,-0.025664,0.069864,-0.272627
-0.143222,6.920907,0.787547,-0.035089,-0.022648,-0.744739,0.666048,0.214454,0.111997,0.557866,0.114241,-0.188895,-0.097282,0.043468,-0.020238,-0.118013,0.126125,-0.135172,0.061757,-0.038728,-0.014688,0.232260,-0.000435,0.130756,-0.187086,1.173913,0.181000,0.027390,0.144819,-0.047125,-0.146446,0.527882,1.141939,-0.027321,0.070764,-0.271969
-0.143087,6.920584,0.787551,-0.034990,-0.022611,-0.744945,0.665823,0.214737,0.111702,0.558734,0.114301,-0.188723,-0.095239,0.043383,-0.020450,-0.117290,0.126565,-0.135760,0.061885,-0.039773,-0.014470,0.233125,0.000431,0.130682,-0.187033,1.172499,0.180207,0.027708,0.144987,-0.047798,-0.146571,0.529591,1.142912,-0.025727,0.069762,-0.274274
-0.142871,6.920341,0.787538,-0.034769,-0.022240,-0.745180,0.665585,0.214356,0.111622,0.559514,0.114250,-0.189256,-0.094963,0.042761,-0.020390,-0.116695,0.126235,-0.135559,0.062120,-0.040088,-0.014001,0.233386,0.000691,0.130532,-0.187010,1.172339,0.180078,0.027566,0.144426,-0.048347,-0.146798,0.531208,1.143261,-0.025620,0.069813,-0.274039
-0.142703,6.919969,0.787506,-0.034743,-0.022069,-0.745256,0.665507,0.214840,0.111505,0.559591,0.114032,-0.190216,-0.097274,0.043360,-0.020303,-0.116199,0.125225,-0.135389,0.062913,-0.039628,-0.013645,0.233796,0.000418,0.130296,-0.186716,1.172764,0.179723,0.028731,0.144598,-0.047572,-0.146951,0.531505,1.142951,-0.025130,0.070242,-0.274594
-0.142499,6.919660,0.787496,-0.034432,-0.021691,-0.745311,0.665473,0.214132,0.111298,0.559874,0.114090,-0.190635,-0.096238,0.042876,-0.020510,-0.116259,0.124834,-0.135409,0.063333,-0.039545,-0.012867,0.233275,0.000435,0.129779,-0.186577,1.172865,0.181412,0.029373,0.144423,-0.047894,-0.147153,0.531849,1.144268,-0.027556,0.070898,-0.271283
-0.142315,6.919313,0.787495,-0.034318,-0.021609,-0.745276,0.665522,0.214142,0.110897,0.559723,0.114162,-0.190439,-0.094929,0.042986,-0.020928,-0.116352,0.125113,-0.136101,0.063472,-0.039534,-0.012315,0.233429,0.000412,0.129243,-0.186271,1.172928,0.179908,0.029166,0.144898,-0.048416,-0.147410,0.532602,1.145321,-0.027677,0.070282,-0.270718
-0.142194,6.918840,0.787486,-0.034245,-0.021461,-0.744789,0.666075,0.214191,0.110764,0.558479,0.114139,-0.191068,-0.096232,0.043941,-0.021294,-0.117688,0.124433,-0.136571,0.063776,-0.040710,-0.011947,0.232975,0.000426,0.129052,-0.187204,1.173299,0.179100,0.029044,0.144939,-0.048338,-0.147559,0.532608,1.145924,-0.026521,0.069669,-0.270661
-0.142067,6.918429,0.787468,-0.034146,-0.021217,-0.744592,0.666308,0.214096,0.110772,0.557973,0.114133,-0.191527,-0.096708,0.044324,-0.021436,-0.118398,0.124034,-0.136954,0.063941,-0.040983,-0.011510,0.232430,0.000427,0.129126,-0.186861,1.173463,0.179944,0.027814,0.144587,-0.048501,-0.147630,0.531685,1.145714,-0.030216,0.070821,-0.268797
-0.141900,6.918036,0.787437,-0.034060,-0.021143,-0.744484,0.666436,0.214305,0.110408,0.557692,0.114117,-0.191927,-0.096449,0.044845,-0.021662,-0.118033,0.123431,-0.136895,0.065001,-0.040446,-0.011444,0.232217,-0.000105,0.129390,-0.186086,1.174132,0.183702,0.027408,0.142170,-0.048827,-0.147668,0.531387,1.144881,-0.027985,0.069835,-0.270773
-0.141811,6.917536,0.787443,-0.034052,-0.020976,-0.744178,0.666783,0.214474,0.110473,0.556922,0.114203,-0.192193,-0.096064,0.045634,-0.021912,-0.119483,0.123480,-0.137981,0.064647,-0.040298,-0.011205,0.231464,-0.000697,0.129750,-0.186759,1.174604,0.181636,0.027041,0.142790,-0.048986,-0.147647,0.532195,1.144447,-0.033680,0.070913,-0.268253
-0.141766,6.917005,0.787422,-0.034297,-0.020973,-0.744005,0.666964,0.215563,0.110692,0.556590,0.114198,-0.192656,-0.096849,0.047157,-0.021771,-0.120076,0.123238,-0.138628,0.064756,-0.039327,-0.010977,0.231244,-0.000727,0.130410,-0.186812,1.173629,0.180779,0.026859,0.143638,-0.049200,-0.147511,0.533293,1.144742,-0.029887,0.070935,-0.270232
-0.141660,6.916493,0.787406,-0.034273,-0.020808,-0.743963,0.667016,0.215962,0.110669,0.556536,0.114190,-0.193118,-0.096968,0.047751,-0.021741,-0.120090,0.122875,-0.138994,0.065029,-0.038751,-0.010642,0.230556,-0.000256,0.131012,-0.186836,1.172450,0.181448,0.026522,0.144906,-0.049838,-0.147349,0.533855,1.144813,-0.029070,0.071062,-0.269918
-0.141545,6.916029,0.787386,-0.034335,-0.020747,-0.743907,0.667078,0.216704,0.110627,0.556581,0.114141,-0.193627,-0.097343,0.048469,-0.021832,-0.120301,0.122941,-0.139796,0.064878,-0.038222,-0.010232,0.230050,0.000059,0.131528,-0.186563,1.172470,0.182119,0.026730,0.143909,-0.050801,-0.147288,0.535023,1.145260,-0.030306,0.071854,-0.268147
-0.141494,6.915590,0.787351,-0.033990,-0.020448,-0.743883,0.667132,0.216220,0.110467,0.556608,0.114156,-0.193804,-0.096320,0.048385,-0.021970,-0.120261,0.122300,-0.139859,0.065617,-0.037725,-0.010061,0.228884,0.000088,0.131965,-0.186172,1.172327,0.180822,0.026606,0.143131,-0.051754,-0.147230,0.536457,1.145602,-0.032464,0.072611,-0.266883
-0.141464,6.915038,0.787362,-0.034078,-0.020495,-0.743500,0.667552,0.216948,0.110423,0.555936,0.114185,-0.194017,-0.096984,0.049798,-0.022234,-0.121313,0.122176,-0.141075,0.065630,-0.038435,-0.010225,0.228279,0.000495,0.132432,-0.185444,1.172869,0.181373,0.027217,0.142570,-0.051651,-0.147092,0.537504,1.145313,-0.041308,0.072420,-0.263221
-0.141393,6.914665,0.787343,-0.033755,-0.020091,-0.743547,0.667529,0.216329,0.110414,0.555994,0.114201,-0.194116,-0.096256,0.049272,-0.022242,-0.121446,0.122004,-0.141050,0.065768,-0.037970,-0.010039,0.227206,0.001076,0.132867,-0.184196,1.172669,0.183417,0.025404,0.140364,-0.052476,-0.146914,0.537238,1.145154,-0.036449,0.073817,-0.264973
-0.141363,6.914178,0.787317,-0.033968,-0.020194,-0.743396,0.667684,0.217494,0.110441,0.555837,0.114199,-0.194667,-0.096777,0.050643,-0.022299,-0.121825,0.121979,-0.142062,0.065807,-0.037909,-0.010121,0.227336,0.000990,0.133059,-0.184880,1.172605,0.182349,0.026363,0.141206,-0.052760,-0.146853,0.536876,1.145051,-0.027257,0.071312,-0.269159
-0.141413,6.913756,0.787297,-0.033749,-0.019930,-0.743114,0.668016,0.217117,0.110560,0.555287,0.114223,-0.194977,-0.096975,0.050925,-0.022268,-0.122606,0.121432,-0.142360,0.065943,-0.038648,-0.009985,0.226349,0.000531,0.133298,-0.187449,1.172603,0.181268,0.030753,0.143018,-0.053447,-0.146771,0.537937,1.145630,-0.026416,0.070923,-0.269616
-0.141396,6.913391,0.787299,-0.034176,-0.020227,-0.743201,0.667889,0.218890,0.110661,0.555500,0.114197,-0.194926,-0.097169,0.052478,-0.022102,-0.122122,0.121813,-0.143315,0.065859,-0.037272,-0.010075,0.227035,0.000371,0.133514,-0.187492,1.174705,0.182150,0.025545,0.141380,-0.053091,-0.146771,0.537983,1.144739,-0.028959,0.071545,-0.268351
-0.141515,6.912977,0.787276,-0.033826,-0.019835,-0.742989,0.668153,0.218174,0.110888,0.555015,0.114233,-0.195222,-0.096812,0.052406,-0.022020,-0.123148,0.121202,-0.143291,0.066018,-0.037903,-0.009991,0.225628,0.000511,0.133684,-0.187494,1.174971,0.184432,0.027006,0.139935,-0.053082,-0.146788,0.538270,1.144616,-0.030622,0.071915,-0.268382
-0.141503,6.912634,0.787244,-0.034089,-0.019936,-0.743183,0.667921,0.219415,0.111082,0.555800,0.114194,-0.195613,-0.097740,0.053477,-0.021808,-0.123050,0.121386,-0.144249,0.065696,-0.037282,-0.009735,0.225970,0.000204,0.133712,-0.187526,1.174715,0.182895,0.027409,0.140536,-0.053173,-0.146836,0.538670,1.144076,-0.030862,0.071665,-0.268801
-0.141600,6.912367,0.787255,-0.033902,-0.019724,-0.743438,0.667654,0.219478,0.111267,0.556292,0.114174,-0.195758,-0.097426,0.052990,-0.021387,-0.121793,0.121330,-0.144244,0.065521,-0.037091,-0.009582,0.224909,0.000138,0.133714,-0.187829,1.175415,0.182417,0.026803,0.141125,-0.053571,-0.146943,0.540511,1.145005,-0.031476,0.071627,-0.267530
-0.141651,6.912091,0.787189,-0.033920,-0.019670,-0.743482,0.667605,0.219897,0.111439,0.556707,0.114092,-0.196171,-0.097917,0.053609,-0.021122,-0.121514,0.120674,-0.144488,0.065966,-0.037076,-0.009442,0.225085,-0.000180,0.133786,-0.188479,1.173869,0.180678,0.027383,0.141233,-0.053126,-0.146962,0.540382,1.144116,-0.038048,0.073778,-0.264200
-0.141798,6.911833,0.787210,-0.033679,-0.019411,-0.743446,0.667666,0.219430,0.111653,0.556732,0.114115,-0.196227,-0.097956,0.053143,-0.020843,-0.121345,0.120606,-0.144508,0.065708,-0.037339,-0.009291,0.224474,-0.000830,0.133873,-0.188928,1.174037,0.181344,0.026918,0.141558,-0.052692,-0.146822,0.539885,1.144532,-0.040070,0.073902,-0.264180
-0.141845,6.911695,0.787201,-0.033746,-0.019416,-0.743679,0.667402,0.220017,0.111829,0.557213,0.114079,-0.196214,-0.098135,0.053681,-0.020612,-0.121212,0.120297,-0.144628,0.065948,-0.036152,-0.009086,0.224761,-0.001446,0.133862,-0.188396,1.173703,0.181713,0.026557,0.141208,-0.052508,-0.146749,0.539819,1.144469,-0.037256,0.073661,-0.264154
-0.142018,6.911525,0.787200,-0.033458,-0.019062,-0.743725,0.667375,0.219273,0.112231,0.557338,0.114048,-0.196435,-0.098709,0.052795,-0.020083,-0.120718,0.120175,-0.144429,0.065700,-0.036421,-0.008766,0.224022,-0.001900,0.133725,-0.187611,1.174256,0.182468,0.026069,0.142020,-0.053048,-0.146702,0.541013,1.145398,-0.033633,0.072815,-0.265751
-0.142130,6.911298,0.787166,-0.033482,-0.019043,-0.743693,0.667411,0.219674,0.112469,0.557307,0.114023,-0.196623,-0.099750,0.053281,-0.019966,-0.121194,0.120219,-0.145320,0.065315,-0.036624,-0.008624,0.223948,-0.002193,0.133670,-0.187418,1.173690,0.184892,0.027328,0.142493,-0.053038,-0.146674,0.541108,1.145726,-0.033259,0.073089,-0.266289
-0.142237,6.911171,0.787184,-0.033420,-0.018942,-0.743587,0.667535,0.219520,0.112689,0.556931,0.114100,-0.196761,-0.099434,0.053350,-0.019812,-0.121648,0.120226,-0.145387,0.064900,-0.036896,-0.008574,0.223539,-0.002872,0.133589,-0.188189,1.173607,0.185583,0.029997,0.144310,-0.053526,-0.146611,0.541807,1.146490,-0.040310,0.074960,-0.263050
-0.142366,6.911010,0.787171,-0.033286,-0.018917,-0.743576,0.667555,0.219411,0.112691,0.556961,0.114128,-0.196575,-0.098827,0.053321,-0.019783,-0.121438,0.120238,-0.145871,0.064992,-0.036769,-0.008667,0.223076,-0.002825,0.133513,-0.188479,1.173978,0.186000,0.029988,0.144914,-0.053949,-0.146618,0.542492,1.147273,-0.040536,0.074835,-0.262740
-0.142502,6.910891,0.787148,-0.033489,-0.018923,-0.743499,0.667630,0.220026,0.113177,0.556878,0.114078,-0.197027,-0.100404,0.053961,-0.019362,-0.121899,0.120256,-0.146177,0.064473,-0.036981,-0.008428,0.223177,-0.002601,0.133442,-0.188455,1.173259,0.186601,0.031474,0.145236,-0.054756,-0.146707,0.542748,1.147701,-0.040541,0.075281,-0.262375
-0.142653,6.910725,0.787145,-0.033484,-0.019000,-0.743354,0.667789,0.220283,0.113267,0.556275,0.114146,-0.196818,-0.099746,0.054499,-0.019378,-0.122398,0.120253,-0.146510,0.064923,-0.037017,-0.008492,0.223143,-0.001971,0.133418,-0.187993,1.172483,0.187231,0.031913,0.145648,-0.054479,-0.146872,0.542094,1.147006,-0.040572,0.075337,-0.263406
-0.142820,6.910557,0.787162,-0.033499,-0.018897,-0.743199,0.667964,0.220167,0.113716,0.556025,0.114176,-0.196795,-0.100266,0.054634,-0.018975,-0.122592,0.120268,-0.146667,0.064297,-0.037340,-0.008266,0.222870,-0.001301,0.133432,-0.187551,1.172642,0.187581,0.032022,0.145946,-0.054855,-0.147024,0.542493,1.147552,-0.040426,0.074744,-0.262767
-0.142903,6.910418,0.787128,-0.033496,-0.018916,-0.743152,0.668016,0.220487,0.113774,0.555890,0.114212,-0.197014,-0.099971,0.055019,-0.019012,-0.123119,0.120273,-0.147144,0.064368,-0.037344,-0.008180,0.222876,-0.000336,0.133430,-0.187052,1.172196,0.187544,0.031979,0.144976,-0.054688,-0.147207,0.542454,1.147073,-0.039828,0.074902,-0.262336
-0.142999,6.910362,0.787119,-0.033449,-0.019041,-0.743077,0.668098,0.220523,0.113580,0.555574,0.114184,-0.196844,-0.100149,0.055041,-0.019040,-0.122432,0.120253,-0.147014,0.064850,-0.037103,-0.008257,0.223427,0.000035,0.133430,-0.186603,1.171870,0.187573,0.032623,0.144532,-0.054518,-0.147385,0.542104,1.146556,-0.037186,0.074761,-0.263325
-0.143132,6.910227,0.787106,-0.033484,-0.019033,-0.742939,0.668250,0.220700,0.113857,0.555210,0.114230,-0.196973,-0.100336,0.055430,-0.018873,-0.122987,0.120262,-0.147303,0.064905,-0.037129,-0.008184,0.224091,0.000493,0.133468,-0.187238,1.171979,0.186974,0.032535,0.145986,-0.054005,-0.147398,0.542168,1.145975,-0.038024,0.075362,-0.262813
-0.143185,6.910239,0.787079,-0.033438,-0.018968,-0.742995,0.668192,0.220655,0.113967,0.555379,0.114181,-0.197244,-0.100927,0.055237,-0.018740,-0.122856,0.120266,-0.147451,0.064814,-0.036515,-0.007909,0.224432,0.001240,0.133503,-0.186365,1.172068,0.187794,0.031353,0.144056,-0.053554,-0.147363,0.541418,1.145797,-0.037002,0.075059,-0.262473
-0.143293,6.910143,0.787103,-0.033497,-0.018945,-0.742932,0.668260,0.220784,0.114258,0.555063,0.114217,-0.197136,-0.101311,0.055705,-0.018584,-0.123872,0.120285,-0.147846,0.064215,-0.036201,-0.007951,0.225631,0.001289,0.133513,-0.186393,1.171811,0.187941,0.032803,0.145093,-0.052781,-0.147243,0.540459,1.144868,-0.037622,0.074638,-0.262455
-0.143361,6.910082,0.787077,-0.033350,-0.018950,-0.742848,0.668360,0.220523,0.114126,0.555099,0.114278,-0.197075,-0.100295,0.055371,-0.018644,-0.123227,0.120287,-0.147840,0.064646,-0.035786,-0.008105,0.225887,0.001455,0.133507,-0.186295,1.172044,0.187753,0.033202,0.145018,-0.052200,-0.146981,0.539608,1.144714,-0.037845,0.075331,-0.262405
-0.143449,6.909993,0.787086,-0.033312,-0.018942,-0.742885,0.668322,0.220651,0.114254,0.555342,0.114301,-0.197061,-0.099763,0.055443,-0.018510,-0.123109,0.120297,-0.148128,0.064227,-0.035438,-0.008029,0.226379,0.001811,0.133513,-0.185471,1.172552,0.187808,0.032150,0.144713,-0.051730,-0.146699,0.538950,1.144781,-0.037759,0.075033,-0.262675
-0.143502,6.909905,0.787080,-0.033246,-0.018740,-0.742805,0.668420,0.220354,0.114529,0.555052,0.114265,-0.197303,-0.100760,0.055321,-0.018333,-0.123707,0.120284,-0.148184,0.064240,-0.035361,-0.007614,0.226523,0.002004,0.133493,-0.184254,1.172077,0.186384,0.032660,0.145126,-0.051449,-0.146497,0.538630,1.144706,-0.038276,0.074723,-0.263124
-0.143556,6.909762,0.787058,-0.033189,-0.018804,-0.742860,0.668359,0.220585,0.114368,0.555003,0.114285,-0.197232,-0.100687,0.055455,-0.018391,-0.123272,0.120303,-0.148517,0.064470,-0.035524,-0.007614,0.226925,0.002279,0.133428,-0.183123,1.172270,0.186674,0.032207,0.145797,-0.051797,-0.146332,0.538772,1.144687,-0.039358,0.075598,-0.262690
-0.143556,6.909666,0.787068,-0.033039,-0.018621,-0.742877,0.668353,0.220196,0.114449,0.555281,0.114256,-0.197281,-0.100734,0.055070,-0.018303,-0.123318,0.120291,-0.148422,0.064277,-0.035541,-0.007325,0.226966,0.002012,0.133344,-0.183051,1.172675,0.186842,0.031431,0.146270,-0.052354,-0.146193,0.539320,1.145103,-0.039493,0.075720,-0.263490
-0.143566,6.909485,0.787043,-0.033178,-0.018737,-0.742850,0.668372,0.220899,0.114436,0.555161,0.114242,-0.197549,-0.101298,0.055752,-0.018315,-0.123358,0.120329,-0.148955,0.064238,-0.035857,-0.007132,0.227554,0.001766,0.133307,-0.183078,1.172256,0.186442,0.032037,0.145763,-0.052388,-0.146167,0.538868,1.145443,-0.041086,0.074266,-0.263589
-0.143560,6.909394,0.787061,-0.032925,-0.018456,-0.742823,0.668423,0.220149,0.114530,0.555144,0.114255,-0.197558,-0.101030,0.055079,-0.018253,-0.123506,0.120315,-0.148933,0.064067,-0.035982,-0.006853,0.227427,0.001541,0.133238,-0.183009,1.172009,0.187432,0.030738,0.146587,-0.052405,-0.146175,0.538112,1.145010,-0.042312,0.075209,-0.262671
-0.143581,6.909248,0.787059,-0.032888,-0.018606,-0.742847,0.668394,0.220484,0.114252,0.555442,0.114260,-0.197301,-0.100284,0.055400,-0.018569,-0.123308,0.120345,-0.149269,0.064295,-0.035468,-0.007220,0.227907,0.000835,0.133075,-0.182901,1.171571,0.186960,0.032676,0.147810,-0.052228,-0.146206,0.537810,1.144526,-0.040475,0.074851,-0.262169
-0.143571,6.909087,0.787042,-0.032719,-0.018453,-0.742664,0.668610,0.220058,0.114158,0.554886,0.114256,-0.197400,-0.100517,0.055278,-0.018735,-0.123914,0.120330,-0.149427,0.064587,-0.036193,-0.006925,0.227397,0.000992,0.132765,-0.182933,1.171000,0.185755,0.032590,0.147216,-0.052067,-0.146263,0.537578,1.144740,-0.039322,0.074286,-0.262832
-0.143590,6.908937,0.787045,-0.032731,-0.018485,-0.742656,0.668617,0.220342,0.114154,0.554807,0.114271,-0.197519,-0.100642,0.055549,-0.018703,-0.123722,0.120350,-0.149776,0.064480,-0.036256,-0.006851,0.227662,0.000981,0.132456,-0.182750,1.170359,0.187281,0.032895,0.146762,-0.051984,-0.146241,0.536662,1.144629,-0.040662,0.074881,-0.262107
-0.143576,6.908800,0.787016,-0.032740,-0.018468,-0.742571,0.668711,0.220513,0.114152,0.554725,0.114248,-0.197717,-0.100409,0.055821,-0.018775,-0.124026,0.120350,-0.150099,0.064771,-0.035543,-0.006651,0.227819,0.000512,0.132220,-0.182448,1.170315,0.186371,0.033019,0.146970,-0.051359,-0.146179,0.536031,1.143527,-0.040389,0.075057,-0.263094
-0.143598,6.908716,0.787000,-0.032803,-0.018570,-0.742509,0.668774,0.220833,0.114064,0.554428,0.114277,-0.197708,-0.100465,0.056296,-0.018915,-0.124341,0.120377,-0.150418,0.064572,-0.035800,-0.006310,0.228010,0.000131,0.131970,-0.182639,1.170601,0.186074,0.032564,0.147443,-0.051519,-0.146122,0.535913,1.143423,-0.039022,0.075832,-0.262711
-0.143530,6.908628,0.787027,-0.032861,-0.018508,-0.742358,0.668941,0.220801,0.114166,0.554067,0.114285,-0.197780,-0.101191,0.056409,-0.018831,-0.124521,0.120375,-0.150313,0.064370,-0.035520,-0.005594,0.227957,0.000171,0.131734,-0.182316,1.169894,0.186494,0.032186,0.147045,-0.051174,-0.146083,0.535616,1.143369,-0.038266,0.075121,-0.263679
-0.143524,6.908541,0.787000,-0.032944,-0.018656,-0.742429,0.668854,0.221399,0.113991,0.554235,0.114278,-0.197899,-0.101023,0.056973,-0.018973,-0.124503,0.120371,-0.150686,0.064880,-0.035151,-0.005320,0.227999,0.000556,0.131453,-0.181631,1.169347,0.186357,0.031924,0.147547,-0.051207,-0.146069,0.535611,1.143468,-0.038024,0.075394,-0.263757
-0.143503,6.908461,0.786970,-0.032882,-0.018611,-0.742547,0.668728,0.221462,0.113935,0.554769,0.114198,-0.198090,-0.100990,0.056791,-0.018981,-0.124031,0.120378,-0.150791,0.064741,-0.035672,-0.004837,0.227753,0.001704,0.131254,-0.181047,1.168610,0.186341,0.032085,0.147878,-0.051770,-0.146104,0.535817,1.143875,-0.038147,0.075495,-0.263941
-0.143489,6.908382,0.786998,-0.032935,-0.018633,-0.742555,0.668715,0.221692,0.113925,0.554523,0.114226,-0.198006,-0.100889,0.057019,-0.018926,-0.123879,0.120383,-0.150722,0.065035,-0.036233,-0.004623,0.227549,0.002173,0.131129,-0.180782,1.169565,0.186225,0.032041,0.147766,-0.051823,-0.146175,0.534951,1.143768,-0.037833,0.074624,-0.264534
-0.143492,6.908365,0.786974,-0.032874,-0.018579,-0.742445,0.668842,0.221442,0.113950,0.554502,0.114248,-0.198033,-0.100546,0.057008,-0.019037,-0.124505,0.120395,-0.150939,0.064675,-0.036245,-0.004473,0.227497,0.002055,0.131158,-0.180516,1.170776,0.187031,0.031800,0.146167,-0.051630,-0.146281,0.533770,1.143201,-0.035836,0.074562,-0.266292
-0.143556,6.908331,0.786983,-0.033002,-0.018639,-0.742495,0.668778,0.221847,0.114148,0.554625,0.114239,-0.198061,-0.100705,0.057263,-0.018756,-0.124032,0.120414,-0.151187,0.064216,-0.036490,-0.004344,0.227657,0.002128,0.131301,-0.181496,1.171982,0.187014,0.031498,0.147054,-0.051824,-0.146341,0.534487,1.143919,-0.039626,0.075230,-0.264616
-0.143537,6.908361,0.786982,-0.032983,-0.018622,-0.742435,0.668846,0.221714,0.114129,0.554461,0.114248,-0.197992,-0.100720,0.057214,-0.018809,-0.124304,0.120395,-0.150873,0.064611,-0.036392,-0.004393,0.227520,0.002340,0.131417,-0.181871,1.172003,0.186495,0.031159,0.147624,-0.051517,-0.146403,0.534450,1.143811,-0.036100,0.074139,-0.266936
-0.143590,6.908381,0.786965,-0.033117,-0.018781,-0.742454,0.668814,0.222207,0.114131,0.554655,0.114238,-0.198104,-0.100910,0.057660,-0.018798,-0.124272,0.120406,-0.151061,0.064420,-0.036115,-0.004603,0.227967,0.002486,0.131514,-0.181869,1.171347,0.186380,0.031505,0.148118,-0.050899,-0.146459,0.534193,1.143225,-0.040362,0.073819,-0.265664
-0.143589,6.908409,0.786954,-0.033136,-0.018748,-0.742481,0.668785,0.222121,0.114202,0.554744,0.114227,-0.198143,-0.100982,0.057529,-0.018660,-0.124018,0.120407,-0.151141,0.064243,-0.035881,-0.004658,0.228100,0.002696,0.131540,-0.181341,1.170964,0.186699,0.031126,0.147074,-0.050833,-0.146529,0.534022,1.143275,-0.033115,0.072525,-0.269586
-0.143562,6.908461,0.786989,-0.033247,-0.018945,-0.742584,0.668659,0.222577,0.114002,0.554741,0.114290,-0.197837,-0.099903,0.057921,-0.018822,-0.123900,0.120409,-0.150723,0.064561,-0.036219,-0.004824,0.228340,0.002911,0.131429,-0.181547,1.171065,0.185808,0.031106,0.147153,-0.050757,-0.146606,0.534681,1.143519,-0.039881,0.072682,-0.267379
-0.143558,6.908514,0.786974,-0.033354,-0.018990,-0.742522,0.668721,0.222787,0.114098,0.554913,0.114245,-0.197899,-0.100078,0.058135,-0.018765,-0.124035,0.120421,-0.150790,0.064265,-0.034581,-0.005403,0.228595,0.002007,0.131111,-0.181261,1.171197,0.187085,0.031748,0.146934,-0.049656,-0.146804,0.534841,1.143080,-0.035581,0.071618,-0.269600
-0.143613,6.908532,0.786968,-0.033530,-0.019116,-0.742328,0.668925,0.223022,0.114210,0.554285,0.114300,-0.197992,-0.100464,0.058675,-0.018704,-0.124506,0.120447,-0.151044,0.063786,-0.033890,-0.006294,0.228780,0.001559,0.130708,-0.181181,1.170411,0.187101,0.032042,0.148209,-0.049426,-0.147085,0.536662,1.144293,-0.038810,0.073277,-0.265422
-0.143611,6.908660,0.786986,-0.033582,-0.019261,-0.741987,0.669295,0.222864,0.114049,0.553072,0.114382,-0.197738,-0.100412,0.059030,-0.019074,-0.125471,0.120430,-0.150892,0.064358,-0.033552,-0.007738,0.228188,0.001907,0.130421,-0.181204,1.168384,0.186084,0.031939,0.148538,-0.049529,-0.147364,0.538526,1.146192,-0.037052,0.071945,-0.265463
-0.143629,6.908733,0.786991,-0.033963,-0.019609,-0.741568,0.669731,0.223499,0.114099,0.551920,0.114507,-0.197521,-0.099855,0.060369,-0.019211,-0.126584,0.120459,-0.151061,0.064108,-0.034455,-0.009675,0.228614,0.002975,0.130220,-0.181031,1.166180,0.185910,0.033028,0.149163,-0.049776,-0.147542,0.538776,1.146149,-0.037492,0.073060,-0.266014
-0.143620,6.908821,0.786972,-0.034311,-0.019688,-0.741520,0.669764,0.224046,0.114460,0.551699,0.114479,-0.197830,-0.100810,0.060877,-0.018795,-0.126497,0.120472,-0.151009,0.063381,-0.035498,-0.011716,0.228973,0.004031,0.130162,-0.182039,1.166407,0.186731,0.031573,0.149375,-0.050361,-0.147650,0.537843,1.144306,-0.039246,0.073946,-0.267332
