0.004904,0.027833,0.792990,-0.031246,-0.017544,-0.694680,0.718425,0.170845,0.098409,0.164500,0.125100,-0.254015,-0.110870,0.148253,-0.093418,-0.327940,0.128907,-0.156209,0.096055,-0.002272,0.027772,0.174981,0.037014,0.177955,-0.508581,1.096024,0.010508,0.056597,0.268443,-0.007589,-0.136908,0.366405,1.164026,-0.231904,0.019562,-0.139029
0.005117,0.027734,0.792963,-0.031117,-0.017474,-0.694682,0.718431,0.170631,0.097952,0.164362,0.125097,-0.254346,-0.110421,0.148488,-0.093706,-0.328038,0.128122,-0.156110,0.097381,-0.002435,0.027350,0.174924,0.037216,0.178328,-0.509915,1.096355,0.008720,0.055061,0.271234,-0.007670,-0.136652,0.366328,1.164106,-0.232224,0.019902,-0.139098
0.005299,0.027615,0.792940,-0.031067,-0.017455,-0.694730,0.718388,0.170822,0.097624,0.164587,0.125116,-0.254609,-0.110072,0.148081,-0.094294,-0.328382,0.129158,-0.156417,0.096455,-0.002475,0.027205,0.175046,0.037574,0.178732,-0.509308,1.096006,0.009237,0.054794,0.268757,-0.007892,-0.136587,0.366221,1.164255,-0.232294,0.019931,-0.139412
0.005405,0.027491,0.792958,-0.031068,-0.017588,-0.694751,0.718364,0.171211,0.097236,0.164744,0.125086,-0.254633,-0.109987,0.149127,-0.094318,-0.327869,0.127514,-0.156034,0.098957,-0.003345,0.026674,0.175406,0.037952,0.179080,-0.511749,1.096817,0.007690,0.051586,0.275425,-0.008164,-0.136512,0.366941,1.164563,-0.231743,0.020246,-0.139937
0.005588,0.027450,0.792934,-0.030847,-0.017255,-0.694956,0.718183,0.170562,0.097171,0.165136,0.125076,-0.254798,-0.110263,0.147735,-0.094613,-0.327721,0.128554,-0.156237,0.097456,-0.002211,0.026617,0.174970,0.037774,0.179457,-0.512251,1.097324,0.003844,0.048405,0.277719,-0.007464,-0.136480,0.366445,1.163809,-0.232774,0.019932,-0.140079
0.005655,0.027418,0.792936,-0.030870,-0.017203,-0.694924,0.718215,0.170501,0.097166,0.164949,0.125110,-0.254959,-0.109766,0.147788,-0.094652,-0.327888,0.128578,-0.156129,0.097594,-0.002571,0.026594,0.175341,0.037674,0.179738,-0.511278,1.096623,0.000684,0.047075,0.278517,-0.007396,-0.136476,0.365666,1.163285,-0.232838,0.020291,-0.139403
0.005713,0.027305,0.792938,-0.030504,-0.017027,-0.694754,0.718398,0.169631,0.096679,0.164521,0.125095,-0.254920,-0.109584,0.147157,-0.095059,-0.328186,0.128409,-0.156140,0.097964,-0.004188,0.026111,0.174354,0.038091,0.180181,-0.510823,1.096188,0.002644,0.047379,0.277440,-0.006732,-0.136538,0.363393,1.165795,-0.235639,0.010761,-0.136121
0.005765,0.027273,0.792931,-0.030875,-0.017233,-0.694857,0.718279,0.170775,0.096951,0.164888,0.125096,-0.255181,-0.109707,0.148319,-0.094727,-0.327559,0.128099,-0.156045,0.098429,-0.003644,0.026357,0.175746,0.037265,0.180450,-0.512273,1.096739,-0.000448,0.046466,0.281726,-0.006873,-0.136572,0.363405,1.165466,-0.236910,0.011452,-0.134189
0.005801,0.027152,0.792901,-0.030657,-0.017173,-0.694763,0.718380,0.170368,0.096615,0.164727,0.125108,-0.255317,-0.109446,0.147872,-0.095107,-0.327965,0.128324,-0.156228,0.098219,-0.004024,0.026029,0.175461,0.037209,0.180553,-0.513067,1.095492,-0.000240,0.048653,0.283411,-0.006882,-0.136552,0.364109,1.166127,-0.235445,0.010648,-0.135550
0.005736,0.027149,0.792913,-0.030689,-0.016976,-0.694758,0.718388,0.170158,0.097116,0.164613,0.125118,-0.255414,-0.109853,0.147625,-0.094644,-0.328179,0.128343,-0.156073,0.097696,-0.004445,0.026500,0.175070,0.037751,0.180648,-0.512514,1.094362,-0.002853,0.047156,0.283549,-0.006816,-0.136528,0.363650,1.166190,-0.235835,0.011405,-0.134793
0.005697,0.027208,0.792904,-0.030404,-0.016634,-0.694652,0.718511,0.168951,0.097279,0.164057,0.125092,-0.255423,-0.110229,0.147177,-0.094332,-0.328494,0.127153,-0.155800,0.098613,-0.004168,0.026585,0.175426,0.036505,0.180923,-0.511926,1.094071,0.001797,0.049902,0.282443,-0.006945,-0.136255,0.363329,1.163538,-0.231600,0.017310,-0.138887
0.005506,0.027191,0.792914,-0.030340,-0.016324,-0.694395,0.718768,0.168082,0.097924,0.163068,0.125125,-0.255452,-0.110442,0.146460,-0.093773,-0.329388,0.127669,-0.155863,0.096962,-0.005756,0.027114,0.175917,0.037359,0.181343,-0.509250,1.092760,0.002186,0.052911,0.285784,-0.006717,-0.136067,0.358677,1.163726,-0.233578,0.012147,-0.136692
0.005256,0.027166,0.792930,-0.030180,-0.016228,-0.694033,0.719127,0.167512,0.098149,0.162104,0.125112,-0.255296,-0.110859,0.146568,-0.093426,-0.330246,0.127139,-0.155894,0.097028,-0.006419,0.027475,0.176857,0.036783,0.181456,-0.508817,1.093139,0.004517,0.058658,0.290158,-0.007499,-0.136086,0.358446,1.162829,-0.226531,0.016802,-0.143444
0.004764,0.027167,0.792955,-0.029909,-0.015838,-0.693509,0.719652,0.165990,0.099064,0.160496,0.125067,-0.254777,-0.112167,0.146260,-0.092366,-0.331465,0.126239,-0.155796,0.096409,-0.007694,0.027755,0.177398,0.035955,0.181701,-0.508599,1.094022,0.008772,0.062658,0.292151,-0.008072,-0.136184,0.356607,1.162367,-0.226661,0.017925,-0.143406
0.004106,0.027147,0.792985,-0.029574,-0.015189,-0.692771,0.720391,0.163767,0.100518,0.158305,0.125080,-0.254326,-0.113210,0.145522,-0.090954,-0.334076,0.125697,-0.155947,0.094586,-0.008140,0.028151,0.177709,0.034823,0.182438,-0.510020,1.095947,0.011291,0.062957,0.292461,-0.007141,-0.136913,0.350859,1.162386,-0.232368,0.012602,-0.137511
0.003258,0.026986,0.792997,-0.029078,-0.014469,-0.691879,0.721283,0.161351,0.102141,0.155919,0.125050,-0.253827,-0.114813,0.145084,-0.089044,-0.336001,0.123991,-0.155703,0.093974,-0.008321,0.028805,0.178031,0.035201,0.183116,-0.509048,1.095224,0.009891,0.062371,0.292621,-0.005873,-0.137597,0.345596,1.160148,-0.226286,0.015355,-0.141424
0.002041,0.026798,0.793063,-0.027988,-0.013044,-0.690620,0.722558,0.156462,0.104525,0.152235,0.124973,-0.253118,-0.117898,0.143296,-0.086550,-0.340256,0.121695,-0.155821,0.091996,-0.009883,0.028635,0.176808,0.034141,0.183915,-0.512353,1.096333,0.007594,0.064421,0.299758,-0.005905,-0.137676,0.342781,1.157209,-0.226657,0.017490,-0.140938
0.000356,0.026624,0.793086,-0.027002,-0.011394,-0.689678,0.723523,0.151649,0.108400,0.149823,0.124878,-0.252462,-0.122141,0.140772,-0.082689,-0.343303,0.120512,-0.157117,0.088252,-0.009484,0.028385,0.176507,0.033091,0.185489,-0.512545,1.097123,0.006835,0.063005,0.299227,-0.005141,-0.137696,0.337186,1.156776,-0.230743,0.012159,-0.137053
-0.002051,0.026458,0.793083,-0.025807,-0.009708,-0.688229,0.724969,0.145824,0.112770,0.145178,0.124776,-0.251445,-0.127305,0.137393,-0.078126,-0.347364,0.120576,-0.160544,0.082966,-0.011741,0.026543,0.177134,0.032055,0.188537,-0.510915,1.096902,0.009310,0.063478,0.296451,-0.006864,-0.136869,0.337034,1.157557,-0.229644,0.008922,-0.138913
-0.005119,0.026020,0.793022,-0.024210,-0.007920,-0.686903,0.726303,0.139733,0.117883,0.141986,0.124603,-0.250093,-0.133276,0.133818,-0.073050,-0.351134,0.120630,-0.165898,0.077732,-0.011691,0.022815,0.177533,0.030037,0.192843,-0.510222,1.094703,0.007382,0.069919,0.294035,-0.008119,-0.134175,0.338514,1.152632,-0.228181,0.020900,-0.139942
-0.008744,0.024738,0.792760,-0.024428,-0.007794,-0.685044,0.728050,0.140273,0.124204,0.137291,0.124527,-0.250438,-0.140736,0.137421,-0.066749,-0.356160,0.120703,-0.173005,0.073069,-0.014422,0.019408,0.180797,0.029695,0.197173,-0.514001,1.097082,0.005498,0.067577,0.298847,-0.007006,-0.132056,0.335502,1.156197,-0.230011,0.008801,-0.137474
-0.013379,0.023156,0.792443,-0.023806,-0.006504,-0.683559,0.729478,0.137895,0.132774,0.133446,0.124419,-0.250310,-0.149261,0.137629,-0.058245,-0.360351,0.120687,-0.180085,0.067571,-0.015471,0.015499,0.182258,0.029032,0.203170,-0.517191,1.097573,0.004826,0.067396,0.300576,-0.007165,-0.128230,0.338320,1.153425,-0.228677,0.017997,-0.140088
-0.018826,0.020968,0.792026,-0.023194,-0.005316,-0.682128,0.730845,0.136692,0.142430,0.129748,0.124315,-0.250408,-0.158515,0.138788,-0.048637,-0.364239,0.120679,-0.187178,0.060008,-0.014770,0.011214,0.182911,0.028397,0.209192,-0.517291,1.098570,0.000931,0.067796,0.301577,-0.004829,-0.124901,0.338696,1.152790,-0.231266,0.017518,-0.138362
-0.024865,0.017926,0.791515,-0.023312,-0.004186,-0.681672,0.731274,0.138698,0.154504,0.128696,0.124320,-0.251544,-0.168014,0.141524,-0.036614,-0.365578,0.120687,-0.194213,0.051741,-0.011903,0.008731,0.184153,0.031000,0.214464,-0.510813,1.096626,0.000091,0.068465,0.300354,-0.002986,-0.123052,0.342339,1.155678,-0.230945,0.014932,-0.137448
-0.031611,0.014657,0.790691,-0.022836,-0.001721,-0.681360,0.731590,0.135833,0.168796,0.125769,0.127967,-0.252764,-0.177887,0.141073,-0.022271,-0.366791,0.120696,-0.201250,0.041744,-0.008720,0.007565,0.183616,0.032738,0.218877,-0.502361,1.095587,0.000510,0.067815,0.301121,-0.002331,-0.121974,0.347584,1.157897,-0.232363,0.015850,-0.137084
-0.038631,0.011528,0.789411,-0.022749,0.002333,-0.680310,0.732568,0.094387,0.190505,0.113729,0.206599,-0.287739,-0.183735,0.138918,-0.004452,-0.368940,0.120479,-0.207972,0.032130,-0.007422,0.009959,0.182545,0.033041,0.223108,-0.495314,1.094729,0.000077,0.067173,0.302044,-0.004380,-0.121759,0.351796,1.164675,-0.235353,0.010735,-0.136433
-0.045770,0.008445,0.787441,-0.023726,0.007450,-0.678222,0.734436,0.032012,0.216457,0.093733,0.324541,-0.329893,-0.183877,0.137032,0.016833,-0.373951,0.120035,-0.216427,0.023719,-0.007238,0.016791,0.183101,0.031264,0.226447,-0.488112,1.093073,0.001523,0.067132,0.299024,-0.006586,-0.123286,0.355676,1.166537,-0.232749,0.010952,-0.138166
-0.052628,0.005347,0.785442,-0.027021,0.008140,-0.674267,0.737948,-0.043456,0.237364,0.064697,0.483780,-0.353249,-0.182679,0.147212,0.034186,-0.382919,0.119438,-0.226271,0.017938,-0.008712,0.020764,0.198243,0.030133,0.227367,-0.465027,1.085181,0.002181,0.067408,0.300850,-0.009852,-0.126665,0.359177,1.161693,-0.232176,0.015362,-0.138541
-0.058691,0.002280,0.784237,-0.027889,0.007356,-0.669484,0.742266,-0.136634,0.247766,0.035351,0.666874,-0.341999,-0.164085,0.156731,0.043481,-0.395635,0.118770,-0.234433,0.013842,-0.008556,0.021406,0.213791,0.025269,0.223121,-0.438729,1.083019,-0.006990,0.064224,0.314743,-0.011161,-0.133577,0.358923,1.161622,-0.233832,0.002471,-0.139902
-0.063977,-0.001463,0.783603,-0.027075,0.005331,-0.665569,0.745826,-0.238468,0.254103,0.023048,0.857447,-0.307788,-0.099635,0.166224,0.047104,-0.405424,0.118083,-0.242599,0.015194,-0.004780,0.020291,0.228460,0.020435,0.214385,-0.412332,1.081652,-0.008883,0.066783,0.325928,-0.012914,-0.140223,0.361076,1.166138,-0.228030,0.005834,-0.148110
-0.068163,-0.006254,0.783097,-0.025222,0.003540,-0.665712,0.745774,-0.327101,0.271323,0.047057,1.018868,-0.281938,0.002903,0.173593,0.048250,-0.405201,0.117895,-0.250002,0.015544,0.005606,0.020148,0.239952,0.021706,0.204381,-0.396159,1.076957,-0.015120,0.061941,0.336302,-0.015227,-0.147429,0.363888,1.171016,-0.223206,0.009836,-0.146942
-0.071593,-0.012533,0.782747,-0.022605,0.001059,-0.669131,0.742800,-0.375339,0.274377,0.076313,1.079524,-0.289665,0.021109,0.181803,0.045950,-0.398223,0.118110,-0.257888,0.016351,0.019141,0.017852,0.248298,0.032568,0.195755,-0.389977,1.068598,-0.044725,0.032472,0.370997,-0.018989,-0.155449,0.371914,1.183201,-0.219314,-0.001277,-0.139930
-0.074427,-0.020038,0.782590,-0.018099,-0.001337,-0.671099,0.741146,-0.410313,0.251596,0.093716,1.059546,-0.272072,-0.004295,0.189474,0.039430,-0.395520,0.118434,-0.266681,0.018663,0.025739,0.011353,0.254327,0.047880,0.187911,-0.377957,1.056491,-0.046000,0.019423,0.400898,-0.026059,-0.159532,0.385040,1.195658,-0.214088,0.002731,-0.145872
-0.076757,-0.029103,0.782082,-0.013589,-0.003743,-0.672485,0.739976,-0.431946,0.213605,0.098514,0.974514,-0.239749,-0.050960,0.200106,0.032334,-0.393571,0.118728,-0.277483,0.023921,0.029502,0.002615,0.258694,0.065756,0.183698,-0.369134,1.050001,-0.062950,-0.000189,0.435198,-0.026433,-0.157838,0.380247,1.194290,-0.234677,0.028577,-0.131931
-0.078453,-0.039692,0.781102,-0.010505,-0.006644,-0.673151,0.739401,-0.437077,0.171730,0.092866,0.835179,-0.196636,-0.107287,0.216270,0.026523,-0.392495,0.119010,-0.289360,0.030860,0.032487,-0.005074,0.263964,0.078540,0.181277,-0.367853,1.055494,-0.073579,-0.006946,0.448420,-0.021079,-0.155575,0.372287,1.187537,-0.236591,0.021013,-0.131257
-0.079480,-0.051539,0.779497,-0.006678,-0.007520,-0.673457,0.739158,-0.431841,0.134207,0.083449,0.654298,-0.141707,-0.153878,0.230145,0.021974,-0.392857,0.119108,-0.303196,0.034399,0.034427,-0.011683,0.264183,0.087776,0.179902,-0.372309,1.069078,-0.085869,-0.009522,0.447716,-0.015175,-0.154563,0.375451,1.179611,-0.247524,0.009574,-0.124092
-0.079363,-0.065010,0.777123,-0.004265,-0.007884,-0.674037,0.738643,-0.409136,0.106738,0.080387,0.445236,-0.070762,-0.188669,0.248397,0.019150,-0.393267,0.118803,-0.318431,0.039646,0.037792,-0.014818,0.264900,0.096099,0.177486,-0.365805,1.084426,-0.075219,-0.007222,0.415443,-0.011710,-0.154163,0.385415,1.176431,-0.241790,0.008811,-0.128238
-0.078142,-0.080219,0.773340,-0.005800,-0.004416,-0.676632,0.736286,-0.367704,0.097641,0.083638,0.212083,0.011175,-0.227928,0.268322,0.027881,-0.386151,0.117595,-0.331732,0.045985,0.045444,-0.006013,0.262106,0.105119,0.172727,-0.368840,1.097701,-0.077086,-0.000294,0.398105,-0.003494,-0.154983,0.378178,1.170220,-0.245078,0.004206,-0.121043
-0.075318,-0.097124,0.767766,-0.015493,-0.000541,-0.681487,0.731666,-0.365786,0.108209,0.074607,0.111466,0.013503,-0.261800,0.303140,0.048309,-0.371881,0.115510,-0.344848,0.054151,0.059173,0.019257,0.267565,0.115725,0.164635,-0.368319,1.104699,-0.073235,0.013694,0.364475,0.001262,-0.157394,0.370319,1.171356,-0.235112,0.020184,-0.123542
-0.071312,-0.115452,0.762920,-0.023227,0.002033,-0.685053,0.728120,-0.392696,0.119827,0.092075,0.106257,-0.023935,-0.261800,0.339382,0.060318,-0.360915,0.114320,-0.350148,0.066461,0.069322,0.039532,0.272257,0.123244,0.156420,-0.376753,1.110755,-0.077833,0.026162,0.343188,0.004562,-0.160712,0.365113,1.181742,-0.233349,0.017096,-0.126588
-0.066101,-0.135536,0.759703,-0.026535,0.003053,-0.687067,0.726103,-0.400459,0.126209,0.136507,0.106106,-0.048966,-0.261800,0.373922,0.059587,-0.353333,0.113702,-0.345389,0.086977,0.072373,0.051956,0.273163,0.131235,0.144692,-0.371792,1.113782,-0.098922,0.026090,0.330057,0.007158,-0.165881,0.350970,1.194960,-0.224430,0.013644,-0.124530
-0.060155,-0.157223,0.758210,-0.025472,0.004037,-0.687887,0.725359,-0.388361,0.125400,0.174853,0.106590,-0.053225,-0.261800,0.403288,0.049799,-0.346517,0.113006,-0.327789,0.109721,0.068484,0.056479,0.267979,0.142600,0.132905,-0.345168,1.108828,-0.140028,0.021630,0.333017,0.012241,-0.168751,0.315359,1.198959,-0.195362,0.013446,-0.136455
-0.052909,-0.181332,0.758977,-0.020052,0.002884,-0.689155,0.724330,-0.358905,0.108883,0.191560,0.108640,-0.039275,-0.261800,0.429143,0.026022,-0.337122,0.116640,-0.295986,0.140320,0.064194,0.052247,0.257948,0.148257,0.120757,-0.322157,1.110702,-0.169138,0.012753,0.350281,0.022520,-0.170859,0.267042,1.193662,-0.199534,0.014131,-0.127295
-0.043164,-0.208088,0.761934,-0.008488,-0.000925,-0.691242,0.722573,-0.333884,0.066195,0.190450,0.109137,0.002956,-0.199371,0.451120,-0.017994,-0.330575,0.122248,-0.243618,0.176431,0.054205,0.036112,0.241035,0.153309,0.111912,-0.318950,1.116705,-0.159804,0.000977,0.375324,0.025211,-0.176681,0.247002,1.195618,-0.192624,0.013734,-0.127296
-0.032055,-0.237416,0.765551,0.001571,-0.010344,-0.694881,0.719049,-0.294388,0.019869,0.194105,0.106937,0.057558,-0.146318,0.463648,-0.077405,-0.310118,0.171634,-0.186529,0.213009,0.043854,0.015869,0.229447,0.162540,0.101825,-0.312797,1.114700,-0.147694,-0.006012,0.395951,0.030595,-0.187178,0.238384,1.192757,-0.177777,0.019360,-0.134457
-0.021519,-0.266963,0.769400,0.015023,-0.020211,-0.696209,0.717397,-0.257704,-0.033032,0.198373,0.108065,0.048963,-0.088098,0.406438,-0.159433,-0.287982,0.357048,-0.157016,0.237082,0.030720,-0.013939,0.211762,0.173423,0.097008,-0.291969,1.100395,-0.152477,-0.011182,0.397197,0.041503,-0.189808,0.215130,1.183957,-0.169756,0.015722,-0.146829
-0.012273,-0.295211,0.772950,0.021448,-0.029190,-0.698656,0.714541,-0.209926,-0.069084,0.207344,0.109803,0.009782,-0.060810,0.333289,-0.227599,-0.258192,0.568071,-0.098475,0.211218,0.026985,-0.034287,0.204384,0.168586,0.099885,-0.284031,1.098046,-0.119140,-0.013979,0.394616,0.054210,-0.186318,0.193609,1.168475,-0.174024,0.013617,-0.153965
-0.003860,-0.321918,0.775643,0.018308,-0.037606,-0.704170,0.708799,-0.148054,-0.085439,0.217078,0.111543,-0.039530,-0.066166,0.247720,-0.286510,-0.231886,0.799587,-0.022833,0.142126,0.024754,-0.043159,0.214920,0.159089,0.110819,-0.296823,1.086365,-0.085322,-0.006775,0.415338,0.052202,-0.181843,0.201235,1.170014,-0.172954,0.001586,-0.159125
0.003716,-0.346385,0.777074,0.012208,-0.047329,-0.711021,0.701469,-0.082121,-0.097790,0.233810,0.113144,-0.086307,-0.065137,0.147733,-0.359014,-0.223612,1.029573,0.075223,0.039448,0.023290,-0.052842,0.239619,0.144672,0.125998,-0.300955,1.063336,-0.065749,0.002424,0.414193,0.040435,-0.176494,0.218792,1.174154,-0.177551,0.000859,-0.160003
0.009401,-0.368539,0.778128,0.005404,-0.055027,-0.712128,0.699869,-0.024283,-0.109785,0.232175,0.114500,-0.124479,-0.059860,0.065912,-0.407762,-0.225967,1.193851,0.063688,-0.004564,0.002867,-0.061421,0.264770,0.118901,0.147518,-0.311065,1.053609,-0.077092,-0.001578,0.406152,0.026866,-0.164717,0.224264,1.181245,-0.187000,-0.003058,-0.164168
0.013459,-0.389908,0.780033,-0.003631,-0.057558,-0.709638,0.702202,0.026862,-0.109434,0.218925,0.116140,-0.156747,-0.057063,-0.012626,-0.398135,-0.214597,1.292701,-0.049352,-0.033657,-0.009160,-0.062897,0.286477,0.068711,0.174273,-0.341032,1.076141,-0.076246,0.004670,0.395717,0.030202,-0.147381,0.217939,1.172758,-0.182740,0.001524,-0.165910
0.016671,-0.410383,0.782481,-0.011535,-0.052839,-0.708062,0.704076,0.063464,-0.096047,0.206558,0.117673,-0.186669,-0.059656,-0.101626,-0.378243,-0.224723,1.332491,-0.113985,-0.052161,-0.023725,-0.054439,0.298708,0.018071,0.199141,-0.361822,1.094874,-0.075745,0.023730,0.381830,0.031053,-0.132847,0.228413,1.169843,-0.187066,-0.002441,-0.162559
0.019401,-0.430566,0.784490,-0.018012,-0.045830,-0.705966,0.706532,0.093521,-0.079262,0.196543,0.119055,-0.215244,-0.065131,-0.189144,-0.346025,-0.242918,1.313189,-0.168401,-0.068934,-0.027992,-0.044705,0.306020,-0.030594,0.218286,-0.367978,1.102358,-0.074953,0.035331,0.368268,0.038232,-0.123279,0.242207,1.159027,-0.192774,0.007414,-0.145889
0.021531,-0.450861,0.785465,-0.022666,-0.039127,-0.701420,0.711312,0.120772,-0.064556,0.184794,0.120313,-0.244270,-0.072590,-0.267472,-0.305996,-0.265504,1.240619,-0.202253,-0.067396,-0.040180,-0.036101,0.311374,-0.069866,0.234128,-0.365460,1.091935,-0.073006,0.035716,0.359821,0.046343,-0.118123,0.251380,1.151773,-0.206324,0.000231,-0.131271
0.023322,-0.472124,0.785676,-0.024667,-0.032542,-0.694185,0.718637,0.143471,-0.054884,0.162955,0.121702,-0.269343,-0.068834,-0.333359,-0.260140,-0.287377,1.119206,-0.197606,-0.053350,-0.053354,-0.030209,0.312831,-0.107142,0.247785,-0.372862,1.071329,-0.067061,0.039790,0.363821,0.055070,-0.115736,0.251155,1.138832,-0.202405,0.010080,-0.115738
0.024911,-0.493584,0.784816,-0.024341,-0.027511,-0.687196,0.725543,0.164909,-0.050086,0.145991,0.123174,-0.293125,-0.057840,-0.382295,-0.210976,-0.302254,0.952743,-0.160767,-0.012793,-0.063545,-0.027206,0.315068,-0.139667,0.257938,-0.379671,1.046096,-0.051125,0.037572,0.363394,0.058414,-0.117437,0.250250,1.133445,-0.191469,0.009350,-0.112989
0.026806,-0.517495,0.782643,-0.024004,-0.026688,-0.679053,0.733211,0.196814,-0.052418,0.124192,0.124674,-0.317980,-0.041286,-0.396260,-0.165950,-0.311686,0.734583,-0.084356,0.051354,-0.070403,-0.027618,0.319032,-0.165719,0.262865,-0.393093,1.021926,-0.037579,0.038340,0.361646,0.066363,-0.123951,0.248834,1.129184,-0.192145,0.013795,-0.114305
0.028339,-0.543120,0.778443,-0.022410,-0.031008,-0.670836,0.740618,0.238360,-0.063941,0.101959,0.126120,-0.346596,-0.019124,-0.385841,-0.128588,-0.299556,0.487490,0.029663,0.120413,-0.075575,-0.035126,0.324424,-0.184137,0.263193,-0.410091,1.002458,-0.024673,0.037863,0.358590,0.075999,-0.132791,0.253416,1.130942,-0.194750,0.008890,-0.125906
0.029549,-0.571001,0.772061,-0.017513,-0.037793,-0.662404,0.747988,0.283201,-0.082414,0.078716,0.127131,-0.377845,0.000249,-0.354922,-0.108368,-0.276885,0.227908,0.111706,0.161309,-0.082833,-0.050469,0.324818,-0.189437,0.261040,-0.423720,0.985250,-0.004425,0.041076,0.355620,0.085606,-0.140720,0.255955,1.138081,-0.198256,0.011886,-0.128079
0.030205,-0.601043,0.764296,-0.010305,-0.048736,-0.649402,0.758812,0.334733,-0.106624,0.041377,0.127293,-0.403247,0.012903,-0.358450,-0.130552,-0.263870,0.107719,0.087940,0.197299,-0.098668,-0.076514,0.323577,-0.184337,0.257622,-0.433892,0.975181,0.013559,0.041955,0.351081,0.098511,-0.144469,0.257469,1.149662,-0.220399,0.020767,-0.119405
0.029833,-0.632720,0.757965,-0.006682,-0.054767,-0.638998,0.767227,0.386628,-0.110219,0.014692,0.127254,-0.417263,0.008962,-0.386669,-0.155060,-0.284665,0.105637,0.035951,0.237397,-0.106377,-0.091481,0.322619,-0.172229,0.252619,-0.442878,0.977501,0.021840,0.045619,0.353901,0.109321,-0.145156,0.259636,1.158594,-0.221465,0.018466,-0.123549
0.028780,-0.666204,0.753766,-0.007359,-0.054590,-0.634412,0.771030,0.436980,-0.092569,0.003722,0.126786,-0.411662,-0.013728,-0.380353,-0.155458,-0.315828,0.106320,0.019587,0.245406,-0.107148,-0.089995,0.316598,-0.148510,0.245548,-0.450251,0.995246,0.016173,0.050894,0.355674,0.115145,-0.143975,0.257339,1.169877,-0.224189,0.017238,-0.120154
0.026949,-0.702150,0.751754,-0.010096,-0.049155,-0.634945,0.770926,0.481875,-0.062170,0.005461,0.127992,-0.385016,-0.042579,-0.340610,-0.136160,-0.364433,0.106361,0.036158,0.207011,-0.097468,-0.079387,0.299629,-0.112871,0.236969,-0.456185,1.025272,0.007462,0.054793,0.345479,0.123363,-0.139250,0.260619,1.179119,-0.222604,0.012981,-0.125924
0.023699,-0.741283,0.753441,-0.015731,-0.027004,-0.633880,0.772800,0.482752,0.002506,0.008498,0.170696,-0.348824,-0.081773,-0.314435,-0.088646,-0.423212,0.110097,0.099147,0.104959,-0.091271,-0.044084,0.259779,-0.070309,0.231281,-0.466057,1.059610,0.000698,0.061090,0.335019,0.137391,-0.126312,0.240440,1.168831,-0.229898,0.026650,-0.112031
0.020383,-0.781427,0.755788,-0.028838,-0.003309,-0.634831,0.772105,0.443542,0.080789,0.010111,0.313709,-0.319647,-0.129106,-0.314999,-0.027885,-0.448299,0.163079,0.166767,-0.032728,-0.078552,0.006212,0.223921,-0.026457,0.228983,-0.486942,1.103711,-0.017333,0.060944,0.325668,0.153147,-0.113536,0.237569,1.177633,-0.219422,-0.010546,-0.147316
0.017520,-0.822411,0.759249,-0.046090,0.015152,-0.632707,0.772870,0.394286,0.152024,-0.022162,0.486931,-0.248330,-0.166830,-0.288853,0.034329,-0.467505,0.220870,0.090052,-0.104621,-0.080862,0.054906,0.200065,0.032722,0.224687,-0.481319,1.143234,-0.021156,0.064889,0.316143,0.151166,-0.105751,0.222099,1.183654,-0.204230,0.009456,-0.113959
0.015420,-0.859851,0.762957,-0.057482,0.020960,-0.637430,0.768075,0.332774,0.178427,-0.058071,0.686985,-0.138679,-0.207937,-0.230703,0.086484,-0.459088,0.222291,0.037667,-0.113342,-0.068491,0.078207,0.194116,0.089757,0.215693,-0.450572,1.166901,-0.025114,0.076631,0.304942,0.132263,-0.102861,0.235437,1.208253,-0.197305,0.012352,-0.116987
0.012966,-0.895011,0.767097,-0.068560,0.018641,-0.633909,0.770137,0.229061,0.184015,-0.119264,0.943428,-0.003897,-0.211203,-0.133917,0.130336,-0.458135,0.169502,0.006516,-0.114914,-0.068160,0.089082,0.206926,0.123619,0.212501,-0.445820,1.185428,-0.055058,0.083829,0.289272,0.112807,-0.102034,0.240058,1.219676,-0.185954,0.012726,-0.121699
0.010770,-0.927450,0.769974,-0.075341,0.014783,-0.627110,0.775138,0.121448,0.189988,-0.152811,1.147516,0.041679,-0.261800,-0.043923,0.160177,-0.462581,0.117745,-0.021425,-0.104418,-0.062802,0.092648,0.217693,0.130909,0.216934,-0.483717,1.206537,-0.051838,0.095942,0.276878,0.096981,-0.103525,0.252581,1.227110,-0.155587,0.000413,-0.141065
0.009682,-0.958756,0.772161,-0.077609,0.007859,-0.625970,0.775936,0.013734,0.202036,-0.143304,1.292158,-0.078390,-0.199772,0.022043,0.169527,-0.453485,0.112832,-0.064903,-0.091288,-0.041556,0.089040,0.225336,0.137281,0.221166,-0.498544,1.201134,-0.003292,0.122787,0.271158,0.081558,-0.113205,0.283561,1.236349,-0.127468,-0.014679,-0.155614
0.010155,-0.987027,0.774069,-0.073733,0.001040,-0.635833,0.768296,-0.097729,0.215574,-0.089315,1.372351,-0.137986,-0.134616,0.070568,0.168705,-0.418933,0.112056,-0.098801,-0.084217,-0.001489,0.082885,0.229642,0.148991,0.215732,-0.465982,1.168881,0.010736,0.127517,0.283130,0.054502,-0.132182,0.326761,1.252645,-0.125097,-0.018722,-0.158522
0.011020,-1.015114,0.775919,-0.066153,-0.006093,-0.645429,0.760925,-0.200295,0.199344,-0.048211,1.377947,-0.194582,-0.075022,0.113550,0.155686,-0.390179,0.113880,-0.134723,-0.073389,0.031192,0.071206,0.230044,0.163083,0.204031,-0.419722,1.128178,0.023903,0.126822,0.295170,0.031176,-0.151494,0.361411,1.262196,-0.166336,0.002296,-0.133040
0.012382,-1.042907,0.776904,-0.059495,-0.013376,-0.654702,0.753423,-0.283485,0.176356,-0.008216,1.307443,-0.230554,-0.063176,0.157665,0.141047,-0.362119,0.115782,-0.169057,-0.063534,0.053151,0.060813,0.234792,0.174838,0.191551,-0.384289,1.088272,0.017698,0.120449,0.314239,0.003803,-0.168791,0.387703,1.268554,-0.176802,0.012813,-0.123076
0.013932,-1.070243,0.776736,-0.054203,-0.019073,-0.663742,0.745751,-0.353842,0.140328,0.013358,1.187131,-0.229065,-0.070892,0.199939,0.128407,-0.339322,0.117523,-0.200084,-0.061399,0.068722,0.053132,0.241605,0.178208,0.180050,-0.367077,1.063251,0.026533,0.112607,0.325852,-0.023558,-0.183822,0.408381,1.264001,-0.183653,0.012291,-0.121463
0.016075,-1.097489,0.775121,-0.049327,-0.023957,-0.672704,0.737876,-0.404397,0.100230,0.023885,1.024861,-0.201098,-0.080692,0.241389,0.114711,-0.316640,0.119119,-0.235353,-0.041785,0.076686,0.045968,0.251198,0.177480,0.167928,-0.353897,1.050365,0.025179,0.104788,0.331676,-0.050532,-0.196650,0.413896,1.242100,-0.195439,0.014303,-0.120615
0.018225,-1.125364,0.771675,-0.046711,-0.025048,-0.680639,0.730699,-0.432435,0.067307,0.018368,0.818777,-0.146689,-0.104665,0.280548,0.109414,-0.295962,0.120544,-0.267561,-0.036556,0.079123,0.045219,0.258740,0.170773,0.156183,-0.347349,1.050014,0.016526,0.101713,0.330658,-0.071804,-0.206181,0.407086,1.205311,-0.202764,0.013623,-0.122070
0.020183,-1.154398,0.766108,-0.046581,-0.024957,-0.688036,0.723750,-0.416312,0.052665,0.027634,0.548744,-0.080107,-0.148716,0.324707,0.109021,-0.277189,0.121693,-0.302804,-0.026950,0.078990,0.047419,0.266371,0.160475,0.148216,-0.351506,1.060483,0.006686,0.099244,0.325335,-0.087290,-0.211369,0.402734,1.163302,-0.207790,0.009451,-0.124400
0.022125,-1.185234,0.758265,-0.054301,-0.022977,-0.698182,0.713489,-0.348606,0.065388,0.052381,0.226592,-0.005179,-0.196791,0.381291,0.122388,-0.253191,0.122067,-0.332010,-0.017596,0.084341,0.063135,0.278259,0.151793,0.145192,-0.369872,1.075282,0.003568,0.095759,0.320475,-0.097505,-0.212762,0.402923,1.123443,-0.212447,0.006199,-0.124976
0.024948,-1.218685,0.749205,-0.069098,-0.016260,-0.712330,0.698245,-0.348001,0.110841,0.079009,0.111283,-0.036191,-0.242148,0.445269,0.147472,-0.209744,0.122190,-0.346257,0.000122,0.100580,0.096522,0.284927,0.149182,0.143535,-0.393206,1.088039,0.001989,0.092645,0.318517,-0.099552,-0.213469,0.411249,1.094843,-0.220242,0.002576,-0.121691
0.029891,-1.253722,0.743165,-0.074988,-0.010075,-0.722072,0.687668,-0.371599,0.141983,0.128700,0.109627,-0.094694,-0.261800,0.496942,0.149592,-0.171186,0.122293,-0.336519,0.022547,0.102375,0.116586,0.281676,0.147862,0.140126,-0.411699,1.098920,0.009059,0.095574,0.313771,-0.100204,-0.214411,0.424504,1.081756,-0.228358,0.001438,-0.121871
0.034683,-1.290506,0.740759,-0.070058,-0.009650,-0.723205,0.687003,-0.350108,0.133919,0.142498,0.110451,-0.083864,-0.246420,0.540531,0.127872,-0.157241,0.123297,-0.302641,0.051461,0.087045,0.110491,0.270356,0.144778,0.136214,-0.412868,1.115318,-0.022529,0.087621,0.313632,-0.085248,-0.213878,0.422669,1.074873,-0.243783,0.004380,-0.117568
0.040672,-1.329919,0.743212,-0.050285,-0.018195,-0.720114,0.691792,-0.311272,0.077656,0.187394,0.110104,-0.000354,-0.196076,0.573137,0.069199,-0.166628,0.128053,-0.231561,0.093239,0.065055,0.072628,0.249489,0.140141,0.130958,-0.410011,1.129472,-0.025837,0.093104,0.304855,-0.057646,-0.211848,0.407609,1.077348,-0.249081,0.008670,-0.122589
0.048271,-1.373114,0.747761,-0.026977,-0.033989,-0.722378,0.690136,-0.271820,-0.003091,0.187560,0.104762,0.109348,-0.132289,0.517540,-0.030284,-0.167076,0.328076,-0.197546,0.137735,0.058797,0.022994,0.222122,0.144137,0.124101,-0.410569,1.141656,-0.028833,0.094531,0.307081,-0.025114,-0.211968,0.399607,1.107322,-0.234520,0.003236,-0.130396
0.055182,-1.414995,0.753980,0.000857,-0.051226,-0.724719,0.687137,-0.233004,-0.089467,0.199355,0.107087,0.080662,-0.021493,0.424024,-0.137206,-0.141373,0.562163,-0.099466,0.166175,0.059714,-0.036402,0.193610,0.139227,0.120407,-0.401079,1.155011,-0.029083,0.091051,0.286962,0.005015,-0.211028,0.386441,1.154810,-0.225533,0.005349,-0.131494
0.059938,-1.454028,0.759547,0.008463,-0.062934,-0.726296,0.684442,-0.168265,-0.132052,0.202032,0.109433,0.023791,-0.000836,0.329772,-0.191235,-0.095100,0.795812,0.036444,0.169934,0.058179,-0.062005,0.191876,0.125298,0.125004,-0.395060,1.162262,-0.028082,0.092232,0.292256,0.025768,-0.205249,0.369482,1.204904,-0.228160,0.021810,-0.124266
0.064180,-1.489618,0.763595,0.005858,-0.071901,-0.730535,0.679054,-0.094048,-0.151719,0.204823,0.111881,-0.037647,0.001549,0.206656,-0.238073,-0.070886,1.039762,0.202646,0.083180,0.057635,-0.070293,0.209073,0.105676,0.137148,-0.402156,1.159849,0.016647,0.107947,0.306320,0.028231,-0.204096,0.379090,1.252104,-0.221551,0.030101,-0.106113
0.067778,-1.521194,0.766300,0.003819,-0.078094,-0.730877,0.678016,-0.032949,-0.170706,0.201295,0.113624,-0.083307,0.020296,0.098701,-0.291408,-0.083602,1.216591,0.167437,0.056095,0.043315,-0.077838,0.230785,0.078971,0.155238,-0.411295,1.146729,-0.003313,0.090538,0.315366,0.017921,-0.209352,0.408857,1.280003,-0.212221,0.030764,-0.089477
0.069491,-1.551218,0.769002,-0.003170,-0.082263,-0.725378,0.683410,0.029928,-0.180628,0.175903,0.115468,-0.123027,0.039291,0.012208,-0.325078,-0.118383,1.320537,0.001430,0.012430,0.018693,-0.079778,0.257732,0.041666,0.178891,-0.424383,1.134683,-0.023820,0.075608,0.311680,0.013351,-0.213283,0.427097,1.282840,-0.212412,0.030656,-0.093691
0.069393,-1.580186,0.772205,-0.011778,-0.080201,-0.717452,0.691875,0.084982,-0.172326,0.145560,0.117246,-0.159788,0.040840,-0.078136,-0.341480,-0.169180,1.359328,-0.095543,-0.032426,-0.006200,-0.072942,0.277829,-0.006727,0.204849,-0.449774,1.133949,-0.021750,0.076000,0.308810,0.014466,-0.211075,0.416136,1.272489,-0.212125,0.027881,-0.111064
0.068748,-1.608951,0.774943,-0.017458,-0.072992,-0.712087,0.698068,0.126184,-0.155997,0.122463,0.119223,-0.194651,0.045783,-0.178539,-0.327362,-0.204612,1.333927,-0.170646,-0.077312,-0.020410,-0.062077,0.286039,-0.051973,0.227775,-0.464828,1.126977,-0.007185,0.084602,0.304921,0.017677,-0.204196,0.393139,1.255047,-0.186742,0.022699,-0.134921
0.068120,-1.637667,0.776647,-0.022778,-0.065776,-0.707185,0.703593,0.166136,-0.138074,0.104345,0.121341,-0.228942,0.052896,-0.265512,-0.291570,-0.230428,1.242604,-0.204566,-0.082091,-0.029459,-0.050352,0.293644,-0.093943,0.246691,-0.473030,1.109401,-0.012330,0.081040,0.310129,0.020410,-0.196027,0.376405,1.239619,-0.183579,0.012060,-0.138017
0.067241,-1.666566,0.776832,-0.028431,-0.059819,-0.701088,0.709992,0.209088,-0.119988,0.085197,0.123590,-0.265340,0.057252,-0.329808,-0.238289,-0.243308,1.092920,-0.192106,-0.050641,-0.039759,-0.039073,0.303864,-0.130736,0.262455,-0.476051,1.082218,-0.001021,0.074761,0.312475,0.020367,-0.186502,0.365749,1.216783,-0.187319,0.018215,-0.131674
0.065978,-1.696047,0.775308,-0.032111,-0.055692,-0.694730,0.716392,0.251943,-0.105907,0.065635,0.125605,-0.298892,0.059315,-0.368825,-0.185377,-0.249107,0.892175,-0.142284,-0.014504,-0.046008,-0.032950,0.311719,-0.162816,0.274107,-0.478740,1.052224,0.006752,0.068807,0.315611,0.022046,-0.176091,0.363293,1.198513,-0.192646,0.014291,-0.134092
0.064689,-1.726549,0.771796,-0.030757,-0.054315,-0.687423,0.723570,0.293085,-0.102706,0.045955,0.127226,-0.331749,0.066177,-0.377173,-0.145430,-0.252681,0.634420,-0.061494,0.048504,-0.051754,-0.037465,0.314043,-0.185902,0.280033,-0.473234,1.017874,0.013255,0.070444,0.320071,0.026591,-0.163822,0.356651,1.180277,-0.197691,0.012908,-0.136004
0.063578,-1.758759,0.765585,-0.025562,-0.059128,-0.677479,0.732716,0.341367,-0.113330,0.021856,0.127662,-0.360653,0.066441,-0.340296,-0.124419,-0.258032,0.318950,0.020724,0.133317,-0.062251,-0.056341,0.314197,-0.197864,0.281232,-0.468630,0.986194,0.025969,0.066409,0.323432,0.035388,-0.154206,0.360369,1.160216,-0.226200,0.020904,-0.107718
0.061799,-1.794005,0.756757,-0.014670,-0.073600,-0.659725,0.747750,0.401010,-0.141675,-0.024389,0.126511,-0.378042,0.062915,-0.320491,-0.155301,-0.264093,0.109919,0.037270,0.214109,-0.087176,-0.099116,0.311868,-0.199939,0.280954,-0.476645,0.965523,0.041235,0.059826,0.328809,0.050848,-0.150738,0.389146,1.143822,-0.233567,0.019018,-0.082716
0.058590,-1.830668,0.749483,-0.007430,-0.081587,-0.647048,0.758035,0.457228,-0.146324,-0.060707,0.125887,-0.383664,0.050497,-0.366444,-0.192491,-0.269660,0.108416,-0.033800,0.251790,-0.099364,-0.127888,0.308268,-0.192375,0.279399,-0.480284,0.954608,0.057963,0.056951,0.333715,0.060424,-0.149937,0.421292,1.139978,-0.238834,0.019658,-0.074403
0.054672,-1.868472,0.744990,-0.006588,-0.079264,-0.642083,0.762498,0.505908,-0.121711,-0.074890,0.126055,-0.372588,0.022712,-0.358426,-0.193964,-0.293108,0.108349,-0.031499,0.259681,-0.100253,-0.130713,0.299280,-0.170362,0.273723,-0.472727,0.957243,0.059077,0.054115,0.334980,0.066913,-0.151079,0.434032,1.145525,-0.240173,0.019292,-0.076146
0.050505,-1.908842,0.743626,-0.013853,-0.063214,-0.646371,0.760274,0.533787,-0.067643,-0.059310,0.151799,-0.348475,-0.008852,-0.315758,-0.149229,-0.334101,0.111987,0.024065,0.178924,-0.089812,-0.099649,0.276527,-0.128276,0.256635,-0.447964,0.971709,0.056041,0.058696,0.336934,0.072988,-0.154960,0.443542,1.160692,-0.266954,0.023788,-0.074725
0.045225,-1.951584,0.745168,-0.025353,-0.034056,-0.647603,0.760794,0.482590,0.014539,-0.041269,0.307848,-0.341235,-0.046533,-0.306135,-0.085741,-0.403418,0.136206,0.134173,0.088709,-0.086818,-0.045199,0.238787,-0.076125,0.239824,-0.427829,0.994960,0.041367,0.055059,0.338238,0.081695,-0.153941,0.436789,1.179877,-0.278203,0.032198,-0.081492
0.039987,-1.994944,0.748084,-0.042159,-0.007801,-0.649086,0.759506,0.424133,0.098978,-0.034198,0.491534,-0.276170,-0.075392,-0.324125,-0.018681,-0.418195,0.251940,0.106970,-0.056456,-0.084581,0.013849,0.208004,-0.018401,0.222710,-0.415153,1.043767,0.016809,0.041487,0.340811,0.084434,-0.148491,0.418620,1.215104,-0.247843,0.031475,-0.101382
0.035481,-2.036302,0.752051,-0.057078,0.007433,-0.651104,0.756803,0.354941,0.152993,-0.055082,0.693695,-0.158322,-0.103705,-0.279380,0.046570,-0.429062,0.276183,0.041807,-0.096052,-0.082687,0.056124,0.196578,0.038877,0.202571,-0.392210,1.096564,-0.000664,0.052124,0.334766,0.079694,-0.141958,0.377948,1.241329,-0.235780,0.037500,-0.106869
0.030992,-2.074862,0.757292,-0.070031,0.011421,-0.645043,0.760845,0.250947,0.173437,-0.116068,0.938293,-0.007248,-0.119438,-0.189105,0.097420,-0.440624,0.234949,-0.000750,-0.096594,-0.088117,0.077682,0.204972,0.074342,0.189721,-0.398084,1.154593,-0.033902,0.058345,0.322972,0.076521,-0.133977,0.334515,1.241764,-0.228041,0.042597,-0.110174
0.026513,-2.109990,0.761833,-0.078312,0.010607,-0.632100,0.770847,0.131970,0.194310,-0.157099,1.153348,0.059039,-0.190419,-0.087163,0.135264,-0.459872,0.162383,-0.025195,-0.090304,-0.092289,0.084252,0.218599,0.082517,0.191609,-0.445520,1.208705,-0.060774,0.064215,0.304903,0.076434,-0.126437,0.309071,1.218791,-0.215061,0.037273,-0.114656
0.023155,-2.142399,0.766004,-0.079329,0.003959,-0.625836,0.775900,0.011358,0.207046,-0.151778,1.310285,-0.075784,-0.119388,-0.004859,0.151480,-0.461669,0.119486,-0.053817,-0.084652,-0.070421,0.075878,0.232918,0.087356,0.198820,-0.472676,1.227733,-0.040127,0.078993,0.288748,0.071619,-0.124549,0.312397,1.187471,-0.217069,0.028857,-0.115826
0.021398,-2.173253,0.769721,-0.073505,-0.003934,-0.627514,0.775118,-0.112967,0.210536,-0.112062,1.396008,-0.128306,-0.067631,0.049071,0.146507,-0.447446,0.115645,-0.092754,-0.074482,-0.036561,0.062122,0.239774,0.106407,0.203381,-0.451151,1.202543,-0.030803,0.081632,0.293649,0.054060,-0.131739,0.343792,1.167294,-0.231138,0.015136,-0.120872
0.020481,-2.203295,0.771957,-0.065573,-0.010196,-0.634598,0.769988,-0.228545,0.179516,-0.083619,1.413201,-0.174001,-0.018033,0.094414,0.139299,-0.421757,0.112994,-0.127362,-0.065049,0.000225,0.050355,0.242449,0.136231,0.205029,-0.405112,1.149362,-0.029177,0.074800,0.301252,0.030792,-0.144063,0.367113,1.146381,-0.256885,0.014866,-0.112123
0.020351,-2.232931,0.772887,-0.058531,-0.015035,-0.644318,0.762366,-0.322890,0.142784,-0.053301,1.350553,-0.204083,-0.016642,0.135390,0.132215,-0.394382,0.114593,-0.161467,-0.055256,0.033232,0.041980,0.245434,0.167236,0.204040,-0.362398,1.092780,-0.025223,0.063324,0.312992,-0.001039,-0.158099,0.380461,1.129051,-0.265274,0.021102,-0.094413
0.020669,-2.261974,0.772442,-0.052107,-0.019686,-0.655631,0.753024,-0.396425,0.111168,-0.017650,1.226914,-0.206677,-0.029472,0.176277,0.123524,-0.365810,0.116265,-0.197497,-0.045921,0.058321,0.034173,0.251918,0.196456,0.200231,-0.326078,1.042283,-0.020689,0.054782,0.324779,-0.045423,-0.171788,0.396915,1.125648,-0.253564,0.015795,-0.090928
0.021052,-2.291170,0.770521,-0.047927,-0.023749,-0.667598,0.742598,-0.443212,0.090390,0.018201,1.054179,-0.182708,-0.039157,0.219078,0.117559,-0.337821,0.118139,-0.233329,-0.041765,0.078518,0.028858,0.262492,0.216238,0.193763,-0.303031,1.017128,-0.015900,0.049918,0.333678,-0.095373,-0.182341,0.413398,1.128238,-0.252958,0.015056,-0.098356
0.021710,-2.321074,0.766937,-0.045689,-0.024926,-0.679387,0.731932,-0.460010,0.076118,0.046807,0.827275,-0.134358,-0.066807,0.261311,0.116996,-0.307565,0.120065,-0.269605,-0.039054,0.090485,0.028800,0.271150,0.231888,0.184381,-0.282261,1.011325,-0.016564,0.048793,0.330239,-0.144500,-0.188111,0.424515,1.130085,-0.253963,0.019556,-0.109016
0.022411,-2.352484,0.761358,-0.047347,-0.024620,-0.690229,0.721621,-0.427644,0.070297,0.074986,0.531705,-0.070583,-0.125317,0.310476,0.122471,-0.277248,0.121395,-0.303763,-0.030008,0.096615,0.034430,0.279699,0.244880,0.173425,-0.259431,1.022592,-0.026317,0.046321,0.320836,-0.183462,-0.189940,0.430033,1.124739,-0.252451,0.016926,-0.113484
0.023448,-2.385980,0.753008,-0.057745,-0.021905,-0.703129,0.708375,-0.345376,0.083222,0.111848,0.191266,0.000125,-0.180684,0.373625,0.141946,-0.239688,0.122019,-0.332607,-0.020638,0.106409,0.056164,0.289276,0.257130,0.162896,-0.245644,1.046353,-0.036686,0.050767,0.314421,-0.208500,-0.189850,0.434219,1.112411,-0.248069,0.012666,-0.118154
0.025746,-2.421743,0.743964,-0.072763,-0.013748,-0.720217,0.689785,-0.356656,0.130921,0.134161,0.110556,-0.051252,-0.239659,0.438588,0.168243,-0.183841,0.122559,-0.345972,-0.010793,0.126269,0.093994,0.290963,0.270235,0.153366,-0.248299,1.073053,-0.046618,0.055604,0.310220,-0.217230,-0.191332,0.439516,1.092099,-0.252504,0.008641,-0.117381
0.029552,-2.459492,0.738438,-0.076633,-0.009855,-0.731047,0.677939,-0.366870,0.149856,0.163150,0.110371,-0.105838,-0.261800,0.494861,0.162972,-0.143809,0.122586,-0.337204,0.012307,0.129917,0.108832,0.285376,0.278456,0.141840,-0.252625,1.099485,-0.057196,0.057945,0.304358,-0.212708,-0.194145,0.446231,1.074977,-0.248096,0.001450,-0.120067
0.033056,-2.498982,0.736715,-0.066526,-0.012186,-0.731327,0.678666,-0.336046,0.117774,0.162894,0.110620,-0.075081,-0.219719,0.537775,0.130054,-0.136827,0.124923,-0.304581,0.042595,0.109461,0.092252,0.267872,0.279497,0.129262,-0.249588,1.128785,-0.071064,0.056466,0.297685,-0.189723,-0.195512,0.444614,1.067316,-0.249758,-0.003462,-0.123035
0.037787,-2.541240,0.739679,-0.041520,-0.023262,-0.728243,0.683665,-0.305648,0.040261,0.182811,0.109501,0.030762,-0.146415,0.543185,0.054866,-0.157384,0.185255,-0.256833,0.082242,0.086119,0.043785,0.240460,0.272954,0.113180,-0.238483,1.153513,-0.080771,0.058499,0.297193,-0.151026,-0.196136,0.431889,1.069099,-0.261694,-0.000273,-0.123477
0.043455,-2.586382,0.744154,-0.015721,-0.043030,-0.728549,0.683460,-0.263796,-0.051930,0.176534,0.104752,0.127582,-0.065280,0.490566,-0.052091,-0.161286,0.388450,-0.211297,0.127358,0.079387,-0.014106,0.213909,0.267697,0.100012,-0.230356,1.174403,-0.098011,0.057750,0.296786,-0.101911,-0.196693,0.418583,1.098937,-0.250226,-0.001662,-0.130600
0.047991,-2.629596,0.750053,0.009436,-0.059390,-0.726339,0.684700,-0.222366,-0.135704,0.181475,0.107004,0.093198,0.034851,0.409838,-0.144115,-0.135523,0.602337,-0.090789,0.173553,0.077493,-0.067630,0.188108,0.248897,0.093693,-0.224524,1.188029,-0.112115,0.055286,0.297894,-0.053073,-0.193680,0.394898,1.152432,-0.240023,0.002098,-0.133107
0.050453,-2.670220,0.755381,0.010545,-0.072030,-0.726286,0.683526,-0.142087,-0.168777,0.176120,0.109642,0.027273,0.036660,0.325395,-0.181691,-0.085051,0.833953,0.061051,0.168740,0.077807,-0.084266,0.196308,0.228883,0.093135,-0.208748,1.170879,-0.114843,0.053978,0.305553,-0.021184,-0.187050,0.382798,1.218871,-0.235864,0.020132,-0.118572
0.052553,-2.706248,0.759167,0.007910,-0.079585,-0.729072,0.679749,-0.069522,-0.184305,0.176577,0.111985,-0.031633,0.039586,0.199246,-0.216622,-0.056264,1.069836,0.218545,0.114462,0.074619,-0.091665,0.213594,0.209218,0.096088,-0.184833,1.119790,-0.106697,0.050990,0.322514,-0.010960,-0.184730,0.399875,1.276835,-0.230810,0.035894,-0.092189
0.054141,-2.739281,0.761848,0.003753,-0.086283,-0.726939,0.681249,-0.002077,-0.200807,0.163434,0.113993,-0.080836,0.056641,0.103190,-0.261456,-0.070951,1.230698,0.098604,0.102011,0.053151,-0.098541,0.237332,0.185040,0.105603,-0.173490,1.056643,-0.099116,0.035566,0.340273,-0.006149,-0.187398,0.417951,1.303364,-0.241370,0.045253,-0.071448
0.053918,-2.770829,0.764700,-0.007302,-0.090794,-0.722121,0.685744,0.072197,-0.200740,0.135940,0.116060,-0.127261,0.064433,0.012063,-0.307413,-0.118525,1.329707,-0.016658,0.040444,0.027446,-0.095395,0.268019,0.147620,0.125935,-0.189513,1.007245,-0.094917,0.022044,0.359016,0.007183,-0.190966,0.415496,1.292215,-0.252157,0.048188,-0.076598
0.052203,-2.801257,0.767791,-0.015605,-0.085827,-0.717000,0.691593,0.125386,-0.183546,0.110511,0.118160,-0.168696,0.064714,-0.099860,-0.318728,-0.157632,1.365132,-0.101330,-0.040879,0.005386,-0.084129,0.281657,0.098631,0.153264,-0.219376,0.979501,-0.069652,0.021342,0.362804,0.030573,-0.191731,0.390802,1.255179,-0.242453,0.037437,-0.101960
0.050472,-2.831840,0.770179,-0.021361,-0.076740,-0.711789,0.697861,0.167420,-0.161344,0.086229,0.120424,-0.208897,0.064148,-0.203356,-0.305341,-0.198291,1.318903,-0.171014,-0.077566,-0.014702,-0.069751,0.285002,0.046788,0.182054,-0.254098,0.962515,-0.056791,0.025274,0.355897,0.055953,-0.189471,0.359483,1.210060,-0.231379,0.025857,-0.121121
0.048878,-2.862305,0.771280,-0.026736,-0.067357,-0.704561,0.705933,0.207124,-0.137276,0.061083,0.122725,-0.246293,0.061270,-0.284438,-0.270345,-0.236377,1.196859,-0.193211,-0.074012,-0.035991,-0.054599,0.288204,-0.010541,0.211174,-0.300923,0.955876,-0.042126,0.029777,0.351561,0.078837,-0.183211,0.321706,1.166363,-0.236070,0.021454,-0.118925
0.047357,-2.893156,0.770505,-0.031112,-0.061055,-0.695122,0.715619,0.249547,-0.118575,0.033577,0.125095,-0.282905,0.062361,-0.334320,-0.226070,-0.264087,1.008678,-0.168824,-0.035607,-0.057331,-0.044717,0.294783,-0.072230,0.238626,-0.358062,0.962744,-0.021789,0.032952,0.349457,0.096706,-0.172580,0.285033,1.135443,-0.233584,0.018153,-0.117144
0.045738,-2.924994,0.767566,-0.030716,-0.058327,-0.684872,0.725676,0.290868,-0.111076,0.005738,0.127247,-0.317752,0.071080,-0.351967,-0.181877,-0.275149,0.751268,-0.108644,0.043544,-0.075042,-0.046657,0.298710,-0.131133,0.262057,-0.418301,0.977216,-0.006519,0.033633,0.348530,0.109431,-0.158741,0.260269,1.120894,-0.231820,0.017840,-0.122402
0.044300,-2.958159,0.761552,-0.025240,-0.059492,-0.674512,0.735430,0.333867,-0.115999,-0.021004,0.128438,-0.351868,0.074502,-0.335694,-0.146564,-0.268807,0.431988,-0.024004,0.130800,-0.088720,-0.060128,0.297980,-0.181172,0.278957,-0.473244,0.992383,-0.001394,0.038946,0.342628,0.118039,-0.145136,0.247882,1.122153,-0.227952,0.016919,-0.127348
0.042614,-2.993534,0.752200,-0.015041,-0.069312,-0.660890,0.747124,0.388413,-0.138068,-0.057495,0.127941,-0.382308,0.078052,-0.292137,-0.143528,-0.251155,0.114988,0.046045,0.197349,-0.106481,-0.092229,0.296649,-0.217859,0.289890,-0.522750,1.007765,0.001912,0.042616,0.335794,0.129682,-0.131976,0.241554,1.129144,-0.224926,0.018101,-0.126867
0.040026,-3.030400,0.742909,-0.006799,-0.079125,-0.648152,0.757358,0.448452,-0.149911,-0.093220,0.127282,-0.400334,0.073925,-0.350745,-0.180888,-0.232838,0.108484,-0.026188,0.239535,-0.121068,-0.121296,0.299613,-0.238424,0.295205,-0.552628,1.016421,0.007630,0.045294,0.329364,0.135010,-0.119610,0.243984,1.145513,-0.221376,0.018459,-0.126310
0.035937,-3.068978,0.736746,-0.007322,-0.079038,-0.642548,0.762123,0.505694,-0.126656,-0.108054,0.127303,-0.400981,0.051654,-0.352625,-0.183743,-0.262031,0.108115,-0.042460,0.261800,-0.120525,-0.124019,0.300599,-0.237397,0.294216,-0.553678,1.021737,0.016213,0.047154,0.327034,0.135890,-0.107053,0.256209,1.166603,-0.222031,0.021398,-0.124113
0.031746,-3.108441,0.735871,-0.018416,-0.057742,-0.649711,0.757761,0.524755,-0.060039,-0.081375,0.166368,-0.389118,0.010406,-0.321137,-0.127965,-0.328598,0.108639,0.054873,0.183224,-0.102263,-0.081537,0.286934,-0.207560,0.284861,-0.515467,1.016914,0.012576,0.049091,0.334957,0.123003,-0.091626,0.272046,1.197139,-0.227929,0.026550,-0.124147
0.026788,-3.151073,0.737729,-0.032620,-0.026646,-0.655773,0.753782,0.482835,0.026571,-0.054443,0.311671,-0.371880,-0.047094,-0.317423,-0.049221,-0.382414,0.138585,0.165679,0.070263,-0.093858,-0.022232,0.254770,-0.150689,0.270282,-0.467851,1.012252,-0.003322,0.041673,0.346423,0.118720,-0.078254,0.276504,1.214929,-0.233654,0.030641,-0.120691
0.022879,-3.194095,0.741648,-0.044754,-0.003822,-0.661021,0.749022,0.422260,0.089094,-0.051981,0.496419,-0.282603,-0.092107,-0.340516,0.006606,-0.387594,0.262658,0.117116,-0.046906,-0.091620,0.023084,0.224959,-0.080826,0.249990,-0.426179,1.027134,-0.021242,0.038813,0.345919,0.113181,-0.068408,0.271923,1.230162,-0.225634,0.030221,-0.118732
0.019164,-3.235506,0.746865,-0.054839,0.009088,-0.661235,0.748117,0.338537,0.123553,-0.090197,0.713830,-0.147162,-0.145506,-0.297814,0.055080,-0.397693,0.289471,0.049334,-0.077976,-0.095608,0.051264,0.210111,-0.023781,0.227443,-0.401508,1.065204,-0.036386,0.042382,0.330926,0.108434,-0.064089,0.257932,1.229797,-0.225115,0.028472,-0.124004
0.015470,-3.274397,0.752850,-0.069914,0.011312,-0.652383,0.754573,0.230048,0.127558,-0.172190,0.973738,0.020457,-0.181334,-0.194694,0.101911,-0.415068,0.240557,0.006929,-0.077355,-0.104869,0.070831,0.224063,0.004275,0.211209,-0.423127,1.123026,-0.064517,0.033879,0.328530,0.110364,-0.068501,0.245207,1.212605,-0.251587,0.028272,-0.140806
0.012520,-3.310031,0.757686,-0.080157,0.009843,-0.643356,0.761295,0.118597,0.134026,-0.208928,1.180852,0.086261,-0.261800,-0.084428,0.143359,-0.425273,0.159219,-0.010851,-0.070935,-0.099783,0.081590,0.240020,0.011282,0.200309,-0.465274,1.180693,-0.071557,0.032620,0.328347,0.111869,-0.083595,0.236271,1.194133,-0.263810,0.035915,-0.146559
0.010735,-3.343334,0.762083,-0.081412,0.003739,-0.641484,0.762795,-0.005017,0.148076,-0.186974,1.331781,-0.034308,-0.180815,-0.002225,0.158764,-0.416250,0.118413,-0.039576,-0.062786,-0.073035,0.077245,0.250645,0.022338,0.188708,-0.472678,1.203145,-0.057367,0.041667,0.336585,0.103985,-0.107762,0.241670,1.188395,-0.213888,0.024918,-0.139757
0.010380,-3.374949,0.765985,-0.074729,-0.002224,-0.646211,0.759488,-0.139762,0.179191,-0.115448,1.414096,-0.091382,-0.098025,0.048151,0.152288,-0.394444,0.115126,-0.079379,-0.048212,-0.038607,0.065905,0.251674,0.050042,0.176662,-0.436360,1.181322,-0.062202,0.038786,0.337234,0.081289,-0.137865,0.259983,1.196139,-0.192873,0.015768,-0.126118
0.010993,-3.405567,0.768487,-0.067737,-0.008905,-0.655586,0.752024,-0.252682,0.180945,-0.054101,1.422933,-0.149712,-0.020097,0.096022,0.142122,-0.363826,0.113614,-0.114599,-0.035315,-0.004459,0.056449,0.254889,0.084394,0.168146,-0.392808,1.135502,-0.075356,0.034294,0.322887,0.042156,-0.169916,0.296093,1.216963,-0.214437,0.022423,-0.128016
0.012124,-3.435980,0.769123,-0.062500,-0.015075,-0.666956,0.742318,-0.336008,0.166158,-0.001324,1.349849,-0.194898,-0.005759,0.143411,0.132533,-0.331442,0.115411,-0.154010,-0.025472,0.024697,0.050616,0.259925,0.117235,0.165888,-0.371945,1.092078,-0.068779,0.027133,0.326324,-0.004889,-0.201219,0.333746,1.233654,-0.222854,0.028849,-0.125284
0.013213,-3.466365,0.768019,-0.059196,-0.020378,-0.677060,0.733260,-0.397690,0.142600,0.037190,1.215400,-0.200147,-0.024142,0.192347,0.124605,-0.305382,0.117219,-0.193787,-0.016650,0.046513,0.046331,0.268876,0.143128,0.167949,-0.365078,1.059451,-0.031741,0.026800,0.349796,-0.051849,-0.228050,0.360180,1.236707,-0.213175,0.024225,-0.123636
0.014244,-3.496775,0.765047,-0.057754,-0.022636,-0.685096,0.725807,-0.442340,0.116427,0.055733,1.034944,-0.173625,-0.049449,0.238944,0.123210,-0.283136,0.119224,-0.234594,-0.019188,0.058778,0.045683,0.278624,0.164144,0.170781,-0.352949,1.039320,-0.019147,0.026441,0.354427,-0.097398,-0.248250,0.370244,1.223930,-0.214765,0.022111,-0.122377
0.015565,-3.528327,0.760267,-0.056727,-0.022654,-0.692065,0.719246,-0.454784,0.092106,0.066908,0.792665,-0.123565,-0.088555,0.284946,0.123562,-0.261832,0.121082,-0.276508,-0.017281,0.065413,0.046384,0.284460,0.179800,0.172815,-0.342900,1.038064,-0.030726,0.029522,0.344598,-0.136621,-0.261033,0.372238,1.201303,-0.220283,0.019579,-0.128321
0.017028,-3.561295,0.753561,-0.058432,-0.021616,-0.697174,0.714190,-0.422214,0.077537,0.081657,0.488752,-0.060011,-0.134188,0.337151,0.127950,-0.246432,0.122191,-0.315256,-0.009382,0.067697,0.051247,0.289129,0.184048,0.175632,-0.350041,1.066198,-0.043885,0.035917,0.332275,-0.164873,-0.265308,0.363944,1.169123,-0.224831,0.019891,-0.135753
0.018573,-3.596793,0.744334,-0.069204,-0.018107,-0.705179,0.705411,-0.334084,0.086661,0.097344,0.138078,0.007898,-0.178044,0.404376,0.148499,-0.223719,0.122355,-0.344537,-0.004192,0.080666,0.073705,0.294666,0.186602,0.179539,-0.368194,1.105401,-0.054519,0.046113,0.318743,-0.175302,-0.263411,0.345448,1.130435,-0.227154,0.012446,-0.137666
0.021398,-3.634032,0.735765,-0.081677,-0.012093,-0.716699,0.692477,-0.362679,0.124651,0.101592,0.110272,-0.067464,-0.214914,0.472121,0.166537,-0.184727,0.122495,-0.351472,0.007767,0.101782,0.104048,0.295855,0.193866,0.178508,-0.377889,1.136457,-0.062773,0.057175,0.310642,-0.174928,-0.259549,0.330773,1.092091,-0.231587,0.005379,-0.137861
0.025681,-3.673409,0.730753,-0.083763,-0.009869,-0.723853,0.684780,-0.356612,0.138338,0.120022,0.111373,-0.104340,-0.243137,0.529225,0.156138,-0.155079,0.124886,-0.332796,0.035415,0.109554,0.112210,0.287155,0.206487,0.170399,-0.367048,1.154736,-0.073632,0.058808,0.313926,-0.167229,-0.251435,0.323815,1.067495,-0.231588,-0.003345,-0.142783
0.030590,-3.713491,0.731628,-0.066036,-0.016478,-0.721897,0.688645,-0.318692,0.093621,0.155835,0.110284,-0.021115,-0.190616,0.564303,0.104113,-0.161441,0.131008,-0.279905,0.071854,0.092294,0.076816,0.266669,0.214574,0.156062,-0.344055,1.164919,-0.085294,0.051477,0.321777,-0.148604,-0.236527,0.310411,1.052872,-0.252643,-0.001281,-0.147204
0.037181,-3.757220,0.735535,-0.038821,-0.034025,-0.722124,0.689834,-0.280716,0.012225,0.205419,0.105497,0.109304,-0.102390,0.505746,-0.003665,-0.178234,0.343233,-0.269994,0.116994,0.082199,0.014377,0.239588,0.225040,0.139261,-0.324392,1.170065,-0.101257,0.038923,0.329422,-0.116368,-0.218789,0.295724,1.052754,-0.265343,0.004025,-0.150511
0.043958,-3.801076,0.741269,-0.009065,-0.056418,-0.722183,0.689337,-0.239211,-0.090593,0.207805,0.106272,0.114961,0.017337,0.426922,-0.126821,-0.175176,0.581232,-0.178537,0.140149,0.081141,-0.057300,0.213468,0.224811,0.126030,-0.311627,1.181455,-0.112523,0.027173,0.333802,-0.075540,-0.201504,0.277926,1.075830,-0.251968,-0.001409,-0.157093
0.048645,-3.841884,0.747363,0.001873,-0.067286,-0.720930,0.689732,-0.179219,-0.139389,0.206363,0.108091,0.060222,0.027704,0.335339,-0.190231,-0.143314,0.808420,-0.017847,0.139967,0.079345,-0.086588,0.204297,0.206330,0.119217,-0.302350,1.189459,-0.123283,0.028494,0.339288,-0.040522,-0.182218,0.254504,1.114865,-0.246909,0.001823,-0.151978
0.052680,-3.878687,0.752733,-0.000422,-0.074574,-0.725792,0.683860,-0.104900,-0.154272,0.209392,0.110500,-0.004899,0.018450,0.209310,-0.238701,-0.111133,1.053680,0.169037,0.076570,0.082999,-0.091762,0.219296,0.183959,0.115988,-0.279184,1.171811,-0.126277,0.030130,0.348454,-0.027169,-0.168460,0.260016,1.162566,-0.240431,0.014211,-0.132893
0.056843,-3.911770,0.756676,-0.003654,-0.078697,-0.729177,0.679775,-0.041437,-0.165820,0.208088,0.112508,-0.057294,0.022240,0.097781,-0.290422,-0.111589,1.231616,0.152539,0.065616,0.071404,-0.091526,0.237599,0.156563,0.116256,-0.264339,1.138542,-0.121953,0.028008,0.368077,-0.031800,-0.165442,0.299141,1.209435,-0.230425,0.019356,-0.111516
0.059876,-3.942938,0.760042,-0.011189,-0.081468,-0.725168,0.683644,0.022381,-0.173559,0.189949,0.114554,-0.101693,0.039706,0.009438,-0.338463,-0.155026,1.338588,0.000757,0.007077,0.042010,-0.085047,0.261460,0.112647,0.126778,-0.276816,1.112963,-0.112304,0.017052,0.376904,-0.031373,-0.166964,0.327314,1.229593,-0.241440,0.026812,-0.093827
0.060939,-3.973310,0.763413,-0.020884,-0.080625,-0.718366,0.690661,0.083356,-0.167792,0.160382,0.116537,-0.142618,0.045375,-0.073900,-0.366826,-0.210605,1.377592,-0.085121,-0.056820,0.015234,-0.073471,0.281363,0.053317,0.148372,-0.313548,1.106904,-0.093212,0.012353,0.377909,-0.014171,-0.166393,0.323963,1.221208,-0.251370,0.029405,-0.100935
0.060842,-4.002699,0.766272,-0.026589,-0.074119,-0.710790,0.698983,0.126568,-0.153942,0.131890,0.118532,-0.179095,0.047278,-0.168307,-0.344505,-0.238573,1.345077,-0.157621,-0.092166,-0.005533,-0.060508,0.288644,-0.012546,0.174896,-0.349706,1.102003,-0.053311,0.018018,0.369905,0.010337,-0.162543,0.302189,1.199524,-0.238828,0.023847,-0.123458
0.060312,-4.032227,0.768078,-0.030890,-0.066889,-0.703299,0.707066,0.166271,-0.137588,0.106303,0.120510,-0.213631,0.045077,-0.252686,-0.297447,-0.252162,1.244271,-0.185175,-0.067726,-0.022469,-0.048478,0.292216,-0.074273,0.200949,-0.371538,1.086180,-0.027082,0.032190,0.361016,0.034299,-0.157605,0.284784,1.177356,-0.220100,0.014169,-0.141153
0.060100,-4.061784,0.768117,-0.034002,-0.060932,-0.696339,0.714313,0.205646,-0.124298,0.084275,0.122561,-0.250543,0.045984,-0.321886,-0.244460,-0.254206,1.097601,-0.169468,-0.041604,-0.037342,-0.039412,0.296235,-0.127007,0.224323,-0.376417,1.059371,-0.017920,0.033357,0.355016,0.050403,-0.152874,0.272460,1.165352,-0.222237,0.012128,-0.133824
0.059783,-4.091886,0.766336,-0.035380,-0.057191,-0.689508,0.721149,0.246424,-0.115600,0.066293,0.124567,-0.288575,0.048772,-0.363198,-0.199894,-0.260918,0.903667,-0.128195,-0.004586,-0.048082,-0.035188,0.300820,-0.173248,0.244480,-0.375512,1.029514,-0.006067,0.034027,0.357262,0.062523,-0.149495,0.265259,1.161130,-0.226522,0.014824,-0.120893
0.059137,-4.123327,0.762491,-0.033417,-0.056500,-0.682827,0.727625,0.289308,-0.115927,0.047990,0.126314,-0.323839,0.061661,-0.373020,-0.161563,-0.264738,0.656534,-0.054741,0.045169,-0.054204,-0.039008,0.302495,-0.210319,0.260577,-0.375270,1.000222,0.007618,0.036982,0.361134,0.074221,-0.147346,0.260138,1.163933,-0.226793,0.015660,-0.117426
0.058317,-4.156188,0.755862,-0.029383,-0.060501,-0.675620,0.734176,0.339935,-0.125404,0.026044,0.127270,-0.360386,0.066537,-0.338278,-0.131303,-0.271207,0.349313,0.022272,0.123951,-0.059965,-0.051982,0.304175,-0.234832,0.272497,-0.372632,0.970102,0.022484,0.039759,0.363184,0.083350,-0.147761,0.263629,1.174703,-0.224400,0.014908,-0.121652
0.057023,-4.191381,0.746443,-0.020358,-0.073492,-0.663649,0.744147,0.401621,-0.151973,-0.009940,0.126618,-0.387259,0.071053,-0.304989,-0.143453,-0.282493,0.110734,0.052782,0.203311,-0.076028,-0.086933,0.305148,-0.243909,0.282601,-0.373152,0.943611,0.026744,0.037468,0.364689,0.094334,-0.147993,0.269897,1.187354,-0.228404,0.019184,-0.124712
0.054319,-4.228675,0.738710,-0.014317,-0.080406,-0.653176,0.752789,0.460602,-0.155598,-0.040580,0.126257,-0.398758,0.062059,-0.344431,-0.175315,-0.314811,0.107954,-0.023350,0.224942,-0.089550,-0.110531,0.300949,-0.240014,0.291501,-0.378107,0.926566,0.030245,0.032876,0.366382,0.105623,-0.145792,0.269104,1.195444,-0.229330,0.021621,-0.123775
0.051304,-4.267330,0.733244,-0.013769,-0.079168,-0.649922,0.755741,0.513713,-0.136537,-0.049561,0.129520,-0.392392,0.038707,-0.331705,-0.174454,-0.343237,0.108486,-0.030910,0.243467,-0.089563,-0.113119,0.291568,-0.221621,0.295482,-0.380207,0.926991,0.034640,0.029285,0.365823,0.113894,-0.143873,0.267310,1.203453,-0.225603,0.021002,-0.126158
0.047887,-4.307831,0.731710,-0.021128,-0.059521,-0.655194,0.752816,0.527369,-0.079046,-0.027239,0.178416,-0.383497,0.004367,-0.294597,-0.122035,-0.382936,0.111134,0.038429,0.167429,-0.082078,-0.079043,0.264971,-0.174567,0.295948,-0.367800,0.930453,0.033418,0.032334,0.365817,0.114888,-0.140691,0.265706,1.213237,-0.227289,0.024873,-0.123301
0.043461,-4.350678,0.733374,-0.036136,-0.028595,-0.659230,0.750528,0.483625,0.012531,-0.001343,0.330613,-0.372825,-0.050276,-0.288742,-0.048455,-0.440984,0.142507,0.149100,0.052636,-0.079492,-0.019776,0.229621,-0.118851,0.289677,-0.360801,0.956807,0.014360,0.030813,0.370175,0.116744,-0.135379,0.259304,1.219727,-0.224705,0.025941,-0.125322
0.039599,-4.393638,0.736687,-0.053647,-0.006182,-0.662666,0.746965,0.433638,0.089255,-0.005202,0.511800,-0.289492,-0.104054,-0.301167,0.012786,-0.444133,0.268877,0.074892,-0.081914,-0.080672,0.031811,0.206373,-0.056991,0.275688,-0.357725,1.018463,-0.011838,0.025424,0.360686,0.112250,-0.131657,0.254216,1.231757,-0.218427,0.025659,-0.126909
0.036472,-4.433681,0.741120,-0.065235,0.003987,-0.664838,0.744123,0.360420,0.123526,-0.046236,0.720423,-0.152653,-0.170008,-0.256716,0.061213,-0.445457,0.297992,0.015708,-0.119371,-0.083418,0.058308,0.200654,-0.002039,0.255759,-0.358572,1.091577,-0.035345,0.045455,0.333049,0.097838,-0.130177,0.246059,1.232965,-0.218586,0.029827,-0.121873
0.033085,-4.470803,0.746514,-0.077517,0.005227,-0.657532,0.749410,0.243950,0.129030,-0.123642,0.987059,0.015311,-0.200853,-0.161587,0.102914,-0.457733,0.253245,-0.023622,-0.118359,-0.093757,0.071406,0.216712,0.026272,0.240968,-0.400673,1.172703,-0.080059,0.063359,0.297131,0.086415,-0.128842,0.234538,1.210559,-0.218047,0.029112,-0.120996
0.030569,-4.504712,0.751275,-0.084257,0.002820,-0.648605,0.756442,0.121843,0.137138,-0.156629,1.196839,0.105623,-0.261800,-0.062933,0.133686,-0.466707,0.184452,-0.044545,-0.103655,-0.093414,0.074540,0.232948,0.036631,0.231459,-0.473319,1.246272,-0.095901,0.072338,0.258630,0.075517,-0.131240,0.227205,1.177688,-0.216415,0.022290,-0.127314
0.029164,-4.536234,0.755546,-0.084622,-0.003037,-0.650567,0.754714,0.001928,0.158022,-0.131318,1.344016,-0.023661,-0.195046,0.023251,0.153722,-0.448246,0.121106,-0.056408,-0.090600,-0.062283,0.069629,0.244496,0.054792,0.218603,-0.501267,1.271292,-0.056079,0.095870,0.244320,0.054675,-0.141298,0.236137,1.154353,-0.218323,0.017130,-0.137240
0.029183,-4.566838,0.759428,-0.078406,-0.009551,-0.656732,0.749977,-0.125360,0.204484,-0.054979,1.423385,-0.095783,-0.103954,0.072951,0.145784,-0.425695,0.118032,-0.093026,-0.078152,-0.026635,0.058288,0.247738,0.093508,0.202141,-0.461213,1.242399,-0.041157,0.096374,0.257731,0.023018,-0.156913,0.255550,1.145493,-0.219750,0.013990,-0.141334
0.029912,-4.596318,0.761984,-0.071641,-0.016080,-0.665856,0.742458,-0.237809,0.216631,0.002881,1.432766,-0.163197,-0.015619,0.118579,0.134260,-0.398914,0.116285,-0.126805,-0.067151,0.005421,0.047848,0.253062,0.143975,0.187128,-0.402325,1.180513,-0.049126,0.074360,0.266467,-0.021179,-0.173677,0.275072,1.148459,-0.227599,0.013757,-0.134100
0.030738,-4.625136,0.762903,-0.066678,-0.022474,-0.675519,0.733978,-0.324483,0.210220,0.051578,1.361954,-0.205522,0.004195,0.164842,0.123535,-0.370513,0.115923,-0.160971,-0.057903,0.032829,0.040104,0.263036,0.189703,0.175025,-0.360438,1.115145,-0.044833,0.057088,0.272741,-0.071166,-0.188276,0.293207,1.154965,-0.222274,0.012242,-0.128846
0.031648,-4.654445,0.762309,-0.062887,-0.028522,-0.682902,0.727239,-0.386687,0.188016,0.087034,1.223847,-0.210724,-0.006575,0.212644,0.111651,-0.351252,0.117453,-0.199286,-0.043876,0.051219,0.033812,0.274030,0.221881,0.166100,-0.343557,1.075345,-0.025715,0.045350,0.286838,-0.119046,-0.198258,0.305330,1.159805,-0.222724,0.011682,-0.126923
0.032834,-4.683972,0.760083,-0.059487,-0.031913,-0.688550,0.722040,-0.429083,0.158070,0.108915,1.031433,-0.180277,-0.030492,0.257697,0.102703,-0.334436,0.118842,-0.236643,-0.033534,0.063993,0.030375,0.282161,0.238435,0.158737,-0.334724,1.061345,-0.013649,0.047554,0.293973,-0.162899,-0.205243,0.320351,1.160391,-0.222665,0.010488,-0.130945
0.034072,-4.714392,0.755999,-0.056991,-0.030813,-0.693018,0.718004,-0.440604,0.133963,0.128945,0.778686,-0.124673,-0.073414,0.298491,0.101092,-0.320335,0.119836,-0.273417,-0.020526,0.072258,0.032484,0.284033,0.244449,0.152553,-0.325907,1.071213,-0.017009,0.045621,0.290714,-0.196927,-0.208718,0.333293,1.152565,-0.226383,0.008473,-0.135856
0.035378,-4.746229,0.749550,-0.059492,-0.028617,-0.698130,0.712921,-0.406065,0.118907,0.151078,0.475938,-0.064046,-0.121375,0.348104,0.108270,-0.305183,0.120322,-0.307807,-0.005616,0.080384,0.042495,0.287687,0.243693,0.148697,-0.320248,1.095878,-0.029149,0.051363,0.283253,-0.219744,-0.208597,0.343630,1.137397,-0.229968,0.005209,-0.134640
0.037023,-4.780315,0.740979,-0.070294,-0.025059,-0.706569,0.703699,-0.329134,0.118375,0.173574,0.157677,-0.002804,-0.168069,0.412267,0.127899,-0.279108,0.120154,-0.332674,0.009121,0.094797,0.067002,0.293307,0.243301,0.147816,-0.326078,1.126234,-0.044206,0.054619,0.282861,-0.232678,-0.207268,0.363195,1.124452,-0.230014,0.000989,-0.128680
0.040335,-4.816377,0.732557,-0.083938,-0.017338,-0.719437,0.689249,-0.350136,0.155514,0.139959,0.110330,-0.064902,-0.243638,0.475439,0.148630,-0.233618,0.120317,-0.338316,0.028036,0.116225,0.103266,0.292318,0.249271,0.146179,-0.331288,1.144748,-0.055159,0.055432,0.286265,-0.238315,-0.206653,0.390173,1.119880,-0.234338,-0.002967,-0.124907
0.045226,-4.854088,0.728779,-0.082513,-0.014586,-0.725621,0.682973,-0.353933,0.159920,0.147777,0.111284,-0.098049,-0.234666,0.522571,0.132881,-0.206209,0.122533,-0.320677,0.059172,0.117355,0.108955,0.280077,0.254261,0.141996,-0.329060,1.154692,-0.064242,0.051463,0.288852,-0.231466,-0.205159,0.406534,1.120887,-0.242464,-0.003894,-0.126351
0.050455,-4.893611,0.729416,-0.066852,-0.018779,-0.724776,0.685476,-0.314672,0.124803,0.191962,0.112577,-0.052612,-0.162308,0.557553,0.086812,-0.205257,0.125937,-0.270999,0.097366,0.100658,0.082202,0.255653,0.253376,0.135894,-0.324218,1.165111,-0.063297,0.054428,0.290991,-0.206982,-0.199752,0.404998,1.128180,-0.249885,-0.002137,-0.131374
0.057304,-4.936219,0.733495,-0.042667,-0.030794,-0.724578,0.687182,-0.277128,0.059881,0.258160,0.108833,0.056548,-0.103486,0.542960,0.000020,-0.217859,0.233302,-0.225707,0.143099,0.086867,0.033926,0.225311,0.253260,0.128138,-0.316126,1.171428,-0.062316,0.051191,0.297874,-0.168646,-0.195232,0.392912,1.139767,-0.248481,0.001995,-0.127537
0.064949,-4.980178,0.738436,-0.015645,-0.050173,-0.726402,0.685258,-0.237687,-0.033265,0.253116,0.106663,0.117733,-0.015017,0.479158,-0.117846,-0.212560,0.447228,-0.164191,0.177204,0.082753,-0.026773,0.195371,0.248181,0.120838,-0.307707,1.182438,-0.071300,0.043565,0.303810,-0.122975,-0.192590,0.375357,1.166945,-0.234623,-0.001119,-0.130305
0.070915,-5.021618,0.743981,0.003198,-0.064629,-0.724002,0.686756,-0.187917,-0.105630,0.256930,0.109135,0.069740,0.039821,0.398667,-0.206344,-0.192154,0.666099,-0.046043,0.162423,0.076408,-0.070512,0.174913,0.222620,0.119437,-0.307766,1.198257,-0.080023,0.045455,0.313099,-0.076053,-0.186929,0.342898,1.198771,-0.230632,0.010875,-0.133100
0.075049,-5.059904,0.748964,0.002469,-0.076329,-0.723879,0.685688,-0.108645,-0.136018,0.252953,0.110600,0.006033,0.034421,0.306349,-0.264207,-0.169119,0.904139,0.094201,0.083330,0.074758,-0.084573,0.186219,0.188980,0.126173,-0.306198,1.195466,-0.085340,0.042151,0.323943,-0.042774,-0.181497,0.328072,1.233997,-0.213963,0.021725,-0.122724
0.079484,-5.094128,0.752265,-0.000584,-0.084346,-0.728398,0.679942,-0.036564,-0.153069,0.258649,0.112339,-0.051434,0.035943,0.193814,-0.345527,-0.179670,1.118718,0.212542,0.019313,0.070444,-0.089589,0.205995,0.160721,0.133091,-0.285788,1.159335,-0.079164,0.039087,0.336400,-0.033509,-0.182955,0.347973,1.268867,-0.207044,0.028003,-0.104863
0.082901,-5.125243,0.754872,-0.006059,-0.089872,-0.727229,0.680459,0.028004,-0.166965,0.246699,0.114244,-0.096745,0.049498,0.106227,-0.388351,-0.192786,1.259118,0.079084,-0.010878,0.046224,-0.089551,0.231530,0.123864,0.144703,-0.275051,1.114593,-0.070782,0.032209,0.349608,-0.030918,-0.188909,0.376441,1.283720,-0.215308,0.032606,-0.094878
0.084343,-5.154709,0.757339,-0.016156,-0.093324,-0.721492,0.685914,0.094083,-0.168695,0.218446,0.116314,-0.139244,0.060128,0.024216,-0.406622,-0.222638,1.336019,-0.037271,-0.055406,0.016905,-0.083737,0.261472,0.069605,0.166765,-0.294293,1.087389,-0.063256,0.022208,0.361080,-0.017407,-0.192446,0.371581,1.265181,-0.225938,0.035300,-0.097788
0.084248,-5.183140,0.759837,-0.024694,-0.091967,-0.715016,0.692593,0.148686,-0.159461,0.192123,0.118235,-0.175547,0.065427,-0.066116,-0.392307,-0.245041,1.345425,-0.123920,-0.076201,-0.008113,-0.075978,0.283542,0.007163,0.194612,-0.321961,1.073114,-0.041630,0.020676,0.361060,0.003812,-0.190509,0.348816,1.229835,-0.221891,0.030548,-0.115277
0.083801,-5.211129,0.761570,-0.029496,-0.084598,-0.709873,0.698608,0.187377,-0.142735,0.171625,0.120251,-0.213031,0.064884,-0.166428,-0.354547,-0.263532,1.288458,-0.177520,-0.079642,-0.026183,-0.063898,0.292499,-0.056881,0.221491,-0.343875,1.062118,-0.022864,0.026712,0.353121,0.025845,-0.186129,0.323515,1.192160,-0.216767,0.020123,-0.122679
0.083299,-5.239491,0.762355,-0.032671,-0.077261,-0.704225,0.705004,0.222732,-0.126896,0.150458,0.122196,-0.246032,0.068900,-0.253759,-0.299411,-0.267727,1.167937,-0.181306,-0.053276,-0.042921,-0.053072,0.298618,-0.115781,0.244920,-0.360902,1.049274,-0.014473,0.029251,0.351862,0.044369,-0.181027,0.306675,1.160333,-0.219246,0.016006,-0.120642
0.082764,-5.268003,0.761560,-0.035993,-0.069899,-0.696357,0.713377,0.257522,-0.109081,0.125978,0.124220,-0.282999,0.059557,-0.312546,-0.242180,-0.275010,0.989413,-0.152285,-0.009159,-0.061936,-0.041320,0.304982,-0.170594,0.263973,-0.373657,1.037554,-0.009174,0.030118,0.350765,0.056388,-0.175847,0.299158,1.144205,-0.228248,0.015838,-0.119443
0.082030,-5.297514,0.759055,-0.035607,-0.066398,-0.688461,0.721349,0.295012,-0.102612,0.102364,0.126018,-0.317088,0.066472,-0.340343,-0.201153,-0.285127,0.762913,-0.102064,0.030858,-0.075109,-0.038912,0.309455,-0.217038,0.276976,-0.380062,1.024660,-0.001846,0.030883,0.349801,0.068707,-0.170227,0.287478,1.136205,-0.233165,0.016686,-0.119500
0.080941,-5.328640,0.754440,-0.031071,-0.065128,-0.680094,0.729565,0.332214,-0.103582,0.081742,0.127114,-0.347959,0.065895,-0.335121,-0.171466,-0.302218,0.483704,-0.032546,0.092226,-0.085071,-0.045038,0.306550,-0.251035,0.283674,-0.379368,1.009520,0.010400,0.029496,0.348820,0.081788,-0.163986,0.277083,1.139687,-0.230790,0.015548,-0.123493
0.079560,-5.361493,0.747115,-0.022024,-0.070995,-0.668559,0.739935,0.377135,-0.119622,0.053219,0.127229,-0.375107,0.067891,-0.296279,-0.160029,-0.314108,0.176973,0.040863,0.157524,-0.099355,-0.068875,0.302389,-0.269315,0.284029,-0.362295,0.991143,0.026899,0.023513,0.344956,0.096211,-0.157179,0.266790,1.147567,-0.231810,0.019760,-0.120766
0.077229,-5.396010,0.738545,-0.010990,-0.082496,-0.653158,0.752634,0.430707,-0.141024,0.012353,0.126450,-0.390502,0.062460,-0.332530,-0.201025,-0.308750,0.108190,-0.001304,0.230246,-0.119718,-0.105649,0.301126,-0.276979,0.282095,-0.341276,0.976224,0.024906,0.016628,0.343871,0.110819,-0.148910,0.259498,1.159016,-0.231990,0.021843,-0.121442
0.073177,-5.432212,0.732607,-0.007694,-0.085694,-0.643481,0.760611,0.483409,-0.129085,-0.013923,0.126333,-0.391818,0.040574,-0.355340,-0.218138,-0.318427,0.107764,-0.046901,0.261800,-0.127442,-0.120026,0.299775,-0.272927,0.278768,-0.326957,0.976399,0.014625,0.007859,0.351734,0.122796,-0.140338,0.260856,1.170448,-0.230133,0.023587,-0.125088
0.068714,-5.470369,0.729470,-0.010101,-0.078186,-0.643349,0.761503,0.526952,-0.092372,-0.015080,0.128879,-0.372565,0.003727,-0.329085,-0.199892,-0.353914,0.108686,-0.021877,0.235308,-0.119796,-0.110500,0.286152,-0.250856,0.272772,-0.314015,0.994770,0.009939,0.005207,0.358097,0.131177,-0.131510,0.269210,1.186409,-0.232632,0.022613,-0.123469
0.062630,-5.510569,0.730624,-0.018734,-0.053194,-0.645736,0.761475,0.515577,-0.016849,0.001760,0.203431,-0.353172,-0.047262,-0.300273,-0.141538,-0.429221,0.110493,0.056194,0.146707,-0.112225,-0.068740,0.256853,-0.212864,0.267484,-0.305905,1.018271,-0.008612,0.007856,0.352583,0.140166,-0.120443,0.271341,1.194222,-0.240021,0.021165,-0.119013
0.055681,-5.552788,0.733899,-0.031397,-0.025307,-0.646572,0.761787,0.459663,0.072542,0.007260,0.367497,-0.316592,-0.097285,-0.279508,-0.063498,-0.463574,0.110202,0.164287,0.058354,-0.109615,-0.020036,0.222475,-0.166033,0.266666,-0.319950,1.063757,-0.038998,0.006827,0.345974,0.148970,-0.107252,0.272176,1.203091,-0.239962,0.016157,-0.123944
0.050006,-5.593756,0.738309,-0.048186,-0.003849,-0.650432,0.758024,0.397675,0.148035,-0.008042,0.556481,-0.218384,-0.147049,-0.278646,0.003355,-0.466154,0.201022,0.111766,-0.058958,-0.109847,0.027516,0.204287,-0.105100,0.262200,-0.326490,1.117529,-0.052445,0.017024,0.330122,0.140939,-0.099772,0.271115,1.219873,-0.239377,0.012819,-0.119328
0.044956,-5.631982,0.743243,-0.061528,0.003186,-0.653975,0.754003,0.316126,0.181101,-0.051653,0.785122,-0.095400,-0.171614,-0.222258,0.059850,-0.463080,0.211273,0.061838,-0.100368,-0.107917,0.050082,0.207718,-0.049948,0.255276,-0.336816,1.165719,-0.071294,0.043501,0.304685,0.126026,-0.097226,0.270376,1.215487,-0.241825,0.022637,-0.114160
0.039659,-5.667160,0.748160,-0.073920,0.002405,-0.648011,0.758031,0.187609,0.193035,-0.114619,1.053177,0.068487,-0.167553,-0.125543,0.106545,-0.474122,0.158545,0.032859,-0.111250,-0.113728,0.058611,0.226335,-0.019387,0.253103,-0.385429,1.219986,-0.103994,0.048842,0.278189,0.113723,-0.096413,0.263784,1.191185,-0.243267,0.017166,-0.118947
0.035408,-5.698910,0.751931,-0.079965,-0.001168,-0.643257,0.761462,0.074838,0.218891,-0.119179,1.237710,0.040999,-0.183390,-0.043130,0.135670,-0.476851,0.115853,0.004899,-0.107793,-0.101842,0.058718,0.242850,-0.005263,0.251612,-0.437529,1.260048,-0.098689,0.062852,0.249121,0.101078,-0.100215,0.254457,1.154675,-0.246779,0.011414,-0.133365
0.032539,-5.728792,0.755589,-0.077991,-0.006236,-0.644539,0.760558,-0.050605,0.236277,-0.092973,1.364993,-0.080074,-0.095886,0.009348,0.141171,-0.464714,0.112559,-0.034432,-0.096585,-0.073765,0.051373,0.250276,0.018039,0.243450,-0.436391,1.254272,-0.065641,0.087844,0.245028,0.080654,-0.112407,0.258412,1.125700,-0.243549,0.004274,-0.146818
0.030897,-5.757180,0.758546,-0.072906,-0.011725,-0.652382,0.754284,-0.164036,0.250216,-0.042404,1.414284,-0.142526,-0.043004,0.053334,0.140387,-0.437350,0.111464,-0.068603,-0.086163,-0.037647,0.043175,0.253836,0.055946,0.230801,-0.396868,1.214327,-0.062881,0.081190,0.257954,0.047624,-0.134797,0.289291,1.110585,-0.232474,0.000430,-0.155484
0.029820,-5.784286,0.760618,-0.068617,-0.018787,-0.662219,0.745925,-0.257982,0.233369,-0.005987,1.388016,-0.194660,-0.002940,0.098195,0.135322,-0.410358,0.112887,-0.102444,-0.073543,-0.005335,0.035266,0.264372,0.099089,0.218840,-0.356049,1.154319,-0.065058,0.061012,0.272911,0.001054,-0.158650,0.313048,1.110318,-0.238669,0.009737,-0.138890
0.029008,-5.810930,0.761449,-0.065242,-0.024323,-0.671655,0.737584,-0.330308,0.216235,0.035738,1.289997,-0.223740,-0.002333,0.141473,0.131398,-0.383386,0.114337,-0.135814,-0.062094,0.020024,0.030736,0.273897,0.135502,0.207630,-0.331710,1.105479,-0.052346,0.046934,0.288595,-0.051397,-0.180551,0.341434,1.121316,-0.233788,0.009302,-0.129312
0.028343,-5.837688,0.760775,-0.063436,-0.029299,-0.680019,0.729857,-0.378842,0.188050,0.063675,1.137872,-0.216599,-0.018531,0.186360,0.128367,-0.358526,0.115735,-0.171389,-0.051998,0.040550,0.028852,0.284548,0.163468,0.197813,-0.322150,1.071881,-0.032743,0.040528,0.299958,-0.104604,-0.199608,0.368887,1.136978,-0.229066,0.007117,-0.126933
0.027993,-5.864735,0.758683,-0.061792,-0.030124,-0.687502,0.722922,-0.412424,0.157732,0.080225,0.945484,-0.180453,-0.038528,0.225764,0.129890,-0.337005,0.116972,-0.205161,-0.044177,0.056709,0.032005,0.289105,0.181533,0.187429,-0.313930,1.057881,-0.021164,0.040322,0.303886,-0.150876,-0.215003,0.387182,1.143640,-0.230034,0.007927,-0.131033
0.027809,-5.892640,0.755439,-0.060406,-0.026594,-0.694658,0.716306,-0.413285,0.138940,0.111374,0.693672,-0.127281,-0.071194,0.259537,0.136867,-0.315674,0.118023,-0.236343,-0.037531,0.070143,0.040143,0.285537,0.193508,0.177470,-0.308210,1.059527,-0.024689,0.039726,0.299986,-0.187585,-0.225956,0.397151,1.144480,-0.227904,0.007170,-0.134429
0.027628,-5.922328,0.749988,-0.063071,-0.022388,-0.702242,0.708785,-0.357741,0.129018,0.173888,0.373033,-0.058401,-0.133209,0.302457,0.150043,-0.295386,0.118493,-0.268342,-0.022551,0.084162,0.053838,0.280367,0.203477,0.170166,-0.307302,1.074138,-0.027105,0.043704,0.294851,-0.211060,-0.231503,0.403555,1.141521,-0.226445,0.006092,-0.134322
0.028028,-5.953727,0.742151,-0.075396,-0.014101,-0.713747,0.696191,-0.304137,0.137467,0.215537,0.114999,-0.023549,-0.211954,0.357149,0.182134,-0.257260,0.118614,-0.293045,-0.014870,0.107099,0.087500,0.276659,0.217203,0.165472,-0.311482,1.088950,-0.035275,0.045296,0.292769,-0.222760,-0.233261,0.405943,1.134862,-0.228016,0.004550,-0.130510
0.030003,-5.986203,0.736056,-0.083487,-0.007924,-0.724185,0.684487,-0.341729,0.157094,0.204266,0.110441,-0.101529,-0.249700,0.410218,0.196333,-0.219801,0.119278,-0.304958,-0.002327,0.125044,0.113131,0.270985,0.227510,0.159468,-0.316889,1.105619,-0.041843,0.044892,0.290262,-0.226071,-0.234818,0.409352,1.126471,-0.226582,0.002442,-0.129535
0.032212,-6.019463,0.732955,-0.083133,-0.006677,-0.726759,0.681811,-0.328565,0.149043,0.221122,0.111003,-0.106150,-0.245508,0.457205,0.188134,-0.203016,0.121113,-0.300792,0.020549,0.123058,0.116923,0.262104,0.231002,0.154524,-0.320697,1.124509,-0.047571,0.050937,0.286876,-0.214779,-0.234206,0.408583,1.116592,-0.230509,0.000439,-0.133302
0.034416,-6.053954,0.733348,-0.070118,-0.012061,-0.721377,0.688879,-0.286976,0.102437,0.240885,0.113231,-0.047782,-0.162402,0.493600,0.152752,-0.214196,0.125455,-0.272453,0.042482,0.103772,0.090432,0.244448,0.225594,0.149659,-0.325559,1.148299,-0.053302,0.054598,0.285269,-0.186480,-0.230189,0.399717,1.107627,-0.235309,0.001377,-0.136196
0.038074,-6.091454,0.736930,-0.051859,-0.025124,-0.721798,0.689700,-0.247428,0.043542,0.267143,0.109541,0.026218,-0.090541,0.490314,0.078614,-0.225143,0.222265,-0.247999,0.084777,0.095425,0.046648,0.224852,0.230226,0.142584,-0.317117,1.157657,-0.055201,0.058710,0.285548,-0.151069,-0.223880,0.398474,1.111799,-0.233328,-0.000196,-0.137506
0.042849,-6.130471,0.741238,-0.032271,-0.045471,-0.725013,0.686474,-0.197002,-0.030883,0.271421,0.109001,0.063562,-0.025292,0.430728,-0.026937,-0.211647,0.448496,-0.218767,0.125111,0.093633,-0.007363,0.206689,0.237376,0.134800,-0.309379,1.167369,-0.064357,0.053431,0.286900,-0.111401,-0.215403,0.395183,1.138090,-0.230802,-0.002347,-0.138094
0.046137,-6.166715,0.745752,-0.013147,-0.062110,-0.720602,0.690436,-0.156790,-0.107968,0.253937,0.110846,0.039566,0.070720,0.352566,-0.111639,-0.184378,0.669179,-0.116250,0.162583,0.080670,-0.058717,0.189344,0.223417,0.136922,-0.317505,1.181856,-0.070567,0.053025,0.283931,-0.067126,-0.200656,0.366099,1.166054,-0.235495,0.009985,-0.133826
0.048250,-6.199572,0.748959,-0.012732,-0.075776,-0.717951,0.691840,-0.086799,-0.141611,0.246603,0.112307,-0.005232,0.078033,0.267315,-0.156786,-0.144692,0.905347,0.020044,0.158943,0.073094,-0.078918,0.203398,0.198447,0.145763,-0.326292,1.181275,-0.067080,0.051885,0.292353,-0.031070,-0.184726,0.328740,1.186869,-0.233470,0.018988,-0.125431
0.050695,-6.228348,0.751037,-0.016546,-0.086223,-0.718694,0.689761,-0.019598,-0.159743,0.246601,0.113643,-0.051664,0.079419,0.151852,-0.199846,-0.114887,1.132019,0.199016,0.134930,0.066949,-0.086917,0.229513,0.170388,0.154085,-0.317354,1.157988,-0.065361,0.045773,0.307003,-0.016232,-0.179585,0.336557,1.210673,-0.212522,0.014584,-0.117797
0.052538,-6.254321,0.752899,-0.021117,-0.094304,-0.716641,0.690715,0.040593,-0.174427,0.235852,0.114995,-0.090340,0.088473,0.060186,-0.233952,-0.103001,1.280599,0.136044,0.137080,0.051345,-0.090589,0.258746,0.134255,0.163019,-0.307239,1.129097,-0.061205,0.041986,0.321899,-0.010086,-0.181023,0.362439,1.229555,-0.211805,0.013736,-0.110528
0.052930,-6.278982,0.755272,-0.028313,-0.097324,-0.709577,0.697300,0.094110,-0.176676,0.206532,0.116397,-0.125512,0.087060,-0.027396,-0.278998,-0.136934,1.363354,0.011196,0.059465,0.027287,-0.085564,0.283101,0.083658,0.178157,-0.320503,1.115820,-0.059925,0.029951,0.331453,0.000980,-0.180548,0.372605,1.237224,-0.223919,0.016951,-0.112775
0.052579,-6.302756,0.758082,-0.034719,-0.094939,-0.702306,0.704661,0.136818,-0.167610,0.179837,0.117864,-0.156928,0.085054,-0.115342,-0.321322,-0.187263,1.378758,-0.075509,-0.022938,0.006271,-0.075043,0.297541,0.026063,0.196385,-0.341928,1.107420,-0.053179,0.028013,0.332699,0.017010,-0.177131,0.358953,1.231381,-0.223599,0.018952,-0.114044
0.051681,-6.326372,0.760618,-0.039626,-0.089637,-0.695686,0.711629,0.172129,-0.152793,0.154880,0.119564,-0.186399,0.084607,-0.194872,-0.333832,-0.231208,1.325581,-0.146348,-0.079739,-0.010562,-0.062364,0.304298,-0.028917,0.212642,-0.356881,1.093428,-0.041703,0.031823,0.333603,0.037608,-0.172263,0.336340,1.210712,-0.225691,0.023732,-0.119266
0.050780,-6.349216,0.762194,-0.042317,-0.083632,-0.687676,0.719942,0.200158,-0.138907,0.127228,0.121158,-0.214035,0.077944,-0.263035,-0.317616,-0.260194,1.209319,-0.176025,-0.072901,-0.027027,-0.052074,0.309601,-0.082474,0.226645,-0.365966,1.074227,-0.030917,0.030470,0.334731,0.048799,-0.169487,0.325323,1.199717,-0.226489,0.021037,-0.117272
0.050024,-6.372348,0.762173,-0.043573,-0.079066,-0.678406,0.729120,0.228384,-0.128548,0.102512,0.122801,-0.244867,0.073847,-0.308108,-0.289980,-0.281176,1.043117,-0.155898,-0.027728,-0.041959,-0.044793,0.314159,-0.131587,0.237091,-0.374527,1.052209,-0.020976,0.028800,0.338309,0.059274,-0.169505,0.320168,1.189109,-0.231020,0.018961,-0.114788
0.049284,-6.396486,0.760965,-0.043497,-0.077534,-0.669563,0.737416,0.260968,-0.124061,0.077512,0.124418,-0.273895,0.076499,-0.320628,-0.266562,-0.311724,0.832099,-0.106281,0.027589,-0.052669,-0.042273,0.319022,-0.172102,0.243491,-0.385012,1.027612,-0.007863,0.028526,0.343737,0.068132,-0.170971,0.311084,1.181155,-0.232273,0.019992,-0.109757
0.048547,-6.421912,0.758009,-0.040386,-0.076363,-0.662223,0.744311,0.292416,-0.123325,0.058410,0.125623,-0.306290,0.070976,-0.310057,-0.240344,-0.344888,0.576694,-0.033575,0.092127,-0.060444,-0.045066,0.314106,-0.199043,0.245124,-0.392798,1.004768,0.007937,0.027579,0.350793,0.070690,-0.173078,0.309233,1.188376,-0.226044,0.017615,-0.107525
0.047513,-6.449159,0.753155,-0.033869,-0.078964,-0.655554,0.750244,0.327503,-0.133005,0.036335,0.126407,-0.335566,0.073530,-0.273106,-0.211497,-0.352293,0.286034,0.030160,0.164332,-0.065443,-0.057269,0.306911,-0.210204,0.244026,-0.398716,0.979866,0.022095,0.030736,0.352318,0.077021,-0.175762,0.300284,1.193480,-0.230309,0.019954,-0.108541
0.045557,-6.477953,0.746393,-0.022964,-0.085486,-0.645099,0.758955,0.365291,-0.152541,0.004031,0.126290,-0.365544,0.074538,-0.265657,-0.220648,-0.336502,0.108367,0.032067,0.222917,-0.078771,-0.084242,0.295265,-0.209877,0.242708,-0.405949,0.963505,0.028136,0.027064,0.350468,0.083619,-0.176978,0.294303,1.199081,-0.215603,0.010971,-0.122277
0.042290,-6.507394,0.740987,-0.016269,-0.087493,-0.637212,0.765533,0.402311,-0.152596,-0.016960,0.127004,-0.390206,0.072975,-0.301099,-0.241375,-0.338955,0.107327,-0.028674,0.261800,-0.084499,-0.100018,0.286763,-0.203710,0.241837,-0.416034,0.956077,0.030932,0.026184,0.347083,0.086875,-0.176031,0.284167,1.202098,-0.205488,0.012139,-0.114365
0.038806,-6.537337,0.737376,-0.016603,-0.083555,-0.635323,0.767533,0.440370,-0.128840,-0.019455,0.127646,-0.404628,0.053735,-0.286502,-0.232849,-0.347055,0.107746,-0.016897,0.261800,-0.079235,-0.097309,0.279650,-0.186932,0.238621,-0.416380,0.963703,0.052302,0.029029,0.345266,0.083457,-0.174960,0.288416,1.208961,-0.195925,0.005370,-0.118225
0.034298,-6.568598,0.736938,-0.024792,-0.069199,-0.638476,0.766124,0.471721,-0.073955,-0.006407,0.131480,-0.404046,0.016943,-0.250218,-0.190946,-0.403741,0.108768,0.034246,0.199502,-0.071722,-0.070483,0.266750,-0.153100,0.229530,-0.395133,0.983978,0.062827,0.031482,0.350124,0.074139,-0.171545,0.294009,1.214577,-0.191734,0.004921,-0.123874
0.028109,-6.602028,0.738568,-0.037190,-0.047641,-0.638562,0.767193,0.464072,0.004888,0.004530,0.205501,-0.412944,-0.038761,-0.228608,-0.125747,-0.444133,0.107526,0.131385,0.106196,-0.070696,-0.031772,0.242674,-0.113268,0.223344,-0.381474,1.023293,0.036255,0.031016,0.351644,0.073532,-0.158659,0.277559,1.209599,-0.207017,0.011977,-0.132491
0.021686,-6.636094,0.741879,-0.052806,-0.023454,-0.637980,0.767882,0.424957,0.093881,0.005967,0.342708,-0.405941,-0.086872,-0.225062,-0.054244,-0.467164,0.152516,0.149906,-0.042819,-0.071011,0.014078,0.213278,-0.068192,0.219220,-0.385483,1.086894,0.004012,0.030138,0.349288,0.073226,-0.142099,0.266714,1.210105,-0.206286,0.011540,-0.138587
0.016082,-6.668723,0.745610,-0.065068,-0.008471,-0.638502,0.766818,0.377223,0.156116,-0.006185,0.501763,-0.349218,-0.120245,-0.178658,0.014427,-0.477388,0.131540,0.117398,-0.086092,-0.070211,0.044435,0.195129,-0.019829,0.215966,-0.390226,1.148012,-0.012232,0.052012,0.323370,0.067633,-0.128380,0.260524,1.204511,-0.203790,0.010747,-0.140215
0.011614,-6.699685,0.749304,-0.074455,-0.003448,-0.636224,0.767896,0.312991,0.190038,-0.035725,0.691954,-0.262177,-0.132301,-0.117485,0.058197,-0.486135,0.109668,0.081255,-0.082129,-0.072401,0.057836,0.189053,0.025449,0.215048,-0.407720,1.201788,-0.040615,0.065017,0.292872,0.059758,-0.121686,0.268940,1.192759,-0.209069,0.009084,-0.128990
0.007032,-6.727437,0.752068,-0.080999,-0.003121,-0.629953,0.772391,0.214981,0.211087,-0.068254,0.919486,-0.156536,-0.132077,-0.064647,0.082546,-0.499426,0.109237,0.036307,-0.077797,-0.071734,0.060511,0.194686,0.053101,0.220753,-0.438836,1.243108,-0.057756,0.070141,0.260368,0.052239,-0.118460,0.275086,1.164777,-0.222426,0.008605,-0.126550
0.002847,-6.752250,0.753747,-0.086745,-0.006956,-0.622671,0.777630,0.102596,0.236226,-0.077519,1.137986,-0.015583,-0.140279,-0.010844,0.099324,-0.511345,0.109007,-0.005313,-0.076831,-0.063753,0.058699,0.211620,0.072642,0.227107,-0.452394,1.258239,-0.055023,0.081949,0.254595,0.046109,-0.120227,0.270688,1.127320,-0.233308,0.005523,-0.133880
-0.000612,-6.774074,0.754864,-0.091402,-0.012973,-0.620676,0.778613,0.020567,0.289839,-0.031143,1.283376,-0.070498,-0.105723,0.039004,0.113308,-0.510654,0.108500,-0.040803,-0.071335,-0.039994,0.057655,0.234418,0.091770,0.231681,-0.434336,1.244028,-0.058773,0.080879,0.263548,0.031371,-0.129430,0.273438,1.103174,-0.233252,-0.000608,-0.145600
-0.002256,-6.795050,0.756339,-0.092146,-0.018486,-0.620023,0.778935,-0.063970,0.321511,0.007240,1.368254,-0.157455,-0.040970,0.081572,0.118277,-0.505444,0.108414,-0.072489,-0.063864,-0.018137,0.055306,0.247996,0.117309,0.232037,-0.401118,1.209564,-0.062382,0.073593,0.274194,0.007024,-0.147393,0.298868,1.102593,-0.219361,-0.002414,-0.147656
-0.002814,-6.814503,0.758232,-0.087297,-0.022433,-0.620144,0.779293,-0.151884,0.313048,0.029343,1.384360,-0.200883,-0.012420,0.111226,0.112756,-0.498861,0.108986,-0.099878,-0.052964,0.000981,0.050046,0.255399,0.137972,0.227952,-0.372397,1.167722,-0.058420,0.065818,0.282336,-0.018023,-0.164463,0.306085,1.107591,-0.225085,0.000386,-0.146408
-0.002932,-6.833176,0.759734,-0.080838,-0.026480,-0.622354,0.778100,-0.224185,0.293622,0.058288,1.336308,-0.238597,-0.015950,0.137839,0.103439,-0.490850,0.109646,-0.126146,-0.037058,0.020263,0.040810,0.260539,0.155031,0.221625,-0.346971,1.129600,-0.049071,0.057251,0.288312,-0.047247,-0.179791,0.321817,1.121073,-0.224139,0.004427,-0.141794
-0.002589,-6.851518,0.760505,-0.074935,-0.029334,-0.625016,0.776453,-0.287531,0.268853,0.082673,1.241768,-0.254720,-0.020703,0.162510,0.095885,-0.482615,0.110208,-0.153589,-0.028131,0.034998,0.033657,0.265774,0.165354,0.214253,-0.331542,1.101155,-0.031671,0.057078,0.297536,-0.074714,-0.192859,0.334469,1.131256,-0.225216,0.006855,-0.139316
-0.001721,-6.869412,0.760727,-0.070771,-0.030222,-0.629145,0.773469,-0.338006,0.249962,0.107941,1.111771,-0.243241,-0.029184,0.183250,0.093077,-0.470482,0.111120,-0.177421,-0.026511,0.047007,0.030721,0.271576,0.172770,0.204614,-0.316300,1.082537,-0.037953,0.048514,0.299591,-0.101481,-0.203267,0.348031,1.138354,-0.224781,0.007593,-0.139088
-0.000131,-6.887775,0.760050,-0.067202,-0.030005,-0.634418,0.769479,-0.371698,0.224872,0.122390,0.949816,-0.211231,-0.042733,0.203954,0.091564,-0.455979,0.112049,-0.200724,-0.019901,0.056519,0.029806,0.275353,0.176028,0.192974,-0.304174,1.075680,-0.031959,0.050654,0.302878,-0.125388,-0.210758,0.364162,1.143843,-0.222823,0.008084,-0.136880
0.001669,-6.906897,0.758351,-0.065746,-0.028547,-0.640065,0.764970,-0.387168,0.200711,0.124840,0.761840,-0.163810,-0.073080,0.227444,0.095730,-0.441315,0.112786,-0.223704,-0.019154,0.061421,0.032005,0.277265,0.176927,0.183016,-0.301911,1.080023,-0.029647,0.052959,0.301384,-0.145623,-0.213105,0.382102,1.150211,-0.221111,0.007254,-0.136722
0.003937,-6.927035,0.755552,-0.067524,-0.028173,-0.646354,0.759522,-0.373151,0.180989,0.120214,0.545932,-0.115051,-0.119114,0.258679,0.102594,-0.424134,0.113321,-0.249162,-0.012352,0.065314,0.035986,0.281640,0.176899,0.176493,-0.311222,1.092717,-0.035079,0.051830,0.297701,-0.159057,-0.209170,0.393430,1.155141,-0.217178,0.005813,-0.133810
0.007118,-6.948352,0.751773,-0.071581,-0.026722,-0.653326,0.753211,-0.342380,0.169246,0.104239,0.321140,-0.067863,-0.154710,0.293828,0.113186,-0.405002,0.113532,-0.273898,-0.008668,0.068487,0.044144,0.284362,0.178399,0.171924,-0.319711,1.103233,-0.036936,0.056368,0.288664,-0.166178,-0.201414,0.400831,1.160431,-0.214767,0.004323,-0.129527
0.011142,-6.971155,0.746539,-0.079095,-0.023470,-0.663046,0.744019,-0.303532,0.179321,0.088957,0.117360,-0.023094,-0.202798,0.333535,0.129876,-0.378132,0.113359,-0.298854,-0.001730,0.077090,0.060083,0.283689,0.181533,0.168695,-0.332086,1.115417,-0.042233,0.057062,0.283259,-0.166473,-0.190904,0.407599,1.169204,-0.213480,0.002654,-0.128212
0.016644,-6.994879,0.741116,-0.086987,-0.020359,-0.672898,0.734321,-0.335585,0.204729,0.076618,0.110614,-0.070535,-0.245011,0.375976,0.141620,-0.350803,0.113305,-0.321129,0.009937,0.086832,0.077876,0.282776,0.184503,0.165979,-0.342615,1.122522,-0.041378,0.060392,0.282667,-0.159361,-0.183482,0.417050,1.177294,-0.210404,0.001294,-0.126307
0.023473,-7.019205,0.736871,-0.090783,-0.019586,-0.680199,0.727121,-0.344651,0.218719,0.084820,0.111093,-0.103651,-0.261800,0.417876,0.138481,-0.332617,0.113652,-0.335065,0.030607,0.090075,0.086659,0.279762,0.184827,0.162981,-0.350965,1.130457,-0.044208,0.059829,0.280091,-0.147599,-0.177558,0.426122,1.188201,-0.208264,0.000553,-0.123370
0.031262,-7.044103,0.734176,-0.090333,-0.020101,-0.684952,0.722687,-0.324072,0.222248,0.095348,0.111446,-0.099999,-0.259886,0.455962,0.123502,-0.320496,0.114063,-0.339309,0.054856,0.089506,0.089168,0.272808,0.178814,0.159259,-0.361879,1.137703,-0.039520,0.066450,0.279781,-0.130673,-0.173237,0.430724,1.202528,-0.201328,0.001436,-0.122294
0.040817,-7.070367,0.733882,-0.084171,-0.020996,-0.691022,0.717610,-0.285098,0.211852,0.132080,0.111251,-0.076343,-0.249264,0.485749,0.092911,-0.306288,0.114999,-0.326638,0.090032,0.088540,0.084301,0.254513,0.180137,0.151672,-0.364352,1.137444,-0.030988,0.067570,0.278675,-0.111229,-0.171609,0.438555,1.226098,-0.190967,-0.001085,-0.121365
0.052748,-7.098236,0.737339,-0.069024,-0.027222,-0.698287,0.711962,-0.255545,0.168641,0.162684,0.109080,0.006373,-0.214157,0.506245,0.031470,-0.292508,0.122231,-0.296264,0.135619,0.082572,0.061743,0.233184,0.185537,0.138222,-0.359675,1.127830,-0.023302,0.069028,0.285997,-0.095472,-0.177112,0.453907,1.253385,-0.185832,0.001778,-0.115504
0.065562,-7.126641,0.741257,-0.057331,-0.041788,-0.704218,0.706431,-0.209355,0.114481,0.176585,0.106804,0.087670,-0.183831,0.542029,-0.039906,-0.274943,0.134456,-0.244406,0.182239,0.074565,0.035414,0.224567,0.187329,0.124242,-0.355772,1.129271,-0.025103,0.060790,0.283294,-0.072913,-0.182269,0.433496,1.279467,-0.198505,0.007431,-0.120464
0.077811,-7.154924,0.745733,-0.037918,-0.051844,-0.699734,0.711510,-0.189282,0.039018,0.165739,0.107629,0.095640,-0.100270,0.505171,-0.123547,-0.276955,0.271275,-0.219250,0.233738,0.049141,-0.000886,0.195379,0.177501,0.117835,-0.359848,1.145584,-0.023987,0.064314,0.281535,-0.036053,-0.184641,0.393956,1.288098,-0.199982,0.014013,-0.130247
0.089613,-7.181083,0.749820,-0.026900,-0.061603,-0.696365,0.714533,-0.154685,-0.018395,0.164604,0.109146,0.074223,-0.040865,0.456330,-0.195016,-0.264649,0.441198,-0.174270,0.252212,0.033494,-0.022814,0.181014,0.156873,0.119210,-0.376006,1.168486,-0.017857,0.060186,0.303504,0.000636,-0.189710,0.356294,1.281151,-0.186933,0.011784,-0.125978
0.100715,-7.204545,0.752940,-0.021634,-0.070716,-0.697539,0.712721,-0.111965,-0.057006,0.178016,0.110884,0.036848,-0.001419,0.395596,-0.258941,-0.242803,0.622973,-0.125990,0.227759,0.032308,-0.032962,0.181556,0.131551,0.126398,-0.391191,1.181306,-0.002405,0.059913,0.336761,0.031039,-0.199120,0.334570,1.261865,-0.183090,0.006526,-0.115356
0.110857,-7.225446,0.755155,-0.022823,-0.081050,-0.702701,0.706485,-0.058529,-0.081944,0.199279,0.112210,-0.002150,0.016739,0.326650,-0.317719,-0.213985,0.811916,-0.071717,0.160567,0.036640,-0.036705,0.198448,0.115981,0.137746,-0.376044,1.162701,-0.027574,0.044868,0.354088,0.042039,-0.210614,0.352590,1.249578,-0.181415,0.001552,-0.112239
0.119321,-7.244095,0.756244,-0.024237,-0.089565,-0.706072,0.702035,-0.012493,-0.104507,0.210948,0.113204,-0.036159,0.029778,0.256622,-0.379096,-0.209048,0.978011,0.006990,0.091776,0.034569,-0.042488,0.216762,0.107142,0.151531,-0.334691,1.113347,-0.061987,0.029509,0.358566,0.043573,-0.216668,0.370942,1.237003,-0.198373,0.002756,-0.118066
0.125930,-7.260745,0.757008,-0.025605,-0.095711,-0.706207,0.701039,0.024886,-0.124290,0.210220,0.113961,-0.063598,0.042785,0.204967,-0.437845,-0.229238,1.092906,0.075065,0.094830,0.022563,-0.050062,0.231674,0.092536,0.170504,-0.305215,1.068339,-0.052350,0.026241,0.362322,0.040700,-0.213419,0.369186,1.220248,-0.211913,0.005527,-0.123224
0.131099,-7.275118,0.758160,-0.026619,-0.097485,-0.706145,0.700819,0.051057,-0.135109,0.209950,0.114886,-0.084030,0.056409,0.141559,-0.449578,-0.214383,1.174330,0.012209,0.054316,0.010982,-0.054087,0.242135,0.066726,0.196163,-0.306327,1.043019,-0.036178,0.016429,0.369693,0.036531,-0.203702,0.352786,1.195625,-0.211439,0.003561,-0.123231
0.135617,-7.288092,0.759213,-0.029623,-0.099219,-0.708503,0.698070,0.079291,-0.139913,0.214224,0.115853,-0.104968,0.065072,0.086124,-0.447298,-0.201808,1.214721,-0.064882,0.036646,0.007892,-0.055784,0.255607,0.038342,0.220046,-0.311835,1.026795,-0.024216,0.016733,0.377993,0.030053,-0.191930,0.346980,1.169229,-0.212298,0.002958,-0.123468
0.139132,-7.299445,0.760204,-0.032243,-0.099578,-0.709127,0.697268,0.101824,-0.142353,0.213288,0.116619,-0.122248,0.068996,0.045068,-0.447573,-0.218963,1.213500,-0.136059,0.041009,0.002561,-0.057434,0.267391,0.006004,0.239884,-0.317306,1.022339,-0.026752,0.018512,0.374970,0.020210,-0.179479,0.357138,1.146582,-0.217285,0.000798,-0.130057
0.141972,-7.309664,0.760842,-0.034866,-0.099769,-0.708036,0.698223,0.121926,-0.144192,0.208492,0.117377,-0.138277,0.072227,0.016496,-0.435416,-0.237222,1.172002,-0.205079,0.075921,-0.004802,-0.059867,0.277529,-0.027317,0.257163,-0.330039,1.026336,-0.028876,0.021077,0.362956,0.009921,-0.165657,0.369056,1.127894,-0.235849,0.001938,-0.133017
0.144838,-7.319153,0.761311,-0.037053,-0.099436,-0.706866,0.699343,0.139306,-0.145933,0.203737,0.118111,-0.153023,0.076444,-0.009858,-0.413312,-0.242723,1.104079,-0.246605,0.114311,-0.010329,-0.060523,0.285749,-0.057099,0.267668,-0.346001,1.031169,-0.028544,0.029014,0.353878,-0.001734,-0.153656,0.384094,1.115246,-0.239051,0.000365,-0.130908
0.147098,-7.327371,0.761930,-0.038405,-0.097332,-0.706267,0.700170,0.150628,-0.144629,0.200357,0.118752,-0.164746,0.078722,-0.033232,-0.392413,-0.253308,1.018693,-0.277501,0.141344,-0.013177,-0.058022,0.291178,-0.082826,0.270304,-0.361585,1.035524,-0.028542,0.032369,0.348649,-0.015307,-0.142976,0.401171,1.108709,-0.243768,0.004054,-0.142272
0.148729,-7.335741,0.762535,-0.038659,-0.094446,-0.704384,0.702445,0.158725,-0.143485,0.192595,0.119390,-0.175748,0.080863,-0.051551,-0.369872,-0.260928,0.926886,-0.298331,0.160737,-0.017966,-0.055891,0.291101,-0.098376,0.267132,-0.378105,1.034651,-0.023724,0.035327,0.349693,-0.029648,-0.133365,0.417374,1.117818,-0.257090,0.012806,-0.165079
0.149857,-7.343252,0.763159,-0.038442,-0.090245,-0.703096,0.704297,0.163186,-0.139866,0.186096,0.120078,-0.187359,0.082347,-0.071611,-0.336169,-0.246686,0.836406,-0.308288,0.171321,-0.016900,-0.050983,0.290738,-0.107861,0.258744,-0.396017,1.026278,-0.017739,0.035762,0.347421,-0.044086,-0.127850,0.424277,1.138195,-0.261570,0.011377,-0.181891
0.150591,-7.350298,0.763848,-0.037414,-0.085660,-0.700213,0.707789,0.164273,-0.136704,0.175710,0.120625,-0.195614,0.082443,-0.083074,-0.305415,-0.232647,0.746139,-0.312961,0.180308,-0.019524,-0.047017,0.286719,-0.110504,0.245960,-0.419309,1.020175,-0.010169,0.035323,0.348953,-0.053926,-0.127161,0.425066,1.153502,-0.232212,0.005323,-0.176430
0.150430,-7.357063,0.764499,-0.036255,-0.081063,-0.695170,0.713340,0.164430,-0.132816,0.161350,0.121180,-0.203780,0.081303,-0.081071,-0.280486,-0.231361,0.653428,-0.309553,0.180637,-0.022872,-0.043058,0.281790,-0.110430,0.231157,-0.452442,1.018454,-0.005112,0.034447,0.345705,-0.055754,-0.128130,0.415066,1.162647,-0.228302,0.005010,-0.165028
0.149832,-7.363667,0.765147,-0.035740,-0.078159,-0.689967,0.718721,0.166610,-0.129346,0.142710,0.121556,-0.208464,0.077075,-0.066202,-0.259035,-0.235406,0.560691,-0.286877,0.183422,-0.022505,-0.040159,0.278609,-0.106906,0.214583,-0.496007,1.025720,-0.000973,0.031401,0.346770,-0.055904,-0.130767,0.413738,1.173428,-0.217655,0.003573,-0.155377
0.148783,-7.370150,0.765662,-0.034455,-0.074920,-0.683264,0.725500,0.168024,-0.126275,0.129057,0.121960,-0.214387,0.073798,-0.051911,-0.247117,-0.258388,0.492004,-0.255784,0.141919,-0.021277,-0.036759,0.272937,-0.100101,0.195528,-0.545511,1.036628,0.002537,0.029765,0.349660,-0.051549,-0.134856,0.420205,1.180612,-0.211598,0.006219,-0.152439
0.147162,-7.376774,0.766224,-0.033359,-0.070837,-0.677468,0.731373,0.167873,-0.120191,0.110006,0.122463,-0.220970,0.067986,-0.037098,-0.244963,-0.286850,0.476251,-0.251668,0.128201,-0.017469,-0.031700,0.263214,-0.087004,0.177428,-0.598468,1.052434,0.008271,0.024616,0.348099,-0.048253,-0.138855,0.438954,1.194889,-0.196872,0.004664,-0.150378
0.145143,-7.383148,0.767157,-0.034385,-0.066194,-0.677028,0.732168,0.171331,-0.107086,0.107056,0.123099,-0.229179,0.061578,-0.021378,-0.229012,-0.293941,0.450684,-0.243399,0.122105,-0.002475,-0.021667,0.256878,-0.065327,0.159333,-0.638165,1.066701,0.012026,0.019283,0.342205,-0.047443,-0.140529,0.449756,1.211010,-0.187041,0.004315,-0.147865
0.142251,-7.388271,0.768321,-0.035402,-0.062468,-0.670085,0.738804,0.172075,-0.096250,0.087359,0.123726,-0.231593,0.055682,0.001853,-0.217971,-0.319878,0.421727,-0.234809,0.114949,-0.005828,-0.018048,0.255065,-0.037124,0.142682,-0.619777,1.066546,0.012554,0.043192,0.276019,-0.050004,-0.137698,0.449991,1.222198,-0.188873,0.006242,-0.147959
0.139486,-7.393515,0.769273,-0.035124,-0.058055,-0.668076,0.740993,0.170047,-0.085126,0.080618,0.126351,-0.236604,0.050040,0.015492,-0.204400,-0.331835,0.396424,-0.228310,0.109511,0.000971,-0.014296,0.250214,-0.016800,0.132064,-0.544037,1.058012,-0.108106,0.098800,0.151118,-0.049748,-0.134489,0.442075,1.221158,-0.197399,0.010730,-0.146099
0.136715,-7.398555,0.769837,-0.036110,-0.055134,-0.668012,0.741226,0.172306,-0.073337,0.079576,0.130243,-0.244504,0.043230,0.030740,-0.189888,-0.339136,0.372835,-0.223391,0.105325,0.007240,-0.011192,0.248299,-0.008813,0.134300,-0.508122,1.075402,-0.182642,0.068303,0.145595,-0.052014,-0.133104,0.444525,1.216684,-0.211029,0.011986,-0.149447
0.133933,-7.403394,0.770240,-0.036085,-0.051876,-0.668404,0.741110,0.173014,-0.062776,0.079481,0.132490,-0.251439,0.036639,0.039987,-0.177032,-0.342581,0.355425,-0.220626,0.100773,0.008970,-0.010493,0.243760,-0.011016,0.147600,-0.526742,1.101557,-0.102921,0.051969,0.233827,-0.055531,-0.132026,0.451727,1.208294,-0.209809,0.010499,-0.146317
0.130936,-7.408300,0.770554,-0.036238,-0.049334,-0.672304,0.737740,0.177250,-0.051895,0.088178,0.133095,-0.258081,0.029987,0.044731,-0.163077,-0.336088,0.343960,-0.218562,0.091677,0.016603,-0.011099,0.239512,-0.012561,0.166909,-0.557145,1.126440,0.003691,0.056587,0.319287,-0.058322,-0.128973,0.452056,1.198153,-0.222176,0.013260,-0.143224
0.128184,-7.412914,0.771110,-0.036276,-0.045559,-0.673721,0.736688,0.176288,-0.040399,0.086778,0.136692,-0.264082,0.023341,0.052441,-0.148280,-0.338189,0.324969,-0.212585,0.081650,0.015191,-0.011000,0.232851,-0.006405,0.187932,-0.568916,1.138096,0.031189,0.056927,0.350190,-0.062862,-0.125477,0.456423,1.192207,-0.221324,0.011651,-0.144625
0.125524,-7.417232,0.771733,-0.037311,-0.042453,-0.675363,0.735317,0.177669,-0.028238,0.091012,0.141046,-0.270278,0.018154,0.066584,-0.131184,-0.339355,0.296601,-0.203477,0.072598,0.015265,-0.009801,0.229183,0.007484,0.208032,-0.554336,1.133457,-0.003883,0.049304,0.323220,-0.064461,-0.121768,0.452190,1.184597,-0.227203,0.011315,-0.146961
0.122936,-7.421370,0.772329,-0.039021,-0.040371,-0.676093,0.734674,0.180982,-0.016761,0.094514,0.146227,-0.275804,0.013603,0.087757,-0.113885,-0.341648,0.259845,-0.191570,0.067414,0.013261,-0.009836,0.226661,0.021096,0.225206,-0.535514,1.130864,-0.032717,0.052192,0.293426,-0.067331,-0.119107,0.458661,1.181910,-0.219819,0.007736,-0.143993
0.120524,-7.425367,0.772763,-0.040647,-0.038306,-0.676559,0.734268,0.184240,-0.005740,0.097030,0.150717,-0.281174,0.008452,0.110457,-0.096666,-0.344308,0.219515,-0.178140,0.063456,0.013908,-0.008330,0.223908,0.030331,0.237768,-0.528520,1.133154,-0.032914,0.055604,0.290321,-0.065134,-0.117717,0.456303,1.177179,-0.223017,0.010242,-0.139981
0.118543,-7.428755,0.772987,-0.042181,-0.037125,-0.677500,0.733374,0.188635,0.002895,0.100176,0.154115,-0.286284,0.004682,0.132045,-0.082005,-0.344694,0.181802,-0.165273,0.060558,0.015255,-0.006773,0.222581,0.035766,0.245014,-0.527280,1.139653,-0.028208,0.057841,0.301947,-0.063907,-0.116691,0.450076,1.177768,-0.226926,0.011550,-0.137930
0.116573,-7.432143,0.773096,-0.042507,-0.035063,-0.677244,0.733692,0.189257,0.010412,0.099646,0.157101,-0.291731,0.001913,0.153091,-0.067839,-0.348106,0.139665,-0.149899,0.058511,0.018061,-0.005689,0.218382,0.042263,0.247479,-0.515911,1.137811,-0.029325,0.060642,0.305899,-0.062705,-0.117049,0.450992,1.185253,-0.220395,0.009673,-0.139317
0.114709,-7.435244,0.772842,-0.042167,-0.034244,-0.676985,0.733990,0.192358,0.014521,0.099920,0.156232,-0.294840,-0.001887,0.157740,-0.063447,-0.349320,0.136031,-0.154336,0.057374,0.021141,-0.006640,0.214409,0.049017,0.247507,-0.505735,1.132664,-0.032215,0.059111,0.301364,-0.061614,-0.117676,0.451773,1.195895,-0.212104,0.011642,-0.134976
0.112787,-7.438270,0.772509,-0.041032,-0.033272,-0.676240,0.734785,0.193419,0.017408,0.098000,0.155422,-0.297978,-0.004864,0.160935,-0.060370,-0.351915,0.132802,-0.158675,0.056750,0.023732,-0.008224,0.209713,0.054434,0.244799,-0.500940,1.123185,-0.028640,0.062692,0.300721,-0.055920,-0.116179,0.436098,1.201119,-0.224063,0.018314,-0.132814
0.111170,-7.440951,0.772222,-0.039452,-0.031865,-0.675211,0.735879,0.192690,0.019681,0.095010,0.153783,-0.299874,-0.008474,0.162399,-0.057851,-0.354213,0.129364,-0.161810,0.056945,0.026056,-0.010314,0.203101,0.057286,0.240309,-0.502519,1.116759,-0.024019,0.061331,0.301439,-0.057261,-0.115466,0.440325,1.216235,-0.212706,0.017962,-0.126889
0.109813,-7.443167,0.772078,-0.037959,-0.030262,-0.674846,0.736360,0.190763,0.022055,0.093634,0.153509,-0.301592,-0.010709,0.161115,-0.055260,-0.354778,0.128512,-0.164269,0.053948,0.028749,-0.009959,0.197398,0.059237,0.230410,-0.503276,1.110034,-0.024012,0.059287,0.303599,-0.057806,-0.115070,0.435888,1.225196,-0.213505,0.020677,-0.125442
0.108784,-7.444888,0.772055,-0.036702,-0.028470,-0.675319,0.736061,0.188452,0.024592,0.094448,0.153611,-0.303168,-0.012129,0.157903,-0.052408,-0.354413,0.129120,-0.165709,0.049044,0.029905,-0.008788,0.192483,0.062910,0.218264,-0.500911,1.103317,-0.020773,0.056329,0.304023,-0.060190,-0.113920,0.431006,1.231152,-0.224863,0.023311,-0.129697
0.107844,-7.446358,0.772098,-0.035209,-0.026902,-0.675366,0.736151,0.185779,0.026107,0.094340,0.153097,-0.303087,-0.013716,0.154718,-0.050688,-0.355044,0.129603,-0.167204,0.045024,0.028786,-0.008491,0.187008,0.065305,0.205323,-0.503923,1.100542,-0.020913,0.054483,0.301645,-0.065738,-0.114881,0.445677,1.236451,-0.211890,0.020970,-0.129901
0.106938,-7.447271,0.772018,-0.034962,-0.027247,-0.674065,0.737341,0.186242,0.026395,0.090619,0.153816,-0.303949,-0.014265,0.156823,-0.050581,-0.358502,0.130095,-0.170126,0.042765,0.024394,-0.009050,0.188826,0.062968,0.192516,-0.514895,1.101815,-0.017502,0.053682,0.300404,-0.065922,-0.115184,0.441916,1.227198,-0.216884,0.020130,-0.131264
0.106222,-7.448024,0.771882,-0.034754,-0.027602,-0.672597,0.738677,0.187116,0.026606,0.087128,0.153212,-0.303969,-0.016314,0.159591,-0.050497,-0.362531,0.129149,-0.172071,0.042470,0.021242,-0.008069,0.189874,0.056157,0.179976,-0.532730,1.108382,-0.012856,0.052715,0.294312,-0.063453,-0.115096,0.433075,1.213714,-0.216337,0.018706,-0.128870
0.105442,-7.449145,0.771813,-0.033517,-0.027134,-0.672582,0.738765,0.186492,0.026651,0.087410,0.152127,-0.303726,-0.017799,0.158618,-0.050392,-0.362145,0.129026,-0.174551,0.041099,0.021568,-0.007711,0.186100,0.049853,0.169333,-0.550250,1.114706,-0.004860,0.055392,0.286057,-0.057205,-0.112627,0.415076,1.199056,-0.235920,0.021775,-0.128694
0.104744,-7.450062,0.771798,-0.032237,-0.025878,-0.672069,0.739334,0.183443,0.027594,0.085960,0.151998,-0.304119,-0.018867,0.156149,-0.049319,-0.363432,0.128854,-0.175818,0.038512,0.022164,-0.006946,0.181228,0.045560,0.163512,-0.554263,1.119638,-0.000178,0.051203,0.273323,-0.058580,-0.111762,0.422439,1.198872,-0.225942,0.019523,-0.127584
0.104124,-7.450815,0.771790,-0.031090,-0.024734,-0.671491,0.739947,0.180602,0.028335,0.084261,0.151569,-0.304220,-0.019813,0.154258,-0.048337,-0.365317,0.127925,-0.176157,0.037309,0.024807,-0.004972,0.177432,0.041261,0.162281,-0.551232,1.122051,0.001489,0.051577,0.273006,-0.062158,-0.112501,0.435267,1.207026,-0.213510,0.015568,-0.126005
0.103529,-7.451268,0.771728,-0.030635,-0.024010,-0.670570,0.740824,0.178841,0.029570,0.081748,0.151542,-0.304483,-0.021272,0.154086,-0.046970,-0.367760,0.126549,-0.176288,0.036628,0.024279,-0.002528,0.175756,0.037957,0.164802,-0.546893,1.124557,0.001171,0.054632,0.282886,-0.064921,-0.112669,0.441277,1.212858,-0.212929,0.016311,-0.124567
0.102695,-7.451739,0.771700,-0.029367,-0.022711,-0.668985,0.742348,0.174359,0.030473,0.077371,0.151525,-0.304408,-0.022375,0.152375,-0.045823,-0.372117,0.124625,-0.176295,0.036063,0.021969,-0.002928,0.172900,0.037496,0.172876,-0.542909,1.124770,0.007280,0.053931,0.294052,-0.067119,-0.111407,0.447056,1.217504,-0.214725,0.016620,-0.127475
0.101616,-7.451609,0.771635,-0.029681,-0.022808,-0.666915,0.744193,0.172991,0.032286,0.071805,0.152657,-0.304973,-0.024100,0.154630,-0.043936,-0.377860,0.123030,-0.176340,0.034888,0.018014,-0.003496,0.175840,0.034764,0.183368,-0.540083,1.124834,0.003059,0.057028,0.295040,-0.070575,-0.109828,0.449611,1.220464,-0.213978,0.015631,-0.127317
0.101051,-7.451678,0.771634,-0.029148,-0.022537,-0.666493,0.744600,0.171571,0.032622,0.070510,0.152437,-0.304542,-0.024887,0.153712,-0.043542,-0.378861,0.122837,-0.176878,0.033790,0.017904,-0.003608,0.176624,0.034634,0.192267,-0.534481,1.125448,-0.001021,0.056706,0.293892,-0.070548,-0.109536,0.447839,1.218919,-0.214593,0.015523,-0.128233
0.100642,-7.451659,0.771661,-0.029045,-0.022751,-0.665958,0.745076,0.171190,0.032617,0.068885,0.152730,-0.304158,-0.025159,0.154130,-0.043520,-0.379998,0.122852,-0.177392,0.033240,0.015654,-0.003567,0.178062,0.033209,0.200262,-0.532783,1.128276,-0.008089,0.058294,0.293653,-0.070278,-0.110217,0.445425,1.215432,-0.214097,0.017007,-0.124680
0.100286,-7.451510,0.771623,-0.029074,-0.023205,-0.665250,0.745694,0.171222,0.032303,0.067213,0.153080,-0.304187,-0.025136,0.155042,-0.043814,-0.381593,0.123061,-0.178327,0.032668,0.013032,-0.003683,0.179992,0.032482,0.205594,-0.528407,1.131066,-0.010713,0.056945,0.295644,-0.069634,-0.110914,0.444468,1.212663,-0.210218,0.016791,-0.124389
0.099983,-7.451451,0.771586,-0.029188,-0.023780,-0.664913,0.745971,0.171879,0.032001,0.066580,0.153462,-0.304129,-0.024938,0.156249,-0.044188,-0.382365,0.123221,-0.179171,0.032678,0.011408,-0.003060,0.181957,0.032098,0.209227,-0.524798,1.133390,-0.008078,0.057172,0.295786,-0.068498,-0.111355,0.439166,1.210878,-0.209135,0.016622,-0.123846
0.099710,-7.451381,0.771577,-0.029203,-0.023807,-0.664863,0.746014,0.172041,0.032506,0.066755,0.152847,-0.303444,-0.026428,0.156231,-0.043749,-0.382248,0.123104,-0.179223,0.032216,0.011095,-0.001390,0.182598,0.030295,0.211012,-0.525686,1.135291,-0.012371,0.055427,0.293835,-0.067923,-0.111632,0.437347,1.211709,-0.209563,0.017124,-0.125059
0.099507,-7.451278,0.771569,-0.029035,-0.023694,-0.664990,0.745912,0.171540,0.032710,0.066890,0.152687,-0.303194,-0.026703,0.155488,-0.043570,-0.381750,0.123173,-0.179538,0.031794,0.012237,0.000137,0.182856,0.029898,0.211459,-0.525087,1.132324,-0.011382,0.058259,0.294359,-0.067160,-0.111838,0.436077,1.213052,-0.210440,0.017716,-0.125090
0.099368,-7.451168,0.771589,-0.028959,-0.023957,-0.665240,0.745683,0.171584,0.032288,0.067405,0.153094,-0.303339,-0.025785,0.155368,-0.043945,-0.381095,0.123545,-0.179853,0.032017,0.013454,0.001093,0.184014,0.030470,0.211094,-0.524443,1.126539,-0.006727,0.062428,0.296951,-0.066774,-0.111947,0.436209,1.214300,-0.211665,0.017897,-0.125681
0.099198,-7.450965,0.771565,-0.029110,-0.024100,-0.665379,0.745548,0.172043,0.032670,0.067933,0.152634,-0.302796,-0.026727,0.155356,-0.043623,-0.380654,0.123698,-0.179855,0.031604,0.013693,0.002943,0.185015,0.030493,0.208046,-0.524176,1.121807,-0.008432,0.059045,0.292776,-0.066878,-0.112028,0.436159,1.214855,-0.209376,0.017512,-0.124853
0.099101,-7.450684,0.771568,-0.029215,-0.024231,-0.665430,0.745494,0.171908,0.032786,0.067907,0.152888,-0.302778,-0.026692,0.155118,-0.043560,-0.380375,0.124053,-0.179981,0.031038,0.013004,0.004529,0.185870,0.029116,0.202366,-0.527454,1.118885,-0.004149,0.063555,0.297219,-0.067612,-0.112025,0.437458,1.215139,-0.207582,0.016890,-0.123680
0.099051,-7.450439,0.771583,-0.029304,-0.024540,-0.665580,0.745347,0.172153,0.032454,0.068308,0.153086,-0.302652,-0.026338,0.154972,-0.043918,-0.379773,0.124761,-0.180400,0.030586,0.012624,0.006017,0.186835,0.027081,0.195519,-0.531709,1.119587,-0.002035,0.059741,0.295622,-0.067671,-0.111737,0.436710,1.214368,-0.209693,0.017202,-0.123934
0.098948,-7.450197,0.771601,-0.029167,-0.024523,-0.665588,0.745346,0.171611,0.032413,0.068472,0.152874,-0.301973,-0.026678,0.154309,-0.044005,-0.379522,0.124827,-0.180119,0.030507,0.011964,0.007261,0.186917,0.023820,0.188475,-0.539833,1.122183,-0.000073,0.060309,0.294621,-0.067981,-0.111510,0.437083,1.213397,-0.211998,0.018245,-0.124207
0.098818,-7.449968,0.771613,-0.028950,-0.024486,-0.665594,0.745350,0.170958,0.032259,0.068477,0.152593,-0.301624,-0.026915,0.153502,-0.044136,-0.379739,0.124985,-0.180239,0.029999,0.010927,0.008148,0.187051,0.021431,0.182526,-0.547284,1.123625,0.001956,0.057889,0.291126,-0.068341,-0.111247,0.436764,1.212281,-0.211955,0.018146,-0.123399
0.098672,-7.449724,0.771650,-0.028916,-0.024630,-0.665624,0.745320,0.170607,0.032135,0.068434,0.152911,-0.301582,-0.026554,0.153078,-0.044301,-0.379660,0.125412,-0.180274,0.029538,0.009867,0.009277,0.187603,0.019477,0.178721,-0.555853,1.124832,0.001751,0.056492,0.286861,-0.068984,-0.111077,0.436611,1.211971,-0.211197,0.017753,-0.123182
0.098510,-7.449454,0.771666,-0.028915,-0.024558,-0.665741,0.745218,0.170147,0.032528,0.068781,0.152839,-0.301389,-0.026920,0.152443,-0.043913,-0.379370,0.125438,-0.179938,0.028976,0.009337,0.010757,0.187745,0.018577,0.176902,-0.561220,1.125248,0.006020,0.054056,0.284138,-0.069784,-0.111052,0.437021,1.212561,-0.214677,0.018487,-0.124490
0.098268,-7.449156,0.771612,-0.028562,-0.023607,-0.665622,0.745369,0.167974,0.033630,0.067328,0.152945,-0.302640,-0.027171,0.150253,-0.042552,-0.379672,0.124442,-0.179063,0.028303,0.008510,0.012641,0.185814,0.016665,0.176605,-0.565546,1.127477,0.006406,0.054604,0.284701,-0.070793,-0.111130,0.439276,1.214356,-0.209936,0.017243,-0.123660
0.097982,-7.449007,0.771600,-0.028451,-0.023309,-0.665648,0.745359,0.167171,0.034371,0.067666,0.152790,-0.302804,-0.027691,0.149491,-0.041741,-0.379665,0.124023,-0.178849,0.027682,0.008888,0.013623,0.184939,0.015726,0.177943,-0.566396,1.129878,0.002959,0.054519,0.287516,-0.070058,-0.111265,0.439709,1.214845,-0.210402,0.017199,-0.123873
0.097658,-7.448776,0.771621,-0.028506,-0.023521,-0.665560,0.745428,0.166972,0.034540,0.067223,0.153172,-0.302494,-0.027679,0.149485,-0.041617,-0.379774,0.124220,-0.178906,0.027283,0.010357,0.013837,0.185598,0.014145,0.180890,-0.565297,1.133355,0.005623,0.059277,0.291568,-0.069075,-0.111663,0.439242,1.214631,-0.209436,0.017391,-0.124287
0.097345,-7.448514,0.771621,-0.028506,-0.023438,-0.665537,0.745452,0.166422,0.035116,0.067040,0.153104,-0.302248,-0.028216,0.149063,-0.040947,-0.379872,0.123859,-0.178480,0.027046,0.010763,0.013401,0.186729,0.014285,0.184713,-0.561723,1.135128,0.000894,0.060441,0.294035,-0.068697,-0.112001,0.438784,1.214233,-0.208820,0.017060,-0.123572
0.097042,-7.448324,0.771637,-0.028480,-0.023503,-0.665429,0.745548,0.166046,0.035469,0.067414,0.152988,-0.301571,-0.028787,0.148850,-0.040694,-0.380104,0.123892,-0.178395,0.026630,0.010703,0.012817,0.187220,0.014346,0.188104,-0.560207,1.138527,-0.001245,0.058990,0.294326,-0.068492,-0.112038,0.438685,1.215096,-0.214081,0.018415,-0.125555
0.096735,-7.448140,0.771644,-0.028519,-0.023609,-0.665313,0.745646,0.165874,0.035832,0.067271,0.153031,-0.301208,-0.029201,0.148884,-0.040398,-0.380587,0.123835,-0.178389,0.026322,0.010253,0.012098,0.188076,0.015166,0.191032,-0.558581,1.139138,-0.004086,0.061169,0.294559,-0.068498,-0.112042,0.436533,1.215096,-0.215830,0.018726,-0.124664
0.096432,-7.448001,0.771660,-0.028371,-0.023714,-0.665236,0.745717,0.165303,0.035713,0.066749,0.153460,-0.301358,-0.028696,0.148523,-0.040463,-0.380373,0.124015,-0.178500,0.026155,0.009846,0.011190,0.188238,0.016118,0.192665,-0.557950,1.140139,-0.004723,0.058427,0.294364,-0.068481,-0.112011,0.435160,1.214979,-0.213290,0.018533,-0.123846
0.096154,-7.447848,0.771701,-0.028032,-0.023416,-0.665171,0.745797,0.164233,0.036067,0.067107,0.152833,-0.300230,-0.029616,0.147305,-0.040198,-0.380306,0.123880,-0.178316,0.025827,0.010996,0.010919,0.187919,0.016536,0.193403,-0.558294,1.138584,-0.005053,0.058662,0.294119,-0.067983,-0.112219,0.433496,1.214288,-0.216070,0.019101,-0.125464
0.095903,-7.447663,0.771698,-0.027966,-0.023307,-0.665310,0.745679,0.163542,0.036451,0.067055,0.153162,-0.300576,-0.029291,0.146723,-0.039721,-0.380062,0.123693,-0.178138,0.025603,0.010469,0.010003,0.188037,0.018735,0.193470,-0.555489,1.134827,-0.001392,0.061289,0.294750,-0.068465,-0.112313,0.435190,1.214134,-0.212071,0.017476,-0.124482
0.095709,-7.447543,0.771726,-0.027764,-0.023125,-0.665648,0.745391,0.163098,0.036761,0.068055,0.152619,-0.299695,-0.030012,0.145603,-0.039504,-0.379011,0.123765,-0.178087,0.025329,0.011184,0.009825,0.188141,0.020579,0.192481,-0.555189,1.129848,0.000450,0.061561,0.293428,-0.068581,-0.112324,0.436076,1.213884,-0.219003,0.018814,-0.127644
0.095601,-7.447394,0.771737,-0.027768,-0.023119,-0.665903,0.745163,0.163017,0.037016,0.068897,0.152629,-0.299593,-0.029943,0.145337,-0.039230,-0.378365,0.123603,-0.177773,0.025552,0.010382,0.009795,0.188277,0.021205,0.189597,-0.556334,1.127929,-0.000147,0.060590,0.292016,-0.069298,-0.112178,0.437816,1.214502,-0.219241,0.018743,-0.128079
0.095466,-7.447200,0.771734,-0.027898,-0.023274,-0.666294,0.744804,0.163234,0.037158,0.069649,0.152915,-0.300106,-0.029358,0.145084,-0.039034,-0.377271,0.123919,-0.177707,0.025325,0.010573,0.009816,0.189012,0.021006,0.186468,-0.557601,1.126321,-0.000750,0.058600,0.290061,-0.069522,-0.111885,0.438650,1.214735,-0.214880,0.017065,-0.126810
0.095461,-7.447106,0.771743,-0.027980,-0.023276,-0.666858,0.744296,0.163609,0.037396,0.071048,0.152683,-0.300080,-0.029503,0.144677,-0.038811,-0.375896,0.124105,-0.177613,0.025125,0.010738,0.010025,0.188705,0.021362,0.183772,-0.559147,1.126107,0.002071,0.059391,0.289552,-0.069251,-0.111725,0.438624,1.214815,-0.216026,0.017446,-0.125648
0.095381,-7.446998,0.771742,-0.027914,-0.023173,-0.667136,0.744052,0.163504,0.037652,0.071896,0.152365,-0.299824,-0.029808,0.144210,-0.038523,-0.375103,0.123838,-0.177307,0.025306,0.010508,0.010161,0.188465,0.020618,0.182165,-0.560507,1.126641,0.001550,0.058650,0.287810,-0.068738,-0.111592,0.437405,1.214630,-0.215675,0.017178,-0.125647
0.095313,-7.446946,0.771738,-0.028035,-0.023109,-0.667468,0.743752,0.163904,0.038183,0.072655,0.152078,-0.299709,-0.030646,0.143897,-0.038042,-0.374180,0.123967,-0.177140,0.024807,0.010755,0.010239,0.188306,0.019708,0.181687,-0.561304,1.128017,0.002521,0.057489,0.287576,-0.068082,-0.111618,0.436084,1.214634,-0.212372,0.016134,-0.123869
0.095300,-7.446888,0.771754,-0.028012,-0.023189,-0.667717,0.743527,0.163869,0.038027,0.073156,0.152350,-0.299917,-0.030058,0.143732,-0.038122,-0.373509,0.124062,-0.177047,0.024914,0.010460,0.010014,0.188087,0.017768,0.181558,-0.562558,1.131672,0.002735,0.059572,0.290248,-0.068298,-0.111704,0.435987,1.215611,-0.211314,0.015788,-0.123789
0.095343,-7.446791,0.771749,-0.028121,-0.023239,-0.667860,0.743392,0.164011,0.038088,0.073616,0.152509,-0.299949,-0.029828,0.143631,-0.038126,-0.373131,0.124351,-0.177034,0.024728,0.010533,0.010165,0.188021,0.016516,0.182003,-0.561871,1.134287,-0.000836,0.056199,0.291039,-0.068423,-0.111891,0.435491,1.216469,-0.212518,0.015833,-0.124829
0.095384,-7.446737,0.771774,-0.028119,-0.023276,-0.667971,0.743291,0.163980,0.037950,0.073875,0.152565,-0.299950,-0.029616,0.143507,-0.038227,-0.372931,0.124390,-0.176897,0.024795,0.010635,0.010106,0.188139,0.015749,0.183640,-0.561128,1.136082,0.002416,0.057922,0.292990,-0.068394,-0.112422,0.435660,1.216406,-0.211134,0.015523,-0.124242
0.095463,-7.446662,0.771769,-0.028166,-0.023331,-0.667979,0.743281,0.164217,0.037804,0.074138,0.152290,-0.299699,-0.029782,0.143545,-0.038397,-0.372933,0.124539,-0.176971,0.024784,0.010475,0.010091,0.188709,0.015528,0.185332,-0.559907,1.136496,0.001902,0.058226,0.293755,-0.067894,-0.112747,0.434992,1.215352,-0.213618,0.016022,-0.125143
0.095576,-7.446588,0.771767,-0.028009,-0.023096,-0.667986,0.743288,0.163638,0.037742,0.074250,0.151890,-0.299216,-0.030137,0.142927,-0.038443,-0.372845,0.124257,-0.176640,0.025074,0.010154,0.010295,0.188544,0.015509,0.186702,-0.560306,1.136454,0.001013,0.058257,0.294229,-0.067883,-0.112852,0.434925,1.214724,-0.214839,0.016312,-0.125130
0.095721,-7.446547,0.771771,-0.028117,-0.023145,-0.667974,0.743293,0.163767,0.037624,0.074106,0.152116,-0.299421,-0.029686,0.143107,-0.038599,-0.372865,0.124278,-0.176507,0.025406,0.010152,0.010487,0.189240,0.015630,0.187518,-0.560730,1.135069,-0.001914,0.060377,0.293394,-0.067766,-0.112920,0.434936,1.213680,-0.217206,0.017042,-0.125380
0.095876,-7.446466,0.771773,-0.028047,-0.023097,-0.667897,0.743366,0.163282,0.037238,0.073644,0.152433,-0.299948,-0.028883,0.142759,-0.038944,-0.373023,0.124502,-0.176628,0.025309,0.010042,0.010513,0.189723,0.015926,0.188122,-0.561883,1.134390,-0.002131,0.058797,0.292982,-0.067356,-0.112848,0.434402,1.212909,-0.215778,0.016381,-0.125121
0.096074,-7.446442,0.771810,-0.028057,-0.023010,-0.667974,0.743300,0.163126,0.037063,0.073929,0.152490,-0.299815,-0.028570,0.142487,-0.039111,-0.372843,0.124608,-0.176081,0.025585,0.010470,0.010710,0.190129,0.016188,0.188282,-0.563292,1.133033,0.000589,0.059305,0.292758,-0.067370,-0.112730,0.434984,1.213105,-0.214748,0.016218,-0.123863
0.096283,-7.446474,0.771801,-0.028070,-0.022919,-0.668046,0.743237,0.163454,0.037015,0.074552,0.151828,-0.299277,-0.029252,0.142473,-0.039237,-0.372686,0.124444,-0.176007,0.025944,0.010749,0.010999,0.190065,0.017074,0.188104,-0.564275,1.131366,-0.002013,0.058085,0.291168,-0.067271,-0.112585,0.435633,1.213317,-0.217540,0.017044,-0.124283
0.096467,-7.446467,0.771791,-0.028165,-0.023053,-0.668024,0.743249,0.163572,0.036594,0.074147,0.152409,-0.300115,-0.028025,0.142819,-0.039607,-0.373057,0.124688,-0.176224,0.026060,0.010917,0.011033,0.190614,0.017123,0.187393,-0.565194,1.130983,-0.001394,0.057911,0.291655,-0.067926,-0.112530,0.438142,1.213932,-0.212392,0.016258,-0.124260
0.096674,-7.447111,0.771777,-0.027706,-0.022552,-0.665993,0.745102,0.162167,0.035873,0.068960,0.151767,-0.299748,-0.029121,0.144281,-0.040138,-0.378342,0.122879,-0.176239,0.027607,0.005010,0.010761,0.187649,0.019743,0.186731,-0.565435,1.130394,0.000239,0.058090,0.291631,-0.065565,-0.112408,0.437966,1.212928,-0.210148,0.015723,-0.122925
0.096872,-7.447227,0.771741,-0.027838,-0.022583,-0.666000,0.745090,0.162651,0.035817,0.068847,0.151823,-0.300058,-0.029118,0.144717,-0.040230,-0.378291,0.122896,-0.176410,0.027713,0.004208,0.011368,0.187440,0.020679,0.186408,-0.565581,1.130145,0.000892,0.057637,0.290484,-0.064994,-0.112189,0.436105,1.212411,-0.213366,0.016143,-0.123540
0.097046,-7.447411,0.771734,-0.027811,-0.022726,-0.665919,0.745159,0.162935,0.035184,0.068652,0.152154,-0.300685,-0.028044,0.145259,-0.040795,-0.378598,0.123009,-0.176838,0.028175,0.003791,0.011402,0.187187,0.020805,0.186258,-0.565970,1.130579,-0.000019,0.058734,0.290760,-0.064541,-0.111997,0.435040,1.211970,-0.212734,0.015276,-0.122509
0.097179,-7.447519,0.771739,-0.027855,-0.022665,-0.665868,0.745204,0.162975,0.035171,0.068390,0.152338,-0.300976,-0.027853,0.145410,-0.040795,-0.378661,0.123004,-0.176761,0.028224,0.004654,0.011832,0.186835,0.019685,0.186299,-0.566507,1.132168,0.001314,0.058610,0.291440,-0.064832,-0.111994,0.436690,1.212661,-0.211695,0.015429,-0.122651
0.097307,-7.447695,0.771706,-0.027839,-0.022635,-0.665792,0.745274,0.163169,0.034999,0.068303,0.152308,-0.301240,-0.027712,0.145805,-0.040925,-0.379030,0.122780,-0.176825,0.028598,0.004092,0.012157,0.186465,0.019684,0.186544,-0.565440,1.132690,-0.002825,0.057888,0.291272,-0.064275,-0.111900,0.435032,1.212323,-0.218025,0.017020,-0.123438
0.097386,-7.447964,0.771706,-0.027536,-0.022374,-0.665623,0.745444,0.162800,0.034794,0.068075,0.151847,-0.300758,-0.028099,0.145542,-0.041129,-0.379399,0.122464,-0.177034,0.028829,0.004553,0.011860,0.185167,0.019366,0.187111,-0.565268,1.133063,-0.002775,0.058660,0.291543,-0.064860,-0.111794,0.437936,1.213727,-0.217378,0.017346,-0.123912
0.097482,-7.448065,0.771669,-0.027649,-0.022309,-0.665775,0.745306,0.163208,0.035038,0.068476,0.151784,-0.301211,-0.028259,0.145673,-0.040907,-0.379081,0.122491,-0.177084,0.028694,0.004426,0.012075,0.185376,0.019735,0.187679,-0.563814,1.133176,-0.000830,0.057320,0.291737,-0.065028,-0.111708,0.436788,1.213252,-0.214068,0.015648,-0.122620
0.097524,-7.448187,0.771672,-0.027712,-0.022491,-0.665426,0.745610,0.163427,0.034752,0.067699,0.152133,-0.301288,-0.027858,0.146491,-0.041214,-0.380048,0.122472,-0.177232,0.029050,0.003734,0.011563,0.186246,0.019195,0.188214,-0.563943,1.133141,-0.000050,0.058617,0.292453,-0.065702,-0.111565,0.436247,1.212688,-0.214486,0.015817,-0.123021
0.097536,-7.448363,0.771644,-0.027782,-0.022496,-0.665230,0.745782,0.163701,0.034845,0.067119,0.152152,-0.301532,-0.028022,0.147054,-0.041084,-0.380418,0.122370,-0.177524,0.028965,0.003770,0.011216,0.186393,0.018847,0.188533,-0.564818,1.133322,-0.000973,0.057701,0.291669,-0.066318,-0.111531,0.437552,1.212623,-0.213294,0.015793,-0.123041
0.097557,-7.448467,0.771648,-0.027715,-0.022524,-0.665294,0.745727,0.163817,0.034648,0.067467,0.152238,-0.301644,-0.027611,0.147103,-0.041277,-0.380437,0.122410,-0.177619,0.029123,0.003916,0.010752,0.186715,0.019255,0.188817,-0.564531,1.132192,-0.002288,0.056059,0.290055,-0.066802,-0.111602,0.438765,1.212410,-0.213476,0.015525,-0.123761
0.097559,-7.448678,0.771638,-0.027669,-0.022510,-0.665349,0.745680,0.163819,0.034651,0.067412,0.152730,-0.301844,-0.027018,0.147268,-0.041308,-0.380306,0.122509,-0.177870,0.029102,0.004030,0.010336,0.186755,0.019811,0.188781,-0.564630,1.131227,-0.003032,0.055536,0.290054,-0.066812,-0.111605,0.439219,1.212279,-0.212634,0.015336,-0.123759
0.097605,-7.448844,0.771617,-0.027591,-0.022385,-0.665445,0.745601,0.163857,0.034730,0.067793,0.152666,-0.301928,-0.026951,0.147168,-0.041240,-0.379883,0.122468,-0.178012,0.029125,0.004070,0.010239,0.186703,0.020350,0.188534,-0.564586,1.130202,-0.001634,0.056458,0.289730,-0.066825,-0.111617,0.439420,1.212281,-0.213011,0.015560,-0.123333
0.097542,-7.449041,0.771604,-0.027516,-0.022463,-0.665408,0.745635,0.164022,0.034522,0.067652,0.152872,-0.302325,-0.026462,0.147436,-0.041420,-0.379986,0.122597,-0.178479,0.029169,0.004185,0.009768,0.186831,0.020332,0.188117,-0.564873,1.129675,0.002217,0.059915,0.291835,-0.066380,-0.111620,0.439519,1.212233,-0.213059,0.015431,-0.123131
0.097498,-7.449195,0.771576,-0.027526,-0.022156,-0.665552,0.745515,0.164060,0.035259,0.068200,0.152341,-0.302390,-0.027460,0.147337,-0.040673,-0.379785,0.121956,-0.178066,0.029193,0.004077,0.010064,0.186469,0.020885,0.187782,-0.564290,1.129538,-0.000712,0.059001,0.290604,-0.066769,-0.111573,0.440188,1.212753,-0.215609,0.016410,-0.123450
0.097455,-7.449223,0.771579,-0.027449,-0.022035,-0.665625,0.745456,0.163801,0.035382,0.068360,0.152329,-0.302422,-0.027455,0.147036,-0.040530,-0.379616,0.121886,-0.178124,0.029059,0.003557,0.010105,0.186836,0.020477,0.187417,-0.564262,1.129870,0.000635,0.059069,0.290931,-0.067425,-0.111571,0.439969,1.212859,-0.215664,0.016452,-0.124334
0.097400,-7.449459,0.771566,-0.027296,-0.021918,-0.665637,0.745454,0.163689,0.035392,0.068339,0.152429,-0.302827,-0.027153,0.147022,-0.040444,-0.379540,0.121742,-0.178311,0.029088,0.002527,0.009848,0.186134,0.020144,0.187382,-0.565595,1.131658,0.002319,0.059389,0.290892,-0.067098,-0.111518,0.439711,1.212824,-0.214537,0.016490,-0.123897
0.097351,-7.449674,0.771575,-0.027061,-0.021822,-0.665737,0.745376,0.163376,0.035203,0.068596,0.152714,-0.303141,-0.026399,0.146721,-0.040610,-0.379354,0.121823,-0.178601,0.029132,0.002095,0.009458,0.185262,0.019514,0.187532,-0.566986,1.134342,0.001812,0.058585,0.291253,-0.066900,-0.111452,0.439268,1.212693,-0.212470,0.015868,-0.123283
0.097273,-7.449785,0.771526,-0.027199,-0.021665,-0.666004,0.745137,0.163986,0.036012,0.069333,0.152014,-0.303056,-0.027764,0.146830,-0.039771,-0.378598,0.121489,-0.178475,0.028831,0.002686,0.009575,0.184906,0.018777,0.187844,-0.566997,1.135432,0.000796,0.058215,0.291840,-0.067088,-0.111538,0.438750,1.212398,-0.211899,0.016176,-0.122575
0.097147,-7.449973,0.771500,-0.027122,-0.021611,-0.666149,0.745012,0.164263,0.036228,0.069836,0.151734,-0.303033,-0.028105,0.146887,-0.039637,-0.378549,0.121259,-0.178860,0.029352,0.002956,0.009256,0.184254,0.018619,0.188083,-0.566425,1.135366,0.001170,0.059327,0.291905,-0.066890,-0.111689,0.438381,1.212507,-0.211472,0.016072,-0.122757
0.097053,-7.450123,0.771481,-0.027083,-0.021634,-0.666520,0.744681,0.164666,0.036326,0.070822,0.151689,-0.303385,-0.027803,0.146880,-0.039478,-0.377558,0.121268,-0.178974,0.029578,0.003206,0.008747,0.183950,0.018817,0.188332,-0.566444,1.134789,0.001337,0.057261,0.292469,-0.067117,-0.111808,0.438322,1.212647,-0.215004,0.017564,-0.123668
0.096923,-7.450171,0.771469,-0.026950,-0.021436,-0.666760,0.744477,0.164555,0.036651,0.071237,0.151194,-0.303212,-0.028307,0.146272,-0.039137,-0.376989,0.121213,-0.178651,0.030196,0.003225,0.008255,0.183321,0.018481,0.188638,-0.567895,1.134119,0.000190,0.057409,0.291906,-0.067584,-0.111945,0.439603,1.213052,-0.210430,0.016333,-0.122530
0.096798,-7.450316,0.771509,-0.026911,-0.021657,-0.666612,0.744604,0.164590,0.036400,0.070881,0.151982,-0.303506,-0.027246,0.146876,-0.039364,-0.377243,0.121229,-0.178717,0.030223,0.002015,0.007523,0.183435,0.018409,0.188804,-0.568911,1.133644,0.000358,0.059794,0.292145,-0.066751,-0.111958,0.437222,1.211857,-0.213447,0.016615,-0.123050
0.096645,-7.450423,0.771438,-0.027027,-0.021530,-0.666780,0.744453,0.165250,0.037165,0.071376,0.151075,-0.303307,-0.028849,0.146894,-0.038679,-0.377081,0.121193,-0.179006,0.030209,0.002920,0.007098,0.183005,0.018003,0.188865,-0.570522,1.133601,-0.002408,0.057217,0.291607,-0.066868,-0.112007,0.438839,1.212487,-0.211091,0.016342,-0.123718
0.096577,-7.450528,0.771485,-0.026788,-0.021453,-0.666702,0.744534,0.164657,0.036919,0.071145,0.151427,-0.303322,-0.028079,0.146613,-0.038897,-0.377099,0.121194,-0.179003,0.030301,0.001425,0.006554,0.182317,0.018518,0.188816,-0.570996,1.132859,-0.002773,0.057046,0.290476,-0.066901,-0.112077,0.438292,1.212721,-0.211221,0.015933,-0.123141
0.096460,-7.450459,0.771493,-0.026841,-0.021424,-0.667009,0.744258,0.164849,0.037370,0.072160,0.151240,-0.303128,-0.028636,0.146344,-0.038516,-0.376430,0.121192,-0.178768,0.030091,0.001859,0.006681,0.182623,0.017101,0.188829,-0.572997,1.133919,-0.002584,0.054995,0.287277,-0.067100,-0.112108,0.436918,1.212532,-0.211044,0.015609,-0.123196
0.096332,-7.450587,0.771483,-0.026818,-0.021745,-0.666913,0.744335,0.165015,0.036874,0.071496,0.152106,-0.304104,-0.027033,0.147082,-0.038861,-0.376521,0.121208,-0.179271,0.030430,0.001542,0.005611,0.182758,0.016910,0.188875,-0.574302,1.134923,-0.001766,0.054921,0.289553,-0.066843,-0.112119,0.436587,1.212226,-0.210808,0.015998,-0.122667
0.096256,-7.450620,0.771526,-0.026532,-0.021558,-0.666917,0.744347,0.164148,0.036747,0.071316,0.152382,-0.304240,-0.026309,0.146387,-0.038952,-0.376697,0.121216,-0.179202,0.030133,0.001532,0.005334,0.181739,0.015906,0.188993,-0.574634,1.136099,-0.001493,0.055792,0.287154,-0.066757,-0.112141,0.436320,1.212572,-0.211199,0.016569,-0.122717
0.096145,-7.450522,0.771495,-0.026615,-0.021480,-0.667044,0.744233,0.164362,0.037332,0.071830,0.151795,-0.303768,-0.027678,0.146150,-0.038512,-0.376395,0.121214,-0.179228,0.030040,0.002310,0.005374,0.181964,0.015139,0.189124,-0.575035,1.136414,-0.001195,0.056076,0.290761,-0.067427,-0.112222,0.437299,1.213444,-0.210412,0.015944,-0.122985
0.096029,-7.450668,0.771482,-0.026476,-0.021325,-0.666895,0.744376,0.164533,0.037582,0.071858,0.150686,-0.302619,-0.029128,0.146027,-0.038319,-0.376775,0.121081,-0.178827,0.031876,0.001831,0.005383,0.180978,0.014892,0.189331,-0.575108,1.137078,-0.001013,0.056369,0.291196,-0.066605,-0.112304,0.436916,1.213099,-0.212079,0.016597,-0.122868
0.095981,-7.450704,0.771458,-0.026227,-0.021336,-0.666519,0.744721,0.164071,0.037080,0.070984,0.150486,-0.302463,-0.029036,0.145974,-0.038792,-0.377803,0.121099,-0.179400,0.031936,0.001626,0.004932,0.180373,0.014124,0.189791,-0.575383,1.137393,0.000067,0.057023,0.291272,-0.066205,-0.112384,0.436698,1.213091,-0.212160,0.016819,-0.122992
0.095994,-7.450650,0.771480,-0.026469,-0.021380,-0.666672,0.744575,0.164435,0.037447,0.071310,0.150689,-0.302582,-0.029237,0.146252,-0.038448,-0.377437,0.121080,-0.179092,0.031803,0.002107,0.005190,0.180716,0.013743,0.190153,-0.575841,1.137401,0.001231,0.056688,0.291731,-0.066676,-0.112522,0.437135,1.213474,-0.212067,0.016750,-0.122334
0.095945,-7.450767,0.771497,-0.026305,-0.021275,-0.666450,0.744781,0.163996,0.037390,0.070764,0.150744,-0.302394,-0.029382,0.146095,-0.038402,-0.377585,0.121122,-0.179015,0.030627,0.001433,0.005088,0.179939,0.013686,0.190411,-0.576162,1.137272,0.001188,0.058395,0.290909,-0.066402,-0.112564,0.437410,1.213222,-0.211465,0.016615,-0.122274
0.095957,-7.450761,0.771478,-0.026567,-0.021480,-0.666456,0.744761,0.164334,0.037464,0.070438,0.151676,-0.303411,-0.028421,0.146728,-0.038387,-0.377587,0.121187,-0.179626,0.029996,0.001929,0.005176,0.180417,0.013365,0.190631,-0.576739,1.137021,0.000493,0.058176,0.290962,-0.066815,-0.112650,0.438143,1.213070,-0.211441,0.016786,-0.121995
0.096024,-7.450781,0.771485,-0.026439,-0.021375,-0.666481,0.744746,0.164142,0.037298,0.070609,0.151341,-0.303104,-0.028525,0.146382,-0.038543,-0.377534,0.121185,-0.179655,0.030104,0.001642,0.005196,0.179910,0.013574,0.190664,-0.577201,1.136400,0.000921,0.057313,0.290804,-0.067202,-0.112747,0.438534,1.213072,-0.211134,0.016222,-0.122370
0.095980,-7.450835,0.771492,-0.026508,-0.021459,-0.666306,0.744898,0.164297,0.037364,0.070368,0.151536,-0.303108,-0.028625,0.146815,-0.038504,-0.378009,0.121179,-0.179639,0.030247,0.000744,0.004993,0.179760,0.013820,0.190699,-0.577730,1.136279,0.000051,0.056621,0.289776,-0.067094,-0.112703,0.438420,1.212726,-0.211102,0.016317,-0.121871
0.096105,-7.450778,0.771470,-0.026470,-0.021294,-0.666597,0.744644,0.164381,0.037445,0.071229,0.150879,-0.302700,-0.029247,0.146253,-0.038454,-0.377234,0.121178,-0.179553,0.030176,0.001368,0.005297,0.179384,0.013985,0.190690,-0.577716,1.135425,-0.002643,0.056272,0.289687,-0.067962,-0.112634,0.439300,1.213223,-0.210719,0.015959,-0.121171
0.096022,-7.450917,0.771520,-0.026311,-0.021452,-0.666298,0.744912,0.164140,0.036943,0.070304,0.151536,-0.302839,-0.028461,0.146638,-0.038915,-0.377961,0.121209,-0.179749,0.030215,0.001052,0.004863,0.178807,0.013783,0.190600,-0.577907,1.135963,-0.000554,0.057185,0.290226,-0.067366,-0.112621,0.439454,1.212581,-0.210405,0.015814,-0.122718
0.096137,-7.450900,0.771585,-0.026729,-0.022515,-0.666641,0.744559,0.166324,0.035995,0.071389,0.150947,-0.300417,-0.029496,0.148877,-0.039978,-0.376986,0.121265,-0.179767,0.030609,0.001387,0.004203,0.180643,0.013872,0.190516,-0.578138,1.136477,-0.002679,0.056601,0.289497,-0.068201,-0.112671,0.440268,1.213387,-0.211082,0.016204,-0.120950
0.096120,-7.450908,0.771624,-0.026656,-0.022677,-0.666513,0.744672,0.166169,0.035573,0.071500,0.151552,-0.300549,-0.028363,0.149122,-0.040356,-0.377231,0.121276,-0.179687,0.030833,0.001465,0.004173,0.180491,0.013378,0.190457,-0.578336,1.136912,-0.000474,0.056250,0.289047,-0.067777,-0.112742,0.439843,1.213227,-0.210620,0.016009,-0.121654
0.096131,-7.450854,0.771593,-0.026777,-0.022783,-0.666512,0.744665,0.166273,0.035548,0.070614,0.151841,-0.300947,-0.028329,0.149418,-0.040346,-0.377328,0.121291,-0.179911,0.030638,0.001298,0.004109,0.180431,0.013609,0.190408,-0.578019,1.136687,0.000493,0.057048,0.290602,-0.067491,-0.112792,0.439983,1.212806,-0.210675,0.015740,-0.121175
0.096164,-7.450696,0.771627,-0.026831,-0.022896,-0.666789,0.744412,0.166816,0.035497,0.072450,0.151304,-0.300147,-0.028707,0.149238,-0.040464,-0.376552,0.121403,-0.179696,0.030614,0.001695,0.004450,0.180766,0.013207,0.190373,-0.578295,1.136317,0.000141,0.057968,0.290913,-0.067743,-0.112909,0.439582,1.212826,-0.211275,0.016084,-0.121270
0.096158,-7.450616,0.771600,-0.026879,-0.022882,-0.666512,0.744658,0.166480,0.035558,0.071100,0.151436,-0.300342,-0.028763,0.149371,-0.040413,-0.377236,0.121285,-0.179632,0.030773,0.001129,0.004550,0.180715,0.012980,0.190393,-0.578524,1.136623,0.000106,0.057041,0.290947,-0.067322,-0.112987,0.439099,1.212770,-0.211171,0.016218,-0.120852
0.096155,-7.450539,0.771595,-0.026879,-0.022982,-0.666628,0.744551,0.166587,0.035431,0.071359,0.151476,-0.300311,-0.028628,0.149353,-0.040535,-0.376939,0.121280,-0.179594,0.031026,0.001630,0.004590,0.180867,0.012806,0.190438,-0.578470,1.137135,-0.001291,0.055744,0.290025,-0.067090,-0.112991,0.439059,1.212875,-0.210926,0.016247,-0.120657
0.096276,-7.450303,0.771657,-0.027063,-0.023198,-0.666801,0.744383,0.166556,0.035110,0.071741,0.152366,-0.300928,-0.027150,0.149300,-0.040871,-0.376470,0.121876,-0.179311,0.030884,0.001680,0.004997,0.182033,0.012311,0.190421,-0.579435,1.137244,0.000427,0.057556,0.291273,-0.067750,-0.113097,0.439388,1.213128,-0.212159,0.016087,-0.121286
0.096183,-7.450275,0.771638,-0.027028,-0.023469,-0.666361,0.744770,0.166397,0.034609,0.070344,0.152943,-0.301393,-0.026287,0.149949,-0.041311,-0.377494,0.121850,-0.179809,0.031107,0.000975,0.004430,0.182344,0.012821,0.190397,-0.579227,1.137000,-0.001373,0.058677,0.290946,-0.066721,-0.113092,0.439009,1.211911,-0.211580,0.015994,-0.121113
0.096182,-7.450063,0.771661,-0.027082,-0.023367,-0.666484,0.744661,0.166381,0.034995,0.071428,0.152427,-0.300632,-0.027265,0.149383,-0.041066,-0.377132,0.121979,-0.179431,0.030694,0.000978,0.004860,0.182835,0.012795,0.190375,-0.579689,1.137327,-0.004124,0.059324,0.290232,-0.067101,-0.112993,0.438997,1.211652,-0.212076,0.015905,-0.121754
0.096188,-7.449916,0.771665,-0.027058,-0.023438,-0.666499,0.744646,0.166252,0.034753,0.071124,0.152265,-0.300233,-0.027432,0.149228,-0.041304,-0.377206,0.121983,-0.179440,0.030837,0.001360,0.004907,0.183066,0.013630,0.190334,-0.578993,1.136734,-0.001728,0.055174,0.289752,-0.066836,-0.112914,0.438657,1.211295,-0.211923,0.015858,-0.121839
0.096193,-7.449699,0.771684,-0.027297,-0.023578,-0.666506,0.744627,0.166680,0.034838,0.071055,0.151962,-0.300287,-0.027992,0.149414,-0.041175,-0.377021,0.122199,-0.179228,0.030521,0.000993,0.005294,0.184096,0.013814,0.190226,-0.578563,1.137450,0.000048,0.055997,0.290371,-0.067113,-0.112777,0.438488,1.211354,-0.213478,0.016078,-0.121684
0.096199,-7.449550,0.771685,-0.027146,-0.023586,-0.666481,0.744654,0.166038,0.034451,0.070459,0.152155,-0.300452,-0.027266,0.148959,-0.041429,-0.376973,0.122198,-0.179089,0.030680,0.001103,0.005380,0.184154,0.014098,0.190087,-0.577983,1.137367,-0.003249,0.056248,0.289973,-0.066526,-0.112615,0.437836,1.211115,-0.212987,0.015754,-0.121240
0.096151,-7.449408,0.771719,-0.026985,-0.023476,-0.666232,0.744886,0.165466,0.034372,0.070268,0.151692,-0.299409,-0.028125,0.148433,-0.041648,-0.377778,0.122204,-0.178971,0.030579,0.000954,0.005457,0.184198,0.013927,0.189927,-0.577589,1.137357,-0.000392,0.056618,0.291128,-0.066228,-0.112466,0.437640,1.211359,-0.213355,0.015913,-0.121399
0.096130,-7.449057,0.771761,-0.026903,-0.023640,-0.666373,0.744758,0.165236,0.034042,0.070967,0.151601,-0.298642,-0.028020,0.147969,-0.042037,-0.377750,0.122399,-0.178876,0.030607,0.001751,0.005287,0.185569,0.013159,0.189845,-0.577567,1.137412,-0.000116,0.058116,0.293064,-0.066866,-0.112457,0.438067,1.211795,-0.214071,0.016300,-0.121427
0.096100,-7.448889,0.771796,-0.026834,-0.023467,-0.666194,0.744926,0.164424,0.034134,0.070144,0.151622,-0.298397,-0.028020,0.147417,-0.041875,-0.377705,0.122194,-0.178230,0.030781,0.001417,0.005490,0.185874,0.012959,0.189716,-0.577279,1.137603,0.000488,0.058174,0.292678,-0.066957,-0.112499,0.438426,1.212205,-0.216617,0.016949,-0.123302
0.096056,-7.448642,0.771820,-0.026663,-0.023334,-0.666197,0.744933,0.163305,0.033999,0.069723,0.151908,-0.298545,-0.027494,0.146418,-0.042055,-0.378189,0.122583,-0.178621,0.029744,0.001146,0.005425,0.186251,0.012831,0.189643,-0.577193,1.137667,-0.001867,0.058029,0.290647,-0.067254,-0.112552,0.438448,1.212502,-0.215227,0.016929,-0.123533
0.095974,-7.448349,0.771865,-0.026763,-0.023144,-0.666158,0.744971,0.162817,0.034638,0.069692,0.151903,-0.298158,-0.028274,0.145710,-0.041507,-0.377838,0.122652,-0.177778,0.029477,0.001271,0.005851,0.187115,0.012669,0.189530,-0.576409,1.137317,-0.000373,0.057393,0.291699,-0.067538,-0.112646,0.438415,1.212673,-0.214597,0.016823,-0.123483
0.095912,-7.448150,0.771927,-0.026293,-0.022893,-0.666165,0.744989,0.160789,0.034071,0.068924,0.152807,-0.298476,-0.026633,0.143780,-0.041968,-0.377305,0.123792,-0.178043,0.028200,0.001318,0.005512,0.186766,0.012909,0.189435,-0.574876,1.137864,-0.001908,0.056928,0.289353,-0.067069,-0.112687,0.438099,1.212070,-0.213910,0.016786,-0.123442
0.095909,-7.447818,0.771914,-0.026350,-0.022651,-0.666671,0.744542,0.160868,0.034767,0.070720,0.151575,-0.297321,-0.028350,0.142946,-0.041331,-0.376087,0.123041,-0.177047,0.028752,0.002261,0.006024,0.187477,0.013108,0.189314,-0.574322,1.137353,-0.001587,0.057509,0.291067,-0.067391,-0.112720,0.438222,1.212327,-0.211838,0.016222,-0.122723
0.095841,-7.447564,0.771972,-0.026353,-0.022907,-0.666826,0.744395,0.160857,0.034356,0.071069,0.151884,-0.297177,-0.027540,0.142761,-0.041754,-0.375647,0.123377,-0.176984,0.029010,0.002350,0.005697,0.188548,0.013165,0.189127,-0.573790,1.137095,-0.000925,0.058039,0.290564,-0.067585,-0.112751,0.438628,1.212641,-0.213263,0.016950,-0.123032
0.095793,-7.447334,0.771980,-0.026369,-0.022932,-0.666894,0.744333,0.160587,0.034373,0.071161,0.151946,-0.297147,-0.027356,0.142373,-0.041734,-0.375425,0.123498,-0.176990,0.028765,0.002043,0.005512,0.189126,0.013777,0.188955,-0.572878,1.136799,-0.002596,0.056087,0.290170,-0.067237,-0.112738,0.438665,1.212202,-0.212548,0.016985,-0.123186
0.095700,-7.447065,0.771858,-0.026132,-0.022001,-0.666786,0.744466,0.159126,0.035573,0.071649,0.151201,-0.298249,-0.028054,0.140728,-0.040297,-0.376230,0.122064,-0.176393,0.028352,0.000764,0.006253,0.187940,0.013967,0.188836,-0.573126,1.136860,-0.002784,0.057279,0.290139,-0.067081,-0.112651,0.438237,1.212083,-0.210635,0.016203,-0.123398
0.095683,-7.446815,0.771937,-0.026311,-0.022184,-0.667115,0.744160,0.159227,0.035666,0.072457,0.151621,-0.297879,-0.027794,0.140481,-0.040268,-0.374868,0.122522,-0.175479,0.028582,0.001184,0.006274,0.188948,0.014089,0.188754,-0.573392,1.136772,-0.004253,0.056265,0.289339,-0.066828,-0.112544,0.436674,1.211927,-0.211717,0.016479,-0.123094
0.095658,-7.446704,0.771920,-0.026354,-0.022357,-0.667003,0.744253,0.159164,0.035381,0.071875,0.152071,-0.298489,-0.026957,0.140638,-0.040538,-0.375410,0.122794,-0.176106,0.028209,0.000616,0.005906,0.189234,0.014458,0.188710,-0.573049,1.136843,-0.002586,0.057613,0.290585,-0.066121,-0.112497,0.436129,1.211650,-0.210869,0.016405,-0.122513
0.095643,-7.446579,0.771971,-0.026297,-0.022516,-0.667077,0.744184,0.159527,0.035144,0.073242,0.151322,-0.296874,-0.028068,0.140456,-0.040948,-0.375263,0.123089,-0.176066,0.028117,-0.000066,0.005814,0.189990,0.014921,0.188415,-0.571518,1.136320,-0.001357,0.057959,0.291166,-0.060785,-0.110389,0.415498,1.202860,-0.234560,0.022461,-0.124501
0.095627,-7.446361,0.771961,-0.026261,-0.022382,-0.667368,0.743929,0.158926,0.035252,0.073326,0.151584,-0.297454,-0.027303,0.139764,-0.040688,-0.374655,0.122894,-0.175715,0.028263,0.001643,0.005753,0.190035,0.013682,0.188384,-0.572405,1.137383,-0.002119,0.057988,0.290908,-0.062017,-0.109790,0.415825,1.204957,-0.233260,0.021937,-0.124327
0.095585,-7.446248,0.771974,-0.026405,-0.022411,-0.667255,0.744023,0.158894,0.035505,0.072986,0.151774,-0.297508,-0.027419,0.139839,-0.040474,-0.374348,0.123044,-0.175498,0.028089,0.001385,0.005638,0.190347,0.013812,0.188422,-0.571868,1.136958,-0.001098,0.058218,0.292018,-0.062655,-0.109605,0.417367,1.205821,-0.232609,0.022118,-0.124960
0.095549,-7.446177,0.771964,-0.026189,-0.022231,-0.667070,0.744203,0.158083,0.035383,0.072194,0.151656,-0.297470,-0.027421,0.139372,-0.040531,-0.375377,0.122707,-0.175538,0.027974,0.001300,0.005368,0.189916,0.014070,0.188525,-0.571176,1.136769,0.000005,0.056508,0.291775,-0.062710,-0.109562,0.418499,1.206049,-0.232371,0.021965,-0.125624
0.095569,-7.445997,0.771974,-0.026286,-0.022294,-0.667289,0.744001,0.158009,0.035400,0.072434,0.151978,-0.297810,-0.027005,0.139116,-0.040476,-0.374684,0.122882,-0.175291,0.027986,0.001282,0.005371,0.190508,0.014342,0.188623,-0.570570,1.136123,-0.000111,0.057027,0.292435,-0.063027,-0.109486,0.418136,1.205624,-0.232617,0.022043,-0.125833
0.095595,-7.445898,0.771973,-0.026300,-0.022261,-0.667271,0.744017,0.158095,0.035501,0.072807,0.151422,-0.297095,-0.027762,0.138997,-0.040436,-0.374784,0.122801,-0.175156,0.027947,0.001265,0.005426,0.190543,0.014055,0.188732,-0.571307,1.137030,-0.002946,0.057138,0.291204,-0.063255,-0.109409,0.418353,1.206089,-0.232069,0.021433,-0.125327
0.095564,-7.445871,0.771983,-0.026320,-0.022192,-0.667053,0.744215,0.157813,0.035668,0.072248,0.151509,-0.297071,-0.027889,0.139056,-0.040292,-0.375169,0.122631,-0.174961,0.028005,0.000861,0.005303,0.190463,0.014360,0.188863,-0.572068,1.137701,-0.003445,0.055545,0.291451,-0.062637,-0.109272,0.418162,1.205864,-0.232165,0.021616,-0.125491
0.095589,-7.445809,0.772001,-0.026260,-0.022224,-0.667049,0.744219,0.157446,0.035415,0.072174,0.151989,-0.297275,-0.027122,0.138819,-0.040525,-0.375301,0.122937,-0.175037,0.027831,0.001123,0.004913,0.191066,0.014931,0.188964,-0.571440,1.136886,-0.003125,0.054768,0.291796,-0.062293,-0.109066,0.417407,1.205320,-0.233280,0.021919,-0.125282
0.095565,-7.445821,0.772004,-0.026251,-0.022211,-0.666892,0.744361,0.157254,0.035405,0.071590,0.152082,-0.297295,-0.027158,0.138773,-0.040518,-0.375144,0.123202,-0.175000,0.027519,0.001018,0.004634,0.191113,0.015138,0.189038,-0.571687,1.136836,-0.002593,0.055521,0.291816,-0.062171,-0.108924,0.418151,1.205584,-0.232714,0.021901,-0.125105
0.095648,-7.445690,0.771960,-0.026198,-0.021972,-0.667008,0.744265,0.156876,0.035498,0.071044,0.151822,-0.297954,-0.026929,0.138569,-0.040269,-0.375674,0.121944,-0.174507,0.028738,0.000721,0.005016,0.190778,0.015154,0.189132,-0.572506,1.137229,-0.004887,0.054396,0.290274,-0.062425,-0.108790,0.417739,1.206216,-0.232968,0.021945,-0.125534
0.095695,-7.445660,0.771974,-0.026057,-0.021817,-0.667058,0.744231,0.156456,0.035475,0.071944,0.151523,-0.297545,-0.026950,0.138216,-0.040271,-0.375650,0.121504,-0.173812,0.029505,0.001125,0.004927,0.190731,0.015169,0.189206,-0.572999,1.136898,-0.004040,0.054240,0.290852,-0.062461,-0.108615,0.416802,1.206757,-0.233986,0.022049,-0.125503
0.095825,-7.445683,0.771967,-0.026176,-0.021894,-0.667307,0.744000,0.157724,0.035573,0.073788,0.149886,-0.295803,-0.029175,0.138513,-0.040322,-0.375107,0.121332,-0.173612,0.029832,0.001693,0.005035,0.191259,0.015621,0.189146,-0.571984,1.136692,-0.002655,0.053686,0.291140,-0.062928,-0.108654,0.417894,1.206974,-0.233576,0.022202,-0.125271
0.095907,-7.445708,0.771956,-0.026081,-0.021724,-0.667494,0.743841,0.157413,0.035636,0.074168,0.149977,-0.296039,-0.028871,0.138012,-0.040268,-0.374577,0.121305,-0.173586,0.029821,0.001431,0.005596,0.190726,0.015628,0.189100,-0.571371,1.136647,-0.001583,0.054849,0.291448,-0.062918,-0.108695,0.417512,1.206796,-0.233123,0.022067,-0.125858
0.095965,-7.445773,0.771953,-0.026120,-0.021802,-0.667680,0.743670,0.157707,0.035462,0.074418,0.150208,-0.296580,-0.028251,0.138138,-0.040375,-0.374137,0.121459,-0.173694,0.029931,0.001631,0.005769,0.190908,0.015576,0.189090,-0.571209,1.136551,-0.002422,0.056290,0.291379,-0.062974,-0.108713,0.417153,1.206619,-0.233496,0.021990,-0.125695
0.096047,-7.445809,0.771950,-0.026170,-0.021636,-0.667905,0.743472,0.157757,0.035799,0.075046,0.150138,-0.296570,-0.028451,0.137923,-0.040076,-0.373422,0.121270,-0.173424,0.030080,0.000835,0.006310,0.190717,0.015748,0.189100,-0.570461,1.136737,-0.001002,0.056157,0.291444,-0.062942,-0.108603,0.416155,1.205863,-0.234836,0.022040,-0.125407
0.096093,-7.445940,0.771938,-0.026196,-0.021854,-0.668068,0.743318,0.158062,0.035451,0.075547,0.151048,-0.297136,-0.026869,0.138307,-0.040431,-0.373215,0.121674,-0.173781,0.030174,0.000865,0.006120,0.190884,0.015289,0.189140,-0.570604,1.137631,-0.001272,0.056401,0.292137,-0.062906,-0.108417,0.417165,1.205652,-0.234345,0.022202,-0.125311
0.096182,-7.446123,0.772040,-0.026385,-0.022828,-0.668214,0.743151,0.159599,0.034196,0.075215,0.151231,-0.295151,-0.027153,0.139878,-0.041988,-0.372552,0.123014,-0.174592,0.030643,0.000392,0.005327,0.192120,0.015626,0.189227,-0.570713,1.136705,0.001271,0.054772,0.292705,-0.062452,-0.108216,0.416092,1.205405,-0.235990,0.022833,-0.125706
0.096208,-7.446278,0.772011,-0.026347,-0.022701,-0.668166,0.743199,0.159769,0.034322,0.075125,0.150795,-0.295077,-0.027698,0.140070,-0.041797,-0.372865,0.122645,-0.174705,0.030705,-0.000314,0.005494,0.191812,0.015519,0.189346,-0.570532,1.136993,-0.000977,0.055151,0.291443,-0.061960,-0.107909,0.413593,1.204839,-0.238163,0.023259,-0.125131
0.096183,-7.446536,0.771999,-0.026216,-0.022451,-0.668018,0.743344,0.159580,0.034582,0.074893,0.150580,-0.295065,-0.028063,0.140015,-0.041557,-0.372933,0.122297,-0.174706,0.030722,-0.000649,0.005499,0.190595,0.015496,0.189399,-0.570416,1.136119,0.000303,0.056932,0.291742,-0.061470,-0.107767,0.413315,1.204928,-0.238068,0.023123,-0.125059
0.096231,-7.446607,0.771998,-0.026059,-0.022310,-0.668255,0.743141,0.159212,0.034450,0.075251,0.150808,-0.295406,-0.027512,0.139425,-0.041647,-0.372610,0.122584,-0.174942,0.030477,-0.000184,0.005508,0.190348,0.015283,0.189450,-0.571205,1.135964,0.000937,0.057019,0.293320,-0.062411,-0.107685,0.413790,1.205598,-0.237872,0.023238,-0.125655
0.096200,-7.446817,0.771968,-0.026251,-0.022431,-0.668060,0.743306,0.159916,0.034682,0.074667,0.150781,-0.295583,-0.027962,0.140381,-0.041429,-0.372660,0.122407,-0.174953,0.030808,-0.000485,0.005693,0.190471,0.015248,0.189498,-0.571219,1.135821,0.000314,0.056947,0.291454,-0.062163,-0.107653,0.413043,1.205350,-0.237557,0.023034,-0.125854
0.096174,-7.447013,0.771937,-0.026092,-0.022438,-0.667780,0.743562,0.159954,0.034339,0.074052,0.150509,-0.295688,-0.028024,0.140860,-0.041702,-0.373938,0.122001,-0.175554,0.030928,-0.000271,0.005267,0.189917,0.015198,0.189660,-0.572143,1.136039,-0.000221,0.055591,0.291241,-0.063027,-0.107804,0.416397,1.206626,-0.233327,0.022209,-0.125825
0.096141,-7.447176,0.771942,-0.026136,-0.022355,-0.667644,0.743686,0.159817,0.034675,0.073535,0.150880,-0.295982,-0.027969,0.141085,-0.041378,-0.373782,0.121942,-0.175405,0.030918,-0.000229,0.005451,0.189992,0.015739,0.189674,-0.571715,1.135457,-0.000417,0.055178,0.292185,-0.062717,-0.107880,0.415815,1.205684,-0.234355,0.022505,-0.125668
0.096150,-7.447452,0.771871,-0.025928,-0.022337,-0.667332,0.743974,0.159899,0.034294,0.072524,0.150492,-0.295949,-0.028124,0.141675,-0.041720,-0.375083,0.121392,-0.175966,0.031514,-0.000193,0.005070,0.189470,0.016273,0.189637,-0.571058,1.134916,0.001099,0.056714,0.291753,-0.061954,-0.107816,0.414934,1.205034,-0.234517,0.022032,-0.125771
0.096163,-7.447657,0.771869,-0.026112,-0.022631,-0.667074,0.744189,0.160506,0.034036,0.071774,0.151241,-0.296706,-0.027308,0.142824,-0.041964,-0.375425,0.121608,-0.176343,0.031804,0.000203,0.005070,0.189910,0.016030,0.189605,-0.571732,1.135011,0.000032,0.056924,0.291788,-0.062125,-0.107817,0.415421,1.205355,-0.233267,0.021547,-0.124924
0.096178,-7.447937,0.771813,-0.026195,-0.022717,-0.666776,0.744451,0.161233,0.034061,0.071049,0.150860,-0.296733,-0.028081,0.143814,-0.041921,-0.376480,0.121425,-0.176980,0.031540,0.000209,0.005212,0.189597,0.016678,0.189551,-0.571592,1.134337,-0.000809,0.057899,0.291587,-0.061471,-0.107824,0.414989,1.204995,-0.235400,0.022097,-0.124882
0.096302,-7.448050,0.771823,-0.026659,-0.022968,-0.666792,0.744412,0.162003,0.034315,0.070781,0.152066,-0.297911,-0.027162,0.144588,-0.041813,-0.375758,0.122543,-0.177567,0.030467,0.001052,0.005845,0.190562,0.016777,0.189401,-0.571553,1.134160,-0.002629,0.057600,0.291031,-0.062795,-0.108017,0.416659,1.206245,-0.232579,0.020985,-0.125034
0.096273,-7.448277,0.771774,-0.026413,-0.023115,-0.666106,0.745031,0.162444,0.033431,0.069123,0.151004,-0.297684,-0.027765,0.145914,-0.042392,-0.378110,0.121223,-0.177529,0.032380,-0.000801,0.005241,0.190200,0.017087,0.189341,-0.571531,1.134373,-0.000113,0.056772,0.290966,-0.062065,-0.108053,0.414839,1.204723,-0.237930,0.022873,-0.126617
0.096307,-7.448458,0.771743,-0.026513,-0.022993,-0.665997,0.745128,0.162797,0.033831,0.069419,0.150832,-0.297942,-0.028301,0.146179,-0.042037,-0.378260,0.121207,-0.177656,0.032322,-0.000144,0.005543,0.190062,0.016336,0.189321,-0.572526,1.133952,-0.001500,0.059036,0.291390,-0.062152,-0.107969,0.413959,1.205029,-0.235422,0.022024,-0.125718
0.096365,-7.448695,0.771734,-0.026454,-0.022941,-0.665982,0.745145,0.162943,0.033731,0.069362,0.150985,-0.298281,-0.027944,0.146390,-0.042114,-0.378316,0.121216,-0.177991,0.032300,0.001034,0.005501,0.189214,0.016267,0.189222,-0.571992,1.134380,0.001187,0.059176,0.292311,-0.062175,-0.107976,0.414803,1.205449,-0.236285,0.022497,-0.125909
0.096412,-7.448960,0.771729,-0.026549,-0.023121,-0.665938,0.745176,0.163454,0.033533,0.069284,0.151709,-0.299403,-0.026702,0.147233,-0.042246,-0.378164,0.121230,-0.178027,0.032563,0.001209,0.005482,0.189173,0.016287,0.189089,-0.570671,1.134972,-0.000810,0.057078,0.291469,-0.062043,-0.107966,0.414751,1.205092,-0.240299,0.023453,-0.126695
0.096465,-7.449131,0.771688,-0.026556,-0.023143,-0.665968,0.745149,0.164039,0.033451,0.069575,0.151471,-0.299769,-0.026667,0.147566,-0.042315,-0.378364,0.121243,-0.178576,0.032480,0.002197,0.005148,0.188298,0.015600,0.189034,-0.570940,1.135775,-0.000089,0.056909,0.292056,-0.068183,-0.110496,0.440241,1.214955,-0.211921,0.016850,-0.125858
0.096530,-7.449326,0.771721,-0.026844,-0.023194,-0.666008,0.745101,0.164458,0.033840,0.069629,0.152120,-0.300159,-0.026711,0.147854,-0.042129,-0.378058,0.122265,-0.179138,0.030768,0.001371,0.005969,0.188460,0.016255,0.189054,-0.570571,1.134230,-0.000982,0.058102,0.291310,-0.067278,-0.111626,0.439984,1.213187,-0.213426,0.017156,-0.125495
0.096612,-7.449527,0.771654,-0.026958,-0.023198,-0.665858,0.745230,0.165282,0.034012,0.069349,0.151469,-0.299715,-0.027933,0.148630,-0.041941,-0.378362,0.121825,-0.179283,0.031097,0.001502,0.006163,0.188031,0.015919,0.189039,-0.570671,1.134633,-0.001608,0.058322,0.291558,-0.066646,-0.111816,0.439267,1.212371,-0.213340,0.017132,-0.124740
0.096662,-7.449653,0.771622,-0.027085,-0.023221,-0.665961,0.745133,0.165910,0.034143,0.069900,0.151451,-0.300217,-0.027884,0.148979,-0.041792,-0.378077,0.121826,-0.179474,0.030963,0.001774,0.006528,0.187996,0.016160,0.188899,-0.569736,1.133419,0.001351,0.059527,0.292528,-0.066230,-0.112106,0.438173,1.211889,-0.216135,0.017794,-0.125561
0.096705,-7.449744,0.771523,-0.026939,-0.022607,-0.665957,0.745161,0.165511,0.034778,0.070048,0.150859,-0.301381,-0.028141,0.148131,-0.041024,-0.378570,0.121273,-0.179570,0.030833,0.001179,0.007010,0.186559,0.016312,0.188842,-0.569440,1.133407,0.001162,0.060133,0.292085,-0.066379,-0.112182,0.438255,1.212120,-0.215401,0.017831,-0.124739
0.096706,-7.449839,0.771512,-0.026918,-0.022555,-0.665888,0.745224,0.165484,0.034895,0.070076,0.150920,-0.301428,-0.028371,0.148203,-0.040982,-0.378728,0.121266,-0.179729,0.030944,0.000913,0.006827,0.186246,0.016013,0.188875,-0.569624,1.134045,0.000328,0.059863,0.291964,-0.066368,-0.112187,0.438504,1.211857,-0.215912,0.018225,-0.124194
0.096744,-7.449938,0.771499,-0.027080,-0.022621,-0.665926,0.745183,0.165922,0.035037,0.070098,0.151104,-0.301699,-0.028298,0.148676,-0.040810,-0.378352,0.121274,-0.179655,0.030778,0.000593,0.006804,0.186333,0.016145,0.188950,-0.569815,1.134250,-0.000130,0.059284,0.292123,-0.066206,-0.112173,0.437999,1.211250,-0.216191,0.018399,-0.124140
0.096742,-7.450040,0.771512,-0.027118,-0.022636,-0.666026,0.745091,0.166077,0.035057,0.070311,0.151386,-0.302309,-0.027734,0.148866,-0.040719,-0.378095,0.121265,-0.179670,0.031064,0.000708,0.006652,0.186170,0.016554,0.189023,-0.569334,1.133909,0.001352,0.060344,0.292568,-0.065793,-0.112022,0.436210,1.211079,-0.218427,0.018266,-0.124521
0.096751,-7.450028,0.771470,-0.026994,-0.022486,-0.666349,0.744811,0.166063,0.035131,0.071146,0.150849,-0.302175,-0.028160,0.148251,-0.040646,-0.377674,0.121283,-0.179975,0.030693,0.001672,0.006397,0.185618,0.016261,0.189145,-0.570264,1.134096,-0.001876,0.059076,0.291459,-0.066918,-0.112028,0.439098,1.212427,-0.213446,0.017240,-0.123951
0.096754,-7.450115,0.771486,-0.027175,-0.022624,-0.666242,0.744897,0.166378,0.035207,0.070820,0.151409,-0.302549,-0.027726,0.148928,-0.040564,-0.377509,0.121287,-0.179833,0.030853,0.000429,0.006358,0.185697,0.017099,0.189208,-0.569780,1.133495,0.000192,0.060525,0.292108,-0.066334,-0.111973,0.438162,1.211753,-0.217122,0.018088,-0.124865
0.096717,-7.450157,0.771454,-0.027160,-0.022601,-0.666261,0.744881,0.166694,0.035334,0.071000,0.150807,-0.302182,-0.028538,0.148945,-0.040468,-0.377511,0.121272,-0.180050,0.030996,0.001086,0.006161,0.185299,0.016677,0.189289,-0.570708,1.134119,0.000041,0.060343,0.292000,-0.066181,-0.111890,0.438960,1.211938,-0.214582,0.017579,-0.123272
0.096738,-7.450156,0.771455,-0.027377,-0.022789,-0.666253,0.744875,0.167255,0.035407,0.071060,0.151021,-0.302275,-0.028561,0.149572,-0.040425,-0.377474,0.121274,-0.180108,0.031037,0.000420,0.006334,0.185677,0.016722,0.189375,-0.571277,1.134286,-0.001111,0.059326,0.290994,-0.066442,-0.111878,0.439779,1.212340,-0.214033,0.017411,-0.122781
0.096721,-7.450219,0.771433,-0.027207,-0.022918,-0.666225,0.744902,0.167184,0.034836,0.070803,0.151204,-0.302652,-0.027624,0.149711,-0.040903,-0.378075,0.121277,-0.180578,0.031271,0.000273,0.006089,0.185007,0.016455,0.189512,-0.572983,1.134917,-0.000893,0.058618,0.290842,-0.065688,-0.111787,0.438350,1.212044,-0.216970,0.017921,-0.122940
0.096699,-7.450240,0.771439,-0.027303,-0.023062,-0.666257,0.744865,0.167451,0.034840,0.070965,0.151414,-0.302591,-0.027505,0.150088,-0.040917,-0.377775,0.121318,-0.180675,0.031033,0.001069,0.006096,0.184774,0.015916,0.189631,-0.574597,1.134826,-0.000564,0.059331,0.291274,-0.066064,-0.111860,0.440713,1.212892,-0.215347,0.017555,-0.122683
0.096607,-7.450350,0.771432,-0.027224,-0.023042,-0.665745,0.745326,0.167138,0.034788,0.069619,0.151543,-0.302528,-0.027574,0.150425,-0.040988,-0.379138,0.121280,-0.180915,0.031153,0.000229,0.006261,0.183930,0.015760,0.189740,-0.576234,1.135197,0.000610,0.059244,0.290949,-0.064932,-0.111969,0.439407,1.211909,-0.215698,0.017615,-0.122068
0.096578,-7.450409,0.771457,-0.027194,-0.022978,-0.665652,0.745413,0.166940,0.034885,0.069239,0.151627,-0.302496,-0.027636,0.150356,-0.040880,-0.379075,0.121286,-0.180758,0.030960,0.000944,0.006449,0.183283,0.015183,0.189824,-0.577876,1.135682,0.000455,0.058044,0.290418,-0.065060,-0.112103,0.439674,1.212661,-0.216234,0.017773,-0.122200
0.096520,-7.450431,0.771445,-0.027210,-0.023104,-0.665300,0.745722,0.167061,0.034752,0.068385,0.151531,-0.302131,-0.028044,0.150859,-0.041037,-0.379923,0.121293,-0.181067,0.030955,0.001012,0.006420,0.182682,0.014649,0.189979,-0.579947,1.135968,0.001278,0.058997,0.290971,-0.065186,-0.112275,0.440464,1.213690,-0.214228,0.017504,-0.121157
0.096491,-7.450464,0.771423,-0.027322,-0.023332,-0.665117,0.745875,0.167481,0.034596,0.067905,0.151695,-0.302256,-0.028040,0.151578,-0.041188,-0.380495,0.121305,-0.181422,0.030993,0.000331,0.006775,0.182251,0.014954,0.190208,-0.581922,1.136555,0.001550,0.059206,0.290578,-0.065960,-0.112439,0.441396,1.213971,-0.213468,0.017486,-0.121388
0.096489,-7.450472,0.771398,-0.027461,-0.023662,-0.664917,0.746037,0.168172,0.034278,0.067443,0.151708,-0.302102,-0.028172,0.152498,-0.041494,-0.381257,0.121312,-0.181786,0.031002,-0.001134,0.007750,0.181752,0.015130,0.190454,-0.585428,1.138376,0.001002,0.058859,0.290069,-0.066458,-0.112573,0.440973,1.213211,-0.218228,0.018279,-0.124163
0.096551,-7.450469,0.771378,-0.027699,-0.024135,-0.664975,0.745961,0.169190,0.033790,0.067583,0.152100,-0.302411,-0.027524,0.153632,-0.041918,-0.381139,0.121450,-0.182194,0.030910,-0.001144,0.009363,0.181086,0.014975,0.190625,-0.588313,1.139286,-0.001972,0.060283,0.290718,-0.066142,-0.112781,0.439510,1.211662,-0.217873,0.018073,-0.123613
0.096560,-7.450527,0.771354,-0.028023,-0.024614,-0.664670,0.746205,0.170127,0.033499,0.066433,0.152763,-0.302933,-0.027010,0.155030,-0.042217,-0.381421,0.121772,-0.182653,0.030983,-0.001944,0.011377,0.180937,0.015723,0.190658,-0.587913,1.138885,0.001156,0.060396,0.292736,-0.065327,-0.112931,0.439387,1.209503,-0.218030,0.018417,-0.122428
0.096636,-7.450449,0.771340,-0.028533,-0.025157,-0.664415,0.746395,0.171632,0.033415,0.065898,0.152725,-0.302625,-0.027725,0.156598,-0.042370,-0.381925,0.122194,-0.182855,0.030759,-0.000937,0.014716,0.181201,0.014653,0.190746,-0.588128,1.138716,-0.000085,0.058086,0.291050,-0.063825,-0.113353,0.440573,1.208828,-0.217042,0.017644,-0.120768
0.096692,-7.450284,0.771343,-0.028811,-0.025750,-0.664050,0.746689,0.172183,0.032736,0.064699,0.153691,-0.303095,-0.026570,0.157699,-0.043094,-0.382881,0.122871,-0.183300,0.030598,0.001818,0.018340,0.181926,0.012427,0.190780,-0.588970,1.136986,-0.002924,0.055921,0.290599,-0.062232,-0.114502,0.443144,1.209979,-0.209082,0.015008,-0.117174
0.096716,-7.450265,0.771318,-0.028572,-0.026220,-0.662481,0.748074,0.171775,0.031240,0.060710,0.153609,-0.301982,-0.026858,0.159271,-0.044620,-0.387414,0.122548,-0.184396,0.031114,0.002993,0.022012,0.181883,0.010479,0.190539,-0.587912,1.134227,0.003225,0.060613,0.293365,-0.060207,-0.115492,0.445106,1.213086,-0.216632,0.018126,-0.117722
0.096651,-7.450287,0.771362,-0.028691,-0.027002,-0.660109,0.750136,0.171254,0.029834,0.054362,0.155170,-0.301807,-0.025915,0.162137,-0.046034,-0.393037,0.122762,-0.184938,0.031334,0.003784,0.025188,0.182861,0.009091,0.190319,-0.586925,1.131808,0.004366,0.057566,0.293607,-0.058054,-0.116463,0.446803,1.216972,-0.211150,0.015862,-0.114360
0.096570,-7.450241,0.771349,-0.028475,-0.027568,-0.657361,0.752533,0.170126,0.028142,0.047482,0.155618,-0.300655,-0.026078,0.164648,-0.047713,-0.399968,0.122110,-0.185795,0.032301,0.006822,0.028272,0.182870,0.006291,0.189935,-0.588089,1.129243,0.006990,0.058056,0.295076,-0.055588,-0.118333,0.448563,1.219692,-0.210066,0.015697,-0.114613
0.096663,-7.450502,0.771395,-0.027910,-0.028147,-0.654350,0.755152,0.168577,0.025395,0.039737,0.156514,-0.299565,-0.024975,0.167083,-0.050378,-0.407547,0.122004,-0.187069,0.033316,0.008672,0.030323,0.182162,0.006554,0.189078,-0.587827,1.126314,0.005742,0.057930,0.294886,-0.052392,-0.121491,0.449835,1.218932,-0.210704,0.016226,-0.113107
0.096556,-7.450591,0.771438,-0.027756,-0.029683,-0.650580,0.758350,0.168080,0.022114,0.029663,0.157679,-0.297210,-0.024779,0.172034,-0.053654,-0.417179,0.121909,-0.188937,0.034779,0.010418,0.030987,0.184124,0.005277,0.188329,-0.591225,1.126364,0.001051,0.056407,0.293940,-0.050278,-0.124416,0.451805,1.218781,-0.212808,0.016081,-0.114432
0.096505,-7.450247,0.771414,-0.028870,-0.031809,-0.647350,0.760981,0.170250,0.020037,0.021495,0.159992,-0.297496,-0.023605,0.178624,-0.055688,-0.425383,0.122408,-0.190273,0.035267,0.011299,0.031925,0.189926,0.006888,0.187496,-0.587035,1.124837,0.005091,0.057526,0.292572,-0.052740,-0.126938,0.456812,1.221141,-0.211356,0.016213,-0.115353
0.096430,-7.450211,0.771426,-0.028524,-0.032512,-0.643418,0.764292,0.168058,0.017521,0.011500,0.161593,-0.296565,-0.022628,0.181914,-0.057842,-0.435243,0.121849,-0.191485,0.035976,0.012525,0.032282,0.190463,0.007871,0.186280,-0.590305,1.126644,0.003764,0.058251,0.294136,-0.053330,-0.130737,0.466668,1.221339,-0.200844,0.015053,-0.116455
0.096370,-7.450409,0.771392,-0.028350,-0.033364,-0.639203,0.767790,0.166837,0.015038,0.000665,0.162861,-0.296042,-0.022305,0.186503,-0.059822,-0.445952,0.120742,-0.192480,0.037370,0.012259,0.032293,0.190632,0.011685,0.185211,-0.591477,1.127335,0.004907,0.058774,0.293761,-0.051521,-0.132937,0.464760,1.219982,-0.205644,0.015635,-0.117146
0.096200,-7.450525,0.771461,-0.027374,-0.033021,-0.635237,0.771125,0.162675,0.013199,-0.009026,0.163326,-0.294169,-0.022978,0.187113,-0.061451,-0.455955,0.120463,-0.193342,0.038150,0.012445,0.032104,0.187654,0.013800,0.184476,-0.597789,1.130184,0.002253,0.059268,0.293201,-0.050712,-0.134817,0.465847,1.219728,-0.218305,0.019088,-0.120233
0.096308,-7.450416,0.771446,-0.027405,-0.033950,-0.632061,0.773689,0.161929,0.010777,-0.017205,0.164875,-0.293916,-0.021733,0.190728,-0.063417,-0.463909,0.120277,-0.194281,0.038902,0.013164,0.032245,0.189128,0.017712,0.183552,-0.598160,1.132441,0.001865,0.057751,0.291303,-0.051269,-0.136377,0.465929,1.219541,-0.211684,0.016853,-0.118673
0.096025,-7.450842,0.771401,-0.026953,-0.034389,-0.628712,0.776410,0.160597,0.009063,-0.025676,0.165548,-0.293163,-0.022175,0.193560,-0.064787,-0.472368,0.120064,-0.195982,0.039464,0.014248,0.031387,0.187518,0.021771,0.182731,-0.601125,1.135536,0.001611,0.057808,0.292689,-0.048898,-0.137295,0.466365,1.218051,-0.210041,0.016463,-0.117897
0.096044,-7.450965,0.771378,-0.026615,-0.034921,-0.625333,0.779122,0.159314,0.006824,-0.033836,0.166168,-0.292311,-0.022340,0.196484,-0.066624,-0.481278,0.119746,-0.197350,0.040172,0.014969,0.031344,0.186824,0.026822,0.182042,-0.601652,1.135160,0.001306,0.058300,0.291804,-0.048249,-0.137841,0.466560,1.218507,-0.213929,0.017651,-0.119403
0.096155,-7.450986,0.771369,-0.026615,-0.035608,-0.622394,0.781441,0.158588,0.004831,-0.041303,0.167469,-0.291896,-0.021744,0.199699,-0.068184,-0.488205,0.119476,-0.197940,0.041242,0.015031,0.032137,0.186543,0.029892,0.180350,-0.602164,1.137209,0.003694,0.061160,0.290703,-0.048915,-0.138693,0.467239,1.220015,-0.210845,0.017841,-0.114833
0.096391,-7.451021,0.771338,-0.026679,-0.036117,-0.620602,0.782839,0.158345,0.003300,-0.045946,0.168630,-0.292192,-0.020601,0.202002,-0.069379,-0.492664,0.119312,-0.198348,0.042216,0.016464,0.033565,0.185821,0.032995,0.178978,-0.605594,1.138782,-0.002977,0.058798,0.288398,-0.049311,-0.139036,0.470900,1.222362,-0.207806,0.016026,-0.117167
0.096545,-7.450975,0.771333,-0.026707,-0.036558,-0.618596,0.784404,0.158018,0.002001,-0.050624,0.169065,-0.291549,-0.020766,0.204151,-0.070445,-0.497788,0.119076,-0.198686,0.042938,0.017076,0.034687,0.187552,0.036912,0.176800,-0.600188,1.136429,0.008515,0.063297,0.293257,-0.047281,-0.138922,0.467349,1.218170,-0.217905,0.018534,-0.120088
0.096686,-7.451108,0.771279,-0.026775,-0.037251,-0.616645,0.785903,0.158600,0.000450,-0.055225,0.169309,-0.291256,-0.020908,0.207116,-0.071715,-0.502612,0.118852,-0.199734,0.043879,0.017111,0.035687,0.187726,0.039066,0.175130,-0.598630,1.136995,0.010256,0.061958,0.290821,-0.046449,-0.138526,0.467727,1.217797,-0.213827,0.017213,-0.119179
0.097394,-7.451694,0.771407,-0.025607,-0.037222,-0.618346,0.784606,0.158747,-0.002352,-0.051502,0.169154,-0.290648,-0.017801,0.205252,-0.074611,-0.498122,0.119386,-0.200069,0.044243,0.025533,0.037475,0.183383,0.040776,0.172948,-0.601319,1.137740,0.006491,0.062592,0.289596,-0.043798,-0.138748,0.467586,1.218295,-0.223343,0.019991,-0.120792
0.097561,-7.451811,0.771356,-0.025593,-0.037426,-0.616932,0.785710,0.158668,-0.003230,-0.055062,0.169181,-0.290370,-0.018284,0.206777,-0.075267,-0.501801,0.119261,-0.200733,0.044397,0.025737,0.038992,0.182737,0.040354,0.172024,-0.603187,1.137015,0.001686,0.061329,0.288814,-0.042548,-0.138868,0.467788,1.217774,-0.226138,0.021167,-0.120195
0.097726,-7.451979,0.771328,-0.025686,-0.037916,-0.615619,0.786712,0.158989,-0.004403,-0.058388,0.170134,-0.290948,-0.017428,0.208962,-0.076096,-0.504975,0.119150,-0.201338,0.044318,0.026278,0.040040,0.182633,0.039915,0.171444,-0.602133,1.135834,0.003405,0.061817,0.289610,-0.041553,-0.138800,0.467336,1.217330,-0.217994,0.019767,-0.114779
0.097934,-7.452042,0.771344,-0.025625,-0.038270,-0.615190,0.787033,0.159450,-0.005420,-0.059273,0.170166,-0.290319,-0.017314,0.209913,-0.077169,-0.505967,0.119190,-0.201848,0.044523,0.027363,0.041066,0.182785,0.038745,0.171079,-0.602646,1.134809,0.002542,0.060583,0.290864,-0.041600,-0.138798,0.468514,1.218242,-0.218303,0.019634,-0.114576
0.098030,-7.452223,0.771301,-0.025512,-0.038389,-0.614541,0.787537,0.159488,-0.006034,-0.060931,0.170209,-0.290317,-0.017182,0.210771,-0.077651,-0.507713,0.119027,-0.202084,0.045641,0.026950,0.041712,0.182040,0.037679,0.170858,-0.603415,1.134774,0.003166,0.060642,0.292327,-0.041153,-0.138712,0.469682,1.218830,-0.219127,0.020035,-0.115144
0.098076,-7.452433,0.771265,-0.025557,-0.038430,-0.614340,0.787690,0.159919,-0.006004,-0.061378,0.170130,-0.290527,-0.017526,0.211373,-0.077614,-0.508032,0.119012,-0.202288,0.045611,0.026593,0.042267,0.181577,0.037049,0.170758,-0.603302,1.134978,0.005407,0.061514,0.294592,-0.040269,-0.138457,0.469440,1.218399,-0.220546,0.019033,-0.118631
0.098188,-7.452486,0.771257,-0.025805,-0.038588,-0.614724,0.787375,0.160687,-0.005881,-0.060381,0.170557,-0.291177,-0.016960,0.211826,-0.077533,-0.507054,0.119115,-0.202651,0.044873,0.026686,0.042824,0.182381,0.036463,0.170684,-0.602302,1.135370,0.005777,0.061847,0.295121,-0.040957,-0.138359,0.468265,1.217798,-0.220660,0.018999,-0.119111
0.098303,-7.452631,0.771206,-0.026047,-0.038696,-0.615148,0.787031,0.161835,-0.005578,-0.059378,0.170263,-0.291559,-0.017245,0.212377,-0.077267,-0.506045,0.119132,-0.202752,0.044887,0.026077,0.043269,0.182538,0.035799,0.170704,-0.603365,1.137181,0.006359,0.059775,0.293230,-0.041855,-0.138485,0.468610,1.218700,-0.218791,0.018299,-0.118362
0.098305,-7.452861,0.771197,-0.026013,-0.038554,-0.615691,0.786614,0.162081,-0.005218,-0.058074,0.170317,-0.291928,-0.017045,0.212050,-0.076989,-0.504824,0.119196,-0.202883,0.044552,0.026044,0.042884,0.182152,0.036136,0.170746,-0.602868,1.137181,0.004546,0.060240,0.292715,-0.041286,-0.138615,0.467918,1.218454,-0.220180,0.018890,-0.119576
0.098368,-7.453066,0.771184,-0.025912,-0.038323,-0.616494,0.785999,0.162461,-0.004867,-0.056136,0.169813,-0.292180,-0.017066,0.211334,-0.076798,-0.503057,0.119239,-0.202974,0.044900,0.026210,0.042520,0.181410,0.036570,0.170764,-0.602305,1.136149,0.005094,0.059732,0.292272,-0.041478,-0.138875,0.466998,1.218662,-0.218108,0.019770,-0.116094
0.098370,-7.453229,0.771132,-0.025971,-0.038311,-0.617188,0.785453,0.163322,-0.004487,-0.054383,0.169374,-0.292514,-0.017186,0.211214,-0.076508,-0.501291,0.119272,-0.202832,0.045721,0.025964,0.042052,0.181843,0.036812,0.170739,-0.601657,1.135067,0.003391,0.060564,0.291203,-0.040721,-0.139316,0.466064,1.218415,-0.222792,0.020745,-0.118003
0.098382,-7.453381,0.771129,-0.026150,-0.037996,-0.617771,0.785004,0.163470,-0.003514,-0.052988,0.169442,-0.293189,-0.017493,0.210697,-0.075696,-0.500102,0.119342,-0.202994,0.044489,0.024837,0.042027,0.182084,0.036692,0.170673,-0.601534,1.135270,0.004377,0.061215,0.290377,-0.040077,-0.139534,0.465388,1.218177,-0.218434,0.019897,-0.116544
0.098385,-7.453497,0.771107,-0.026067,-0.037801,-0.618419,0.784506,0.163747,-0.003146,-0.051452,0.168924,-0.293392,-0.017724,0.210037,-0.075353,-0.498370,0.119330,-0.202675,0.045180,0.024334,0.041356,0.182347,0.037082,0.170578,-0.601534,1.134845,0.003864,0.060274,0.291491,-0.038991,-0.139592,0.464958,1.218556,-0.220878,0.019336,-0.118619
0.098394,-7.453672,0.771099,-0.026188,-0.037660,-0.619084,0.783984,0.164248,-0.002517,-0.049850,0.168896,-0.293877,-0.017742,0.209702,-0.074860,-0.496672,0.119465,-0.202883,0.044062,0.023757,0.040802,0.182741,0.035928,0.170564,-0.603305,1.136669,0.002432,0.058455,0.289991,-0.038003,-0.139599,0.464905,1.218076,-0.218700,0.019367,-0.117944
0.098398,-7.453823,0.771103,-0.026130,-0.037365,-0.620054,0.783233,0.164364,-0.001939,-0.047474,0.168752,-0.294343,-0.017411,0.208664,-0.074447,-0.494328,0.119559,-0.202710,0.044372,0.024316,0.039808,0.182390,0.036702,0.170495,-0.602923,1.135999,0.006602,0.060498,0.293361,-0.037760,-0.139561,0.466098,1.219306,-0.223149,0.020251,-0.120590
0.098483,-7.453828,0.771097,-0.026446,-0.037102,-0.620817,0.782631,0.164912,-0.000854,-0.045541,0.168495,-0.294787,-0.018133,0.208121,-0.073484,-0.492220,0.119645,-0.202131,0.043189,0.024161,0.040011,0.183395,0.037114,0.170358,-0.601268,1.135172,0.006452,0.058707,0.292188,-0.037534,-0.139539,0.466024,1.219621,-0.214013,0.017660,-0.117735
0.098599,-7.453932,0.771061,-0.026502,-0.037104,-0.621880,0.781784,0.165939,-0.000603,-0.042885,0.167952,-0.295068,-0.017861,0.207775,-0.073335,-0.489668,0.119666,-0.201817,0.044362,0.024443,0.039500,0.183778,0.037057,0.170220,-0.601451,1.135367,0.006433,0.058824,0.292897,-0.037509,-0.139552,0.466992,1.220604,-0.218960,0.018962,-0.119163
0.098681,-7.454089,0.771051,-0.026505,-0.036875,-0.622594,0.781226,0.166166,-0.000228,-0.041253,0.167890,-0.295678,-0.017496,0.207139,-0.073055,-0.487910,0.119714,-0.201806,0.044379,0.023557,0.039328,0.183429,0.037273,0.170141,-0.602456,1.135459,0.002237,0.058652,0.292569,-0.037246,-0.139502,0.467334,1.220870,-0.217460,0.018821,-0.119593
0.098758,-7.454075,0.771082,-0.026569,-0.036485,-0.623470,0.780544,0.166002,0.000602,-0.038975,0.167832,-0.295824,-0.017723,0.205903,-0.072407,-0.485837,0.119839,-0.201526,0.043374,0.023695,0.039344,0.183625,0.037177,0.170040,-0.601926,1.134751,0.002841,0.060703,0.293569,-0.037222,-0.139456,0.465629,1.219955,-0.216022,0.018488,-0.119525
0.098871,-7.454187,0.771046,-0.026636,-0.036420,-0.624305,0.779877,0.166910,0.000879,-0.036830,0.167159,-0.296001,-0.017957,0.205608,-0.072221,-0.484003,0.119863,-0.201251,0.044046,0.023707,0.039243,0.183929,0.037568,0.169929,-0.601709,1.134241,0.004460,0.062102,0.293460,-0.037332,-0.139437,0.464493,1.219596,-0.217678,0.018732,-0.120261
0.099003,-7.454229,0.771055,-0.026513,-0.036249,-0.624914,0.779401,0.166857,0.000855,-0.035351,0.167099,-0.296280,-0.017348,0.204791,-0.072319,-0.482374,0.119962,-0.201121,0.044099,0.023316,0.038632,0.183721,0.037618,0.169824,-0.601543,1.134378,0.004816,0.061391,0.293654,-0.037404,-0.139407,0.464022,1.218710,-0.213947,0.017917,-0.119493
0.099162,-7.454191,0.771053,-0.026689,-0.036105,-0.625650,0.778810,0.167313,0.001282,-0.033566,0.166863,-0.296515,-0.017524,0.204289,-0.071974,-0.480577,0.120014,-0.200792,0.043941,0.022886,0.038905,0.184211,0.037030,0.169829,-0.602214,1.134790,0.004046,0.059576,0.294152,-0.037881,-0.139379,0.463835,1.218404,-0.214068,0.018122,-0.120260
0.099311,-7.454254,0.771059,-0.026752,-0.036090,-0.625991,0.778535,0.167690,0.001309,-0.032628,0.166897,-0.296684,-0.017148,0.204233,-0.072027,-0.479767,0.120061,-0.200740,0.044038,0.022165,0.038798,0.184359,0.036035,0.169995,-0.604039,1.135849,0.002671,0.059019,0.294628,-0.037716,-0.139284,0.463671,1.218431,-0.218697,0.019239,-0.121829
0.099439,-7.454400,0.771055,-0.026837,-0.035927,-0.626089,0.778461,0.167843,0.001597,-0.032477,0.166862,-0.296967,-0.017368,0.204271,-0.071776,-0.479499,0.120059,-0.200776,0.043752,0.022005,0.038826,0.183937,0.035642,0.170166,-0.604306,1.136620,0.002136,0.058050,0.293609,-0.036472,-0.139123,0.463514,1.218006,-0.212536,0.017773,-0.119832
0.099609,-7.454338,0.771057,-0.026766,-0.035863,-0.626575,0.778075,0.167898,0.001407,-0.031107,0.166647,-0.296891,-0.017019,0.203660,-0.072022,-0.478306,0.120125,-0.200329,0.044000,0.023079,0.038414,0.184203,0.034752,0.170287,-0.603609,1.136809,0.001924,0.057538,0.293695,-0.036202,-0.138889,0.463258,1.218153,-0.218304,0.019476,-0.121168
0.099765,-7.454424,0.771062,-0.026805,-0.035856,-0.626530,0.778111,0.168096,0.001272,-0.031081,0.166630,-0.297053,-0.016790,0.203933,-0.072162,-0.478349,0.120074,-0.200144,0.044768,0.023204,0.038090,0.183988,0.034735,0.170321,-0.602750,1.136333,0.002380,0.058747,0.293675,-0.035417,-0.138768,0.462749,1.217896,-0.213881,0.018816,-0.119482
0.099886,-7.454441,0.771056,-0.026932,-0.035790,-0.626847,0.777854,0.168327,0.001522,-0.030313,0.166787,-0.297387,-0.016746,0.203689,-0.071968,-0.477440,0.120472,-0.200033,0.043882,0.023628,0.037774,0.184539,0.035331,0.170385,-0.600301,1.134644,0.003069,0.059399,0.293778,-0.035440,-0.138470,0.461579,1.217485,-0.219106,0.020109,-0.121150
0.100007,-7.454507,0.771045,-0.027004,-0.035851,-0.626885,0.777818,0.168650,0.001401,-0.030094,0.166924,-0.297541,-0.016583,0.203906,-0.072122,-0.477431,0.120689,-0.200237,0.043755,0.023128,0.037209,0.185041,0.036197,0.170401,-0.599199,1.134199,0.004628,0.059239,0.293329,-0.035695,-0.138262,0.461156,1.216891,-0.211809,0.018038,-0.119632
0.100167,-7.454545,0.771015,-0.027204,-0.036086,-0.626930,0.777764,0.169562,0.001206,-0.030021,0.166824,-0.297807,-0.016323,0.204918,-0.072264,-0.477591,0.120225,-0.200258,0.044623,0.021744,0.036781,0.186468,0.036859,0.170566,-0.598994,1.133590,0.005178,0.059027,0.291380,-0.035872,-0.137897,0.459706,1.215480,-0.214576,0.018819,-0.120379
0.100370,-7.454502,0.771031,-0.027393,-0.036073,-0.627261,0.777491,0.169747,0.001267,-0.029399,0.167290,-0.298476,-0.015547,0.204830,-0.072241,-0.476547,0.120458,-0.199745,0.044933,0.021838,0.036426,0.186903,0.037318,0.170699,-0.598732,1.134148,0.005036,0.059600,0.291393,-0.036407,-0.137480,0.458620,1.215032,-0.213781,0.018148,-0.120164
0.100495,-7.454592,0.770986,-0.027712,-0.036316,-0.627345,0.777400,0.170986,0.001403,-0.028940,0.167079,-0.298557,-0.015997,0.205886,-0.072159,-0.476541,0.120419,-0.200009,0.045089,0.021549,0.035463,0.187289,0.037995,0.170725,-0.597824,1.134791,0.005505,0.060086,0.293921,-0.036381,-0.136942,0.457882,1.214256,-0.220514,0.020029,-0.122493
0.100636,-7.454634,0.770936,-0.028074,-0.036397,-0.627666,0.777125,0.171943,0.001860,-0.028198,0.167139,-0.299164,-0.016127,0.206417,-0.071791,-0.475709,0.120498,-0.200069,0.044973,0.022392,0.035462,0.187018,0.038036,0.170682,-0.597542,1.135406,0.002896,0.058536,0.293175,-0.036010,-0.136551,0.457092,1.214145,-0.220976,0.020025,-0.123841
0.100793,-7.454536,0.770957,-0.028194,-0.036418,-0.627804,0.777008,0.172139,0.001763,-0.027957,0.167102,-0.299271,-0.015898,0.206388,-0.071865,-0.475268,0.120616,-0.199859,0.045048,0.023013,0.035101,0.187456,0.037780,0.170547,-0.596461,1.134705,0.003674,0.059132,0.293699,-0.035869,-0.136248,0.455834,1.213390,-0.215889,0.018603,-0.122905
0.100957,-7.454572,0.770940,-0.028369,-0.036415,-0.627757,0.777040,0.172241,0.001825,-0.028250,0.167588,-0.299659,-0.015756,0.206308,-0.071985,-0.475276,0.121630,-0.200525,0.043518,0.022654,0.034327,0.187738,0.038472,0.170436,-0.594464,1.133821,0.003328,0.057399,0.293182,-0.035993,-0.136088,0.455811,1.213495,-0.221406,0.020197,-0.124403
0.101090,-7.454554,0.770974,-0.028206,-0.036402,-0.628164,0.776717,0.172220,0.001352,-0.027185,0.167451,-0.299459,-0.015041,0.205891,-0.072464,-0.474224,0.121337,-0.200287,0.044798,0.023010,0.033522,0.187810,0.038799,0.170201,-0.593192,1.132652,0.003386,0.057906,0.292434,-0.036030,-0.135871,0.455374,1.213690,-0.212746,0.018062,-0.122381
0.101234,-7.454552,0.770968,-0.028290,-0.036245,-0.628246,0.776655,0.172164,0.001594,-0.026982,0.167378,-0.299612,-0.015295,0.205568,-0.072299,-0.474146,0.121763,-0.200048,0.044115,0.023277,0.033349,0.187828,0.038834,0.169979,-0.592809,1.132503,0.003468,0.057560,0.292604,-0.035825,-0.135771,0.454871,1.213884,-0.217602,0.019904,-0.122144
0.101360,-7.454492,0.770980,-0.028262,-0.036098,-0.628482,0.776472,0.172113,0.001622,-0.026124,0.167084,-0.299501,-0.015393,0.205001,-0.072305,-0.473521,0.121893,-0.199840,0.044018,0.023817,0.032955,0.187674,0.038497,0.169731,-0.591881,1.133047,0.002850,0.058094,0.292083,-0.036210,-0.135769,0.454473,1.214010,-0.218146,0.021263,-0.119321
0.101460,-7.454623,0.770976,-0.028088,-0.036019,-0.628277,0.776648,0.171845,0.001230,-0.026727,0.167124,-0.299554,-0.014955,0.205199,-0.072636,-0.474204,0.121352,-0.199950,0.045089,0.023221,0.032586,0.187134,0.038842,0.169450,-0.591043,1.133268,0.005661,0.058750,0.293039,-0.034756,-0.135707,0.454194,1.213602,-0.217174,0.019622,-0.122521
0.101618,-7.454501,0.770974,-0.028260,-0.036057,-0.628696,0.776300,0.172158,0.001282,-0.025977,0.167254,-0.299886,-0.014629,0.205049,-0.072624,-0.473086,0.121494,-0.199687,0.045315,0.023505,0.032756,0.187882,0.038944,0.169228,-0.589822,1.133101,0.006269,0.058325,0.294007,-0.035059,-0.135619,0.453459,1.213745,-0.218707,0.019497,-0.123955
0.101725,-7.454511,0.770985,-0.028153,-0.035954,-0.628716,0.776293,0.171854,0.001001,-0.025988,0.167267,-0.299942,-0.014298,0.204686,-0.072873,-0.473232,0.121705,-0.199741,0.045072,0.022915,0.032635,0.187706,0.038955,0.169107,-0.590191,1.133189,0.006408,0.059734,0.294510,-0.035208,-0.135526,0.453381,1.213573,-0.219056,0.020162,-0.124998
0.101874,-7.454515,0.770980,-0.028201,-0.035908,-0.628807,0.776220,0.172033,0.001020,-0.025645,0.167054,-0.299875,-0.014546,0.204652,-0.072903,-0.472891,0.121675,-0.199657,0.045203,0.022629,0.032556,0.187856,0.039397,0.169027,-0.589103,1.133595,0.010179,0.061003,0.296162,-0.034996,-0.135429,0.452992,1.213006,-0.222528,0.020766,-0.127251
0.101989,-7.454483,0.770994,-0.028095,-0.035776,-0.628883,0.776168,0.171715,0.000906,-0.025337,0.166951,-0.299574,-0.014416,0.204230,-0.073086,-0.472727,0.121593,-0.199506,0.045525,0.022191,0.032718,0.187983,0.039235,0.168997,-0.588363,1.133814,0.010006,0.060572,0.296113,-0.034978,-0.135334,0.452240,1.212490,-0.207825,0.016231,-0.123082
0.102099,-7.454484,0.771006,-0.028159,-0.035767,-0.628998,0.776073,0.171788,0.000833,-0.025176,0.167133,-0.299835,-0.014135,0.204164,-0.073155,-0.472377,0.121772,-0.199301,0.045491,0.022165,0.032792,0.188097,0.039165,0.169012,-0.588131,1.134551,0.010827,0.061031,0.297374,-0.034919,-0.135271,0.452152,1.212491,-0.206329,0.015757,-0.122556
0.102205,-7.454483,0.771011,-0.028111,-0.035744,-0.629035,0.776046,0.171558,0.000545,-0.025308,0.167491,-0.300220,-0.013342,0.203791,-0.073423,-0.472012,0.122431,-0.199555,0.044748,0.021629,0.032847,0.188311,0.038953,0.169056,-0.588348,1.134847,0.010437,0.060765,0.298042,-0.035016,-0.135201,0.452327,1.212752,-0.208193,0.015795,-0.123305
0.102266,-7.454503,0.771001,-0.028062,-0.035580,-0.629106,0.775998,0.171624,0.000712,-0.024881,0.166768,-0.299726,-0.014148,0.203807,-0.073253,-0.472290,0.121536,-0.199223,0.045873,0.021966,0.032938,0.188175,0.038177,0.169219,-0.589374,1.135563,0.010650,0.060838,0.299331,-0.034756,-0.135050,0.452490,1.212903,-0.206816,0.015376,-0.123486
0.102325,-7.454535,0.771002,-0.028086,-0.035540,-0.629059,0.776037,0.171543,0.000706,-0.025126,0.166913,-0.299895,-0.013955,0.203754,-0.073261,-0.472205,0.121793,-0.199056,0.045609,0.022280,0.032940,0.188315,0.037554,0.169376,-0.590466,1.135948,0.011456,0.061262,0.300217,-0.034668,-0.134968,0.453525,1.213587,-0.204046,0.014404,-0.122543
0.102367,-7.454573,0.771028,-0.028062,-0.035531,-0.628805,0.776244,0.171406,0.000588,-0.025585,0.167005,-0.299699,-0.013967,0.203952,-0.073433,-0.473053,0.121685,-0.199170,0.045604,0.022292,0.033102,0.188371,0.036808,0.169775,-0.594141,1.136284,0.008312,0.060188,0.299478,-0.034951,-0.134889,0.455963,1.215405,-0.206985,0.014955,-0.123086
0.102450,-7.454540,0.771032,-0.028133,-0.035669,-0.628847,0.776201,0.171785,0.000397,-0.025519,0.166898,-0.299412,-0.013959,0.204293,-0.073572,-0.472970,0.121651,-0.198917,0.045955,0.022698,0.033124,0.188975,0.034751,0.170432,-0.600130,1.139313,0.004574,0.057781,0.299257,-0.035742,-0.134921,0.458597,1.217037,-0.208186,0.015109,-0.122119
0.102524,-7.454523,0.771048,-0.028221,-0.035828,-0.628799,0.776229,0.172066,0.000143,-0.025535,0.167110,-0.299545,-0.013586,0.204415,-0.073873,-0.472720,0.122289,-0.198936,0.045384,0.023916,0.033188,0.189117,0.035686,0.170659,-0.600341,1.137562,0.009812,0.060228,0.298936,-0.036051,-0.135019,0.460339,1.218233,-0.207457,0.014649,-0.120988
0.102491,-7.454531,0.771095,-0.028088,-0.035797,-0.628360,0.776591,0.171321,-0.000191,-0.026971,0.167694,-0.299719,-0.012674,0.204667,-0.073995,-0.474040,0.121842,-0.198638,0.045917,0.023016,0.032702,0.188658,0.034854,0.171542,-0.606204,1.138831,0.008956,0.061178,0.298148,-0.037049,-0.135311,0.464325,1.219065,-0.206693,0.015493,-0.118033
0.102438,-7.454502,0.771140,-0.027851,-0.035683,-0.627858,0.777010,0.170674,-0.000403,-0.027922,0.167261,-0.298751,-0.013132,0.204751,-0.074140,-0.475480,0.120956,-0.198246,0.046770,0.022012,0.032118,0.187743,0.032470,0.172679,-0.616087,1.142870,0.006170,0.060187,0.294789,-0.038765,-0.135446,0.470985,1.223014,-0.214152,0.015573,-0.121018
0.102391,-7.454382,0.771245,-0.027348,-0.035121,-0.627469,0.777368,0.168743,-0.000546,-0.028804,0.166678,-0.297531,-0.013526,0.203269,-0.074126,-0.476773,0.120410,-0.197275,0.046807,0.021803,0.032114,0.185577,0.030796,0.175060,-0.628841,1.143767,0.002613,0.059396,0.288156,-0.040659,-0.135602,0.477483,1.226768,-0.207062,0.013402,-0.115737
0.102420,-7.454257,0.771353,-0.026788,-0.034521,-0.627013,0.777783,0.166337,-0.000885,-0.030118,0.166846,-0.296793,-0.013135,0.201336,-0.074443,-0.477591,0.120700,-0.196779,0.045940,0.021763,0.031749,0.184275,0.029879,0.177322,-0.634109,1.142826,0.003105,0.059137,0.287637,-0.042471,-0.136258,0.482278,1.227829,-0.215045,0.014910,-0.113678
0.101841,-7.453520,0.771266,-0.027840,-0.034838,-0.623721,0.780374,0.165166,0.000658,-0.038049,0.168051,-0.297391,-0.014940,0.204655,-0.072516,-0.486140,0.119541,-0.196375,0.046446,0.014917,0.031593,0.189088,0.025329,0.180210,-0.635093,1.143089,0.001958,0.056363,0.287368,-0.046100,-0.136510,0.484023,1.226934,-0.223498,0.017313,-0.116913
0.101850,-7.453320,0.771301,-0.027708,-0.034812,-0.623300,0.780716,0.164459,0.000243,-0.039209,0.167960,-0.296846,-0.014888,0.204400,-0.072844,-0.487138,0.119508,-0.196010,0.046540,0.014474,0.030822,0.190330,0.023759,0.183285,-0.635434,1.141421,0.004977,0.060387,0.287859,-0.049417,-0.137285,0.485539,1.227145,-0.219518,0.016285,-0.111056
0.101903,-7.453092,0.771373,-0.027264,-0.034414,-0.623155,0.780865,0.162751,-0.000196,-0.039566,0.167786,-0.296066,-0.014559,0.202782,-0.073287,-0.487577,0.119507,-0.195574,0.046646,0.014269,0.030931,0.190783,0.021466,0.185027,-0.636416,1.141671,0.003050,0.059470,0.286904,-0.051924,-0.138339,0.486425,1.227898,-0.222968,0.017118,-0.111319
0.101933,-7.452842,0.771421,-0.027082,-0.034312,-0.622878,0.781096,0.161854,-0.000546,-0.040158,0.167667,-0.295372,-0.014515,0.202190,-0.073635,-0.488366,0.119487,-0.195166,0.046859,0.013864,0.031130,0.192064,0.018347,0.186399,-0.638789,1.142156,0.000183,0.058195,0.285596,-0.054236,-0.139441,0.488350,1.228233,-0.212992,0.014366,-0.108619
0.101874,-7.452643,0.771460,-0.027081,-0.034366,-0.622660,0.781268,0.161480,-0.000697,-0.040870,0.167685,-0.295051,-0.014605,0.202038,-0.073688,-0.488699,0.119516,-0.194894,0.046347,0.013517,0.031285,0.193940,0.015759,0.187600,-0.640495,1.141536,0.002844,0.058203,0.285317,-0.055943,-0.140607,0.489505,1.227946,-0.213048,0.014694,-0.108131
0.101860,-7.452385,0.771494,-0.027037,-0.034377,-0.622659,0.781270,0.161061,-0.000829,-0.040594,0.167636,-0.294579,-0.014490,0.201587,-0.073919,-0.488648,0.119528,-0.194802,0.046198,0.013458,0.031383,0.195647,0.013542,0.188212,-0.640552,1.140517,0.002853,0.057990,0.285041,-0.057147,-0.141330,0.489567,1.227630,-0.219216,0.016395,-0.111570
0.101817,-7.452184,0.771572,-0.026659,-0.034040,-0.622673,0.781287,0.159650,-0.001017,-0.040626,0.167465,-0.293802,-0.014402,0.200112,-0.074115,-0.488726,0.119515,-0.194120,0.046543,0.013421,0.031090,0.196260,0.012012,0.188624,-0.639958,1.138899,0.004899,0.059810,0.286073,-0.057456,-0.141949,0.489302,1.225786,-0.212632,0.015439,-0.110535
0.101748,-7.452024,0.771641,-0.026256,-0.033593,-0.622485,0.781469,0.158067,-0.001075,-0.040886,0.167078,-0.293002,-0.014711,0.198568,-0.074227,-0.489280,0.119500,-0.193736,0.046398,0.012369,0.031017,0.196574,0.010766,0.188766,-0.640553,1.136800,0.005713,0.060969,0.285703,-0.057589,-0.142262,0.489297,1.224900,-0.213008,0.015400,-0.111325
0.101666,-7.451786,0.771660,-0.026189,-0.033514,-0.622321,0.781606,0.157311,-0.001075,-0.041239,0.167210,-0.292728,-0.014865,0.198044,-0.074145,-0.489513,0.119538,-0.193355,0.045517,0.010966,0.030971,0.198011,0.008636,0.188872,-0.642677,1.139026,0.006081,0.056847,0.284848,-0.057691,-0.142383,0.489479,1.224253,-0.213479,0.016147,-0.111306
0.101583,-7.451713,0.771695,-0.026047,-0.033371,-0.622393,0.781560,0.156679,-0.001012,-0.041111,0.167259,-0.292484,-0.014719,0.197383,-0.074134,-0.489382,0.119521,-0.193156,0.045891,0.010833,0.030903,0.198452,0.007135,0.189095,-0.646156,1.139101,0.002123,0.056140,0.284380,-0.056103,-0.142070,0.489000,1.222978,-0.211970,0.016421,-0.110827
0.101487,-7.451636,0.771711,-0.025974,-0.033225,-0.622669,0.781348,0.156238,-0.000812,-0.040517,0.167354,-0.292679,-0.014462,0.196680,-0.073903,-0.488791,0.119537,-0.192974,0.045832,0.011288,0.030858,0.198745,0.007221,0.189203,-0.645495,1.138602,0.002219,0.056497,0.284573,-0.054270,-0.141594,0.488556,1.222077,-0.210907,0.015703,-0.110929
0.101419,-7.451530,0.771740,-0.026045,-0.033060,-0.623174,0.780950,0.156204,-0.000142,-0.039233,0.167165,-0.292376,-0.015135,0.195930,-0.073334,-0.487311,0.119609,-0.192472,0.044688,0.011678,0.031117,0.200026,0.007696,0.189286,-0.644280,1.137642,0.003642,0.057296,0.284865,-0.051819,-0.140984,0.487683,1.219533,-0.210712,0.015861,-0.112027
0.101327,-7.451540,0.771739,-0.026003,-0.032955,-0.623378,0.780793,0.156098,0.000106,-0.038648,0.166970,-0.292352,-0.015283,0.195540,-0.073143,-0.486974,0.119610,-0.192428,0.044738,0.011102,0.030478,0.200006,0.008829,0.189400,-0.641704,1.137801,0.005627,0.058436,0.284302,-0.050946,-0.139145,0.487338,1.219910,-0.212260,0.016248,-0.110599
0.101229,-7.451554,0.771723,-0.025838,-0.032796,-0.623496,0.780711,0.155645,0.000170,-0.038537,0.166946,-0.292497,-0.015091,0.194985,-0.073073,-0.486850,0.119585,-0.192681,0.045134,0.010038,0.030053,0.199526,0.009785,0.189497,-0.641339,1.137883,0.004818,0.058924,0.284481,-0.049420,-0.137639,0.486988,1.220188,-0.216510,0.016346,-0.115134
0.101183,-7.451594,0.771716,-0.025983,-0.032974,-0.623971,0.780319,0.156632,0.000414,-0.037066,0.166668,-0.292385,-0.015331,0.195269,-0.072861,-0.485474,0.119577,-0.192101,0.045696,0.009878,0.029632,0.199665,0.010438,0.189599,-0.641578,1.138697,0.003146,0.058302,0.283629,-0.049108,-0.136237,0.486286,1.220802,-0.214759,0.016228,-0.114540
0.101192,-7.451551,0.771719,-0.026155,-0.033075,-0.624481,0.779901,0.157241,0.000690,-0.035856,0.166617,-0.292588,-0.015243,0.195295,-0.072675,-0.484233,0.119625,-0.191985,0.045834,0.009694,0.029863,0.199401,0.009918,0.189716,-0.643587,1.140478,0.001186,0.057384,0.282056,-0.049591,-0.135356,0.486192,1.222396,-0.212339,0.015576,-0.113911
0.101147,-7.451605,0.771683,-0.026256,-0.032977,-0.624833,0.779620,0.157648,0.001247,-0.034949,0.166235,-0.292752,-0.015884,0.195127,-0.072226,-0.483313,0.119625,-0.192034,0.045579,0.009597,0.029376,0.199050,0.010510,0.189737,-0.642188,1.140439,0.001018,0.056143,0.283290,-0.049517,-0.134925,0.485096,1.222157,-0.211781,0.015726,-0.113844
0.101194,-7.451684,0.771661,-0.026328,-0.033032,-0.625109,0.779393,0.158090,0.001293,-0.034199,0.166288,-0.293034,-0.015805,0.195263,-0.072117,-0.482498,0.119692,-0.192089,0.045012,0.008998,0.028964,0.198464,0.010668,0.189752,-0.641607,1.140183,0.000827,0.055937,0.283889,-0.050190,-0.134676,0.484551,1.222948,-0.212389,0.015785,-0.114633
0.101170,-7.451755,0.771624,-0.026681,-0.033251,-0.625546,0.779022,0.159393,0.001857,-0.032929,0.166159,-0.293413,-0.016093,0.195974,-0.071806,-0.481767,0.119729,-0.192789,0.044908,0.009708,0.028608,0.198646,0.009918,0.189740,-0.641446,1.139980,0.001963,0.057176,0.285203,-0.051145,-0.134775,0.484045,1.223394,-0.212802,0.015719,-0.114772
0.101139,-7.451924,0.771575,-0.026892,-0.033451,-0.625616,0.778950,0.160309,0.002065,-0.032841,0.166306,-0.294072,-0.016034,0.196876,-0.071489,-0.481422,0.119691,-0.192543,0.045294,0.009728,0.027481,0.198077,0.009766,0.189702,-0.640949,1.139302,-0.000736,0.057975,0.286406,-0.052005,-0.135068,0.484079,1.223824,-0.210089,0.016714,-0.112592
0.101142,-7.451800,0.771582,-0.027202,-0.033457,-0.625739,0.778840,0.160532,0.002648,-0.032400,0.166575,-0.294355,-0.016301,0.196983,-0.070976,-0.480920,0.119721,-0.192549,0.044182,0.009741,0.026695,0.198595,0.008868,0.189646,-0.639861,1.138548,-0.003875,0.056215,0.286918,-0.052819,-0.135386,0.483364,1.224554,-0.211766,0.016343,-0.116729
0.101114,-7.452031,0.771513,-0.027253,-0.033685,-0.625481,0.779035,0.161096,0.002388,-0.033239,0.166894,-0.295155,-0.015772,0.198040,-0.071074,-0.481529,0.119689,-0.192633,0.045047,0.008817,0.024628,0.197788,0.009266,0.189611,-0.638885,1.138685,-0.006416,0.054491,0.287342,-0.052852,-0.135553,0.482452,1.224526,-0.220688,0.019359,-0.119355
0.101012,-7.452143,0.771457,-0.027758,-0.034024,-0.625955,0.778622,0.162801,0.003168,-0.031930,0.166999,-0.295919,-0.016020,0.199273,-0.070439,-0.480605,0.119611,-0.192980,0.045810,0.009715,0.022867,0.198186,0.009216,0.189657,-0.638183,1.138417,-0.006162,0.054177,0.288180,-0.053152,-0.135589,0.481908,1.223281,-0.218047,0.018784,-0.118435
0.100990,-7.452390,0.771372,-0.028268,-0.034467,-0.626086,0.778479,0.164785,0.003654,-0.031419,0.167049,-0.296508,-0.016767,0.201067,-0.070024,-0.480326,0.119638,-0.193598,0.045563,0.009282,0.021333,0.197711,0.009763,0.189718,-0.637711,1.139529,-0.005605,0.053481,0.285710,-0.053077,-0.135503,0.481729,1.222227,-0.217981,0.019388,-0.118518
0.100942,-7.452733,0.771259,-0.029096,-0.035390,-0.626075,0.778416,0.167961,0.003979,-0.031472,0.167574,-0.297675,-0.016773,0.204426,-0.069589,-0.479993,0.119636,-0.194154,0.044817,0.008516,0.019341,0.197591,0.011552,0.189738,-0.635922,1.139278,-0.003514,0.055021,0.287152,-0.051845,-0.135074,0.481243,1.220434,-0.215876,0.018928,-0.117703
0.100918,-7.452896,0.771168,-0.029974,-0.036043,-0.626787,0.777779,0.170971,0.004919,-0.029624,0.167740,-0.298774,-0.017192,0.206621,-0.068780,-0.478131,0.119668,-0.194766,0.044472,0.008737,0.018017,0.197205,0.011726,0.189863,-0.636124,1.139890,-0.004754,0.054229,0.286874,-0.051459,-0.134021,0.480849,1.219202,-0.220284,0.020169,-0.119318
0.100992,-7.453022,0.771098,-0.030842,-0.036741,-0.627547,0.777100,0.173849,0.005589,-0.027768,0.168271,-0.300048,-0.016981,0.208850,-0.068193,-0.476456,0.119717,-0.194957,0.044300,0.009554,0.017237,0.197098,0.012508,0.189866,-0.635888,1.139133,-0.004200,0.054736,0.286904,-0.050623,-0.133344,0.480466,1.217623,-0.218813,0.019655,-0.120177
0.101097,-7.453142,0.770995,-0.031474,-0.037261,-0.628542,0.776245,0.176678,0.006087,-0.025069,0.167797,-0.300876,-0.017179,0.210323,-0.067868,-0.474214,0.119722,-0.195221,0.045319,0.010045,0.016219,0.196281,0.013645,0.189719,-0.634401,1.137256,-0.006225,0.055684,0.287424,-0.050221,-0.132383,0.480183,1.217116,-0.219330,0.019713,-0.119694
0.101090,-7.453284,0.770956,-0.032066,-0.037415,-0.629779,0.775210,0.178493,0.007288,-0.022088,0.168134,-0.302144,-0.017266,0.210704,-0.066745,-0.470740,0.119961,-0.195139,0.043621,0.011332,0.015822,0.194997,0.014496,0.189608,-0.632660,1.136599,-0.006709,0.055150,0.288246,-0.049346,-0.131309,0.479627,1.217124,-0.218636,0.019683,-0.119804
0.101153,-7.453327,0.770870,-0.032804,-0.037834,-0.630770,0.774353,0.181094,0.008201,-0.019406,0.167816,-0.302885,-0.017909,0.211986,-0.066034,-0.468340,0.120062,-0.195100,0.043808,0.010988,0.015094,0.194857,0.015820,0.189460,-0.630159,1.136387,-0.008064,0.053740,0.287232,-0.049067,-0.130102,0.479234,1.217782,-0.227760,0.022141,-0.122267
0.101227,-7.453226,0.770848,-0.032969,-0.037769,-0.632326,0.773079,0.182200,0.008800,-0.015430,0.167120,-0.303185,-0.017774,0.211081,-0.065546,-0.464496,0.119962,-0.194265,0.045098,0.011488,0.013780,0.193790,0.016971,0.189252,-0.627925,1.137440,-0.009978,0.050290,0.286115,-0.049207,-0.129312,0.479187,1.217891,-0.223167,0.020733,-0.120115
0.101331,-7.452939,0.770883,-0.033007,-0.037186,-0.634071,0.771674,0.181865,0.009845,-0.011156,0.166705,-0.303460,-0.017657,0.208411,-0.064775,-0.460072,0.120379,-0.193460,0.044543,0.012004,0.013268,0.192608,0.017557,0.188938,-0.626218,1.137624,-0.013263,0.050040,0.285483,-0.049520,-0.128828,0.477308,1.217404,-0.217699,0.019479,-0.119199
0.101358,-7.452593,0.770907,-0.033264,-0.036568,-0.636391,0.769781,0.182251,0.011667,-0.005141,0.165784,-0.303848,-0.018276,0.205571,-0.063250,-0.454326,0.120664,-0.192326,0.043931,0.012748,0.012987,0.192460,0.018993,0.188539,-0.622551,1.136603,-0.011268,0.050520,0.283563,-0.050825,-0.128561,0.475521,1.217628,-0.218644,0.019642,-0.120296
0.101630,-7.452035,0.770965,-0.033693,-0.036240,-0.638913,0.767686,0.182885,0.012776,0.000921,0.165555,-0.304397,-0.017650,0.202608,-0.062482,-0.447699,0.122142,-0.191234,0.042869,0.012326,0.013283,0.194044,0.020493,0.187832,-0.621542,1.135926,-0.012261,0.050699,0.283637,-0.053224,-0.128533,0.474699,1.218475,-0.212101,0.017932,-0.119920
0.101544,-7.451652,0.770963,-0.034042,-0.035757,-0.641180,0.765801,0.183624,0.014818,0.007012,0.164467,-0.304437,-0.018800,0.200329,-0.060692,-0.442053,0.121880,-0.190136,0.042602,0.012143,0.012933,0.194543,0.020810,0.186969,-0.620354,1.137110,-0.012909,0.052352,0.282759,-0.053434,-0.128484,0.474945,1.217631,-0.207386,0.016643,-0.119660
0.101486,-7.451307,0.770996,-0.033978,-0.034870,-0.643518,0.763881,0.183002,0.016537,0.012644,0.163620,-0.304625,-0.019363,0.196407,-0.059167,-0.435860,0.122448,-0.188934,0.041465,0.010478,0.012369,0.193514,0.021718,0.186558,-0.619794,1.138464,-0.013705,0.052550,0.282395,-0.053115,-0.128002,0.474642,1.216565,-0.203985,0.015859,-0.119256
0.101431,-7.451006,0.771073,-0.033692,-0.033928,-0.646174,0.761690,0.182197,0.017948,0.019357,0.162653,-0.304753,-0.019429,0.191913,-0.057941,-0.429300,0.123091,-0.188022,0.040381,0.010385,0.011897,0.192383,0.022670,0.186253,-0.615652,1.138960,-0.006339,0.055223,0.281623,-0.051099,-0.126466,0.466181,1.215316,-0.219050,0.017386,-0.120949
0.101365,-7.450630,0.771124,-0.033612,-0.032920,-0.649010,0.759324,0.181702,0.020016,0.026426,0.161514,-0.304648,-0.020418,0.187394,-0.056128,-0.422123,0.123694,-0.186692,0.039065,0.010670,0.011903,0.191438,0.022671,0.185999,-0.613007,1.139951,-0.002693,0.057151,0.283133,-0.050035,-0.124705,0.462265,1.215069,-0.212063,0.015592,-0.118398
0.101365,-7.450357,0.771184,-0.033193,-0.031651,-0.651477,0.757281,0.180235,0.021661,0.032591,0.160387,-0.304622,-0.020980,0.182443,-0.054553,-0.415891,0.123971,-0.185313,0.037892,0.009374,0.012221,0.189326,0.022913,0.186004,-0.611108,1.139994,-0.004808,0.055768,0.281884,-0.049061,-0.123861,0.459333,1.215511,-0.219161,0.018658,-0.118697
0.101367,-7.450094,0.771272,-0.032207,-0.029823,-0.654356,0.754912,0.177337,0.023252,0.039709,0.158832,-0.304278,-0.021377,0.175381,-0.053088,-0.408648,0.124358,-0.183699,0.037003,0.009760,0.012300,0.186020,0.023835,0.185840,-0.605570,1.138200,-0.000010,0.059569,0.287076,-0.048584,-0.122752,0.456202,1.215871,-0.220512,0.019815,-0.118811
0.101301,-7.449862,0.771326,-0.031791,-0.028688,-0.657114,0.752574,0.176298,0.024841,0.046482,0.157721,-0.304364,-0.021739,0.170505,-0.051552,-0.401627,0.124858,-0.182611,0.035865,0.009308,0.012662,0.184168,0.023207,0.185756,-0.601709,1.138126,-0.004673,0.058009,0.285518,-0.049106,-0.122080,0.455659,1.218392,-0.212688,0.017581,-0.117339
0.101144,-7.449750,0.771377,-0.031400,-0.027920,-0.659354,0.750658,0.175829,0.026017,0.052644,0.156567,-0.303925,-0.022308,0.166739,-0.050424,-0.395701,0.125437,-0.181952,0.034937,0.009170,0.012815,0.183114,0.021930,0.185702,-0.599269,1.139530,-0.003011,0.056596,0.285333,-0.050453,-0.121432,0.456058,1.222547,-0.210526,0.017631,-0.119002
0.100795,-7.449618,0.771377,-0.031285,-0.027103,-0.661179,0.749086,0.175314,0.028004,0.057089,0.155750,-0.304276,-0.023388,0.163781,-0.048399,-0.390990,0.125238,-0.180974,0.033946,0.008276,0.012970,0.182318,0.020384,0.185515,-0.597514,1.139046,0.000163,0.059398,0.287749,-0.053868,-0.120850,0.461313,1.228596,-0.205041,0.016971,-0.118763
0.100499,-7.449520,0.771294,-0.031169,-0.025915,-0.662676,0.747809,0.174497,0.030399,0.059991,0.155179,-0.306032,-0.024245,0.160839,-0.045711,-0.387230,0.124378,-0.179877,0.032830,0.007229,0.013896,0.180597,0.019252,0.185319,-0.594876,1.138721,0.000647,0.058655,0.287531,-0.056382,-0.120134,0.463744,1.232628,-0.212290,0.019579,-0.121467
0.100157,-7.449545,0.771322,-0.031025,-0.025550,-0.664180,0.746491,0.174323,0.031477,0.063433,0.155334,-0.306991,-0.023599,0.158844,-0.044590,-0.383188,0.124732,-0.179467,0.032097,0.007413,0.013645,0.179295,0.017360,0.185288,-0.593888,1.138997,-0.001449,0.055253,0.285553,-0.058281,-0.119421,0.465967,1.234635,-0.207017,0.017955,-0.119343
0.099799,-7.449699,0.771296,-0.031002,-0.025516,-0.665232,0.745556,0.174834,0.032203,0.065891,0.155610,-0.307776,-0.023100,0.158157,-0.043783,-0.380674,0.125178,-0.179794,0.031293,0.007935,0.013609,0.178634,0.016250,0.185132,-0.591839,1.136568,-0.001283,0.056389,0.285937,-0.057867,-0.118750,0.463584,1.232722,-0.209615,0.017988,-0.120903
0.099352,-7.449854,0.771256,-0.031039,-0.025434,-0.665717,0.745125,0.175585,0.033307,0.067544,0.154806,-0.307366,-0.024828,0.158091,-0.042744,-0.379592,0.124746,-0.179962,0.030801,0.007883,0.013556,0.177602,0.015267,0.185020,-0.590840,1.134934,-0.002274,0.056604,0.285595,-0.057953,-0.118109,0.462571,1.230745,-0.209873,0.018046,-0.120319
0.098970,-7.449968,0.771207,-0.031042,-0.025452,-0.666242,0.744654,0.176292,0.034019,0.069076,0.154205,-0.307135,-0.025842,0.158365,-0.041816,-0.378199,0.123967,-0.179763,0.031315,0.007964,0.013418,0.176629,0.014088,0.185123,-0.591153,1.134893,0.001972,0.056399,0.287293,-0.059003,-0.117448,0.463519,1.230157,-0.208176,0.017402,-0.121321
0.098512,-7.450188,0.771141,-0.031333,-0.025797,-0.666278,0.744598,0.177429,0.034697,0.068911,0.154595,-0.308033,-0.026049,0.159720,-0.040991,-0.377971,0.123827,-0.180359,0.030902,0.007774,0.013152,0.176342,0.013979,0.185332,-0.590218,1.135173,0.004396,0.056819,0.288217,-0.059020,-0.116591,0.462375,1.229032,-0.208830,0.017819,-0.121751
0.098121,-7.450270,0.771119,-0.031093,-0.025776,-0.666107,0.744762,0.177158,0.034971,0.069066,0.154161,-0.307346,-0.026937,0.159472,-0.040831,-0.378184,0.123833,-0.180934,0.030308,0.007628,0.012695,0.175516,0.013488,0.185483,-0.588864,1.135234,0.001227,0.057788,0.287484,-0.059718,-0.116004,0.460053,1.228117,-0.210204,0.018087,-0.120756
0.097762,-7.450445,0.771074,-0.031164,-0.025998,-0.665701,0.745114,0.177732,0.035344,0.068313,0.154042,-0.306978,-0.028028,0.160612,-0.040509,-0.379387,0.123510,-0.181548,0.030198,0.007523,0.012362,0.174880,0.013345,0.185748,-0.588673,1.136251,0.002819,0.057756,0.287771,-0.059859,-0.115484,0.459416,1.228594,-0.217780,0.019298,-0.124778
0.097431,-7.450513,0.771044,-0.031451,-0.026234,-0.665664,0.745127,0.178230,0.036115,0.068480,0.154931,-0.307412,-0.027706,0.161473,-0.039813,-0.379192,0.123585,-0.181820,0.029675,0.008589,0.012287,0.175070,0.014294,0.185884,-0.586460,1.136055,0.003798,0.056736,0.287541,-0.060598,-0.115355,0.459321,1.228803,-0.214175,0.018650,-0.123624
0.097184,-7.450806,0.771129,-0.031357,-0.027152,-0.665305,0.745418,0.178901,0.034791,0.067619,0.155581,-0.306146,-0.026864,0.163053,-0.041322,-0.380159,0.124656,-0.183011,0.029983,0.009375,0.010744,0.175308,0.015942,0.185847,-0.584747,1.135724,0.000033,0.056308,0.286219,-0.060119,-0.115442,0.459467,1.228896,-0.208429,0.017534,-0.122248
0.096904,-7.450925,0.771063,-0.031380,-0.027171,-0.664953,0.745731,0.179096,0.035259,0.066729,0.155290,-0.306269,-0.027859,0.163616,-0.040836,-0.380826,0.124442,-0.183494,0.029413,0.009470,0.010732,0.174757,0.016492,0.185670,-0.585905,1.136422,-0.001859,0.054975,0.286192,-0.059569,-0.115603,0.459215,1.228867,-0.208795,0.017591,-0.123025
0.096625,-7.451133,0.771043,-0.031378,-0.027339,-0.664220,0.746377,0.179298,0.035347,0.064936,0.155176,-0.306058,-0.028458,0.165199,-0.040690,-0.383248,0.123051,-0.183204,0.030917,0.009361,0.010223,0.174264,0.017737,0.185435,-0.586575,1.136580,-0.000974,0.056809,0.285899,-0.058844,-0.115646,0.459590,1.228619,-0.207488,0.017930,-0.122442
0.096337,-7.451243,0.771025,-0.031351,-0.027771,-0.663446,0.747051,0.179284,0.034926,0.062931,0.156004,-0.306282,-0.027858,0.166518,-0.041094,-0.385150,0.123026,-0.183867,0.031065,0.009126,0.009165,0.174772,0.018358,0.185029,-0.587009,1.137109,-0.000990,0.057574,0.285986,-0.057976,-0.115550,0.458781,1.227470,-0.207824,0.017955,-0.122599
0.096112,-7.451249,0.770984,-0.031666,-0.028194,-0.662920,0.747489,0.180143,0.035085,0.061672,0.156091,-0.306259,-0.028466,0.168133,-0.040921,-0.386350,0.122773,-0.184147,0.031112,0.009587,0.008282,0.175794,0.020257,0.184204,-0.583128,1.135992,0.005353,0.058895,0.287415,-0.057568,-0.115195,0.456943,1.226863,-0.209921,0.017490,-0.122834
0.095885,-7.451320,0.770976,-0.031747,-0.028499,-0.662094,0.748205,0.180155,0.035017,0.059751,0.156605,-0.306235,-0.028526,0.169430,-0.040999,-0.388620,0.122552,-0.184511,0.031041,0.007967,0.007268,0.175860,0.020731,0.183698,-0.584966,1.136145,0.001129,0.058880,0.287477,-0.057949,-0.114712,0.457577,1.227243,-0.211016,0.017509,-0.122725
0.095658,-7.451349,0.770961,-0.031786,-0.028623,-0.661638,0.748603,0.180123,0.035131,0.058427,0.156706,-0.306273,-0.028850,0.170089,-0.040861,-0.390045,0.122350,-0.184722,0.030924,0.008746,0.006345,0.175574,0.020693,0.183533,-0.585787,1.137129,0.001388,0.058816,0.289764,-0.057780,-0.114499,0.457979,1.227010,-0.211770,0.017461,-0.122879
0.095569,-7.451462,0.770971,-0.031546,-0.028637,-0.661277,0.748931,0.179653,0.034781,0.057517,0.156830,-0.306130,-0.028682,0.170109,-0.041194,-0.390858,0.122376,-0.185087,0.030852,0.009299,0.005562,0.174540,0.021767,0.183174,-0.583819,1.137315,0.004514,0.059108,0.289627,-0.057305,-0.114381,0.456772,1.226979,-0.213793,0.017544,-0.122726
0.095382,-7.451358,0.770969,-0.031671,-0.028710,-0.661003,0.749165,0.179455,0.035097,0.056630,0.157214,-0.306273,-0.028696,0.170387,-0.040888,-0.391499,0.122407,-0.185092,0.030426,0.009746,0.005185,0.175011,0.022131,0.182992,-0.582131,1.137105,0.003866,0.057467,0.289977,-0.058069,-0.114454,0.456641,1.227632,-0.215490,0.018086,-0.122748
0.095171,-7.451358,0.770987,-0.031484,-0.028728,-0.660552,0.749570,0.178964,0.034983,0.055714,0.157043,-0.305767,-0.029125,0.170463,-0.040960,-0.392599,0.122179,-0.185178,0.030354,0.009483,0.004377,0.174265,0.022412,0.183033,-0.581690,1.137340,0.001602,0.056589,0.289453,-0.057993,-0.114532,0.457345,1.228260,-0.216500,0.018398,-0.123034
0.095016,-7.451234,0.770981,-0.031584,-0.028763,-0.660491,0.749617,0.178982,0.035366,0.055512,0.156938,-0.305437,-0.029784,0.170587,-0.040595,-0.392860,0.121943,-0.185039,0.030260,0.010490,0.004271,0.174523,0.022533,0.183159,-0.580171,1.137061,0.000390,0.055741,0.288808,-0.057848,-0.114627,0.456440,1.228116,-0.216696,0.018397,-0.123278
0.094908,-7.451198,0.771038,-0.031336,-0.028713,-0.660298,0.749800,0.178102,0.035084,0.054949,0.157357,-0.305517,-0.029030,0.170024,-0.040910,-0.393418,0.122197,-0.185003,0.030122,0.010963,0.003944,0.174110,0.022652,0.183281,-0.579567,1.136927,0.001956,0.057733,0.289286,-0.057241,-0.114818,0.455236,1.227668,-0.216656,0.018848,-0.123765
0.094793,-7.450973,0.771016,-0.031444,-0.028914,-0.660045,0.750011,0.177908,0.034985,0.053863,0.157940,-0.305876,-0.028526,0.170376,-0.040944,-0.394063,0.122165,-0.185066,0.030156,0.010530,0.003377,0.175182,0.022776,0.183397,-0.578421,1.137101,0.000178,0.057792,0.289516,-0.057089,-0.114886,0.454421,1.227112,-0.216530,0.018618,-0.123028
0.094760,-7.450951,0.771069,-0.031138,-0.028675,-0.660156,0.749935,0.177239,0.034931,0.054504,0.157408,-0.305009,-0.029010,0.169336,-0.041065,-0.393598,0.122205,-0.184847,0.030040,0.010885,0.003177,0.174321,0.023217,0.183486,-0.578716,1.136531,0.002015,0.059932,0.289408,-0.056698,-0.114930,0.454610,1.227227,-0.215635,0.018530,-0.124232
0.094738,-7.450615,0.771078,-0.031160,-0.028359,-0.660348,0.749777,0.176722,0.035571,0.055121,0.156608,-0.304002,-0.030498,0.168391,-0.040443,-0.393227,0.121810,-0.184000,0.029954,0.011287,0.003295,0.174492,0.023140,0.183500,-0.578350,1.135809,0.002065,0.060595,0.290172,-0.056866,-0.115004,0.454314,1.227282,-0.219463,0.019585,-0.123817
0.094645,-7.450513,0.771073,-0.031085,-0.028355,-0.659912,0.750164,0.176057,0.035506,0.054028,0.156902,-0.303927,-0.030525,0.168107,-0.040572,-0.394147,0.122341,-0.184326,0.028928,0.009820,0.002834,0.174588,0.023506,0.183571,-0.578312,1.135635,0.000932,0.058637,0.289599,-0.056314,-0.114927,0.453639,1.226844,-0.219326,0.019984,-0.123819
0.094666,-7.450249,0.771137,-0.030951,-0.028344,-0.659737,0.750324,0.175217,0.035062,0.053295,0.157209,-0.303776,-0.029662,0.167895,-0.040896,-0.394941,0.121681,-0.183614,0.030198,0.009135,0.002711,0.175227,0.023008,0.183662,-0.579196,1.134777,0.000861,0.060548,0.289474,-0.056489,-0.114851,0.453248,1.226616,-0.218096,0.019794,-0.124145
0.094871,-7.449955,0.771162,-0.031029,-0.028212,-0.660210,0.749909,0.175110,0.035153,0.054703,0.156844,-0.303097,-0.030312,0.166637,-0.041001,-0.393424,0.122746,-0.183384,0.028966,0.010152,0.003329,0.175755,0.022862,0.183697,-0.579947,1.135161,0.000976,0.058831,0.289054,-0.056857,-0.114886,0.452695,1.226673,-0.216844,0.019387,-0.123720
0.094904,-7.449858,0.771207,-0.030745,-0.028226,-0.659613,0.750445,0.174125,0.034422,0.053234,0.156981,-0.302577,-0.029702,0.166459,-0.041716,-0.394998,0.122617,-0.183250,0.029665,0.009438,0.003133,0.175575,0.022477,0.183679,-0.579831,1.135593,0.002669,0.058431,0.288842,-0.055726,-0.114921,0.451736,1.225944,-0.217743,0.019631,-0.124143
0.095074,-7.449550,0.771270,-0.030706,-0.028052,-0.659655,0.750417,0.173109,0.034297,0.053198,0.157432,-0.302420,-0.029163,0.165292,-0.042086,-0.394828,0.123305,-0.183366,0.028853,0.009336,0.003595,0.175551,0.021675,0.183753,-0.581118,1.136117,0.001299,0.057773,0.289818,-0.056004,-0.114906,0.452208,1.226353,-0.216471,0.019332,-0.123764
0.095396,-7.449334,0.771296,-0.030588,-0.027947,-0.659747,0.750345,0.172710,0.033704,0.053219,0.156983,-0.301867,-0.029168,0.164629,-0.042665,-0.394651,0.123286,-0.182935,0.029544,0.010098,0.004097,0.175490,0.022770,0.183741,-0.579484,1.135076,0.003443,0.056796,0.290306,-0.055712,-0.114951,0.452328,1.226524,-0.216003,0.019067,-0.123649
0.095736,-7.449015,0.771324,-0.030687,-0.028079,-0.659781,0.750306,0.172720,0.033086,0.053710,0.157025,-0.301665,-0.028498,0.164405,-0.043382,-0.394493,0.123650,-0.182542,0.030071,0.010408,0.004623,0.176169,0.022687,0.183673,-0.579167,1.135146,0.004616,0.058693,0.291090,-0.055937,-0.115013,0.452746,1.226486,-0.214180,0.018713,-0.122899
0.096122,-7.448771,0.771361,-0.030830,-0.028362,-0.659448,0.750582,0.172709,0.032139,0.052626,0.157407,-0.301356,-0.027774,0.164719,-0.044382,-0.395155,0.124177,-0.182495,0.030399,0.009737,0.005132,0.177058,0.023488,0.183487,-0.579330,1.135195,0.002339,0.056907,0.290279,-0.055659,-0.115132,0.452671,1.226182,-0.212361,0.018382,-0.123066
0.096537,-7.448260,0.771426,-0.030942,-0.028544,-0.659342,0.750664,0.172134,0.031184,0.052262,0.158117,-0.301527,-0.026108,0.164401,-0.045320,-0.395469,0.124659,-0.181910,0.030963,0.009922,0.005760,0.178068,0.022628,0.183408,-0.581404,1.136158,-0.000213,0.056363,0.289422,-0.056160,-0.115289,0.452829,1.226253,-0.212244,0.018494,-0.122183
0.096939,-7.447960,0.771453,-0.031100,-0.028708,-0.659200,0.750776,0.172028,0.030465,0.051873,0.158399,-0.301377,-0.025391,0.164350,-0.046130,-0.395674,0.125160,-0.181632,0.031225,0.010805,0.006309,0.178361,0.023171,0.183417,-0.581378,1.136069,0.002124,0.057317,0.289219,-0.055491,-0.115398,0.452313,1.225674,-0.213642,0.018735,-0.122218
0.097369,-7.447679,0.771478,-0.031247,-0.028848,-0.658703,0.751200,0.171784,0.029682,0.050499,0.158703,-0.301315,-0.024751,0.164578,-0.046951,-0.396796,0.125539,-0.181446,0.031581,0.011258,0.006785,0.178180,0.022976,0.183430,-0.582349,1.136895,0.000929,0.058615,0.289874,-0.055359,-0.115596,0.453776,1.225796,-0.210697,0.018094,-0.121556
0.097788,-7.447401,0.771473,-0.031600,-0.029109,-0.658561,0.751300,0.172505,0.029209,0.050308,0.158337,-0.300692,-0.025280,0.165295,-0.047458,-0.397031,0.125513,-0.181121,0.032116,0.011256,0.007995,0.178212,0.023464,0.183464,-0.583901,1.137559,-0.002705,0.058276,0.289007,-0.054685,-0.115802,0.452027,1.225788,-0.216310,0.019430,-0.123024
0.098178,-7.447124,0.771478,-0.031880,-0.029635,-0.658074,0.751694,0.172760,0.027997,0.048855,0.159421,-0.301282,-0.023292,0.166330,-0.048680,-0.398096,0.126103,-0.181355,0.032799,0.011666,0.008110,0.178684,0.023400,0.183525,-0.585424,1.137826,-0.002363,0.058321,0.289777,-0.054860,-0.115984,0.452127,1.226084,-0.219113,0.020047,-0.123414
0.098626,-7.446798,0.771515,-0.032012,-0.029632,-0.657881,0.751858,0.172548,0.027487,0.048580,0.159219,-0.300605,-0.023455,0.166124,-0.049278,-0.398446,0.126299,-0.180812,0.033199,0.011888,0.008470,0.178647,0.024009,0.183589,-0.585654,1.138374,-0.005633,0.055825,0.289175,-0.054933,-0.116090,0.452709,1.225080,-0.212764,0.017566,-0.122772
0.099031,-7.446443,0.771521,-0.032485,-0.030190,-0.657544,0.752110,0.173436,0.026702,0.047888,0.159623,-0.300541,-0.022834,0.167421,-0.050130,-0.399395,0.126636,-0.180525,0.033884,0.011192,0.008742,0.179430,0.024281,0.183708,-0.585775,1.138647,-0.006944,0.055216,0.289246,-0.054949,-0.116201,0.453149,1.224065,-0.213644,0.017684,-0.122690
0.099421,-7.446175,0.771549,-0.032643,-0.030299,-0.657447,0.752184,0.173274,0.026086,0.047438,0.160059,-0.300591,-0.021978,0.167315,-0.050794,-0.399406,0.127047,-0.180168,0.034105,0.011096,0.008920,0.179208,0.024328,0.183847,-0.586169,1.138489,-0.006522,0.054085,0.289937,-0.054914,-0.116246,0.453837,1.223671,-0.213982,0.017648,-0.121631
0.099864,-7.445757,0.771587,-0.033036,-0.030575,-0.657796,0.751850,0.173765,0.025585,0.048204,0.160514,-0.301068,-0.020754,0.167364,-0.051337,-0.398492,0.127608,-0.179532,0.034600,0.012128,0.009441,0.179858,0.023955,0.184039,-0.587177,1.137987,-0.002679,0.054667,0.290433,-0.055491,-0.116343,0.454816,1.224149,-0.214367,0.017996,-0.120133
0.100225,-7.445531,0.771594,-0.032916,-0.030464,-0.657351,0.752248,0.173209,0.024886,0.047216,0.159903,-0.300164,-0.021107,0.167027,-0.052075,-0.399602,0.127561,-0.179439,0.034938,0.011254,0.009559,0.179110,0.024242,0.184087,-0.586341,1.137500,-0.003384,0.054730,0.291415,-0.055096,-0.116497,0.455003,1.224256,-0.214267,0.017806,-0.119960
0.100511,-7.445212,0.771599,-0.033053,-0.030627,-0.657417,0.752179,0.173215,0.024380,0.047507,0.160050,-0.300086,-0.020555,0.167053,-0.052522,-0.399136,0.127655,-0.178592,0.035797,0.010881,0.009487,0.179258,0.023159,0.184298,-0.588434,1.138337,-0.006766,0.052762,0.291497,-0.055525,-0.116631,0.456529,1.224681,-0.217423,0.019247,-0.121117
0.100791,-7.444838,0.771660,-0.033081,-0.030754,-0.657473,0.752123,0.172963,0.023706,0.047732,0.160123,-0.299570,-0.019668,0.167058,-0.053185,-0.399613,0.127027,-0.177573,0.037667,0.011078,0.009530,0.179278,0.021981,0.184711,-0.590068,1.138981,-0.009183,0.050091,0.289174,-0.055814,-0.116810,0.457081,1.225205,-0.212910,0.017948,-0.119949
0.101069,-7.444476,0.771662,-0.033251,-0.030894,-0.657753,0.751865,0.172959,0.023236,0.047994,0.160395,-0.299902,-0.018754,0.166732,-0.053647,-0.398892,0.127347,-0.177437,0.037925,0.010957,0.009508,0.179745,0.021870,0.184955,-0.590613,1.137774,-0.011493,0.051048,0.291732,-0.056294,-0.116942,0.457719,1.225183,-0.212938,0.017965,-0.119769
0.101309,-7.444133,0.771727,-0.033289,-0.030870,-0.657893,0.751742,0.172654,0.022904,0.048510,0.160249,-0.299443,-0.018538,0.166010,-0.053996,-0.398352,0.127696,-0.176717,0.038057,0.010980,0.009796,0.179764,0.021297,0.185131,-0.591117,1.137677,-0.009805,0.053419,0.292389,-0.056162,-0.117107,0.457682,1.224828,-0.211954,0.017621,-0.119563
0.101546,-7.443879,0.771761,-0.033210,-0.030952,-0.657898,0.751737,0.171871,0.022121,0.048173,0.161163,-0.300007,-0.016543,0.165373,-0.054819,-0.398116,0.128352,-0.176614,0.038300,0.010504,0.009687,0.179639,0.020713,0.185310,-0.592386,1.138276,-0.011104,0.051162,0.292154,-0.055777,-0.117318,0.457070,1.224263,-0.211831,0.017854,-0.117713
0.101763,-7.443562,0.771836,-0.033305,-0.030894,-0.658078,0.751578,0.171203,0.021959,0.048418,0.161875,-0.300006,-0.015821,0.164146,-0.055197,-0.397335,0.129772,-0.176851,0.036642,0.010255,0.010314,0.179742,0.020249,0.185472,-0.594638,1.139048,-0.012273,0.050208,0.290632,-0.055544,-0.117454,0.457377,1.224221,-0.210252,0.017601,-0.118211
0.101989,-7.443200,0.771857,-0.033545,-0.031040,-0.658161,0.751489,0.171483,0.021821,0.048996,0.161658,-0.299434,-0.016021,0.164161,-0.055439,-0.397123,0.129924,-0.176473,0.036965,0.010013,0.010813,0.180564,0.020402,0.185583,-0.594735,1.138913,-0.008694,0.051463,0.289888,-0.055139,-0.117540,0.456827,1.224061,-0.212577,0.017604,-0.118698
0.102190,-7.442771,0.771902,-0.033434,-0.030845,-0.658554,0.751157,0.170580,0.021618,0.049930,0.161594,-0.298790,-0.015668,0.162639,-0.055702,-0.396207,0.130241,-0.175658,0.037004,0.010443,0.011110,0.180832,0.020237,0.185608,-0.594901,1.138515,-0.002071,0.054413,0.290534,-0.055234,-0.117559,0.456378,1.223646,-0.214153,0.017875,-0.118706
0.102401,-7.442473,0.771955,-0.033433,-0.030885,-0.658613,0.751104,0.170102,0.021162,0.050126,0.161912,-0.298556,-0.014883,0.162023,-0.056196,-0.395880,0.130703,-0.175281,0.037069,0.010120,0.010967,0.181141,0.019773,0.185700,-0.596601,1.139173,-0.000908,0.055447,0.289516,-0.055702,-0.117615,0.458705,1.224654,-0.216591,0.018828,-0.119707
0.102663,-7.442041,0.772006,-0.033369,-0.030685,-0.659023,0.750756,0.169195,0.020880,0.050979,0.161912,-0.298479,-0.014161,0.160598,-0.056490,-0.394777,0.130976,-0.174488,0.037339,0.009905,0.011361,0.181103,0.020083,0.185741,-0.596628,1.138286,-0.000744,0.056035,0.288638,-0.056049,-0.117652,0.457944,1.224840,-0.213405,0.017870,-0.117876
0.102791,-7.441862,0.772030,-0.033267,-0.030536,-0.658771,0.750987,0.168569,0.020672,0.050485,0.161589,-0.297912,-0.014568,0.160131,-0.056726,-0.395453,0.130863,-0.174266,0.037476,0.008619,0.011412,0.180834,0.020375,0.185829,-0.596201,1.137897,0.002478,0.059198,0.288720,-0.054465,-0.117531,0.453893,1.222160,-0.222726,0.020615,-0.119698
0.102932,-7.441621,0.772064,-0.032947,-0.030230,-0.658916,0.750887,0.167252,0.020311,0.050792,0.161584,-0.297525,-0.013960,0.158572,-0.057056,-0.394846,0.131006,-0.173663,0.037519,0.009202,0.011241,0.180113,0.019831,0.185981,-0.597097,1.138747,0.003811,0.058734,0.287505,-0.054159,-0.117355,0.452266,1.221603,-0.218436,0.019959,-0.120187
0.103015,-7.441357,0.772095,-0.032926,-0.030456,-0.658835,0.750949,0.167142,0.019661,0.050566,0.161673,-0.297495,-0.013119,0.158989,-0.057571,-0.395431,0.130331,-0.172810,0.039450,0.008661,0.010731,0.180732,0.019401,0.186086,-0.598233,1.139206,0.009251,0.061028,0.288231,-0.054603,-0.117284,0.451900,1.222177,-0.219977,0.020096,-0.119903
0.103063,-7.441175,0.772115,-0.032839,-0.030305,-0.658578,0.751184,0.166544,0.019627,0.050038,0.161257,-0.296716,-0.013837,0.158610,-0.057660,-0.396175,0.130027,-0.172431,0.039659,0.008331,0.010464,0.180462,0.019244,0.186242,-0.598923,1.139385,0.012942,0.063257,0.289923,-0.053707,-0.116996,0.449110,1.220730,-0.222618,0.020722,-0.119773
0.103216,-7.440857,0.772122,-0.033060,-0.030367,-0.658775,0.751000,0.166462,0.019616,0.050369,0.161504,-0.296929,-0.013336,0.158339,-0.057664,-0.395626,0.130281,-0.171937,0.039706,0.009037,0.010716,0.181330,0.018551,0.186309,-0.600074,1.140134,0.013990,0.061823,0.287666,-0.054809,-0.116965,0.449520,1.221234,-0.220997,0.020617,-0.118619
0.103187,-7.440739,0.772115,-0.033095,-0.030312,-0.658531,0.751214,0.166246,0.019754,0.049491,0.161187,-0.296301,-0.014270,0.158357,-0.057519,-0.396423,0.130000,-0.171598,0.039712,0.008758,0.010493,0.181186,0.018482,0.186394,-0.600582,1.140699,0.014822,0.062429,0.287261,-0.054224,-0.116905,0.449800,1.221208,-0.219345,0.019969,-0.119339
0.103167,-7.440512,0.772143,-0.033018,-0.030066,-0.658462,0.751288,0.165522,0.020105,0.049802,0.160758,-0.295569,-0.015308,0.157193,-0.057307,-0.396299,0.130745,-0.171475,0.038092,0.008602,0.010363,0.180944,0.017996,0.186622,-0.602104,1.141633,0.012703,0.061705,0.286767,-0.054566,-0.116750,0.450224,1.221596,-0.217881,0.019790,-0.117937
0.103190,-7.440364,0.772139,-0.033109,-0.030295,-0.658487,0.751253,0.165740,0.019748,0.049440,0.161008,-0.295813,-0.014551,0.157873,-0.057604,-0.396692,0.129968,-0.171228,0.039720,0.008627,0.009913,0.181502,0.018797,0.186771,-0.601884,1.141215,0.014380,0.061410,0.285799,-0.054124,-0.116641,0.449634,1.221022,-0.215890,0.019727,-0.116210
0.103221,-7.440234,0.772173,-0.032967,-0.030059,-0.658509,0.751249,0.164922,0.019849,0.049740,0.160995,-0.295447,-0.014788,0.156522,-0.057599,-0.395922,0.131002,-0.171135,0.038268,0.008883,0.009763,0.181236,0.019039,0.186919,-0.601788,1.140997,0.011681,0.060728,0.284938,-0.053944,-0.116552,0.449737,1.221130,-0.214720,0.019711,-0.115525
0.103200,-7.440008,0.772151,-0.033060,-0.030035,-0.658638,0.751133,0.164969,0.020104,0.050134,0.160625,-0.295150,-0.015173,0.156716,-0.057303,-0.396186,0.129885,-0.170493,0.039695,0.009802,0.009741,0.181903,0.019328,0.186924,-0.600931,1.140393,0.010318,0.059961,0.284262,-0.054074,-0.116545,0.449933,1.221607,-0.213833,0.019704,-0.115629
0.103250,-7.439957,0.772199,-0.033075,-0.030238,-0.658672,0.751095,0.165242,0.019697,0.050408,0.160630,-0.294915,-0.014828,0.156788,-0.057756,-0.396056,0.130317,-0.170805,0.039539,0.009367,0.009446,0.182384,0.020302,0.186876,-0.600188,1.138857,0.000220,0.058024,0.282391,-0.054285,-0.116606,0.450717,1.222041,-0.214984,0.020104,-0.115927
0.103227,-7.439838,0.772158,-0.033306,-0.030465,-0.658442,0.751277,0.165659,0.019744,0.049597,0.160751,-0.294952,-0.015105,0.157548,-0.057709,-0.396726,0.130283,-0.170794,0.039614,0.008371,0.009401,0.183134,0.020567,0.186860,-0.599880,1.139140,0.002316,0.058853,0.284559,-0.054242,-0.116670,0.450985,1.222043,-0.216975,0.020795,-0.116490
0.103280,-7.439761,0.772177,-0.033427,-0.030661,-0.658667,0.751066,0.165912,0.019480,0.050016,0.161247,-0.295419,-0.014096,0.157599,-0.057888,-0.395856,0.130629,-0.170669,0.039705,0.009012,0.009385,0.183758,0.020828,0.186803,-0.599849,1.138693,0.002104,0.059055,0.284636,-0.054318,-0.116747,0.451009,1.222073,-0.213822,0.019789,-0.115861
0.103294,-7.439799,0.772161,-0.033631,-0.030862,-0.658308,0.751363,0.166475,0.019506,0.049223,0.161245,-0.295186,-0.014551,0.158590,-0.057970,-0.396936,0.130568,-0.170878,0.039675,0.007341,0.009442,0.184170,0.021671,0.186710,-0.599960,1.139192,0.000556,0.058403,0.284998,-0.054154,-0.116808,0.451054,1.221933,-0.223594,0.022349,-0.119180
0.103267,-7.439690,0.772157,-0.033696,-0.031020,-0.658191,0.751456,0.166608,0.019361,0.048857,0.161294,-0.295339,-0.014491,0.158875,-0.058074,-0.397066,0.130619,-0.170948,0.039712,0.006851,0.009364,0.184658,0.021874,0.186595,-0.599799,1.139223,0.000202,0.058863,0.285289,-0.053867,-0.116811,0.450057,1.220919,-0.219306,0.020591,-0.118273
0.103264,-7.439749,0.772128,-0.033750,-0.031052,-0.658105,0.751528,0.166986,0.019450,0.048962,0.160890,-0.294938,-0.015231,0.159129,-0.058061,-0.397412,0.130639,-0.171229,0.039393,0.007161,0.009409,0.184454,0.022058,0.186418,-0.599434,1.139049,-0.000498,0.059459,0.284897,-0.053516,-0.116854,0.449811,1.220394,-0.220912,0.021299,-0.118541
0.103264,-7.439703,0.772158,-0.033826,-0.030908,-0.658193,0.751454,0.166815,0.019949,0.049607,0.161031,-0.294852,-0.015542,0.158613,-0.057756,-0.397188,0.131124,-0.171377,0.038232,0.007442,0.009958,0.184108,0.022232,0.186307,-0.599362,1.138258,-0.000921,0.058291,0.285143,-0.053248,-0.116894,0.449826,1.220359,-0.222254,0.021550,-0.119504
0.103219,-7.439770,0.772137,-0.033958,-0.031233,-0.658128,0.751491,0.167276,0.019604,0.048908,0.161792,-0.295833,-0.014352,0.159523,-0.058055,-0.397608,0.131238,-0.171806,0.038614,0.007980,0.009717,0.184289,0.022684,0.186252,-0.598369,1.137595,-0.001097,0.058612,0.285984,-0.052681,-0.116843,0.450039,1.220558,-0.220487,0.021137,-0.118746
0.103199,-7.439782,0.772167,-0.033812,-0.031274,-0.658194,0.751438,0.166688,0.019142,0.048551,0.162702,-0.296745,-0.012565,0.159265,-0.058390,-0.397381,0.131475,-0.172018,0.038732,0.008139,0.009466,0.183797,0.023133,0.186217,-0.597060,1.137451,0.000431,0.060040,0.287020,-0.052707,-0.116745,0.450635,1.220563,-0.217486,0.020489,-0.117621
0.103189,-7.439811,0.772138,-0.034110,-0.031504,-0.658238,0.751377,0.167575,0.019397,0.048964,0.162792,-0.296884,-0.012930,0.159894,-0.058231,-0.396987,0.131890,-0.172263,0.038250,0.007878,0.009738,0.184221,0.023537,0.186182,-0.596081,1.137610,-0.000913,0.059661,0.287056,-0.052522,-0.116636,0.450352,1.219887,-0.216867,0.020627,-0.117484
0.103167,-7.439667,0.772125,-0.034421,-0.031547,-0.658182,0.751409,0.167843,0.019985,0.048783,0.162966,-0.296833,-0.013744,0.159750,-0.057875,-0.397012,0.132946,-0.172844,0.036233,0.008059,0.010384,0.184795,0.023515,0.186127,-0.595344,1.137074,-0.000919,0.058240,0.286160,-0.052933,-0.116577,0.449775,1.219803,-0.217131,0.020770,-0.118262
0.103043,-7.439774,0.772138,-0.034553,-0.031960,-0.657944,0.751594,0.168507,0.019639,0.048019,0.163481,-0.297273,-0.013036,0.160969,-0.058168,-0.397524,0.132915,-0.173180,0.036586,0.007778,0.009867,0.184711,0.023757,0.186123,-0.595875,1.137098,-0.000651,0.059568,0.286681,-0.054068,-0.116840,0.455579,1.222060,-0.210182,0.018799,-0.117341
0.102974,-7.439703,0.772115,-0.034609,-0.032010,-0.658015,0.751527,0.168733,0.019817,0.048460,0.163246,-0.297147,-0.013378,0.161054,-0.057981,-0.397326,0.132776,-0.173336,0.036552,0.008050,0.010393,0.184463,0.024102,0.186107,-0.595502,1.136572,-0.001400,0.059372,0.285451,-0.053678,-0.117045,0.455277,1.221933,-0.216304,0.020305,-0.119938
0.102905,-7.439714,0.772125,-0.034401,-0.031789,-0.658087,0.751484,0.168265,0.020006,0.049092,0.162824,-0.296346,-0.014133,0.160207,-0.057875,-0.397043,0.132950,-0.173112,0.036108,0.008384,0.010181,0.183469,0.024846,0.185997,-0.594346,1.136263,-0.000448,0.059257,0.285980,-0.052898,-0.117159,0.454824,1.221072,-0.209651,0.018933,-0.117960
0.102814,-7.439618,0.772093,-0.034795,-0.032077,-0.658175,0.751376,0.168876,0.020282,0.048620,0.163624,-0.297621,-0.013362,0.161066,-0.057526,-0.396881,0.133062,-0.173317,0.035985,0.008406,0.010637,0.184288,0.025389,0.185880,-0.593602,1.135331,-0.000392,0.060142,0.286576,-0.052618,-0.117186,0.453747,1.220778,-0.212148,0.019487,-0.117954
0.102704,-7.439649,0.772118,-0.034634,-0.032183,-0.657956,0.751571,0.168722,0.019964,0.048189,0.163590,-0.297083,-0.013500,0.161205,-0.057860,-0.397486,0.133074,-0.173608,0.036033,0.007847,0.010426,0.183865,0.026073,0.185622,-0.592710,1.134895,-0.000161,0.060521,0.286454,-0.050752,-0.116866,0.448223,1.218176,-0.219222,0.021625,-0.118753
0.102624,-7.439545,0.772065,-0.034901,-0.032249,-0.658072,0.751454,0.169175,0.020496,0.048155,0.163472,-0.297379,-0.014055,0.161538,-0.057246,-0.396833,0.132799,-0.173232,0.036126,0.008735,0.010979,0.184144,0.025753,0.185478,-0.592628,1.135219,-0.000642,0.060712,0.286722,-0.050927,-0.116702,0.447698,1.218559,-0.221681,0.021677,-0.119935
0.102491,-7.439453,0.772104,-0.034946,-0.032213,-0.658035,0.751486,0.169229,0.020883,0.048355,0.163246,-0.296767,-0.014901,0.161424,-0.057016,-0.397373,0.132713,-0.172967,0.035842,0.008571,0.011241,0.184064,0.025790,0.185355,-0.593192,1.135555,-0.001905,0.059145,0.285962,-0.051540,-0.116586,0.448709,1.218946,-0.218534,0.020914,-0.119674
0.102342,-7.439356,0.772087,-0.034900,-0.032185,-0.657947,0.751566,0.168962,0.021027,0.047973,0.163161,-0.296903,-0.015062,0.161468,-0.056734,-0.397554,0.132227,-0.173133,0.035964,0.007706,0.011099,0.183745,0.025872,0.185324,-0.592904,1.135235,-0.000809,0.061941,0.285371,-0.051386,-0.116457,0.447617,1.218418,-0.221998,0.021621,-0.120171
0.102139,-7.439232,0.772081,-0.035089,-0.032394,-0.657921,0.751571,0.169111,0.021263,0.047694,0.163689,-0.297124,-0.014883,0.161719,-0.056511,-0.397422,0.132499,-0.172955,0.035741,0.008191,0.010804,0.184382,0.025334,0.185282,-0.592206,1.135686,0.001517,0.062413,0.287040,-0.051255,-0.116141,0.446692,1.218082,-0.219931,0.020756,-0.120097
0.101954,-7.439137,0.772088,-0.035035,-0.032272,-0.657996,0.751514,0.168781,0.021682,0.047998,0.163531,-0.296938,-0.015292,0.161211,-0.056094,-0.397241,0.132451,-0.172796,0.035215,0.008379,0.010812,0.183963,0.024668,0.185298,-0.593401,1.136637,-0.000743,0.061316,0.287232,-0.051774,-0.115984,0.447767,1.218736,-0.219052,0.020481,-0.120086
0.101706,-7.438973,0.772082,-0.035093,-0.032283,-0.657959,0.751543,0.168722,0.022207,0.047833,0.163304,-0.296617,-0.016295,0.161186,-0.055633,-0.397709,0.132238,-0.172839,0.034966,0.009236,0.010745,0.183909,0.024082,0.185328,-0.594185,1.136835,-0.000697,0.060931,0.287814,-0.052155,-0.115937,0.449869,1.219970,-0.216281,0.019669,-0.120184
0.101478,-7.438728,0.772102,-0.035513,-0.032938,-0.658273,0.751219,0.169999,0.022233,0.048725,0.163780,-0.296780,-0.015802,0.162071,-0.055633,-0.396657,0.132851,-0.172972,0.034660,0.009781,0.010497,0.185675,0.024520,0.185242,-0.592732,1.135991,-0.000358,0.060863,0.288026,-0.052664,-0.115979,0.450967,1.220486,-0.215543,0.019417,-0.120265
0.101311,-7.438657,0.772107,-0.035425,-0.032919,-0.658149,0.751333,0.169446,0.022322,0.048305,0.163988,-0.296542,-0.015591,0.161889,-0.055562,-0.397106,0.132620,-0.172735,0.034826,0.008736,0.010257,0.185441,0.025580,0.185061,-0.591184,1.135442,0.000430,0.060984,0.287457,-0.052019,-0.115974,0.450441,1.219569,-0.216713,0.020419,-0.120115
0.101114,-7.438368,0.772136,-0.035577,-0.032951,-0.658302,0.751190,0.169470,0.022936,0.048860,0.163815,-0.295888,-0.016663,0.161390,-0.055103,-0.396597,0.133064,-0.172436,0.033825,0.008578,0.010631,0.185837,0.025253,0.184897,-0.592861,1.135204,-0.001365,0.060527,0.285698,-0.052260,-0.115969,0.450711,1.220392,-0.215511,0.020103,-0.120665
0.100988,-7.438077,0.772159,-0.035763,-0.033292,-0.658499,0.750994,0.169726,0.022818,0.049013,0.164288,-0.296091,-0.016119,0.161389,-0.055217,-0.395719,0.133829,-0.172679,0.033249,0.009182,0.010548,0.186760,0.025671,0.184711,-0.592147,1.134674,-0.001189,0.060424,0.285668,-0.051961,-0.115990,0.449879,1.220386,-0.217214,0.020488,-0.120186
