-0.005203,0.027835,0.792922,-0.016970,-0.031866,-0.718130,0.694972,0.150584,0.090880,0.327441,0.123236,-0.153032,-0.096056,0.168634,-0.100498,-0.165032,0.130570,-0.257151,0.110854,-0.051962,-0.039979,0.173771,0.039206,0.159316,-0.313746,1.140478,0.225843,0.018059,0.143553,-0.004762,-0.151101,0.561847,1.116612,-0.018956,0.057645,-0.266804
-0.005417,0.027736,0.792896,-0.016900,-0.031736,-0.718138,0.694971,0.150825,0.091172,0.327545,0.122446,-0.152929,-0.097384,0.168548,-0.100011,-0.164903,0.130290,-0.257338,0.110399,-0.051863,-0.039805,0.173683,0.039421,0.159485,-0.313649,1.140231,0.226090,0.018421,0.143561,-0.004974,-0.150803,0.563301,1.117641,-0.017219,0.056022,-0.269753
-0.005601,0.027617,0.792873,-0.016878,-0.031691,-0.718091,0.695022,0.150450,0.091737,0.327884,0.123411,-0.153198,-0.096457,0.168699,-0.099704,-0.165133,0.130403,-0.257650,0.110052,-0.051999,-0.039945,0.173733,0.039583,0.159789,-0.313369,1.140046,0.226144,0.018454,0.143821,-0.005195,-0.150547,0.562803,1.118077,-0.017781,0.055730,-0.267321
-0.005707,0.027493,0.792890,-0.017014,-0.031690,-0.718066,0.695045,0.151485,0.091775,0.327364,0.121787,-0.152822,-0.098961,0.169260,-0.099278,-0.165314,0.130005,-0.257478,0.109964,-0.051024,-0.039576,0.174135,0.039293,0.159959,-0.314134,1.140303,0.225602,0.018767,0.144287,-0.004969,-0.150464,0.565038,1.119214,-0.016535,0.052544,-0.274030
-0.005891,0.027452,0.792867,-0.016681,-0.031472,-0.717886,0.695249,0.150105,0.092065,0.327222,0.122821,-0.153027,-0.097462,0.168789,-0.099186,-0.165720,0.129627,-0.257452,0.110239,-0.052146,-0.039652,0.173632,0.040102,0.160091,-0.313744,1.139493,0.226501,0.018454,0.144446,-0.005302,-0.150451,0.565589,1.120041,-0.012713,0.049343,-0.276505
-0.005959,0.027419,0.792869,-0.016627,-0.031495,-0.717917,0.695217,0.150165,0.092095,0.327388,0.122819,-0.152902,-0.097598,0.168570,-0.099211,-0.165518,0.129991,-0.257787,0.109742,-0.051875,-0.039742,0.173972,0.040343,0.160183,-0.312871,1.138830,0.226580,0.018821,0.143744,-0.005681,-0.150505,0.564722,1.119683,-0.009573,0.047965,-0.277421
-0.006017,0.027307,0.792871,-0.016453,-0.031129,-0.718102,0.695046,0.149551,0.092503,0.327695,0.122615,-0.152896,-0.097971,0.167848,-0.098693,-0.165101,0.129660,-0.257580,0.109558,-0.050393,-0.039349,0.173041,0.041203,0.160325,-0.310335,1.141175,0.229528,0.009260,0.140355,-0.005553,-0.150704,0.564342,1.119529,-0.011576,0.048249,-0.276302
-0.006069,0.027274,0.792864,-0.016657,-0.031500,-0.717979,0.695152,0.150688,0.092177,0.327054,0.122356,-0.152829,-0.098435,0.168931,-0.098979,-0.165471,0.129789,-0.257907,0.109681,-0.050896,-0.039678,0.174387,0.041109,0.160386,-0.310453,1.140802,0.230775,0.009995,0.138492,-0.006352,-0.150844,0.565805,1.120132,-0.008528,0.047352,-0.280680
-0.006105,0.027154,0.792834,-0.016596,-0.031280,-0.718082,0.695058,0.150249,0.092552,0.327466,0.122558,-0.153000,-0.098224,0.168579,-0.098633,-0.165313,0.129678,-0.257980,0.109420,-0.050427,-0.039345,0.174076,0.040985,0.160384,-0.311347,1.141598,0.229182,0.009197,0.139862,-0.006304,-0.150885,0.566599,1.118855,-0.008717,0.049574,-0.282381
-0.006040,0.027151,0.792846,-0.016396,-0.031313,-0.718090,0.695052,0.150015,0.092075,0.327682,0.122532,-0.152817,-0.097700,0.168338,-0.099145,-0.165194,0.129745,-0.258107,0.109829,-0.050009,-0.039828,0.173725,0.041058,0.160363,-0.310737,1.141569,0.229696,0.010003,0.139074,-0.005902,-0.150967,0.565876,1.117814,-0.006241,0.048021,-0.282525
-0.006002,0.027210,0.792836,-0.016060,-0.031030,-0.718214,0.694944,0.149568,0.091774,0.327997,0.121361,-0.152554,-0.098620,0.167332,-0.099267,-0.164654,0.129306,-0.257896,0.110202,-0.050263,-0.039903,0.174069,0.040819,0.160040,-0.310459,1.139073,0.225384,0.015840,0.143113,-0.007159,-0.151194,0.565307,1.117530,-0.010858,0.050803,-0.281319
-0.005812,0.027193,0.792846,-0.015747,-0.030969,-0.718473,0.694686,0.148852,0.091203,0.328895,0.121877,-0.152620,-0.096969,0.166285,-0.099950,-0.163640,0.129722,-0.258130,0.110415,-0.048698,-0.040561,0.174491,0.041352,0.159839,-0.305831,1.139054,0.227356,0.010687,0.140883,-0.006518,-0.151519,0.562699,1.116428,-0.011303,0.053844,-0.284669
-0.005561,0.027169,0.792862,-0.015652,-0.030808,-0.718834,0.694322,0.148960,0.090858,0.329755,0.121354,-0.152658,-0.097035,0.165773,-0.100160,-0.162677,0.129569,-0.257894,0.110833,-0.048020,-0.040951,0.175392,0.040556,0.159860,-0.305646,1.138193,0.220135,0.015343,0.147537,-0.007121,-0.151603,0.562276,1.116845,-0.013661,0.059658,-0.288955
-0.005070,0.027171,0.792885,-0.015262,-0.030535,-0.719358,0.693800,0.148660,0.089793,0.330970,0.120426,-0.152543,-0.096416,0.164332,-0.101055,-0.161076,0.129348,-0.257285,0.112139,-0.046777,-0.041263,0.175933,0.040099,0.159955,-0.303739,1.137644,0.220331,0.016443,0.147458,-0.008010,-0.151790,0.562061,1.117750,-0.017951,0.063705,-0.290789
-0.004411,0.027152,0.792915,-0.014611,-0.030199,-0.720101,0.693058,0.147749,0.088436,0.333573,0.120253,-0.152886,-0.094596,0.161950,-0.102529,-0.158853,0.129676,-0.256993,0.113181,-0.046420,-0.041738,0.176239,0.041453,0.160615,-0.297878,1.137339,0.226093,0.011131,0.141575,-0.009173,-0.152423,0.563653,1.119657,-0.020400,0.064023,-0.291044
-0.003564,0.026992,0.792926,-0.013891,-0.029700,-0.720997,0.692162,0.146580,0.086785,0.335435,0.120172,-0.153499,-0.093993,0.159554,-0.104140,-0.156455,0.129581,-0.256458,0.114782,-0.046070,-0.042431,0.176463,0.042832,0.161128,-0.292896,1.135145,0.219764,0.013897,0.145374,-0.008831,-0.153030,0.562588,1.119039,-0.018992,0.063415,-0.291282
-0.002346,0.026806,0.792992,-0.012470,-0.028609,-0.722276,0.690901,0.143789,0.084661,0.339608,0.120118,-0.154795,-0.092028,0.155011,-0.106454,-0.152797,0.128751,-0.255346,0.117871,-0.044806,-0.042153,0.175352,0.042850,0.160993,-0.289593,1.132189,0.220337,0.015995,0.144837,-0.009905,-0.153862,0.566207,1.119985,-0.016746,0.065538,-0.298378
-0.000659,0.026634,0.793015,-0.010826,-0.027617,-0.723246,0.689953,0.140743,0.081012,0.342622,0.120113,-0.156712,-0.088293,0.150610,-0.110243,-0.150404,0.127762,-0.254213,0.122107,-0.044949,-0.041914,0.175026,0.043622,0.160863,-0.284318,1.131853,0.224377,0.010680,0.140997,-0.011121,-0.155108,0.566107,1.121065,-0.016105,0.064083,-0.297896
0.001751,0.026469,0.793015,-0.009158,-0.026404,-0.724696,0.688502,0.137366,0.076503,0.346693,0.120181,-0.160143,-0.083013,0.145282,-0.114484,-0.145796,0.126582,-0.252621,0.127265,-0.042724,-0.040079,0.175698,0.041711,0.160012,-0.284112,1.132880,0.223275,0.007438,0.142845,-0.012631,-0.157855,0.564599,1.121291,-0.018541,0.064532,-0.295138
0.004827,0.026026,0.793002,-0.007399,-0.024778,-0.726031,0.687175,0.133800,0.071513,0.350462,0.120233,-0.165497,-0.077784,0.139849,-0.119415,-0.142677,0.124995,-0.250514,0.133215,-0.042754,-0.036418,0.176319,0.040304,0.157638,-0.285684,1.127893,0.221757,0.019423,0.143889,-0.015137,-0.161713,0.563975,1.119441,-0.016582,0.070907,-0.292746
0.008450,0.024742,0.792779,-0.007262,-0.025004,-0.727776,0.685321,0.137392,0.065186,0.355475,0.120304,-0.172598,-0.073117,0.140392,-0.125757,-0.137988,0.124906,-0.250852,0.140684,-0.039952,-0.033068,0.179837,0.041306,0.155182,-0.282771,1.131462,0.223651,0.007325,0.141391,-0.015401,-0.166283,0.567830,1.121450,-0.014766,0.068625,-0.297538
0.013080,0.023161,0.792472,-0.005961,-0.024393,-0.729206,0.683834,0.137589,0.056658,0.359671,0.120306,-0.179682,-0.067622,0.138010,-0.134361,-0.134135,0.124799,-0.250721,0.149209,-0.038913,-0.029274,0.181518,0.040845,0.151423,-0.285660,1.128750,0.222295,0.016514,0.144068,-0.016397,-0.172056,0.571226,1.122083,-0.014123,0.068451,-0.299283
0.018527,0.020978,0.792026,-0.004774,-0.023778,-0.730573,0.682403,0.138731,0.047069,0.363553,0.120341,-0.186799,-0.060064,0.136800,-0.144015,-0.130438,0.124715,-0.250830,0.158467,-0.039633,-0.024919,0.182441,0.043012,0.147858,-0.286116,1.128083,0.224942,0.016035,0.142425,-0.017269,-0.178230,0.571523,1.122913,-0.010214,0.068847,-0.300337
0.024547,0.017951,0.791428,-0.003599,-0.023944,-0.731005,0.681942,0.141463,0.034927,0.364905,0.120354,-0.193824,-0.051801,0.138793,-0.156237,-0.129370,0.124755,-0.251982,0.167983,-0.042650,-0.022827,0.183677,0.044939,0.146200,-0.289618,1.130868,0.224696,0.013472,0.141517,-0.015731,-0.183085,0.565394,1.121928,-0.009398,0.069457,-0.299278
0.031299,0.014683,0.790601,-0.001119,-0.023457,-0.731329,0.681621,0.140979,0.020577,0.366140,0.120371,-0.200865,-0.041797,0.132451,-0.170968,-0.125830,0.135643,-0.257020,0.177861,-0.045693,-0.021462,0.183215,0.045373,0.145116,-0.295071,1.133093,0.226122,0.014391,0.141254,-0.014154,-0.188261,0.556933,1.120423,-0.009840,0.068862,-0.300022
0.038319,0.011560,0.789296,0.003062,-0.023415,-0.732334,0.680536,0.138689,0.002487,0.368396,0.120166,-0.207593,-0.032140,0.090780,-0.192954,-0.113515,0.214345,-0.292002,0.183768,-0.047031,-0.023995,0.181839,0.043445,0.145137,-0.299183,1.139715,0.229207,0.009270,0.140667,-0.014422,-0.192629,0.550142,1.119767,-0.009416,0.068239,-0.301013
0.045457,0.008484,0.787302,0.008267,-0.024439,-0.734213,0.678429,0.136729,-0.019010,0.373466,0.119724,-0.216053,-0.023700,0.028895,-0.219032,-0.093348,0.330954,-0.333418,0.183958,-0.047326,-0.031057,0.181818,0.041682,0.146992,-0.302938,1.141255,0.226592,0.009504,0.142382,-0.016996,-0.195684,0.543193,1.118783,-0.010836,0.068165,-0.298076
0.052312,0.005393,0.785289,0.009006,-0.027765,-0.737712,0.674484,0.146854,-0.036485,0.382393,0.119138,-0.225892,-0.017897,-0.045916,-0.239948,-0.064238,0.488637,-0.355963,0.182788,-0.045581,-0.036097,0.196730,0.039046,0.151184,-0.306523,1.135693,0.225865,0.013930,0.142660,-0.018847,-0.197062,0.519964,1.110919,-0.011689,0.068481,-0.299995
0.058371,0.002337,0.784077,0.008243,-0.028654,-0.742020,0.669715,0.156351,-0.045841,0.395057,0.118443,-0.234021,-0.013789,-0.138650,-0.250339,-0.034760,0.670650,-0.344144,0.164204,-0.045677,-0.037636,0.212138,0.038342,0.158138,-0.305859,1.135446,0.227545,0.001020,0.143956,-0.024341,-0.193276,0.493655,1.108966,-0.002823,0.065390,-0.314271
0.063651,-0.001395,0.783440,0.006234,-0.027861,-0.745569,0.665817,0.165804,-0.049507,0.404790,0.117788,-0.242185,-0.015131,-0.240220,-0.256674,-0.022270,0.860524,-0.309560,0.099755,-0.049304,-0.037320,0.226772,0.037131,0.164958,-0.307808,1.139763,0.221633,0.004349,0.152082,-0.029657,-0.185017,0.466937,1.107921,-0.001171,0.068072,-0.325611
0.067827,-0.006177,0.782932,0.004466,-0.026025,-0.745507,0.665974,0.173149,-0.050702,0.404518,0.117586,-0.249556,-0.015475,-0.328747,-0.273912,-0.046076,1.021559,-0.283503,-0.002794,-0.059661,-0.037844,0.238139,0.035569,0.172485,-0.310348,1.144254,0.216862,0.008393,0.150845,-0.028629,-0.175471,0.450511,1.103659,0.004782,0.063290,-0.336248
0.071245,-0.012448,0.782582,0.002017,-0.023422,-0.742527,0.669403,0.181305,-0.048452,0.397497,0.117822,-0.257425,-0.016277,-0.377038,-0.277017,-0.075207,1.082162,-0.291179,-0.021023,-0.073117,-0.036072,0.246433,0.032113,0.180968,-0.318081,1.156491,0.213177,-0.002636,0.143742,-0.017772,-0.167461,0.444125,1.095714,0.033454,0.033933,-0.371880
0.074071,-0.019939,0.782430,-0.000354,-0.018924,-0.740874,0.671378,0.188932,-0.041971,0.394761,0.118131,-0.266180,-0.018580,-0.412136,-0.254261,-0.092541,1.062281,-0.273581,0.004342,-0.079489,-0.029946,0.252632,0.024547,0.185715,-0.331176,1.169560,0.207976,0.001363,0.149737,-0.002489,-0.160667,0.431753,1.083884,0.033931,0.021246,-0.402042
0.076400,-0.028983,0.781933,-0.002747,-0.014407,-0.739702,0.672775,0.199487,-0.034871,0.392762,0.118438,-0.276945,-0.023821,-0.433938,-0.216268,-0.097345,0.977440,-0.241273,0.050966,-0.083102,-0.021610,0.257521,0.024367,0.184332,-0.326572,1.167825,0.228792,0.027185,0.136277,0.015357,-0.157706,0.422775,1.077217,0.050077,0.001927,-0.436877
0.078098,-0.039539,0.780969,-0.005637,-0.011308,-0.739121,0.673454,0.215561,-0.029047,0.391615,0.118696,-0.288748,-0.030731,-0.439302,-0.174393,-0.091757,0.838399,-0.198205,0.107261,-0.085934,-0.014321,0.263208,0.030221,0.181947,-0.318862,1.160452,0.230494,0.019612,0.135449,0.028311,-0.156019,0.421355,1.082497,0.060463,-0.004745,-0.450335
0.079125,-0.051344,0.779380,-0.006499,-0.007475,-0.738887,0.673756,0.229305,-0.024483,0.391954,0.118858,-0.302551,-0.034243,-0.434454,-0.136869,-0.082363,0.658097,-0.143459,0.153824,-0.088069,-0.007722,0.263663,0.036071,0.180496,-0.321762,1.152634,0.241601,0.008184,0.128540,0.037469,-0.154880,0.425945,1.096409,0.072835,-0.007459,-0.449915
0.079006,-0.064773,0.777022,-0.006843,-0.005048,-0.738401,0.674308,0.247420,-0.021632,0.392388,0.118604,-0.317748,-0.039473,-0.412395,-0.109397,-0.079299,0.450092,-0.072948,0.188579,-0.091424,-0.004578,0.264413,0.039301,0.180104,-0.331698,1.149567,0.235769,0.007448,0.132679,0.045910,-0.153293,0.419520,1.111592,0.062986,-0.005435,-0.417460
0.077783,-0.079935,0.773272,-0.003415,-0.006481,-0.736123,0.676808,0.267219,-0.030098,0.385487,0.117442,-0.331018,-0.045855,-0.371987,-0.100041,-0.082498,0.218695,0.008189,0.227763,-0.098420,-0.012855,0.261232,0.047834,0.180469,-0.325130,1.142901,0.238863,0.002881,0.125434,0.056132,-0.149492,0.421900,1.123681,0.065341,0.001315,-0.399887
0.074966,-0.096805,0.767779,0.000191,-0.015912,-0.731606,0.681542,0.301975,-0.049592,0.371570,0.115623,-0.344218,-0.054183,-0.366592,-0.109378,-0.073949,0.110761,0.014409,0.261800,-0.112244,-0.037592,0.265499,0.053474,0.182265,-0.316701,1.143476,0.229067,0.018876,0.127810,0.066857,-0.142156,0.421551,1.130762,0.062391,0.014967,-0.366034
0.070956,-0.115107,0.762884,0.002968,-0.023932,-0.727933,0.685224,0.338232,-0.062384,0.360119,0.114426,-0.349459,-0.066315,-0.393785,-0.121927,-0.091215,0.106202,-0.023315,0.261800,-0.122794,-0.059022,0.268998,0.057673,0.185578,-0.311252,1.153313,0.227359,0.015779,0.130734,0.074800,-0.133664,0.429868,1.137156,0.067542,0.027117,-0.344754
0.065759,-0.135153,0.759689,0.004021,-0.027243,-0.725903,0.687246,0.372623,-0.061701,0.352427,0.113848,-0.344641,-0.086767,-0.401787,-0.128406,-0.135591,0.106376,-0.048484,0.261800,-0.125805,-0.071809,0.269130,0.061100,0.190514,-0.296987,1.166265,0.218541,0.012359,0.128312,0.082995,-0.122008,0.424400,1.140599,0.088801,0.026628,-0.332128
0.059803,-0.156841,0.758206,0.005042,-0.026197,-0.725146,0.688079,0.401889,-0.051937,0.345489,0.113233,-0.327053,-0.109506,-0.389668,-0.127692,-0.173963,0.106770,-0.052706,0.261800,-0.121779,-0.076561,0.263641,0.067070,0.192352,-0.261502,1.170240,0.189166,0.012170,0.139304,0.094109,-0.111059,0.397112,1.135986,0.129629,0.021668,-0.336143
0.052535,-0.180981,0.758982,0.003990,-0.020784,-0.724124,0.689345,0.427729,-0.028329,0.335992,0.116575,-0.295100,-0.140109,-0.360365,-0.111341,-0.190652,0.108950,-0.038851,0.261800,-0.117266,-0.071805,0.253858,0.078275,0.192304,-0.213819,1.164781,0.193061,0.012798,0.129811,0.100952,-0.100928,0.373493,1.136286,0.158505,0.012741,-0.353890
0.042783,-0.207751,0.762002,0.000091,-0.009125,-0.722381,0.691435,0.449737,0.015987,0.329426,0.122041,-0.242650,-0.176280,-0.334849,-0.068286,-0.189824,0.108639,0.003738,0.199102,-0.107720,-0.054676,0.237639,0.081336,0.196814,-0.193154,1.167360,0.186431,0.012450,0.129717,0.106368,-0.092221,0.370304,1.142547,0.148605,0.001327,-0.379046
0.031696,-0.237073,0.765676,-0.009153,0.000828,-0.718943,0.695008,0.464384,0.074070,0.309194,0.166230,-0.182791,-0.212685,-0.295757,-0.022411,-0.193191,0.107047,0.058100,0.146150,-0.097126,-0.033903,0.226964,0.086381,0.206010,-0.184333,1.165641,0.171493,0.018110,0.136724,0.116670,-0.083485,0.363709,1.139729,0.136086,-0.005194,-0.399503
0.021164,-0.266641,0.769590,-0.019007,0.014090,-0.717444,0.696215,0.407070,0.155759,0.287653,0.352515,-0.153789,-0.236694,-0.258770,0.030309,-0.197112,0.108215,0.049479,0.087969,-0.083563,-0.003622,0.211228,0.097178,0.207328,-0.161199,1.157346,0.163015,0.014376,0.148684,0.127386,-0.079920,0.342412,1.125209,0.140620,-0.010378,-0.400961
0.011910,-0.294924,0.773187,-0.028010,0.020439,-0.714627,0.698646,0.333654,0.223996,0.258231,0.564576,-0.095804,-0.210809,-0.210738,0.066265,-0.206119,0.109976,0.010212,0.060687,-0.080039,0.017032,0.205137,0.110155,0.202266,-0.139777,1.141770,0.166863,0.012152,0.155802,0.121233,-0.082588,0.334587,1.123898,0.107332,-0.012843,-0.397826
0.003488,-0.321672,0.775897,-0.036475,0.017297,-0.708849,0.704204,0.247860,0.283132,0.232155,0.796907,-0.020582,-0.141695,-0.148654,0.082597,-0.216125,0.111701,-0.039201,0.066045,-0.078155,0.025505,0.216249,0.108317,0.197885,-0.147217,1.142884,0.165745,0.000120,0.160991,0.110560,-0.092368,0.348007,1.113256,0.073158,-0.005033,-0.417823
-0.004086,-0.346185,0.777322,-0.046294,0.011244,-0.701467,0.711108,0.147819,0.355978,0.224113,1.027468,0.077133,-0.038985,-0.082527,0.095065,-0.233198,0.113304,-0.086092,0.065015,-0.076693,0.034307,0.241570,0.096011,0.193446,-0.164757,1.147073,0.170459,-0.000615,0.162146,0.094911,-0.106681,0.352806,1.090884,0.053541,0.004345,-0.416208
-0.009792,-0.368458,0.778392,-0.054001,0.004396,-0.699783,0.712298,0.066324,0.404672,0.226630,1.191572,0.065580,0.005030,-0.024379,0.106955,-0.231876,0.114676,-0.124531,0.059771,-0.056208,0.041658,0.267385,0.081731,0.182517,-0.170600,1.154115,0.179825,-0.004643,0.166445,0.067886,-0.126572,0.363788,1.081576,0.065012,0.000092,-0.408332
-0.013856,-0.389873,0.780288,-0.056576,-0.004667,-0.702060,0.709852,-0.011994,0.395071,0.215318,1.290397,-0.047504,0.034037,0.026972,0.106604,-0.218873,0.116301,-0.156921,0.056997,-0.044009,0.042203,0.289610,0.084418,0.164783,-0.164863,1.145154,0.175455,-0.000090,0.167923,0.017074,-0.149989,0.394663,1.103820,0.064689,0.006207,-0.397464
-0.017065,-0.410368,0.782717,-0.051903,-0.012583,-0.703896,0.708292,-0.100754,0.375195,0.225570,1.330146,-0.112193,0.052438,0.063693,0.093244,-0.206679,0.117823,-0.186893,0.059611,-0.029519,0.033350,0.301630,0.084757,0.150357,-0.175663,1.141792,0.179947,-0.004053,0.164761,-0.034581,-0.171371,0.416304,1.122884,0.064706,0.025051,-0.383309
-0.019793,-0.430563,0.784708,-0.044933,-0.019075,-0.706319,0.706209,-0.188001,0.342994,0.243879,1.310735,-0.166656,0.069114,0.093853,0.076478,-0.196817,0.119216,-0.215523,0.065106,-0.025306,0.023302,0.308738,0.091487,0.140985,-0.189607,1.130446,0.186048,0.005934,0.148322,-0.084432,-0.187468,0.422874,1.130703,0.064183,0.036439,-0.369656
-0.021921,-0.450863,0.785666,-0.038267,-0.023752,-0.711068,0.701679,-0.266042,0.302953,0.266563,1.237978,-0.200533,0.067502,0.121198,0.061778,-0.185216,0.120490,-0.244597,0.072586,-0.013235,0.014404,0.313922,0.099359,0.135815,-0.198719,1.122828,0.199886,-0.001222,0.133959,-0.125167,-0.200872,0.420626,1.120920,0.062097,0.036670,-0.361309
-0.023709,-0.472128,0.785861,-0.031716,-0.025780,-0.718374,0.694456,-0.331625,0.257062,0.288514,1.116291,-0.195867,0.053380,0.143977,0.052105,-0.163499,0.121898,-0.269713,0.068844,-0.000082,0.008469,0.315443,0.107861,0.132994,-0.198484,1.109696,0.196273,0.008742,0.118326,-0.163006,-0.212242,0.428062,1.100238,0.055807,0.040797,-0.365165
-0.025296,-0.493596,0.784987,-0.026715,-0.025479,-0.725271,0.687473,-0.380208,0.207845,0.303448,0.949399,-0.158936,0.012758,0.165500,0.047317,-0.146626,0.123377,-0.293539,0.057860,0.010044,0.005419,0.317851,0.111382,0.134464,-0.197346,1.103962,0.185431,0.008099,0.115260,-0.195842,-0.220512,0.434884,1.074816,0.039543,0.038701,-0.364473
-0.027192,-0.517535,0.782793,-0.025939,-0.025164,-0.732928,0.679346,-0.393716,0.162713,0.312837,0.730595,-0.082336,-0.051439,0.197539,0.049698,-0.124957,0.124901,-0.318494,0.041311,0.017005,0.005766,0.321974,0.119326,0.140146,-0.195710,1.100032,0.186203,0.012547,0.116762,-0.221875,-0.223400,0.447943,1.050918,0.025604,0.039520,-0.362513
-0.028734,-0.543207,0.778572,-0.030306,-0.023602,-0.740335,0.671140,-0.382543,0.125186,0.300667,0.482309,0.032151,-0.120536,0.239283,0.061275,-0.102837,0.126330,-0.347221,0.019145,0.022248,0.012850,0.328053,0.129548,0.148976,-0.199851,1.101312,0.188553,0.007531,0.128268,-0.239742,-0.222183,0.464704,1.031161,0.012599,0.039101,-0.359129
-0.029960,-0.571167,0.772144,-0.037220,-0.018669,-0.747759,0.662664,-0.350590,0.105086,0.277944,0.221104,0.114864,-0.161514,0.284390,0.080069,-0.079533,0.127295,-0.378588,-0.000291,0.029526,0.028051,0.329386,0.140074,0.157022,-0.201965,1.107823,0.192019,0.010476,0.130393,-0.245007,-0.218690,0.478261,1.014519,-0.007752,0.042407,-0.355700
-0.030634,-0.601284,0.764343,-0.048226,-0.011430,-0.758628,0.649637,-0.356905,0.128322,0.264681,0.107431,0.087545,-0.197581,0.336085,0.104464,-0.042153,0.127425,-0.404121,-0.013002,0.045391,0.054360,0.329473,0.152941,0.159877,-0.203429,1.119760,0.214584,0.019268,0.122394,-0.239678,-0.215076,0.488304,1.004841,-0.025775,0.043396,-0.350730
-0.030254,-0.633029,0.757974,-0.054235,-0.007813,-0.767028,0.639269,-0.385156,0.152764,0.285562,0.105525,0.035386,-0.237671,0.388048,0.108004,-0.015655,0.127376,-0.418270,-0.009011,0.053383,0.069325,0.329303,0.163038,0.160106,-0.205883,1.129322,0.215691,0.016905,0.126583,-0.226483,-0.210720,0.496742,1.006430,-0.034137,0.047213,-0.353180
-0.029202,-0.666531,0.753723,-0.054041,-0.008591,-0.770837,0.634678,-0.378536,0.152902,0.316874,0.105824,0.019188,-0.245651,0.438588,0.090166,-0.004835,0.126902,-0.412756,0.013733,0.054316,0.067844,0.323190,0.168476,0.158670,-0.203839,1.141056,0.218553,0.015671,0.123233,-0.201968,-0.204532,0.503920,1.023973,-0.028298,0.052487,-0.354905
-0.027387,-0.702445,0.751701,-0.048582,-0.011413,-0.770726,0.635209,-0.338876,0.133443,0.365385,0.106069,0.035692,-0.207279,0.483539,0.059659,-0.006767,0.128187,-0.386152,0.042600,0.044252,0.057771,0.305409,0.175927,0.153542,-0.207235,1.151224,0.216918,0.011387,0.129104,-0.166328,-0.196949,0.510103,1.055049,-0.019086,0.056180,-0.344901
-0.024143,-0.741540,0.753364,-0.026337,-0.017187,-0.772681,0.634015,-0.312677,0.085698,0.424411,0.109747,0.098712,-0.105245,0.482277,-0.005486,-0.009691,0.175542,-0.352373,0.081860,0.038080,0.024045,0.263606,0.188258,0.139141,-0.187824,1.142564,0.224374,0.025047,0.115431,-0.122653,-0.193154,0.519980,1.088902,-0.011675,0.062312,-0.334430
-0.020824,-0.781671,0.755670,-0.002352,-0.030518,-0.772060,0.634812,-0.310301,0.022778,0.450155,0.155359,0.170126,0.032564,0.443128,-0.084764,-0.010954,0.318254,-0.323043,0.129389,0.025581,-0.025164,0.224825,0.202551,0.125510,-0.185845,1.152366,0.213017,-0.012324,0.150309,-0.076732,-0.193089,0.540879,1.131458,0.007030,0.061964,-0.325240
-0.017958,-0.822629,0.759099,0.016285,-0.047837,-0.772816,0.632615,-0.284389,-0.039914,0.469269,0.212769,0.093654,0.104499,0.394230,-0.156430,0.021617,0.490371,-0.251144,0.167211,0.027687,-0.073188,0.197908,0.200584,0.117577,-0.170791,1.158573,0.198630,0.007985,0.116747,-0.017155,-0.191831,0.535507,1.170828,0.011498,0.065794,-0.315777
-0.015854,-0.860045,0.762779,0.022114,-0.059141,-0.768007,0.637322,-0.226464,-0.092010,0.460412,0.214093,0.041426,0.113232,0.332981,-0.182693,0.057842,0.689547,-0.141027,0.208304,0.014929,-0.095938,0.190295,0.181707,0.115792,-0.183918,1.183095,0.192101,0.010968,0.119958,0.039235,-0.186792,0.504830,1.194797,0.015996,0.077460,-0.304738
-0.013389,-0.895165,0.766909,0.019668,-0.069996,-0.770049,0.633829,-0.129665,-0.135591,0.458725,0.160766,0.010706,0.114801,0.229411,-0.187678,0.119378,0.945237,-0.005808,0.211465,0.014739,-0.106769,0.202204,0.161969,0.115816,-0.188834,1.194939,0.180533,0.011422,0.124701,0.073002,-0.185626,0.500126,1.213643,0.046805,0.084199,-0.289737
-0.011183,-0.927515,0.769763,0.015692,-0.076550,-0.774997,0.627115,-0.043482,-0.163167,0.463045,0.117260,-0.021323,0.104224,0.121549,-0.193114,0.152987,1.149249,0.039920,0.261800,0.008917,-0.110159,0.213149,0.146962,0.118759,-0.200674,1.200782,0.150051,-0.000859,0.143003,0.081876,-0.190887,0.538373,1.232762,0.044128,0.096316,-0.276458
-0.010080,-0.958759,0.771902,0.008728,-0.078672,-0.775733,0.626078,0.022157,-0.172242,0.453553,0.112531,-0.064722,0.091155,0.013548,-0.204849,0.143600,1.294095,-0.080215,0.199895,-0.012603,-0.106545,0.220615,0.131979,0.130169,-0.231154,1.209669,0.121703,-0.015787,0.157134,0.088531,-0.195063,0.553500,1.227429,-0.004231,0.123533,-0.269534
-0.010554,-0.986975,0.773816,0.001961,-0.074755,-0.768056,0.636001,0.070452,-0.171424,0.418781,0.111791,-0.098500,0.084136,-0.098294,-0.218377,0.089857,1.374476,-0.139770,0.134741,-0.052730,-0.100594,0.224634,0.105373,0.152029,-0.273610,1.226027,0.119447,-0.019744,0.160353,0.099500,-0.190826,0.520745,1.195821,-0.018847,0.128546,-0.281543
-0.011418,-1.015052,0.775686,-0.005138,-0.067123,-0.760666,0.645643,0.113310,-0.158385,0.389832,0.113621,-0.134372,0.073338,-0.201160,-0.202095,0.048921,1.380181,-0.196299,0.075094,-0.085307,-0.088975,0.225261,0.082379,0.173998,-0.307673,1.235703,0.161348,0.001240,0.136090,0.112927,-0.181094,0.473937,1.155382,-0.032696,0.128145,-0.293645
-0.012781,-1.042842,0.776687,-0.012368,-0.060429,-0.753136,0.654967,0.157274,-0.143744,0.361557,0.115559,-0.168661,0.063515,-0.284705,-0.179130,0.009058,1.309900,-0.232244,0.063206,-0.107246,-0.078774,0.230221,0.055501,0.193687,-0.333455,1.242038,0.172025,0.011809,0.126535,0.124502,-0.170535,0.438090,1.115464,-0.027183,0.121981,-0.313088
-0.014330,-1.070176,0.776538,-0.018018,-0.055098,-0.745437,0.664051,0.199433,-0.131111,0.338552,0.117276,-0.199628,0.061412,-0.355419,-0.143102,-0.012424,1.189851,-0.230736,0.070895,-0.122808,-0.071296,0.237195,0.028626,0.210866,-0.353713,1.237379,0.178764,0.011295,0.125092,0.128325,-0.160202,0.420574,1.090110,-0.036425,0.114391,-0.324632
-0.016468,-1.097406,0.774950,-0.022878,-0.050166,-0.737531,0.673058,0.240713,-0.117332,0.315655,0.118923,-0.234844,0.041826,-0.406310,-0.102981,-0.022974,1.027859,-0.202753,0.080655,-0.130712,-0.064525,0.246969,0.002475,0.225433,-0.358985,1.215202,0.190202,0.013276,0.124403,0.128160,-0.148738,0.407076,1.076958,-0.035266,0.106652,-0.330606
-0.018618,-1.125228,0.771537,-0.023946,-0.047509,-0.730324,0.681026,0.279686,-0.111959,0.294795,0.120375,-0.266941,0.036623,-0.434748,-0.070043,-0.017500,0.822137,-0.148337,0.104597,-0.133203,-0.064095,0.254455,-0.017765,0.236061,-0.351967,1.177948,0.196977,0.012551,0.125796,0.121974,-0.137111,0.400284,1.076471,-0.026513,0.103493,-0.329788
-0.020584,-1.154176,0.766002,-0.023808,-0.047370,-0.723361,0.688431,0.323591,-0.111546,0.275896,0.121606,-0.302052,0.027055,-0.419256,-0.055484,-0.026790,0.552896,-0.081958,0.148629,-0.133160,-0.066652,0.261893,-0.032568,0.241968,-0.347395,1.135581,0.201456,0.008344,0.128061,0.111931,-0.128600,0.404365,1.087174,-0.016391,0.100857,-0.324642
-0.022543,-1.184945,0.758194,-0.021815,-0.055020,-0.713191,0.698466,0.379954,-0.124753,0.252082,0.122053,-0.331180,0.017664,-0.352869,-0.068089,-0.051411,0.232938,-0.007997,0.196640,-0.138303,-0.082718,0.272917,-0.042201,0.243966,-0.347452,1.095091,0.205646,0.005084,0.128645,0.103456,-0.124638,0.422778,1.102305,-0.013000,0.097262,-0.319737
-0.025371,-1.218358,0.749175,-0.015187,-0.069753,-0.698005,0.712525,0.443943,-0.149566,0.208771,0.122233,-0.345387,-0.000115,-0.349345,-0.113063,-0.078122,0.111367,-0.035630,0.241941,-0.154705,-0.116066,0.277938,-0.043660,0.245181,-0.355446,1.065627,0.213286,0.001472,0.125508,0.101081,-0.122152,0.446247,1.115393,-0.011258,0.094091,-0.317679
-0.030299,-1.253349,0.743163,-0.008962,-0.075699,-0.687375,0.722291,0.495594,-0.151826,0.169966,0.122322,-0.335537,-0.022467,-0.372910,-0.144434,-0.127730,0.109585,-0.094025,0.261800,-0.156806,-0.136126,0.273518,-0.044466,0.246709,-0.368627,1.052517,0.221318,0.000316,0.125896,0.100745,-0.118096,0.464785,1.126042,-0.018082,0.097000,-0.312688
-0.035098,-1.290138,0.740798,-0.008484,-0.070802,-0.686720,0.723416,0.539172,-0.130196,0.155877,0.123215,-0.301571,-0.051365,-0.351498,-0.136503,-0.141497,0.110582,-0.083302,0.246258,-0.141340,-0.129997,0.262719,-0.029553,0.246072,-0.366971,1.045349,0.236563,0.003207,0.121802,0.098160,-0.113661,0.465800,1.142009,0.013643,0.088761,-0.313275
-0.041102,-1.329585,0.743273,-0.016881,-0.051057,-0.691578,0.720297,0.571626,-0.071786,0.165166,0.127794,-0.230411,-0.093104,-0.312815,-0.080452,-0.186339,0.110305,0.000163,0.195898,-0.118977,-0.091796,0.243676,-0.002703,0.242126,-0.352036,1.048979,0.241875,0.007389,0.126911,0.094129,-0.107687,0.462640,1.156016,0.017178,0.094055,-0.304631
-0.048692,-1.372783,0.747911,-0.032638,-0.027894,-0.690095,0.722445,0.517582,0.026924,0.166055,0.324536,-0.194667,-0.137504,-0.273089,0.000174,-0.186234,0.104908,0.109920,0.132144,-0.112056,-0.041234,0.219326,0.029184,0.240382,-0.344337,1.079531,0.227343,0.001939,0.134301,0.100033,-0.101704,0.462799,1.166197,0.020262,0.095541,-0.306710
-0.055599,-1.414693,0.754201,-0.049910,-0.000137,-0.687203,0.724749,0.423848,0.133724,0.140899,0.559359,-0.096981,-0.165900,-0.233959,0.086531,-0.198019,0.107275,0.081162,0.021341,-0.112757,0.019459,0.194175,0.058311,0.237001,-0.331511,1.128357,0.218811,0.004028,0.135312,0.095405,-0.098031,0.452868,1.179230,0.020942,0.091858,-0.286689
-0.060353,-1.453764,0.759799,-0.061698,0.007466,-0.684489,0.726369,0.329450,0.187926,0.094903,0.793627,0.038608,-0.169658,-0.168946,0.129124,-0.201003,0.109598,0.024185,0.000682,-0.111532,0.045592,0.194015,0.078916,0.228875,-0.314683,1.178781,0.222208,0.020474,0.128378,0.080744,-0.102447,0.447030,1.186760,0.019983,0.093124,-0.291889
-0.064600,-1.489503,0.763883,-0.070709,0.004849,-0.678997,0.730712,0.206636,0.234866,0.070938,1.037416,0.204806,-0.082861,-0.094362,0.148712,-0.204230,0.112064,-0.037575,-0.001671,-0.111523,0.053314,0.211733,0.081718,0.227429,-0.323831,1.225542,0.216703,0.028977,0.110368,0.060026,-0.113402,0.454826,1.185119,-0.024956,0.109384,-0.304845
-0.068191,-1.521151,0.766586,-0.076982,0.002818,-0.677909,0.731099,0.098898,0.288319,0.083926,1.214339,0.169444,-0.055755,-0.033036,0.167785,-0.201005,0.113816,-0.083406,-0.020409,-0.097411,0.060112,0.234012,0.071352,0.233853,-0.352884,1.253181,0.208252,0.029871,0.093779,0.031904,-0.129760,0.464747,1.172874,-0.005341,0.091868,-0.314451
-0.069897,-1.551197,0.769267,-0.081239,-0.004181,-0.683255,0.725634,0.012617,0.322048,0.118843,1.318380,0.003300,-0.012144,0.030012,0.177800,-0.175894,0.115645,-0.123214,-0.039396,-0.072527,0.060843,0.261482,0.066473,0.238678,-0.370734,1.255801,0.208505,0.029743,0.097987,-0.006641,-0.151023,0.478470,1.161087,0.015029,0.076665,-0.311249
-0.069794,-1.580180,0.772448,-0.079251,-0.012815,-0.691671,0.717737,-0.077414,0.338462,0.169803,1.357118,-0.093768,0.032661,0.085211,0.169543,-0.145802,0.117436,-0.160062,-0.040925,-0.047216,0.053112,0.281801,0.067492,0.236206,-0.359904,1.245131,0.207745,0.026793,0.115115,-0.055631,-0.173805,0.504265,1.159968,0.012967,0.076999,-0.308172
-0.069144,-1.608956,0.775163,-0.072089,-0.018529,-0.697823,0.712392,-0.177453,0.324313,0.205427,1.331565,-0.168925,0.077470,0.126538,0.153215,-0.122898,0.119421,-0.194992,-0.045846,-0.032813,0.041896,0.289849,0.070677,0.228402,-0.337258,1.227550,0.181663,0.021527,0.138201,-0.101893,-0.193642,0.519511,1.153212,-0.001704,0.085627,-0.303938
-0.068515,-1.637678,0.776850,-0.064896,-0.023904,-0.703311,0.707511,-0.264038,0.288433,0.231432,1.239986,-0.202856,0.082198,0.166585,0.135235,-0.104971,0.121598,-0.229365,-0.052928,-0.023697,0.029825,0.297162,0.073170,0.219371,-0.320802,1.212121,0.178262,0.010841,0.141062,-0.144909,-0.209856,0.527863,1.135991,0.003038,0.082008,-0.309375
-0.067633,-1.666583,0.777014,-0.058965,-0.029613,-0.709674,0.701434,-0.327929,0.235046,0.244419,1.089935,-0.190360,0.050688,0.209657,0.117100,-0.086024,0.123899,-0.265856,-0.057253,-0.013325,0.018053,0.307062,0.072625,0.209306,-0.310486,1.189421,0.181924,0.016981,0.134798,-0.182745,-0.223359,0.531007,1.109233,-0.008727,0.075784,-0.311695
-0.066368,-1.696081,0.775467,-0.054865,-0.033345,-0.716047,0.695093,-0.366494,0.182012,0.250270,0.888652,-0.140411,0.014507,0.252648,0.102995,-0.066648,0.125936,-0.299491,-0.059292,-0.007018,0.011525,0.314869,0.073629,0.198635,-0.308343,1.171195,0.187033,0.012996,0.137290,-0.215524,-0.233080,0.533678,1.079451,-0.016974,0.069880,-0.314851
-0.065083,-1.726640,0.771926,-0.053528,-0.032027,-0.723212,0.687804,-0.374210,0.141920,0.253816,0.630039,-0.059369,-0.048551,0.293995,0.099837,-0.047126,0.127557,-0.332487,-0.066151,-0.001337,0.015842,0.317669,0.077688,0.185970,-0.302057,1.152824,0.191871,0.011559,0.139235,-0.239423,-0.237600,0.528035,1.045539,-0.024005,0.071569,-0.319301
-0.063986,-1.758941,0.765677,-0.058438,-0.026836,-0.732389,0.677843,-0.336225,0.120804,0.259107,0.312811,0.023558,-0.133437,0.342581,0.110677,-0.023051,0.127926,-0.361534,-0.066462,0.008838,0.034750,0.319049,0.086572,0.176163,-0.305796,1.132031,0.220865,0.019614,0.111605,-0.252300,-0.237827,0.523566,1.014649,-0.037209,0.067644,-0.322526
-0.062226,-1.794266,0.756803,-0.073056,-0.015861,-0.747537,0.660000,-0.318817,0.152864,0.264911,0.109584,0.036881,-0.214361,0.402449,0.139421,0.023431,0.126647,-0.378973,-0.063048,0.033253,0.078009,0.319171,0.101918,0.172762,-0.334063,1.114990,0.228851,0.017892,0.086899,-0.255049,-0.236844,0.531981,0.994889,-0.052885,0.061239,-0.327575
-0.059003,-1.830996,0.749497,-0.081005,-0.008661,-0.757811,0.647369,-0.364681,0.189916,0.270679,0.108124,-0.034306,-0.252027,0.458752,0.143936,0.059531,0.126013,-0.384747,-0.050575,0.045235,0.106801,0.316905,0.110392,0.172381,-0.366393,1.111729,0.234254,0.018647,0.079029,-0.247750,-0.234926,0.535505,0.984893,-0.070000,0.058534,-0.332234
-0.055085,-1.868813,0.744954,-0.078663,-0.007903,-0.762285,0.642395,-0.356494,0.191176,0.294254,0.107874,-0.031928,-0.259872,0.507573,0.119171,0.073563,0.126216,-0.373777,-0.022749,0.046154,0.109307,0.307706,0.116744,0.174231,-0.379212,1.117540,0.235487,0.018336,0.080880,-0.226460,-0.228877,0.527724,0.989230,-0.071536,0.055648,-0.333719
-0.050941,-1.909120,0.743588,-0.062516,-0.015314,-0.760113,0.646595,-0.313909,0.146196,0.335353,0.111660,0.023587,-0.179127,0.533581,0.064856,0.057801,0.155998,-0.351723,0.008861,0.035727,0.078926,0.283228,0.122314,0.178107,-0.388439,1.133393,0.262527,0.022726,0.080130,-0.183549,-0.215261,0.503048,1.002718,-0.068145,0.060344,-0.335728
-0.045657,-1.951856,0.745071,-0.033093,-0.026992,-0.760738,0.647652,-0.301095,0.080750,0.405468,0.128120,0.137720,-0.088841,0.482322,-0.018265,0.040182,0.312051,-0.344501,0.046725,0.033448,0.025597,0.242346,0.129544,0.176419,-0.382244,1.154284,0.273759,0.031009,0.087208,-0.129821,-0.202252,0.482231,1.024505,-0.053244,0.056682,-0.337374
-0.040418,-1.995200,0.747963,-0.006544,-0.043996,-0.759429,0.649068,-0.319560,0.013067,0.420410,0.244151,0.110350,0.056405,0.424217,-0.103643,0.033355,0.494855,-0.279007,0.075795,0.031429,-0.032631,0.208139,0.131539,0.170227,-0.364727,1.190571,0.243307,0.030226,0.106430,-0.070366,-0.189089,0.468916,1.071917,-0.028338,0.043035,-0.340507
-0.035915,-2.036531,0.751887,0.008757,-0.058888,-0.756707,0.651037,-0.275165,-0.052301,0.430900,0.268387,0.045282,0.096002,0.355267,-0.157752,0.054675,0.696284,-0.160786,0.104153,0.029581,-0.074434,0.194206,0.127615,0.162911,-0.324589,1.216637,0.231365,0.036183,0.111478,-0.012245,-0.172950,0.445340,1.124123,-0.010145,0.053547,-0.334680
-0.031418,-2.075052,0.757105,0.012624,-0.071667,-0.760731,0.644975,-0.184963,-0.103004,0.441735,0.226743,0.003074,0.096528,0.251439,-0.177690,0.116149,0.940192,-0.009334,0.119823,0.034902,-0.095871,0.201531,0.125347,0.153704,-0.281462,1.216494,0.223531,0.041185,0.114308,0.024084,-0.162464,0.451032,1.181581,0.024141,0.059373,-0.323182
-0.026928,-2.110075,0.761615,0.011633,-0.079709,-0.770698,0.632088,-0.083175,-0.140487,0.460194,0.153802,-0.020922,0.090249,0.132210,-0.197861,0.157488,1.155175,0.057122,0.190725,0.038725,-0.102246,0.214894,0.125834,0.145009,-0.256148,1.192883,0.210177,0.035845,0.118279,0.033505,-0.164161,0.499030,1.235075,0.052208,0.064800,-0.305082
-0.023565,-2.142398,0.765777,0.004893,-0.080530,-0.775716,0.625904,-0.004594,-0.154519,0.461953,0.119008,-0.053579,0.084521,0.011250,-0.210139,0.152290,1.312168,-0.077591,0.119574,0.016547,-0.094060,0.229280,0.121517,0.143154,-0.259381,1.161082,0.211826,0.027468,0.119559,0.038399,-0.170739,0.526845,1.254589,0.032219,0.079577,-0.288299
-0.021802,-2.173199,0.769481,-0.003013,-0.074591,-0.774900,0.627661,0.049076,-0.149348,0.447426,0.115252,-0.092416,0.074397,-0.113465,-0.213394,0.112749,1.398095,-0.130090,0.067765,-0.017644,-0.080501,0.236157,0.104401,0.152202,-0.290325,1.140710,0.225561,0.013776,0.125154,0.055785,-0.176150,0.505739,1.230957,0.022522,0.082328,-0.293361
-0.020879,-2.203227,0.771720,-0.009268,-0.066572,-0.769750,0.634797,0.094244,-0.142016,0.421509,0.112682,-0.127003,0.064996,-0.229363,-0.182215,0.084430,1.415437,-0.175732,0.018087,-0.054536,-0.068934,0.238875,0.082045,0.166918,-0.313263,1.119341,0.251175,0.013536,0.117075,0.083782,-0.180227,0.459793,1.178759,0.020105,0.075602,-0.301457
-0.020750,-2.232859,0.772666,-0.014061,-0.059489,-0.762102,0.644564,0.135061,-0.134912,0.393934,0.114362,-0.161099,0.055229,-0.324047,-0.145446,0.054233,1.352992,-0.205764,0.016639,-0.087476,-0.060739,0.241863,0.051143,0.183345,-0.326362,1.101678,0.259662,0.019922,0.099604,0.113996,-0.182369,0.417007,1.122072,0.015305,0.064355,-0.313569
-0.021067,-2.261902,0.772239,-0.018665,-0.053020,-0.752733,0.655922,0.175829,-0.126215,0.365154,0.116015,-0.197062,0.045923,-0.397933,-0.113810,0.018663,1.229593,-0.208316,0.029442,-0.112318,-0.053093,0.248347,0.007029,0.199805,-0.342759,1.098569,0.247887,0.014751,0.095911,0.143167,-0.181716,0.380388,1.071028,0.010055,0.056075,-0.325612
-0.021446,-2.291090,0.770345,-0.022697,-0.048779,-0.742275,0.667932,0.218475,-0.120173,0.336947,0.117943,-0.232859,0.041792,-0.445071,-0.093039,-0.017194,1.057130,-0.184335,0.039090,-0.132190,-0.048023,0.258900,-0.043118,0.213303,-0.359408,1.101660,0.247053,0.014013,0.103345,0.163547,-0.177658,0.356873,1.045048,0.004913,0.051443,-0.334549
-0.022104,-2.320943,0.766798,-0.023854,-0.046481,-0.731571,0.679760,0.260513,-0.119495,0.306489,0.119894,-0.269010,0.039104,-0.462269,-0.078795,-0.045878,0.830549,-0.135958,0.066711,-0.143867,-0.048206,0.267279,-0.092589,0.221839,-0.370998,1.104046,0.247740,0.018474,0.114027,0.179779,-0.170113,0.335486,1.038746,0.005608,0.050326,-0.331239
-0.022817,-2.352264,0.761256,-0.023499,-0.048113,-0.721234,0.690618,0.309385,-0.124919,0.276019,0.121326,-0.303021,0.030086,-0.430554,-0.073122,-0.074123,0.535783,-0.072395,0.125194,-0.149869,-0.054279,0.275306,-0.131507,0.225978,-0.376939,1.098689,0.245958,0.015852,0.118360,0.192861,-0.160736,0.312121,1.050011,0.015635,0.047681,-0.322194
-0.023872,-2.385697,0.752943,-0.020767,-0.058425,-0.708083,0.703401,0.372311,-0.144213,0.238656,0.121999,-0.331775,0.020665,-0.349760,-0.086012,-0.110842,0.197859,-0.002838,0.180486,-0.159581,-0.076302,0.283628,-0.155800,0.227651,-0.381171,1.085431,0.241267,0.011614,0.122819,0.204806,-0.151527,0.298030,1.074166,0.026465,0.051961,-0.315985
-0.026179,-2.421425,0.743925,-0.012636,-0.073420,-0.689521,0.720424,0.437276,-0.170409,0.182835,0.122544,-0.345059,0.010787,-0.358050,-0.133229,-0.133240,0.110651,-0.050713,0.239428,-0.179671,-0.113962,0.283400,-0.163667,0.230075,-0.386344,1.063989,0.245514,0.007624,0.122050,0.218618,-0.142965,0.300289,1.100421,0.036812,0.056704,-0.311871
-0.029973,-2.459131,0.738441,-0.008734,-0.077315,-0.677631,0.731274,0.493504,-0.165168,0.142583,0.122578,-0.336174,-0.012266,-0.368183,-0.152307,-0.162224,0.110303,-0.105169,0.261800,-0.183468,-0.128907,0.277032,-0.158826,0.233529,-0.393079,1.046391,0.240754,0.000480,0.124529,0.227854,-0.131347,0.304261,1.126557,0.047805,0.058827,-0.306301
-0.033492,-2.498650,0.736759,-0.010960,-0.067215,-0.678383,0.731545,0.536323,-0.132377,0.135455,0.124792,-0.303486,-0.042544,-0.337476,-0.120369,-0.161960,0.110635,-0.074478,0.219529,-0.163274,-0.111704,0.260721,-0.135387,0.234366,-0.390958,1.037769,0.242133,-0.004508,0.127263,0.230197,-0.119627,0.300940,1.154433,0.062178,0.057174,-0.299603
-0.038228,-2.540924,0.739766,-0.021906,-0.042301,-0.683500,0.728395,0.543423,-0.057898,0.155961,0.181178,-0.253669,-0.082099,-0.307169,-0.043081,-0.181681,0.109716,0.031277,0.146237,-0.139556,-0.062487,0.235974,-0.097505,0.232398,-0.377980,1.040699,0.254173,-0.001442,0.127948,0.225054,-0.103485,0.289276,1.178271,0.072104,0.059073,-0.299283
-0.043888,-2.586067,0.744326,-0.041656,-0.016652,-0.683461,0.728608,0.490532,0.048656,0.160406,0.385074,-0.208501,-0.127132,-0.264982,0.048992,-0.175190,0.104914,0.128140,0.065130,-0.132304,-0.003812,0.212789,-0.049167,0.229796,-0.364638,1.071649,0.242852,-0.002899,0.134868,0.221087,-0.090155,0.280612,1.198303,0.089530,0.058121,-0.299235
-0.048422,-2.629311,0.750290,-0.058059,0.008435,-0.684779,0.726386,0.409629,0.140621,0.135074,0.599598,-0.088335,-0.173298,-0.223246,0.132736,-0.180193,0.107203,0.093668,-0.035013,-0.130579,0.050817,0.190035,-0.001034,0.222885,-0.340818,1.126469,0.233281,0.000775,0.137316,0.202306,-0.082744,0.274644,1.212209,0.103727,0.055471,-0.300736
-0.050879,-2.669968,0.755641,-0.070802,0.009553,-0.683554,0.726395,0.325019,0.178444,0.084768,0.831870,0.063175,-0.168506,-0.142708,0.165852,-0.175249,0.109813,0.027622,-0.036823,-0.130891,0.067371,0.199299,0.030484,0.213734,-0.329001,1.193259,0.230146,0.018886,0.122978,0.181618,-0.081857,0.258663,1.195463,0.106083,0.054214,-0.308479
-0.052977,-2.706181,0.759466,-0.078391,0.006890,-0.679663,0.729291,0.199328,0.213414,0.056228,1.067370,0.220736,-0.114186,-0.069723,0.181249,-0.176123,0.112166,-0.031663,-0.039704,-0.128130,0.074049,0.217019,0.040523,0.211011,-0.345607,1.251132,0.226584,0.034914,0.096892,0.160372,-0.084633,0.234987,1.145515,0.097013,0.051478,-0.325551
-0.054555,-2.739244,0.762131,-0.085189,0.002741,-0.681121,0.727193,0.103382,0.258367,0.071129,1.228491,0.100584,-0.101732,-0.002103,0.197879,-0.163289,0.114171,-0.080969,-0.056759,-0.107092,0.079798,0.241401,0.045913,0.214123,-0.362651,1.276785,0.238162,0.044405,0.076498,0.134057,-0.093242,0.224560,1.083853,0.088391,0.036284,-0.343433
-0.054324,-2.770816,0.764959,-0.089790,-0.008335,-0.685550,0.722419,0.012506,0.304352,0.118871,1.327568,-0.014816,-0.040181,0.072336,0.197885,-0.136134,0.116272,-0.127519,-0.064536,-0.081534,0.075156,0.272421,0.060148,0.217175,-0.359500,1.264607,0.248757,0.047221,0.081683,0.094537,-0.111070,0.241828,1.035684,0.083424,0.022965,-0.362022
-0.052603,-2.801260,0.768027,-0.084886,-0.016675,-0.691349,0.717323,-0.099051,0.315655,0.158228,1.362908,-0.099569,0.041094,0.125677,0.180723,-0.110940,0.118380,-0.169032,-0.064790,-0.059476,0.063244,0.285973,0.084392,0.216072,-0.334784,1.226897,0.237943,0.036237,0.106446,0.043833,-0.134492,0.272808,1.008761,0.057903,0.022515,-0.365072
-0.050869,-2.831851,0.770393,-0.075837,-0.022480,-0.697577,0.712131,-0.202139,0.302193,0.199123,1.316481,-0.169297,0.077717,0.167842,0.158482,-0.086854,0.120676,-0.209316,-0.064192,-0.039346,0.048799,0.288992,0.110189,0.211290,-0.303758,1.181623,0.225859,0.024468,0.125018,-0.009184,-0.158985,0.308377,0.992213,0.045005,0.026418,-0.357675
-0.049272,-2.862320,0.771473,-0.066480,-0.027919,-0.705614,0.704918,-0.282785,0.267077,0.237408,1.194117,-0.191495,0.074114,0.207662,0.134359,-0.061899,0.123031,-0.246799,-0.061285,-0.017835,0.033666,0.291881,0.133018,0.202257,-0.266553,1.138085,0.230058,0.019922,0.122598,-0.066650,-0.183430,0.355757,0.985171,0.030371,0.030945,-0.352732
-0.047747,-2.893174,0.770673,-0.060205,-0.032359,-0.715274,0.695493,-0.332211,0.222641,0.265237,1.005455,-0.167017,0.035661,0.250201,0.115605,-0.034583,0.125443,-0.283490,-0.062347,0.003901,0.023674,0.298442,0.150373,0.189047,-0.230657,1.107487,0.227299,0.016537,0.120517,-0.127507,-0.205978,0.413035,0.990999,0.010095,0.034234,-0.349910
-0.046126,-2.925049,0.767704,-0.057517,-0.032004,-0.725318,0.685260,-0.349294,0.178291,0.276306,0.747300,-0.106639,-0.043540,0.290958,0.108123,-0.006988,0.129139,-0.319262,-0.071056,0.021880,0.025631,0.302945,0.162233,0.173329,-0.206674,1.093233,0.225356,0.016140,0.125651,-0.185199,-0.224736,0.473119,1.004403,-0.005123,0.034993,-0.348440
-0.044696,-2.958296,0.761654,-0.058755,-0.026545,-0.735082,0.674906,-0.332068,0.142836,0.269907,0.426557,-0.021455,-0.130857,0.334935,0.113195,0.019733,0.128800,-0.352747,-0.074511,0.035568,0.039303,0.303375,0.170282,0.158660,-0.194842,1.094298,0.221509,0.015196,0.130482,-0.234092,-0.237571,0.527755,1.018843,-0.010081,0.040237,-0.342195
-0.043027,-2.993769,0.752241,-0.068786,-0.016232,-0.746885,0.661187,-0.290483,0.141027,0.251823,0.114554,0.045762,-0.197557,0.389811,0.135830,0.056488,0.128159,-0.383253,-0.078199,0.053337,0.071918,0.304095,0.181774,0.144665,-0.188984,1.100714,0.218643,0.016390,0.129904,-0.269895,-0.245099,0.576953,1.034089,-0.013241,0.043815,-0.335063
-0.040435,-3.030717,0.742907,-0.078618,-0.007983,-0.757141,0.648454,-0.349266,0.178559,0.233684,0.108780,-0.026975,-0.239767,0.450005,0.147711,0.092135,0.127443,-0.401410,-0.074068,0.067839,0.100687,0.308751,0.186405,0.132251,-0.191761,1.117004,0.215355,0.016775,0.129276,-0.290012,-0.248138,0.606458,1.042946,-0.018940,0.046428,-0.328419
-0.036344,-3.069308,0.736692,-0.078455,-0.008603,-0.761910,0.642857,-0.350918,0.181068,0.263064,0.107975,-0.043039,-0.261800,0.507328,0.124203,0.106754,0.127446,-0.402137,-0.051735,0.067261,0.102989,0.309721,0.185895,0.119984,-0.204231,1.138907,0.216395,0.019744,0.127318,-0.289182,-0.246589,0.607611,1.048889,-0.027436,0.048316,-0.326033
-0.032173,-3.108731,0.735808,-0.057040,-0.019859,-0.757608,0.649910,-0.319369,0.124998,0.329853,0.108396,0.054352,-0.183424,0.524488,0.057296,0.079939,0.170710,-0.392450,-0.010419,0.049002,0.060609,0.293380,0.171800,0.105742,-0.220194,1.170167,0.222718,0.024948,0.127820,-0.260745,-0.238722,0.569859,1.045527,-0.024115,0.050276,-0.334309
-0.027218,-3.151356,0.737621,-0.025670,-0.034251,-0.753717,0.655804,-0.312532,0.044391,0.384338,0.130792,0.169066,-0.070396,0.482617,-0.030274,0.053363,0.315823,-0.375124,0.047274,0.040663,0.001949,0.257441,0.166001,0.092893,-0.224883,1.189347,0.228755,0.029059,0.124712,-0.204831,-0.227513,0.522572,1.041795,-0.008627,0.042855,-0.346504
-0.023309,-3.194366,0.741523,-0.002540,-0.046563,-0.748936,0.661000,-0.336150,-0.011967,0.389744,0.255301,0.120269,0.046851,0.422360,-0.093698,0.051113,0.499699,-0.285432,0.092472,0.038187,-0.042783,0.224715,0.160307,0.083618,-0.220724,1.204669,0.220934,0.028704,0.122562,-0.134898,-0.211979,0.480819,1.056568,0.009365,0.039926,-0.346512
-0.019595,-3.235744,0.746700,0.010445,-0.056643,-0.748022,0.661169,-0.293726,-0.060636,0.399585,0.282016,0.052631,0.077938,0.338834,-0.128296,0.089825,0.716449,-0.149664,0.145908,0.041996,-0.070325,0.208210,0.156288,0.079420,-0.207094,1.203615,0.220214,0.026904,0.127621,-0.077095,-0.193697,0.455735,1.094002,0.025250,0.043310,-0.331692
-0.015891,-3.274592,0.752660,0.012537,-0.071545,-0.754457,0.652318,-0.190615,-0.107373,0.416193,0.232551,0.010656,0.077306,0.230530,-0.131800,0.172312,0.975657,0.018334,0.181660,0.051248,-0.090023,0.221254,0.159265,0.083341,-0.194310,1.185545,0.246079,0.026401,0.144768,-0.047052,-0.179338,0.477128,1.150524,0.054147,0.034602,-0.329476
-0.012936,-3.310078,0.757440,0.010906,-0.081552,-0.761116,0.643376,-0.080635,-0.148429,0.425527,0.150996,-0.006673,0.070911,0.118689,-0.137633,0.209165,1.182949,0.084209,0.261800,0.045948,-0.100890,0.236572,0.162318,0.097915,-0.184874,1.166244,0.257999,0.033936,0.150730,-0.037731,-0.168378,0.519314,1.207091,0.061942,0.033324,-0.329005
-0.011147,-3.343317,0.761832,0.004726,-0.082616,-0.762586,0.641573,-0.002065,-0.161873,0.416507,0.117992,-0.039311,0.062685,-0.005237,-0.151195,0.187468,1.333884,-0.036217,0.180962,0.018949,-0.096673,0.246941,0.156205,0.122445,-0.189230,1.160021,0.208201,0.023337,0.142868,-0.026199,-0.156936,0.526754,1.230124,0.047947,0.042580,-0.336888
-0.010784,-3.374913,0.765735,-0.001265,-0.075798,-0.759261,0.646356,0.048114,-0.155137,0.394423,0.114795,-0.079074,0.048129,-0.140304,-0.182054,0.116187,1.416256,-0.093201,0.098141,-0.015857,-0.085195,0.247903,0.135299,0.154210,-0.206091,1.167598,0.187580,0.014502,0.128978,0.000036,-0.146631,0.490290,1.210060,0.052447,0.039617,-0.338086
-0.011392,-3.405520,0.768245,-0.007934,-0.068721,-0.751770,0.655786,0.095810,-0.144857,0.363564,0.113375,-0.114277,0.035262,-0.253556,-0.183682,0.054991,1.425215,-0.151455,0.020156,-0.050241,-0.075686,0.251008,0.097499,0.189468,-0.240777,1.188522,0.209336,0.021109,0.131756,0.032960,-0.141040,0.446564,1.165420,0.065341,0.034825,-0.324482
-0.012522,-3.435931,0.768900,-0.014059,-0.063431,-0.742030,0.667211,0.143045,-0.135258,0.330939,0.115203,-0.153641,0.025450,-0.337235,-0.168890,0.002311,1.352310,-0.196575,0.005768,-0.079409,-0.069901,0.255911,0.051555,0.224636,-0.277330,1.205253,0.217865,0.027573,0.129443,0.065499,-0.141533,0.425701,1.122006,0.058345,0.027819,-0.328020
-0.013610,-3.466314,0.767815,-0.019313,-0.060082,-0.732934,0.677366,0.191841,-0.127322,0.304632,0.117015,-0.193356,0.016658,-0.399282,-0.145366,-0.036139,1.218115,-0.201796,0.024130,-0.100916,-0.065935,0.264772,0.005202,0.254944,-0.303161,1.208655,0.208061,0.023044,0.127575,0.091721,-0.145603,0.418787,1.088791,0.020704,0.028194,-0.350778
-0.014641,-3.496711,0.764860,-0.021524,-0.058606,-0.725450,0.685438,0.238276,-0.125911,0.282177,0.119073,-0.234119,0.019222,-0.444337,-0.119240,-0.054630,1.038028,-0.175306,0.049408,-0.112739,-0.065743,0.274278,-0.039990,0.277949,-0.313103,1.196434,0.209345,0.020941,0.126229,0.112894,-0.150152,0.406495,1.068141,0.007894,0.028061,-0.355241
-0.015965,-3.528196,0.760117,-0.021525,-0.057533,-0.718853,0.692443,0.284083,-0.126160,0.260664,0.120948,-0.275893,0.017338,-0.457227,-0.094950,-0.065888,0.796166,-0.125250,0.088475,-0.119060,-0.066627,0.279908,-0.079045,0.292871,-0.315233,1.174259,0.214362,0.018340,0.132110,0.128816,-0.153620,0.396253,1.066286,0.019726,0.030951,-0.345635
-0.017442,-3.561059,0.753448,-0.020440,-0.059230,-0.713786,0.697555,0.336010,-0.130518,0.245131,0.122103,-0.314448,0.009464,-0.425375,-0.080510,-0.080678,0.493189,-0.061956,0.134075,-0.121232,-0.071632,0.284256,-0.106990,0.298345,-0.307147,1.142077,0.218287,0.018562,0.139434,0.133446,-0.156826,0.403446,1.093953,0.033573,0.037093,-0.333350
-0.019004,-3.596486,0.744265,-0.016951,-0.069902,-0.705134,0.705417,0.403015,-0.150802,0.222699,0.122358,-0.343671,0.004206,-0.339144,-0.089467,-0.096183,0.145960,0.004314,0.177842,-0.133507,-0.094269,0.288675,-0.116658,0.297013,-0.289340,1.102508,0.219725,0.011095,0.141049,0.136197,-0.160008,0.421343,1.133170,0.044850,0.046992,-0.319724
-0.021828,-3.633694,0.735719,-0.010943,-0.082412,-0.692182,0.716919,0.470796,-0.168846,0.183567,0.122544,-0.350551,-0.007721,-0.364096,-0.127148,-0.100586,0.110445,-0.066931,0.214734,-0.155158,-0.124757,0.288167,-0.115838,0.292496,-0.274242,1.064062,0.223976,0.003974,0.141223,0.143614,-0.159005,0.431602,1.164405,0.053903,0.057868,-0.311741
-0.026103,-3.673043,0.730785,-0.008726,-0.084471,-0.684479,0.724069,0.527876,-0.158373,0.153786,0.124787,-0.331702,-0.035357,-0.357896,-0.140804,-0.119048,0.111246,-0.103650,0.242959,-0.162567,-0.132744,0.279275,-0.108497,0.284584,-0.268179,1.039027,0.223248,-0.004774,0.145831,0.157822,-0.152235,0.420162,1.180788,0.064918,0.059513,-0.315162
-0.031027,-3.713165,0.731665,-0.015163,-0.066814,-0.688402,0.722087,0.562862,-0.106711,0.160004,0.130761,-0.278771,-0.071740,-0.320238,-0.096429,-0.154739,0.110489,-0.020596,0.190458,-0.144535,-0.096707,0.260281,-0.092481,0.267416,-0.255985,1.026872,0.244316,-0.002861,0.150994,0.166601,-0.138562,0.395915,1.190970,0.076232,0.052086,-0.323624
-0.037611,-3.756889,0.735666,-0.032643,-0.039752,-0.689777,0.722193,0.505771,0.000225,0.177211,0.339726,-0.267128,-0.116764,-0.282053,-0.015187,-0.204026,0.105675,0.109864,0.102231,-0.134108,-0.033492,0.236774,-0.061257,0.247772,-0.241721,1.026924,0.256956,0.002321,0.154476,0.178676,-0.123559,0.375746,1.194374,0.091995,0.039521,-0.331616
-0.044384,-3.800759,0.741468,-0.055070,-0.010063,-0.689382,0.722232,0.426558,0.123298,0.174636,0.578677,-0.176173,-0.139860,-0.240249,0.087602,-0.206453,0.106498,0.115460,-0.017495,-0.133169,0.039299,0.214722,-0.021501,0.227725,-0.224424,1.050407,0.243643,-0.003157,0.160706,0.179341,-0.111060,0.362540,1.204902,0.103178,0.027756,-0.336272
-0.049071,-3.841610,0.747609,-0.066020,0.000858,-0.689780,0.721003,0.334943,0.186842,0.143115,0.806265,-0.015689,-0.139672,-0.179954,0.136439,-0.205275,0.108282,0.060618,-0.027877,-0.131864,0.069216,0.207416,0.013184,0.205592,-0.201479,1.089212,0.239055,0.000065,0.155515,0.160494,-0.103758,0.353286,1.213236,0.114004,0.029033,-0.341924
-0.053103,-3.878544,0.753012,-0.073378,-0.001427,-0.683817,0.725953,0.209191,0.235490,0.111222,1.051443,0.171159,-0.076249,-0.105283,0.151292,-0.208723,0.110686,-0.004783,-0.018586,-0.136078,0.073912,0.222722,0.026522,0.190843,-0.207089,1.136397,0.233682,0.012676,0.136674,0.136798,-0.100055,0.330339,1.196758,0.116638,0.030704,-0.351402
-0.057257,-3.911723,0.756958,-0.077572,-0.004649,-0.679670,0.729390,0.097940,0.287329,0.111952,1.229374,0.154545,-0.065269,-0.041562,0.162895,-0.207742,0.112693,-0.057380,-0.022352,-0.125124,0.073136,0.241138,0.021938,0.188985,-0.245546,1.182564,0.224899,0.018114,0.115488,0.107986,-0.099616,0.316035,1.164659,0.111631,0.028840,-0.371099
-0.060282,-3.942918,0.760302,-0.080437,-0.012185,-0.683491,0.725411,0.009823,0.335443,0.155546,1.336439,0.002616,-0.006778,0.022428,0.170733,-0.189885,0.114734,-0.101871,-0.039808,-0.095971,0.065691,0.265114,0.022608,0.191632,-0.273048,1.201754,0.236582,0.025634,0.098082,0.062816,-0.107621,0.329276,1.139910,0.101569,0.018063,-0.379636
-0.061340,-3.973305,0.763650,-0.079675,-0.021907,-0.690450,0.718645,-0.073207,0.363814,0.211252,1.375417,-0.083370,0.057072,0.083570,0.165016,-0.160603,0.116726,-0.142891,-0.045459,-0.069163,0.053174,0.285071,0.040255,0.190416,-0.269403,1.192384,0.246255,0.028051,0.105144,0.002582,-0.124822,0.366819,1.134153,0.082448,0.013532,-0.379953
-0.061240,-4.002698,0.766489,-0.073217,-0.027658,-0.698728,0.711093,-0.167257,0.341438,0.239384,1.342745,-0.155906,0.092340,0.126898,0.151157,-0.132323,0.118757,-0.179444,-0.047337,-0.048254,0.039876,0.292240,0.064817,0.184539,-0.247792,1.170417,0.232994,0.022315,0.127115,-0.064168,-0.146361,0.403408,1.129505,0.042598,0.019421,-0.370925
-0.060708,-4.032232,0.768277,-0.066023,-0.032016,-0.706772,0.703626,-0.251231,0.294296,0.253124,1.241667,-0.183473,0.067832,0.166737,0.134759,-0.106930,0.120754,-0.214053,-0.045107,-0.031253,0.027705,0.295601,0.088466,0.177472,-0.230577,1.148384,0.213727,0.012567,0.144249,-0.126998,-0.168000,0.425456,1.114076,0.016292,0.033629,-0.361416
-0.060494,-4.061794,0.768297,-0.060098,-0.035180,-0.713987,0.696687,-0.320039,0.241228,0.255280,1.094648,-0.167726,0.041651,0.206220,0.121440,-0.085095,0.122846,-0.251038,-0.045990,-0.016403,0.018466,0.299453,0.104276,0.171190,-0.218346,1.136536,0.216007,0.010532,0.136941,-0.181194,-0.188024,0.430561,1.087839,0.006816,0.034703,-0.355425
-0.060172,-4.091907,0.766495,-0.056399,-0.036595,-0.720796,0.689879,-0.360924,0.196569,0.262028,0.900218,-0.126338,0.004588,0.247132,0.112764,-0.067300,0.124852,-0.289139,-0.048762,-0.005675,0.014056,0.304133,0.116252,0.166768,-0.211221,1.132234,0.220607,0.013274,0.124105,-0.228665,-0.205533,0.429751,1.058243,-0.005534,0.035427,-0.357618
-0.059530,-4.123403,0.762621,-0.055749,-0.034665,-0.727254,0.683222,-0.370170,0.158098,0.265811,0.652334,-0.052677,-0.045215,0.290202,0.113145,-0.049177,0.126614,-0.324544,-0.061650,0.000413,0.017790,0.306305,0.127891,0.163769,-0.206139,1.134895,0.221070,0.014114,0.120628,-0.266686,-0.219481,0.429502,1.029121,-0.019685,0.038484,-0.361331
-0.058725,-4.156353,0.755956,-0.059823,-0.030649,-0.733821,0.676009,-0.334395,0.127670,0.272206,0.343459,0.025002,-0.124064,0.341135,0.122782,-0.027294,0.127494,-0.361234,-0.066561,0.006015,0.030735,0.308880,0.137250,0.163753,-0.209434,1.145341,0.218792,0.013365,0.124854,-0.292448,-0.229796,0.427064,0.999721,-0.034995,0.041364,-0.363199
-0.057452,-4.191632,0.746481,-0.072972,-0.021522,-0.743906,0.663940,-0.303361,0.141053,0.283165,0.110370,0.052457,-0.203583,0.403052,0.149827,0.008949,0.126741,-0.388176,-0.071201,0.021885,0.065813,0.311731,0.148747,0.163731,-0.215353,1.157521,0.222958,0.017605,0.128058,-0.303467,-0.238269,0.428042,0.975089,-0.039824,0.039044,-0.364763
-0.054738,-4.229011,0.738697,-0.079887,-0.015446,-0.752562,0.653475,-0.343026,0.173077,0.315579,0.108217,-0.024086,-0.225259,0.462106,0.153516,0.039492,0.126360,-0.399814,-0.062190,0.035130,0.089510,0.308786,0.159818,0.160989,-0.214478,1.165751,0.224067,0.020016,0.127100,-0.300416,-0.246777,0.433604,0.958638,-0.043470,0.034472,-0.366451
-0.051733,-4.267650,0.733194,-0.078555,-0.015038,-0.755527,0.650217,-0.330088,0.171806,0.344223,0.108370,-0.031446,-0.243724,0.515226,0.134130,0.048268,0.129756,-0.393573,-0.038786,0.035359,0.092235,0.299384,0.167093,0.158174,-0.212801,1.174957,0.220727,0.019424,0.129620,-0.280753,-0.251884,0.435688,0.957721,-0.048173,0.031042,-0.365856
-0.048333,-4.308114,0.731650,-0.058802,-0.022549,-0.752663,0.655387,-0.292859,0.119073,0.384100,0.110800,0.038002,-0.167692,0.527088,0.076256,0.025800,0.182612,-0.386729,-0.004376,0.027461,0.058461,0.270578,0.167998,0.155608,-0.211070,1.185189,0.222228,0.023314,0.126750,-0.235508,-0.253593,0.424924,0.963201,-0.046531,0.034008,-0.366197
-0.043904,-4.350959,0.733264,-0.027617,-0.037738,-0.750456,0.659264,-0.283958,0.043422,0.442760,0.134633,0.152568,-0.052823,0.483463,-0.016240,0.000261,0.334557,-0.375944,0.050458,0.026206,0.000435,0.231896,0.167581,0.150179,-0.205925,1.193694,0.219666,0.024364,0.128796,-0.176933,-0.251583,0.416756,0.986612,-0.027486,0.032499,-0.370671
-0.040040,-4.393900,0.736560,-0.004897,-0.055437,-0.746850,0.662659,-0.296806,-0.018464,0.446059,0.261167,0.078284,0.081820,0.433771,-0.093851,0.004270,0.514968,-0.292239,0.104432,0.027483,-0.050521,0.205570,0.162446,0.146406,-0.201348,1.206473,0.213523,0.024104,0.130364,-0.113103,-0.241706,0.413305,1.046722,-0.000490,0.026909,-0.361590
-0.036908,-4.433918,0.740964,0.005350,-0.067014,-0.743992,0.664798,-0.252629,-0.067041,0.447098,0.290248,0.019200,0.119304,0.360789,-0.128240,0.045731,0.722880,-0.155055,0.170422,0.030260,-0.076698,0.198262,0.148419,0.145447,-0.193447,1.207416,0.213778,0.028301,0.125299,-0.056542,-0.225249,0.413584,1.118956,0.024509,0.046524,-0.333978
-0.033509,-4.470988,0.746343,0.006473,-0.079131,-0.749272,0.657486,-0.157489,-0.108630,0.458705,0.244904,-0.019670,0.118298,0.244416,-0.133274,0.123714,0.988906,0.013267,0.201202,0.040730,-0.089982,0.213766,0.137372,0.144238,-0.182046,1.184534,0.212907,0.027553,0.124188,-0.025779,-0.211675,0.455373,1.198794,0.071165,0.063669,-0.298206
-0.030989,-4.504732,0.751034,0.003925,-0.085665,-0.756237,0.648654,-0.059441,-0.138931,0.466941,0.176573,-0.040481,0.103654,0.121838,-0.140841,0.156838,1.199017,0.103571,0.261800,0.040169,-0.093271,0.229820,0.127335,0.146802,-0.174586,1.150891,0.210717,0.020701,0.130316,-0.012300,-0.201493,0.528296,1.271124,0.088978,0.072131,-0.259370
-0.029579,-4.536222,0.755311,-0.002010,-0.085816,-0.754492,0.650671,0.023414,-0.156906,0.448416,0.120564,-0.056053,0.090513,0.001679,-0.161204,0.131815,1.346065,-0.025526,0.195220,0.008754,-0.088493,0.241048,0.107805,0.158088,-0.182936,1.126871,0.212187,0.015556,0.140396,0.006966,-0.188532,0.556519,1.296784,0.050063,0.095874,-0.244047
-0.029596,-4.566806,0.759211,-0.008532,-0.079474,-0.749739,0.656889,0.072894,-0.148743,0.425603,0.117581,-0.092626,0.078084,-0.125952,-0.207454,0.055731,1.425441,-0.097513,0.104093,-0.027156,-0.077267,0.244116,0.077254,0.176057,-0.201587,1.117885,0.213459,0.012488,0.144726,0.044215,-0.174104,0.515950,1.269938,0.034344,0.096611,-0.257622
-0.030317,-4.596283,0.761752,-0.015069,-0.072598,-0.742188,0.666077,0.118313,-0.137034,0.398561,0.116003,-0.126437,0.067115,-0.238726,-0.219443,-0.002013,1.434988,-0.164910,0.015695,-0.059234,-0.067045,0.249373,0.033864,0.195965,-0.220624,1.120967,0.221396,0.012351,0.137819,0.093156,-0.162971,0.456221,1.209267,0.041114,0.074633,-0.267246
-0.031141,-4.625097,0.762690,-0.021423,-0.067574,-0.733671,0.675798,0.164394,-0.126260,0.369918,0.115692,-0.160558,0.057900,-0.325772,-0.213030,-0.050599,1.364352,-0.207169,-0.004169,-0.086436,-0.059678,0.259357,-0.015700,0.213902,-0.238634,1.127633,0.216087,0.010953,0.132479,0.138687,-0.154949,0.413549,1.143634,0.035857,0.057557,-0.273861
-0.032050,-4.654400,0.762112,-0.027422,-0.063742,-0.726897,0.683232,0.212062,-0.114380,0.350415,0.117232,-0.198836,0.043909,-0.388354,-0.190879,-0.085966,1.226505,-0.212347,0.006580,-0.104629,-0.053771,0.270412,-0.063414,0.226818,-0.250900,1.132658,0.216424,0.010427,0.130514,0.171459,-0.148893,0.396174,1.103097,0.016117,0.046252,-0.287695
-0.033235,-4.683910,0.759905,-0.030768,-0.060311,-0.721673,0.688916,0.256958,-0.105422,0.333396,0.118612,-0.236106,0.033602,-0.431187,-0.161002,-0.107787,1.034505,-0.181944,0.030459,-0.117281,-0.050568,0.278453,-0.107365,0.236492,-0.266109,1.133528,0.216215,0.009242,0.134515,0.188625,-0.143165,0.386987,1.088590,0.003918,0.048710,-0.294554
-0.034473,-4.714261,0.755854,-0.029654,-0.057782,-0.717611,0.693409,0.297520,-0.103709,0.319118,0.119713,-0.272791,0.020635,-0.443162,-0.136957,-0.127868,0.782230,-0.126377,0.073334,-0.125514,-0.052648,0.280006,-0.141655,0.242171,-0.279396,1.125980,0.219654,0.007200,0.139455,0.194993,-0.137794,0.377859,1.098265,0.007464,0.046731,-0.291389
-0.035790,-4.745991,0.749438,-0.027413,-0.060279,-0.712519,0.698521,0.346879,-0.110870,0.303850,0.120243,-0.307007,0.005768,-0.409368,-0.122088,-0.150013,0.480504,-0.066055,0.121253,-0.133993,-0.062794,0.282976,-0.164355,0.243601,-0.289612,1.110590,0.223109,0.003935,0.138248,0.194130,-0.134409,0.372455,1.123044,0.020199,0.052280,-0.284103
-0.037446,-4.780016,0.740907,-0.023878,-0.070986,-0.703406,0.706832,0.410827,-0.130238,0.278008,0.120230,-0.331861,-0.009021,-0.334001,-0.121521,-0.172339,0.165097,-0.006162,0.167863,-0.147911,-0.087177,0.287114,-0.177752,0.243446,-0.309801,1.097706,0.222961,-0.000179,0.132463,0.193706,-0.133249,0.378042,1.153825,0.035633,0.055344,-0.283947
-0.040757,-4.816052,0.732508,-0.016187,-0.084644,-0.688954,0.719664,0.474063,-0.150912,0.232455,0.120456,-0.337492,-0.027942,-0.351614,-0.158019,-0.138974,0.110539,-0.064402,0.243452,-0.169495,-0.123374,0.284132,-0.183688,0.244224,-0.337008,1.092900,0.227252,-0.004060,0.128923,0.199681,-0.131454,0.383204,1.172751,0.046743,0.056042,-0.287633
-0.045635,-4.853723,0.728790,-0.013419,-0.083223,-0.682668,0.725850,0.521159,-0.135195,0.204887,0.122489,-0.319639,-0.059027,-0.355375,-0.162477,-0.146764,0.111370,-0.097460,0.234501,-0.170851,-0.128723,0.271697,-0.177376,0.243441,-0.353241,1.093833,0.235377,-0.005069,0.130442,0.205474,-0.127725,0.380952,1.181816,0.055863,0.052012,-0.290376
-0.050885,-4.893295,0.729436,-0.017457,-0.067584,-0.685204,0.724999,0.555988,-0.089351,0.203773,0.125778,-0.269928,-0.097203,-0.316308,-0.127626,-0.190942,0.112808,-0.052127,0.162139,-0.154405,-0.101331,0.248968,-0.152580,0.237882,-0.351546,1.099876,0.242525,-0.003415,0.135332,0.205780,-0.122343,0.376217,1.190478,0.055094,0.055076,-0.292182
-0.057730,-4.935903,0.733587,-0.029397,-0.043506,-0.687050,0.724710,0.543010,-0.003363,0.216563,0.229458,-0.222693,-0.142835,-0.278674,-0.062867,-0.256955,0.109065,0.057057,0.103302,-0.140020,-0.052071,0.221223,-0.115479,0.230634,-0.339621,1.112898,0.241473,0.000715,0.131593,0.206883,-0.114595,0.367585,1.195928,0.053860,0.051907,-0.299186
-0.065366,-4.979867,0.738608,-0.048781,-0.016613,-0.685276,0.726458,0.478945,0.114213,0.211823,0.444158,-0.161596,-0.176858,-0.238899,0.030191,-0.251764,0.106906,0.118225,0.014856,-0.135837,0.009668,0.194699,-0.070523,0.224659,-0.321581,1.141266,0.228123,-0.002419,0.134144,0.202259,-0.106999,0.359048,1.206755,0.062717,0.044231,-0.305526
-0.071330,-5.021333,0.744200,-0.063323,0.002198,-0.686806,0.724073,0.398252,0.202848,0.191771,0.663789,-0.043853,-0.162059,-0.188828,0.102594,-0.255795,0.109398,0.070138,-0.040001,-0.129712,0.054730,0.177099,-0.023344,0.215333,-0.289287,1.172884,0.224245,0.009472,0.136809,0.177199,-0.105048,0.359141,1.221695,0.071575,0.046191,-0.314626
-0.075466,-5.059659,0.749219,-0.075145,0.001485,-0.685688,0.724005,0.305923,0.261008,0.168971,0.902209,0.096210,-0.082960,-0.109255,0.133093,-0.252226,0.110808,0.006314,-0.034599,-0.128342,0.068510,0.189408,0.010298,0.207371,-0.274249,1.207780,0.208348,0.020460,0.126221,0.142533,-0.110066,0.358063,1.219619,0.076671,0.042925,-0.325613
-0.079902,-5.094069,0.752554,-0.083205,-0.001586,-0.679830,0.728633,0.193885,0.342356,0.179811,1.116408,0.214568,-0.018866,-0.036725,0.150088,-0.258343,0.112533,-0.051517,-0.036059,-0.124413,0.072686,0.209437,0.019699,0.208573,-0.293615,1.242434,0.202469,0.026980,0.108599,0.112548,-0.115911,0.338048,1.184753,0.069784,0.040032,-0.338297
-0.083311,-5.125214,0.755144,-0.088821,-0.007059,-0.680299,0.727498,0.106465,0.385276,0.193075,1.256974,0.080951,0.011295,0.028036,0.164098,-0.246685,0.114416,-0.096921,-0.049602,-0.100411,0.071609,0.235266,0.022531,0.215252,-0.321225,1.256691,0.211306,0.031649,0.098965,0.073749,-0.125957,0.328008,1.141166,0.060674,0.033346,-0.351482
-0.084746,-5.154699,0.757589,-0.092354,-0.017185,-0.685694,0.721803,0.024714,0.403548,0.223028,1.333892,-0.035495,0.055754,0.094295,0.165892,-0.218733,0.116509,-0.139535,-0.060209,-0.071067,0.064348,0.265552,0.036900,0.218263,-0.315834,1.237015,0.221657,0.034206,0.101821,0.017870,-0.144567,0.348205,1.114556,0.052692,0.023493,-0.362661
-0.084648,-5.183141,0.760066,-0.091059,-0.025766,-0.692317,0.715361,-0.065272,0.389182,0.245574,1.343200,-0.122199,0.076470,0.149046,0.156660,-0.192659,0.118452,-0.175917,-0.065477,-0.045763,0.055522,0.287782,0.058475,0.214494,-0.293184,1.201217,0.216766,0.029268,0.118920,-0.045948,-0.167918,0.376513,1.100719,0.030862,0.022093,-0.362083
-0.084197,-5.211138,0.761780,-0.083730,-0.030612,-0.698293,0.710239,-0.165178,0.351350,0.264266,1.286023,-0.175826,0.079832,0.187875,0.139925,-0.172349,0.120487,-0.213473,-0.064903,-0.027516,0.043077,0.296580,0.080632,0.207942,-0.268154,1.163350,0.211036,0.018746,0.125949,-0.111149,-0.190391,0.398740,1.089991,0.012012,0.028125,-0.353700
-0.083693,-5.239502,0.762548,-0.076417,-0.033842,-0.704659,0.704606,-0.252097,0.296115,0.268646,1.165192,-0.179589,0.053391,0.223322,0.124041,-0.151358,0.122488,-0.246543,-0.068893,-0.010618,0.032028,0.302557,0.098812,0.200995,-0.251571,1.131664,0.213284,0.014575,0.123867,-0.170959,-0.209952,0.415812,1.077285,0.003338,0.030640,-0.352316
-0.083155,-5.268025,0.761734,-0.069084,-0.037219,-0.713009,0.696750,-0.310420,0.238764,0.276047,0.986178,-0.150471,0.009210,0.258260,0.106198,-0.127033,0.124489,-0.283553,-0.059522,0.008543,0.020072,0.308740,0.110333,0.194658,-0.244239,1.115643,0.222264,0.014332,0.122865,-0.226398,-0.225663,0.428370,1.065502,-0.002264,0.031471,-0.351190
-0.082422,-5.297565,0.759205,-0.065616,-0.036876,-0.720968,0.688868,-0.337664,0.197585,0.286217,0.758956,-0.100043,-0.030861,0.295898,0.099741,-0.103575,0.126315,-0.317752,-0.066417,0.021894,0.017407,0.313483,0.122378,0.187994,-0.232845,1.107557,0.227141,0.015113,0.122956,-0.273201,-0.235938,0.434291,1.052425,-0.009901,0.032233,-0.350177
-0.081340,-5.328766,0.754563,-0.064387,-0.032379,-0.729192,0.680504,-0.331603,0.167660,0.303336,0.478478,-0.030068,-0.092289,0.333343,0.100758,-0.083047,0.127375,-0.348762,-0.065841,0.031834,0.023618,0.311195,0.135229,0.180707,-0.222700,1.110979,0.224770,0.013941,0.126846,-0.307638,-0.240658,0.433100,1.037414,-0.022501,0.030895,-0.349102
-0.079975,-5.361712,0.747187,-0.070409,-0.023276,-0.739660,0.668883,-0.291425,0.156265,0.315319,0.169496,0.044333,-0.157711,0.378553,0.117185,-0.054317,0.127417,-0.376020,-0.067923,0.046109,0.047871,0.308434,0.149650,0.172724,-0.212628,1.118748,0.225998,0.018155,0.124165,-0.326999,-0.240116,0.415726,1.019874,-0.039367,0.024979,-0.345172
-0.077644,-5.396303,0.738580,-0.081940,-0.012206,-0.752399,0.653478,-0.330847,0.198471,0.309621,0.107994,-0.001800,-0.230488,0.432223,0.138696,-0.013466,0.126565,-0.391514,-0.062504,0.066311,0.084644,0.309111,0.164074,0.163488,-0.205646,1.130134,0.226339,0.020207,0.124812,-0.335650,-0.238049,0.394402,1.005671,-0.037795,0.018036,-0.344359
-0.073582,-5.432542,0.732606,-0.085140,-0.008937,-0.760369,0.643825,-0.353701,0.215553,0.319353,0.107828,-0.047576,-0.261800,0.485031,0.126723,0.012629,0.126445,-0.392934,-0.040577,0.073902,0.098819,0.308548,0.175286,0.154456,-0.207235,1.141913,0.224608,0.021929,0.128436,-0.331871,-0.235149,0.380006,1.005931,-0.027802,0.009281,-0.352642
-0.069131,-5.470681,0.729416,-0.077595,-0.011394,-0.761293,0.643648,-0.327559,0.197257,0.354880,0.108929,-0.022613,-0.235548,0.528589,0.089916,0.013707,0.129074,-0.373734,-0.003717,0.065986,0.089816,0.294133,0.182748,0.145153,-0.215739,1.158663,0.227444,0.020992,0.127155,-0.310362,-0.230193,0.367329,1.025191,-0.023268,0.006668,-0.359271
-0.063061,-5.510840,0.730567,-0.052443,-0.020243,-0.761353,0.645896,-0.298415,0.138378,0.430584,0.110101,0.055757,-0.146953,0.515384,0.013696,-0.003075,0.207661,-0.356420,0.047384,0.058775,0.048849,0.262568,0.190193,0.133978,-0.218475,1.167531,0.234919,0.019521,0.122858,-0.271584,-0.227222,0.359416,1.047941,-0.004235,0.009116,-0.354073
-0.056107,-5.553052,0.733783,-0.024366,-0.033003,-0.761757,0.646563,-0.277845,0.060034,0.465243,0.109710,0.163871,-0.058589,0.459625,-0.076350,-0.008075,0.371233,-0.319575,0.097545,0.056446,0.001560,0.225374,0.197157,0.120276,-0.220012,1.177737,0.234811,0.014465,0.127846,-0.223333,-0.228773,0.373895,1.092255,0.026925,0.007790,-0.347857
-0.050430,-5.594011,0.738164,-0.002698,-0.049903,-0.757965,0.650378,-0.274056,-0.008958,0.467998,0.192859,0.115380,0.058850,0.397992,-0.152420,0.007484,0.559305,-0.220921,0.147451,0.056689,-0.045665,0.204340,0.189171,0.113708,-0.219402,1.194251,0.234422,0.011171,0.123127,-0.161361,-0.227362,0.380802,1.145281,0.041386,0.017786,-0.331939
-0.045378,-5.632199,0.743071,0.004372,-0.063184,-0.753928,0.653897,-0.217871,-0.065493,0.464498,0.202891,0.065682,0.100279,0.316579,-0.185408,0.051529,0.787325,-0.097604,0.172024,0.054882,-0.068145,0.206243,0.174425,0.111695,-0.218984,1.189808,0.236931,0.021051,0.118199,-0.105539,-0.223235,0.391233,1.193404,0.061468,0.043874,-0.306385
-0.040069,-5.667326,0.747982,0.003435,-0.075334,-0.757942,0.647949,-0.121203,-0.111870,0.474788,0.149639,0.037139,0.111148,0.188069,-0.196659,0.114951,1.054801,0.066655,0.167861,0.060414,-0.076950,0.224310,0.162753,0.111148,-0.212017,1.164931,0.238018,0.015501,0.122833,-0.073683,-0.221628,0.440740,1.247271,0.095745,0.048639,-0.279989
-0.035817,-5.698958,0.751717,-0.000229,-0.081179,-0.761308,0.643288,-0.042705,-0.138720,0.477334,0.115328,0.005085,0.107634,0.074899,-0.222008,0.119634,1.239506,0.039217,0.183629,0.048386,-0.077469,0.240616,0.151313,0.115345,-0.202561,1.127476,0.240771,0.009652,0.137141,-0.057703,-0.219643,0.493285,1.286668,0.091826,0.062457,-0.250330
-0.032942,-5.728779,0.755333,-0.005327,-0.079072,-0.760361,0.644647,0.009458,-0.143983,0.464881,0.112207,-0.034185,0.096476,-0.050931,-0.239133,0.093592,1.367052,-0.081912,0.096060,0.019942,-0.070369,0.247842,0.132426,0.128710,-0.205843,1.097812,0.236999,0.002528,0.150561,-0.034575,-0.212149,0.492332,1.281900,0.058989,0.087716,-0.245557
-0.031297,-5.757149,0.758303,-0.010800,-0.073908,-0.754067,0.652536,0.053279,-0.143096,0.437306,0.111133,-0.068288,0.086082,-0.164690,-0.252958,0.043238,1.416417,-0.144274,0.043139,-0.016557,-0.062323,0.251129,0.100818,0.153883,-0.235549,1.082315,0.225687,-0.001177,0.159243,0.001919,-0.202027,0.452704,1.243591,0.055358,0.081194,-0.258925
-0.030222,-5.784250,0.760390,-0.017819,-0.069568,-0.745677,0.662426,0.097991,-0.138026,0.410098,0.112587,-0.102085,0.073492,-0.258969,-0.236083,0.006949,1.390306,-0.196359,0.003015,-0.048764,-0.054938,0.261543,0.055391,0.181177,-0.258554,1.081958,0.232137,0.008307,0.142986,0.044401,-0.193620,0.411413,1.184114,0.056370,0.061173,-0.274420
-0.029409,-5.810890,0.761236,-0.023311,-0.066145,-0.737302,0.671913,0.141123,-0.134084,0.382908,0.114070,-0.135415,0.062072,-0.331658,-0.218961,-0.034686,1.292511,-0.225404,0.002359,-0.073924,-0.050662,0.270883,0.003534,0.206813,-0.286493,1.093123,0.227431,0.008038,0.133426,0.081249,-0.185670,0.386553,1.134878,0.042812,0.047472,-0.290104
-0.028741,-5.837646,0.760582,-0.028256,-0.064285,-0.729538,0.680326,0.185875,-0.131006,0.357825,0.115507,-0.170959,0.052001,-0.380536,-0.190786,-0.062612,1.140655,-0.218253,0.018528,-0.094246,-0.049054,0.281279,-0.049397,0.229552,-0.313703,1.109080,0.222766,0.005944,0.130999,0.109924,-0.178147,0.376500,1.100866,0.022729,0.041461,-0.301136
-0.028384,-5.864666,0.758520,-0.029088,-0.062569,-0.722565,0.687851,0.225115,-0.132371,0.336094,0.116796,-0.204653,0.044201,-0.414425,-0.160426,-0.079259,0.948522,-0.182082,0.038476,-0.110269,-0.052206,0.285407,-0.095521,0.248041,-0.332018,1.116081,0.223545,0.006751,0.135085,0.128872,-0.169346,0.367761,1.086345,0.011046,0.041463,-0.304839
-0.028204,-5.892512,0.755301,-0.025542,-0.061149,-0.715925,0.695025,0.258737,-0.139272,0.314626,0.117869,-0.235729,0.037575,-0.415765,-0.141706,-0.110455,0.697306,-0.129049,0.071097,-0.123715,-0.060066,0.281193,-0.132151,0.261286,-0.342118,1.117262,0.221207,0.005988,0.138340,0.141637,-0.160461,0.361587,1.087618,0.014751,0.040810,-0.301011
-0.028038,-5.922126,0.749875,-0.021304,-0.063786,-0.708420,0.702580,0.301428,-0.152371,0.294326,0.118430,-0.267628,0.022599,-0.361215,-0.132011,-0.172960,0.378315,-0.060857,0.133050,-0.137890,-0.073280,0.275115,-0.155517,0.268114,-0.348556,1.114443,0.219656,0.004908,0.138182,0.152106,-0.154105,0.360448,1.102033,0.017575,0.044729,-0.295816
-0.028458,-5.953456,0.742091,-0.013108,-0.075970,-0.695953,0.713937,0.355948,-0.184011,0.256541,0.118656,-0.292285,0.014808,-0.305524,-0.139516,-0.214854,0.115371,-0.023267,0.211643,-0.160734,-0.106303,0.269559,-0.166677,0.270764,-0.351083,1.107243,0.221110,0.003406,0.134386,0.165868,-0.149918,0.364365,1.117153,0.025960,0.046202,-0.293879
-0.030435,-5.985877,0.736012,-0.006908,-0.084131,-0.684210,0.724383,0.409019,-0.198341,0.218914,0.119324,-0.304077,0.002314,-0.342981,-0.159258,-0.203438,0.110509,-0.101008,0.249404,-0.178943,-0.131767,0.262621,-0.169621,0.272929,-0.354556,1.098282,0.219511,0.001327,0.133280,0.177308,-0.144580,0.369547,1.132860,0.032796,0.045767,-0.291416
-0.032655,-6.019132,0.732944,-0.005620,-0.083793,-0.681522,0.726963,0.456012,-0.190193,0.201972,0.121055,-0.299821,-0.020554,-0.329758,-0.151300,-0.220317,0.110912,-0.105549,0.245218,-0.176941,-0.135679,0.253502,-0.158471,0.272386,-0.353939,1.088438,0.223105,-0.000734,0.137005,0.181073,-0.139017,0.373173,1.151992,0.038802,0.051621,-0.288157
-0.034877,-6.053660,0.733351,-0.010866,-0.070801,-0.688614,0.721582,0.492286,-0.155007,0.213000,0.125287,-0.271444,-0.042472,-0.288438,-0.104956,-0.240099,0.113496,-0.047405,0.162114,-0.157834,-0.108690,0.237403,-0.130299,0.266926,-0.344656,1.079285,0.227772,0.000098,0.139853,0.176507,-0.134111,0.378163,1.174828,0.044959,0.055213,-0.286389
-0.038530,-6.091153,0.737010,-0.023855,-0.052633,-0.689535,0.721943,0.490753,-0.081648,0.223912,0.218075,-0.244842,-0.084663,-0.248799,-0.046239,-0.266233,0.109754,0.026647,0.090274,-0.148644,-0.064388,0.220166,-0.096733,0.258329,-0.343935,1.085094,0.225921,-0.001477,0.141279,0.182574,-0.127449,0.369009,1.183004,0.046848,0.059319,-0.286757
-0.043296,-6.130185,0.741394,-0.044193,-0.033182,-0.686435,0.725088,0.430853,0.023636,0.210938,0.445176,-0.216074,-0.124940,-0.198065,0.028029,-0.270371,0.109231,0.063956,0.025061,-0.146368,-0.009864,0.205203,-0.058382,0.247523,-0.340919,1.112252,0.223654,-0.003660,0.141900,0.190705,-0.120486,0.360807,1.191691,0.056025,0.054001,-0.288295
-0.046574,-6.166458,0.745955,-0.060879,-0.014114,-0.690453,0.720673,0.352495,0.108362,0.184045,0.666537,-0.113926,-0.162395,-0.157617,0.105105,-0.252971,0.111146,0.039859,-0.070938,-0.133703,0.042283,0.191065,-0.014285,0.229584,-0.312006,1.140037,0.228702,0.008565,0.137697,0.176674,-0.121885,0.369184,1.205967,0.062520,0.053514,-0.285201
-0.048677,-6.199348,0.749177,-0.074655,-0.013696,-0.691819,0.718071,0.267117,0.153748,0.144534,0.903331,0.022032,-0.158776,-0.087361,0.138833,-0.245974,0.112576,-0.005042,-0.078240,-0.126293,0.061916,0.206462,0.022120,0.210378,-0.274981,1.160428,0.227104,0.017566,0.129218,0.151062,-0.129130,0.378511,1.205757,0.058878,0.052492,-0.293478
-0.051113,-6.228288,0.751297,-0.085132,-0.017555,-0.689632,0.718924,0.152085,0.196770,0.114930,1.129667,0.201050,-0.134715,-0.019725,0.156824,-0.246346,0.113898,-0.051813,-0.079539,-0.120466,0.068724,0.232995,0.037000,0.204148,-0.282553,1.184011,0.206806,0.013403,0.121394,0.121749,-0.136207,0.370176,1.183357,0.056565,0.046540,-0.308353
-0.052948,-6.254282,0.753151,-0.093295,-0.022130,-0.690538,0.716913,0.060506,0.230971,0.103214,1.278474,0.137915,-0.136862,0.040639,0.171589,-0.235875,0.115229,-0.090567,-0.088580,-0.104884,0.071164,0.262636,0.042938,0.205865,-0.307919,1.202633,0.206614,0.012651,0.114308,0.084140,-0.143617,0.360596,1.155299,0.051806,0.042935,-0.323269
-0.053334,-6.278959,0.755509,-0.096384,-0.029353,-0.697072,0.709886,-0.026848,0.276015,0.137316,1.361244,0.012978,-0.059266,0.094308,0.173875,-0.206795,0.116635,-0.125821,-0.087142,-0.080770,0.065054,0.287192,0.054078,0.205242,-0.317699,1.209646,0.218873,0.015760,0.116766,0.032391,-0.155763,0.374528,1.142504,0.050169,0.030975,-0.332737
-0.052979,-6.302740,0.758303,-0.094047,-0.035797,-0.704390,0.702644,-0.114484,0.318281,0.187876,1.376560,-0.073795,0.023131,0.137158,0.164824,-0.180299,0.118080,-0.157292,-0.085109,-0.059599,0.053845,0.301553,0.070420,0.200686,-0.304083,1.203190,0.218482,0.017691,0.117830,-0.025983,-0.170136,0.396391,1.134299,0.043270,0.029050,-0.333733
-0.052081,-6.326357,0.760825,-0.088771,-0.040755,-0.711323,0.696044,-0.193660,0.330678,0.232046,1.323198,-0.144657,0.079901,0.172554,0.149944,-0.155511,0.119826,-0.186827,-0.084639,-0.042612,0.040777,0.308033,0.091144,0.193993,-0.281726,1.182324,0.220269,0.022354,0.122941,-0.081638,-0.182721,0.411428,1.120499,0.031528,0.032900,-0.334381
-0.051176,-6.349208,0.762385,-0.082795,-0.043488,-0.719612,0.688049,-0.261423,0.314363,0.261226,1.206647,-0.174343,0.073023,0.200660,0.136033,-0.128000,0.121468,-0.214531,-0.077955,-0.026187,0.030353,0.313117,0.102312,0.189925,-0.270697,1.171282,0.221100,0.019641,0.120937,-0.136000,-0.193446,0.420541,1.101658,0.020377,0.031582,-0.335400
-0.050417,-6.372338,0.762349,-0.078264,-0.044784,-0.728772,0.678793,-0.306112,0.286617,0.282325,1.040036,-0.154125,0.027809,0.228973,0.125665,-0.103422,0.123142,-0.245420,-0.073841,-0.011013,0.022806,0.317483,0.112671,0.189166,-0.265766,1.160791,0.225546,0.017566,0.118594,-0.185928,-0.200304,0.428536,1.080517,0.009800,0.029913,-0.338982
-0.049671,-6.396493,0.761120,-0.076775,-0.044732,-0.737050,0.669972,-0.318201,0.263043,0.312884,0.828459,-0.104361,-0.027547,0.261681,0.121215,-0.078568,0.124756,-0.274520,-0.076481,-0.000389,0.020057,0.322589,0.121891,0.189848,-0.256414,1.152451,0.226914,0.018589,0.113477,-0.226500,-0.204290,0.438822,1.055743,-0.003684,0.029767,-0.344169
-0.048935,-6.421965,0.758147,-0.075649,-0.041643,-0.743938,0.662645,-0.306974,0.236568,0.346039,0.571981,-0.031249,-0.092134,0.293387,0.120541,-0.059570,0.125751,-0.306903,-0.070954,0.006981,0.023184,0.318264,0.124762,0.191659,-0.253942,1.159205,0.221076,0.016243,0.111005,-0.253114,-0.204689,0.446598,1.032253,-0.019719,0.029044,-0.350876
-0.047909,-6.449279,0.753263,-0.078345,-0.035109,-0.749911,0.655945,-0.268791,0.207500,0.353484,0.279094,0.033484,-0.164416,0.328617,0.130438,-0.037475,0.126661,-0.336366,-0.073548,0.011672,0.035559,0.311865,0.131984,0.194101,-0.244552,1.163695,0.225398,0.018526,0.111948,-0.264797,-0.201974,0.452454,1.008260,-0.034219,0.032267,-0.352169
-0.045961,-6.478152,0.746453,-0.085016,-0.024086,-0.758705,0.645413,-0.264131,0.218262,0.337075,0.108054,0.031779,-0.223148,0.366604,0.150439,-0.004961,0.126459,-0.366413,-0.074651,0.025166,0.063681,0.301662,0.138685,0.194651,-0.239017,1.169376,0.210315,0.009543,0.125322,-0.264631,-0.200232,0.459130,0.992595,-0.040601,0.028587,-0.350128
-0.042688,-6.507660,0.741020,-0.087015,-0.017401,-0.765287,0.637544,-0.299541,0.238980,0.339634,0.107180,-0.029141,-0.261800,0.403722,0.150451,0.015933,0.127168,-0.391202,-0.073054,0.031438,0.079839,0.293926,0.141400,0.193434,-0.229826,1.172943,0.200139,0.010818,0.117138,-0.257998,-0.199180,0.468235,0.985287,-0.043675,0.027642,-0.346540
-0.039202,-6.537623,0.737387,-0.083073,-0.017778,-0.767288,0.635651,-0.284824,0.230319,0.347756,0.107446,-0.017307,-0.261800,0.441908,0.126628,0.018320,0.127777,-0.405663,-0.053773,0.025003,0.077246,0.286376,0.137933,0.191921,-0.232788,1.180518,0.191041,0.004103,0.121030,-0.241933,-0.195878,0.470079,0.994189,-0.064758,0.030691,-0.344611
-0.034705,-6.568864,0.736886,-0.068682,-0.026061,-0.765907,0.638740,-0.248504,0.188275,0.404479,0.108458,0.033866,-0.199747,0.473311,0.071555,0.005216,0.131771,-0.405170,-0.016942,0.017778,0.050855,0.272124,0.127498,0.189317,-0.238517,1.186926,0.186839,0.003622,0.126541,-0.207182,-0.190018,0.448909,1.013003,-0.074943,0.033407,-0.349188
-0.028509,-6.602292,0.738457,-0.047017,-0.038541,-0.767065,0.638682,-0.226931,0.122900,0.445126,0.107143,0.131015,-0.106439,0.463479,-0.007722,-0.005529,0.210448,-0.416521,0.038872,0.017462,0.012973,0.245715,0.124746,0.175837,-0.223105,1.183984,0.201829,0.010480,0.135576,-0.166861,-0.186166,0.434790,1.052029,-0.048166,0.032763,-0.351306
-0.022085,-6.636326,0.741728,-0.022596,-0.054334,-0.767834,0.637941,-0.220595,0.049388,0.468795,0.145105,0.153188,0.042675,0.424393,-0.097532,-0.006528,0.347360,-0.409330,0.087138,0.017976,-0.031933,0.213696,0.123120,0.158914,-0.213067,1.185301,0.200975,0.009981,0.141667,-0.120685,-0.184597,0.438867,1.114681,-0.015235,0.031658,-0.349447
-0.016483,-6.668937,0.745419,-0.007611,-0.066461,-0.766776,0.638420,-0.174593,-0.019092,0.478583,0.124242,0.120708,0.085926,0.377074,-0.159550,0.005901,0.505136,-0.351909,0.120479,0.016891,-0.061188,0.193614,0.117380,0.145482,-0.207467,1.179433,0.198292,0.009187,0.143189,-0.071887,-0.183775,0.443948,1.175589,0.002337,0.053148,-0.323480
-0.012012,-6.699878,0.749089,-0.002624,-0.075688,-0.767819,0.636175,-0.116564,-0.061082,0.486970,0.109185,0.081111,0.081885,0.313082,-0.193128,0.035562,0.694409,-0.264366,0.132480,0.018394,-0.073714,0.186380,0.109382,0.138920,-0.215833,1.167728,0.203745,0.007614,0.132339,-0.026452,-0.184828,0.462355,1.229789,0.032248,0.065582,-0.293326
-0.007426,-6.727594,0.751840,-0.002315,-0.082124,-0.772276,0.629952,-0.063958,-0.085294,0.499966,0.108751,0.036269,0.077569,0.215140,-0.213961,0.068256,0.921428,-0.158447,0.132233,0.017666,-0.076472,0.191919,0.102267,0.136678,-0.222203,1.138762,0.216733,0.007091,0.130014,0.002174,-0.191596,0.493851,1.270203,0.050612,0.070241,-0.260711
-0.003238,-6.752341,0.753509,-0.006145,-0.087802,-0.777466,0.622736,-0.010428,-0.102011,0.511612,0.108544,-0.005210,0.076647,0.102630,-0.238977,0.077727,1.139769,-0.017370,0.140456,0.009581,-0.075683,0.208882,0.097369,0.139228,-0.217647,1.100010,0.226947,0.003899,0.137263,0.022089,-0.198844,0.508066,1.284643,0.048427,0.082042,-0.254582
0.000218,-6.774092,0.754615,-0.012124,-0.092433,-0.778394,0.620816,0.039135,-0.115999,0.510671,0.108122,-0.040582,0.071210,0.020359,-0.292629,0.031518,1.285252,-0.072267,0.105962,-0.014143,-0.075800,0.231193,0.083572,0.149021,-0.220072,1.075705,0.226453,-0.002230,0.149116,0.039777,-0.204352,0.490243,1.271746,0.051764,0.080986,-0.263928
0.001861,-6.795016,0.756089,-0.017599,-0.093158,-0.778679,0.620218,0.081506,-0.120992,0.505264,0.108056,-0.072166,0.063790,-0.064450,-0.324338,-0.006687,1.370235,-0.159201,0.041196,-0.036063,-0.074170,0.244445,0.060314,0.169149,-0.244744,1.074731,0.212578,-0.003872,0.151064,0.063938,-0.206768,0.457078,1.238093,0.054637,0.073786,-0.275049
0.002420,-6.814438,0.757989,-0.021516,-0.088294,-0.779023,0.620374,0.111012,-0.115471,0.498553,0.108664,-0.099503,0.052927,-0.152697,-0.315889,-0.028575,1.386519,-0.202609,0.012606,-0.054867,-0.069311,0.251904,0.036165,0.188063,-0.251715,1.079572,0.218194,-0.001077,0.149920,0.084479,-0.204918,0.427924,1.195859,0.049975,0.066194,-0.283346
0.002542,-6.833101,0.759504,-0.025546,-0.081804,-0.777822,0.622614,0.137532,-0.106126,0.490415,0.109337,-0.125744,0.037047,-0.225287,-0.296431,-0.057399,1.338626,-0.240285,0.016074,-0.073994,-0.060155,0.257248,0.007404,0.205374,-0.267145,1.093226,0.217421,0.003046,0.145420,0.101481,-0.200566,0.402113,1.157584,0.040032,0.057844,-0.289389
0.002203,-6.851436,0.760290,-0.028388,-0.075868,-0.776165,0.625304,0.162110,-0.098531,0.482059,0.109927,-0.153172,0.028143,-0.288922,-0.271634,-0.081689,1.244287,-0.256384,0.020785,-0.088594,-0.053106,0.262654,-0.019661,0.220338,-0.279605,1.103498,0.218530,0.005507,0.143001,0.112177,-0.194597,0.386333,1.128777,0.022220,0.057994,-0.298319
0.001342,-6.869327,0.760529,-0.029278,-0.071657,-0.773170,0.629457,0.182786,-0.095637,0.469814,0.110852,-0.176986,0.026537,-0.339669,-0.252696,-0.106914,1.114511,-0.244896,0.029216,-0.100394,-0.050274,0.268387,-0.046395,0.232522,-0.293136,1.110951,0.218102,0.006274,0.142819,0.120098,-0.186073,0.370615,1.109892,0.028241,0.049423,-0.300684
-0.000239,-6.887669,0.759871,-0.029062,-0.068045,-0.769167,0.634750,0.203392,-0.094035,0.455207,0.111815,-0.200256,0.019947,-0.373661,-0.227577,-0.121360,0.952864,-0.212912,0.042717,-0.109794,-0.049373,0.272026,-0.070509,0.241712,-0.309280,1.116820,0.216203,0.006811,0.140625,0.123973,-0.175254,0.357999,1.102804,0.022180,0.051686,-0.303882
-0.002029,-6.906752,0.758190,-0.027601,-0.066555,-0.764643,0.640414,0.226747,-0.098120,0.440447,0.112605,-0.223178,0.019232,-0.389493,-0.203413,-0.123822,0.765324,-0.165578,0.073028,-0.114716,-0.051500,0.273700,-0.091341,0.245580,-0.327338,1.123637,0.214510,0.005998,0.140493,0.125423,-0.165662,0.355385,1.107065,0.020040,0.054007,-0.302278
-0.004290,-6.926840,0.755409,-0.027206,-0.068312,-0.759178,0.646717,0.257820,-0.104943,0.423164,0.113192,-0.248558,0.012470,-0.376006,-0.183753,-0.119210,0.550197,-0.117083,0.119039,-0.118613,-0.055667,0.277916,-0.105227,0.242938,-0.338916,1.128419,0.210578,0.004588,0.137415,0.126111,-0.159135,0.364485,1.119367,0.025744,0.052798,-0.298521
-0.007468,-6.948097,0.751648,-0.025729,-0.072337,-0.752882,0.653662,0.292754,-0.115454,0.404037,0.113529,-0.273248,0.008808,-0.346133,-0.172007,-0.103143,0.326865,-0.070517,0.154607,-0.121623,-0.063926,0.279868,-0.113605,0.235204,-0.346759,1.134889,0.208431,0.003153,0.133344,0.127532,-0.153824,0.372755,1.130860,0.027894,0.057165,-0.289637
-0.011492,-6.970853,0.746449,-0.022502,-0.079741,-0.743775,0.663275,0.332270,-0.131870,0.377392,0.113473,-0.298188,0.001828,-0.305015,-0.181490,-0.088212,0.117847,-0.022846,0.202640,-0.130324,-0.079691,0.278504,-0.113779,0.225560,-0.353647,1.142545,0.207155,0.001514,0.131894,0.130837,-0.150466,0.385267,1.142991,0.033516,0.057748,-0.284154
-0.016998,-6.994548,0.741022,-0.019357,-0.087699,-0.734057,0.673123,0.374718,-0.143755,0.349951,0.113483,-0.320458,-0.009805,-0.336962,-0.207016,-0.075709,0.110796,-0.070067,0.244875,-0.140198,-0.097596,0.276648,-0.107223,0.218073,-0.363306,1.150659,0.204201,0.000196,0.130040,0.134137,-0.147446,0.395768,1.150183,0.032816,0.061073,-0.283497
-0.023814,-7.018848,0.736800,-0.018568,-0.091489,-0.726833,0.680440,0.416484,-0.140607,0.331628,0.113944,-0.334377,-0.030424,-0.346018,-0.221066,-0.083911,0.111127,-0.103067,0.261800,-0.143608,-0.106319,0.273283,-0.095768,0.212162,-0.372462,1.161170,0.202193,-0.000507,0.127060,0.135115,-0.144342,0.404093,1.157586,0.035806,0.060474,-0.280877
-0.031610,-7.043754,0.734112,-0.019032,-0.091062,-0.722388,0.685201,0.454497,-0.125709,0.319366,0.114409,-0.338635,-0.054648,-0.325491,-0.224739,-0.094431,0.111558,-0.099467,0.259787,-0.143335,-0.108682,0.266152,-0.078982,0.207283,-0.376918,1.175324,0.195453,0.000395,0.125890,0.129714,-0.139979,0.415190,1.164642,0.031342,0.067106,-0.280355
-0.041173,-7.070032,0.733829,-0.019865,-0.084896,-0.717304,0.691283,0.484142,-0.095171,0.305016,0.115382,-0.325965,-0.089805,-0.286600,-0.214495,-0.131265,0.111467,-0.075879,0.249171,-0.142746,-0.102835,0.248253,-0.059635,0.204962,-0.384388,1.198451,0.185522,-0.002059,0.124742,0.132344,-0.133166,0.417439,1.163010,0.022800,0.068372,-0.278870
-0.053099,-7.097902,0.737359,-0.026043,-0.069680,-0.711675,0.698559,0.504618,-0.033783,0.291124,0.122101,-0.295287,-0.135352,-0.257094,-0.171284,-0.162016,0.109263,0.006838,0.214053,-0.136382,-0.079320,0.227821,-0.045292,0.209709,-0.399950,1.227396,0.180830,0.000890,0.119060,0.139365,-0.119977,0.411900,1.152659,0.014754,0.069956,-0.286137
-0.065908,-7.126317,0.741333,-0.040555,-0.058007,-0.706193,0.704473,0.542361,0.036846,0.273565,0.129698,-0.240976,-0.181902,-0.210894,-0.117243,-0.175959,0.107035,0.088102,0.183746,-0.128003,-0.052968,0.220768,-0.022558,0.213250,-0.379277,1.253821,0.193772,0.006384,0.124151,0.142444,-0.106315,0.407416,1.153155,0.016515,0.061687,-0.283482
-0.078154,-7.154602,0.745864,-0.050583,-0.038779,-0.711402,0.699889,0.505465,0.120043,0.276005,0.266927,-0.216078,-0.233323,-0.190599,-0.041970,-0.164816,0.107908,0.096049,0.100226,-0.102525,-0.015763,0.194063,0.015387,0.212866,-0.339423,1.261979,0.195199,0.012819,0.133672,0.133036,-0.099239,0.411339,1.169135,0.015630,0.065195,-0.281496
-0.089959,-7.180773,0.749991,-0.060373,-0.027882,-0.714491,0.696477,0.456416,0.191431,0.264039,0.437756,-0.171602,-0.251767,-0.155735,0.015350,-0.163633,0.109473,0.074572,0.040826,-0.087148,0.006789,0.181304,0.053537,0.214695,-0.301257,1.254453,0.182209,0.010640,0.128884,0.112505,-0.099223,0.427868,1.192041,0.009335,0.061345,-0.303146
-0.101073,-7.204267,0.753142,-0.069517,-0.022669,-0.712692,0.697656,0.395544,0.255375,0.242459,0.620156,-0.123664,-0.227293,-0.112777,0.053917,-0.177170,0.111216,0.037110,0.001366,-0.086080,0.016967,0.182502,0.085093,0.221494,-0.279236,1.234989,0.178275,0.005448,0.118106,0.086892,-0.104535,0.443458,1.205300,-0.006602,0.061531,-0.335976
-0.111222,-7.225195,0.755371,-0.079927,-0.023850,-0.706418,0.702863,0.326461,0.314376,0.213799,0.809691,-0.069694,-0.160089,-0.059115,0.078918,-0.198724,0.112523,-0.001976,-0.016811,-0.090438,0.020064,0.199446,0.096013,0.232398,-0.296830,1.223399,0.176552,0.000544,0.115274,0.069481,-0.114938,0.428622,1.188175,0.017893,0.046401,-0.354283
-0.119686,-7.243873,0.756462,-0.088540,-0.025233,-0.701929,0.706271,0.256417,0.375999,0.209023,0.976166,0.008788,-0.091271,-0.012864,0.101641,-0.210662,0.113478,-0.036064,-0.029866,-0.088151,0.025000,0.218074,0.096991,0.238799,-0.315018,1.211477,0.193294,0.001624,0.121638,0.058092,-0.128974,0.387438,1.140072,0.051485,0.030704,-0.360058
-0.126295,-7.260550,0.757223,-0.094765,-0.026582,-0.700897,0.706439,0.204852,0.434930,0.229339,1.091218,0.076714,-0.094284,0.024668,0.121550,-0.210142,0.114223,-0.063575,-0.042880,-0.076082,0.031945,0.233613,0.093835,0.235634,-0.313325,1.194781,0.206545,0.004252,0.127016,0.041172,-0.148011,0.358587,1.095767,0.041332,0.027550,-0.363866
-0.131471,-7.274974,0.758379,-0.096567,-0.027608,-0.700646,0.706405,0.141661,0.446655,0.214601,1.172542,0.013859,-0.053812,0.050998,0.132398,-0.210011,0.115138,-0.084116,-0.056500,-0.064571,0.035608,0.244558,0.089648,0.225530,-0.297228,1.169817,0.205740,0.002238,0.126800,0.013739,-0.172437,0.360739,1.070692,0.024806,0.017966,-0.370986
-0.135989,-7.287977,0.759426,-0.098336,-0.030607,-0.697865,0.708786,0.086404,0.444400,0.202089,1.212883,-0.063253,-0.036200,0.079335,0.137257,-0.214436,0.116110,-0.105126,-0.065159,-0.061402,0.036845,0.258235,0.082777,0.213695,-0.291858,1.143279,0.206354,0.001631,0.127034,-0.015854,-0.194648,0.367088,1.054647,0.012519,0.018470,-0.379078
-0.139499,-7.299345,0.760405,-0.098740,-0.033213,-0.697040,0.709424,0.045501,0.444703,0.219280,1.211615,-0.134465,-0.040612,0.101951,0.139776,-0.213603,0.116855,-0.122435,-0.069076,-0.056036,0.038198,0.270246,0.072130,0.201859,-0.302412,1.120537,0.211022,-0.000579,0.133790,-0.049272,-0.212653,0.373212,1.050409,0.015048,0.020167,-0.376112
-0.142331,-7.309569,0.761026,-0.098985,-0.035813,-0.697972,0.708346,0.017058,0.432602,0.237510,1.170066,-0.203517,-0.075580,0.122100,0.141725,-0.208917,0.117622,-0.138496,-0.072304,-0.048657,0.040378,0.280734,0.060974,0.188902,-0.314694,1.101604,0.229420,0.000466,0.137196,-0.083289,-0.227816,0.386403,1.054439,0.017397,0.022547,-0.364074
-0.145192,-7.319076,0.761485,-0.098685,-0.037991,-0.699067,0.707194,-0.009110,0.410514,0.242998,1.101985,-0.245030,-0.114027,0.139534,0.143525,-0.204265,0.118365,-0.153290,-0.076514,-0.043080,0.040788,0.289159,0.048524,0.178005,-0.330063,1.088669,0.232633,-0.001061,0.135208,-0.113001,-0.236304,0.402461,1.058976,0.017254,0.030373,-0.354861
-0.147451,-7.327313,0.762096,-0.096599,-0.039341,-0.699878,0.706606,-0.032261,0.389574,0.253613,1.016353,-0.275871,-0.141104,0.150914,0.142250,-0.200943,0.119007,-0.165059,-0.078783,-0.040140,0.038135,0.294589,0.033883,0.168556,-0.347473,1.082173,0.237131,0.002573,0.146785,-0.138256,-0.237182,0.417802,1.063050,0.017356,0.033662,-0.349555
-0.149081,-7.335700,0.762694,-0.093725,-0.039599,-0.702143,0.704729,-0.050356,0.366988,0.261264,0.924279,-0.296630,-0.160538,0.159056,0.141118,-0.193223,0.119650,-0.176099,-0.080915,-0.035425,0.036053,0.294470,0.018672,0.160246,-0.363898,1.091290,0.250160,0.011140,0.170043,-0.153178,-0.232627,0.434030,1.062138,0.012492,0.036660,-0.350415
-0.150207,-7.343223,0.763312,-0.089534,-0.039380,-0.703990,0.703442,-0.070185,0.333286,0.247058,0.833488,-0.306483,-0.171165,0.163543,0.137520,-0.186747,0.120348,-0.187744,-0.082394,-0.036591,0.031194,0.293864,0.004222,0.155931,-0.370989,1.111185,0.254435,0.009598,0.186961,-0.161685,-0.223193,0.451593,1.053663,0.006485,0.037112,-0.347933
-0.150940,-7.350286,0.763994,-0.084957,-0.038351,-0.707485,0.700554,-0.081408,0.302523,0.233049,0.742857,-0.311021,-0.180186,0.164647,0.134372,-0.176363,0.120912,-0.196033,-0.082487,-0.034117,0.027390,0.289697,-0.005278,0.156043,-0.371733,1.125988,0.225312,0.003745,0.180762,-0.162925,-0.209595,0.474453,1.047312,-0.001140,0.036750,-0.349164
-0.150777,-7.357064,0.764638,-0.080371,-0.037193,-0.713042,0.695506,-0.079162,0.277574,0.231776,0.649736,-0.307448,-0.180542,0.164828,0.130500,-0.161998,0.121480,-0.204233,-0.081346,-0.030877,0.023627,0.284695,-0.006565,0.157063,-0.361703,1.134682,0.221651,0.003522,0.169147,-0.161002,-0.193959,0.507109,1.045156,-0.006060,0.035867,-0.345583
-0.150177,-7.363672,0.765278,-0.077482,-0.036675,-0.718426,0.690301,-0.064041,0.256089,0.235800,0.556480,-0.284524,-0.183343,0.167014,0.127055,-0.143365,0.121856,-0.208923,-0.077120,-0.031330,0.020934,0.281409,-0.006503,0.159661,-0.360237,1.145367,0.211314,0.002216,0.159262,-0.155128,-0.176535,0.550209,1.051934,-0.010098,0.032863,-0.346300
-0.149129,-7.370152,0.765788,-0.074253,-0.035398,-0.725211,0.683595,-0.049509,0.244075,0.258778,0.487287,-0.253192,-0.141851,0.168436,0.123988,-0.129715,0.122272,-0.214863,-0.073846,-0.032586,0.017823,0.275601,-0.002197,0.163745,-0.366572,1.152615,0.205406,0.004924,0.156275,-0.145467,-0.156792,0.599213,1.062158,-0.013501,0.031275,-0.348802
-0.147508,-7.376774,0.766347,-0.070168,-0.034317,-0.731090,0.677795,-0.034655,0.241820,0.287232,0.471384,-0.248997,-0.128125,0.168281,0.117876,-0.110664,0.122801,-0.221465,-0.068031,-0.036465,0.013289,0.265563,0.000448,0.168001,-0.385188,1.167416,0.190876,0.003479,0.154079,-0.129505,-0.138262,0.651837,1.077498,-0.019035,0.026124,-0.346849
-0.145490,-7.383151,0.767275,-0.065522,-0.035349,-0.731884,0.677350,-0.018831,0.225811,0.294271,0.445562,-0.240596,-0.122033,0.171737,0.104753,-0.107722,0.123462,-0.229687,-0.061620,-0.051390,0.003492,0.258520,0.000696,0.169924,-0.396070,1.184115,0.181207,0.003203,0.151473,-0.105296,-0.120429,0.691272,1.091386,-0.022536,0.020722,-0.340695
-0.142598,-7.388265,0.768434,-0.061790,-0.036388,-0.738526,0.670401,0.004510,0.214622,0.320181,0.416267,-0.231821,-0.114865,0.170879,0.093715,-0.088159,0.127482,-0.233886,-0.055701,-0.048041,-0.000212,0.256262,-0.002316,0.167133,-0.396397,1.195959,0.183141,0.005096,0.151669,-0.077265,-0.105055,0.672539,1.092132,-0.021722,0.043905,-0.274411
-0.139832,-7.393506,0.769382,-0.057371,-0.036120,-0.740722,0.668382,0.018278,0.200957,0.332113,0.390640,-0.225155,-0.109427,0.167489,0.082452,-0.081491,0.133004,-0.240426,-0.050043,-0.055422,-0.003924,0.251011,-0.001504,0.163830,-0.388063,1.194635,0.191782,0.009540,0.149942,-0.059821,-0.096707,0.596800,1.085139,0.101879,0.097273,-0.152068
-0.137062,-7.398546,0.769942,-0.054448,-0.037113,-0.740956,0.668313,0.033673,0.186362,0.339369,0.366693,-0.220043,-0.105240,0.169865,0.070659,-0.080411,0.136682,-0.248210,-0.043228,-0.061715,-0.006740,0.248888,-0.003922,0.162450,-0.390717,1.190223,0.205208,0.010706,0.153638,-0.053358,-0.100500,0.560740,1.102938,0.176411,0.065900,-0.148252
-0.134280,-7.403387,0.770343,-0.051186,-0.037090,-0.740841,0.668699,0.043014,0.173457,0.342780,0.349051,-0.217161,-0.100688,0.170515,0.060087,-0.080287,0.139046,-0.255203,-0.036636,-0.063514,-0.007015,0.244463,-0.007733,0.161684,-0.397976,1.181742,0.203944,0.009249,0.150493,-0.055371,-0.113702,0.579852,1.128410,0.095030,0.051276,-0.234799
-0.131285,-7.408297,0.770657,-0.048637,-0.037249,-0.737469,0.672597,0.047887,0.159469,0.336254,0.337320,-0.214981,-0.091598,0.174785,0.049162,-0.088970,0.139642,-0.261849,-0.029971,-0.071129,-0.006162,0.240346,-0.010862,0.158792,-0.398517,1.171662,0.216231,0.011971,0.147673,-0.056834,-0.132170,0.610831,1.152967,-0.013005,0.057751,-0.317826
-0.128534,-7.412912,0.771209,-0.044851,-0.037292,-0.736421,0.674004,0.055708,0.144612,0.338323,0.318062,-0.208832,-0.081572,0.173830,0.037649,-0.087518,0.143204,-0.267822,-0.023326,-0.069762,-0.005976,0.233564,-0.015806,0.155599,-0.403030,1.165996,0.215311,0.010381,0.149100,-0.051505,-0.152777,0.623234,1.165013,-0.041028,0.058631,-0.348137
-0.125877,-7.417234,0.771828,-0.041735,-0.038327,-0.735052,0.675639,0.070063,0.127430,0.339435,0.289201,-0.199470,-0.072519,0.175229,0.025465,-0.091710,0.147533,-0.274012,-0.018137,-0.069831,-0.007175,0.229678,-0.017478,0.151986,-0.398990,1.158513,0.221040,0.010005,0.151525,-0.039351,-0.173409,0.609271,1.160996,-0.005563,0.050409,-0.322155
-0.123291,-7.421370,0.772417,-0.039652,-0.040020,-0.734408,0.676366,0.091460,0.110070,0.341644,0.251839,-0.187231,-0.067350,0.178585,0.014017,-0.095186,0.152579,-0.279462,-0.013592,-0.067774,-0.007030,0.227002,-0.020777,0.149602,-0.405606,1.156131,0.213714,0.006512,0.148439,-0.027122,-0.191682,0.591007,1.158519,0.023843,0.052750,-0.293089
-0.120880,-7.425369,0.772841,-0.037598,-0.041599,-0.733999,0.676832,0.114302,0.092879,0.344186,0.211049,-0.173545,-0.063405,0.181894,0.003099,-0.097694,0.156866,-0.284721,-0.008458,-0.068293,-0.008383,0.224193,-0.018614,0.148198,-0.403424,1.151287,0.216952,0.009034,0.144450,-0.018237,-0.205194,0.584294,1.160103,0.024119,0.056169,-0.289967
-0.118900,-7.428762,0.773049,-0.036442,-0.043050,-0.733096,0.677783,0.135788,0.078418,0.344421,0.173388,-0.160695,-0.060536,0.186363,-0.005345,-0.100865,0.159950,-0.289664,-0.004717,-0.069522,-0.009552,0.222860,-0.017489,0.146798,-0.397398,1.151903,0.220892,0.010315,0.142441,-0.012263,-0.213737,0.583184,1.165131,0.019350,0.058660,-0.301341
-0.116930,-7.432138,0.773137,-0.034423,-0.043215,-0.733388,0.677561,0.155493,0.065027,0.347540,0.133779,-0.146584,-0.058546,0.187033,-0.012481,-0.100423,0.162438,-0.294820,-0.002014,-0.072427,-0.010233,0.218292,-0.016383,0.147076,-0.398338,1.159682,0.214429,0.008485,0.143738,-0.006316,-0.216429,0.571904,1.163699,0.020344,0.061486,-0.305444
-0.115052,-7.435236,0.772800,-0.033660,-0.042807,-0.733674,0.677316,0.159974,0.060877,0.348668,0.130487,-0.151198,-0.057420,0.190185,-0.016395,-0.100742,0.161467,-0.297886,0.001770,-0.075507,-0.009011,0.214210,-0.015471,0.147651,-0.399286,1.170701,0.206236,0.010537,0.139314,0.000144,-0.216835,0.561811,1.158796,0.023345,0.059871,-0.301139
-0.113138,-7.438253,0.772432,-0.032655,-0.041706,-0.734474,0.676566,0.163166,0.057699,0.351269,0.127235,-0.155515,-0.056788,0.191190,-0.019376,-0.098800,0.160764,-0.301079,0.004749,-0.077775,-0.007407,0.209872,-0.009713,0.145745,-0.383866,1.175742,0.218310,0.017110,0.137219,0.006292,-0.214997,0.556408,1.148126,0.019566,0.063521,-0.300291
-0.111521,-7.440934,0.772143,-0.031249,-0.040119,-0.735570,0.675537,0.164625,0.055190,0.353566,0.123795,-0.158653,-0.056989,0.190449,-0.021630,-0.095806,0.159144,-0.302987,0.008355,-0.080200,-0.004803,0.203309,-0.011488,0.144800,-0.387993,1.191329,0.207364,0.016862,0.131181,0.009722,-0.210933,0.557860,1.141355,0.014872,0.062248,-0.300918
-0.110163,-7.443146,0.772000,-0.029648,-0.038624,-0.736054,0.675169,0.163330,0.052609,0.354128,0.122963,-0.161118,-0.053993,0.188528,-0.023994,-0.094415,0.158853,-0.304696,0.010588,-0.082857,-0.004785,0.197604,-0.012211,0.144148,-0.383662,1.200565,0.208280,0.019562,0.129776,0.012543,-0.201446,0.558208,1.134182,0.014762,0.060235,-0.303050
-0.109135,-7.444869,0.771976,-0.027858,-0.037368,-0.735761,0.675636,0.160122,0.049763,0.353772,0.123576,-0.162560,-0.049092,0.186241,-0.026529,-0.095209,0.158908,-0.306244,0.012007,-0.084029,-0.005677,0.192572,-0.014672,0.142854,-0.378855,1.206754,0.219618,0.022103,0.134305,0.016909,-0.189650,0.555465,1.127344,0.011444,0.057322,-0.303451
-0.108194,-7.446341,0.772020,-0.026291,-0.035872,-0.735856,0.675676,0.156943,0.048048,0.354417,0.124073,-0.164075,-0.045075,0.183538,-0.028041,-0.095080,0.158446,-0.306187,0.013592,-0.083045,-0.005550,0.187019,-0.020555,0.144332,-0.393418,1.212219,0.206719,0.019859,0.134350,0.020074,-0.176925,0.558161,1.124549,0.011610,0.055465,-0.301067
-0.107288,-7.447249,0.771941,-0.026631,-0.035628,-0.737046,0.674378,0.159042,0.047920,0.357870,0.124558,-0.166992,-0.042812,0.183971,-0.028333,-0.091360,0.159211,-0.307070,0.014140,-0.078647,-0.005115,0.189011,-0.020465,0.144757,-0.389658,1.202574,0.211550,0.018973,0.135697,0.018845,-0.163982,0.568744,1.125387,0.008234,0.054689,-0.299629
-0.106572,-7.448000,0.771805,-0.026989,-0.035418,-0.738379,0.672914,0.161764,0.047846,0.361873,0.123680,-0.168966,-0.042508,0.184878,-0.028523,-0.087878,0.158529,-0.307047,0.016204,-0.075557,-0.006134,0.190105,-0.017593,0.144412,-0.380829,1.188732,0.210866,0.017555,0.133170,0.013348,-0.150884,0.586297,1.131554,0.003775,0.053691,-0.293308
-0.105791,-7.449125,0.771737,-0.026525,-0.034178,-0.738469,0.672898,0.160813,0.047751,0.361494,0.123524,-0.171431,-0.041144,0.184235,-0.028559,-0.088157,0.157507,-0.306844,0.017688,-0.075898,-0.006320,0.186474,-0.011019,0.141213,-0.362998,1.173822,0.230226,0.020492,0.133269,0.008293,-0.139748,0.603528,1.137368,-0.003971,0.056340,-0.284706
-0.105093,-7.450040,0.771722,-0.025273,-0.032898,-0.739042,0.672380,0.158352,0.046680,0.362797,0.123345,-0.172693,-0.038562,0.181214,-0.029492,-0.086689,0.157315,-0.307197,0.018755,-0.076826,-0.006739,0.181373,-0.012760,0.140200,-0.370032,1.174157,0.220420,0.018319,0.132108,0.003782,-0.133085,0.607628,1.143368,-0.008396,0.052012,-0.272011
-0.104473,-7.450792,0.771713,-0.024132,-0.031750,-0.739659,0.671799,0.156452,0.045705,0.364690,0.122444,-0.173049,-0.037360,0.178362,-0.030222,-0.084976,0.156902,-0.307304,0.019698,-0.079463,-0.008380,0.177441,-0.016644,0.141375,-0.382920,1.182409,0.208055,0.014464,0.130353,-0.000732,-0.131634,0.604410,1.146099,-0.010099,0.052377,-0.271662
-0.103878,-7.451242,0.771650,-0.023410,-0.031296,-0.740539,0.670876,0.156292,0.044331,0.367136,0.121046,-0.173169,-0.036680,0.176557,-0.031450,-0.082452,0.156962,-0.307608,0.021150,-0.079186,-0.010725,0.175619,-0.019590,0.141797,-0.388617,1.188391,0.207633,0.015209,0.128949,-0.004767,-0.133823,0.600354,1.149215,-0.009868,0.055498,-0.281557
-0.103044,-7.451711,0.771623,-0.022114,-0.030027,-0.742068,0.669286,0.153814,0.043491,0.371467,0.120868,-0.174098,-0.036128,0.172049,-0.032338,-0.078054,0.156990,-0.307551,0.022247,-0.076874,-0.010284,0.172760,-0.022042,0.140958,-0.394455,1.193119,0.209375,0.015501,0.131917,-0.006047,-0.141559,0.596531,1.149920,-0.016237,0.054932,-0.292662
-0.101965,-7.451579,0.771556,-0.022210,-0.030341,-0.743914,0.667217,0.155410,0.041861,0.377169,0.120731,-0.174899,-0.034967,0.170689,-0.034138,-0.072483,0.158088,-0.308098,0.023972,-0.072867,-0.009803,0.175781,-0.025689,0.139592,-0.397064,1.196084,0.208664,0.014512,0.131744,-0.009285,-0.152162,0.593973,1.149786,-0.011998,0.058015,-0.293699
-0.101400,-7.451646,0.771555,-0.021939,-0.029807,-0.744323,0.666793,0.154397,0.041507,0.378176,0.120767,-0.175564,-0.033861,0.169240,-0.034472,-0.071180,0.157922,-0.307693,0.024758,-0.072735,-0.009801,0.176550,-0.025502,0.139372,-0.395333,1.194391,0.209230,0.014401,0.132641,-0.010061,-0.161029,0.588613,1.150517,-0.007917,0.057644,-0.292700
-0.100992,-7.451628,0.771582,-0.022151,-0.029706,-0.744799,0.666259,0.154805,0.041486,0.379311,0.120793,-0.176081,-0.033316,0.168848,-0.034466,-0.069558,0.158235,-0.307320,0.025029,-0.070479,-0.010007,0.177911,-0.025087,0.140022,-0.392897,1.190925,0.208790,0.015917,0.129077,-0.012171,-0.168603,0.587152,1.153799,-0.000835,0.059145,-0.292661
-0.100635,-7.451478,0.771544,-0.022605,-0.029732,-0.745417,0.665551,0.155788,0.041749,0.380907,0.120837,-0.176935,-0.032742,0.168882,-0.034146,-0.067882,0.158570,-0.307341,0.025008,-0.067714,-0.009839,0.180044,-0.024342,0.140704,-0.392036,1.187831,0.204869,0.015715,0.128624,-0.012610,-0.174889,0.582833,1.155390,0.001819,0.057866,-0.294602
-0.100332,-7.451421,0.771507,-0.023179,-0.029846,-0.745693,0.665218,0.157050,0.042096,0.381675,0.120858,-0.177702,-0.032750,0.169568,-0.033842,-0.067258,0.158884,-0.307245,0.024809,-0.065950,-0.010654,0.181811,-0.023098,0.140936,-0.386993,1.186232,0.203629,0.015566,0.128085,-0.013377,-0.178277,0.579325,1.158126,-0.000739,0.058084,-0.294804
-0.100059,-7.451349,0.771499,-0.023209,-0.029864,-0.745736,0.665167,0.156984,0.041680,0.381557,0.120865,-0.177819,-0.032288,0.169706,-0.034351,-0.067429,0.158334,-0.306595,0.026301,-0.065584,-0.012322,0.182409,-0.022548,0.141116,-0.385117,1.187109,0.204129,0.016038,0.129265,-0.015084,-0.180105,0.580144,1.159796,0.003505,0.056278,-0.292908
-0.099856,-7.451250,0.771490,-0.023104,-0.029697,-0.745648,0.665277,0.156297,0.041504,0.381102,0.120873,-0.178110,-0.031874,0.169204,-0.034543,-0.067521,0.158194,-0.306351,0.026573,-0.066776,-0.013861,0.182658,-0.021611,0.141290,-0.383762,1.188240,0.205012,0.016625,0.129293,-0.015349,-0.180741,0.579773,1.156471,0.002660,0.059137,-0.293377
-0.099718,-7.451136,0.771512,-0.023374,-0.029633,-0.745376,0.665576,0.156315,0.041801,0.380326,0.120931,-0.178246,-0.032082,0.169397,-0.034134,-0.068170,0.158419,-0.306432,0.025660,-0.067706,-0.015099,0.183676,-0.021634,0.141402,-0.384185,1.190022,0.206282,0.016798,0.129954,-0.014525,-0.179926,0.578557,1.150720,-0.002398,0.063422,-0.295944
-0.099546,-7.450934,0.771487,-0.023499,-0.029765,-0.745271,0.665682,0.156333,0.041465,0.379976,0.120936,-0.178179,-0.031675,0.169697,-0.034512,-0.068606,0.158129,-0.305954,0.026599,-0.068003,-0.016836,0.184599,-0.021617,0.141388,-0.383961,1.190401,0.204060,0.016419,0.129050,-0.014130,-0.177472,0.578460,1.145488,-0.000499,0.059979,-0.291759
-0.099450,-7.450653,0.771490,-0.023629,-0.029871,-0.745217,0.665733,0.156236,0.041338,0.379706,0.120965,-0.178132,-0.031104,0.169566,-0.034632,-0.068579,0.158375,-0.305931,0.026565,-0.067335,-0.018421,0.185329,-0.022483,0.141319,-0.385238,1.190866,0.202296,0.015815,0.127882,-0.015100,-0.171686,0.581623,1.142568,-0.004841,0.064569,-0.296058
-0.099399,-7.450408,0.771505,-0.023937,-0.029962,-0.745070,0.665883,0.156373,0.041576,0.379119,0.121030,-0.178212,-0.030648,0.169816,-0.034305,-0.068979,0.158560,-0.305796,0.026212,-0.066958,-0.019962,0.186233,-0.022500,0.141038,-0.384491,1.190028,0.204388,0.016113,0.128168,-0.016631,-0.164685,0.585688,1.143175,-0.006946,0.060755,-0.294415
-0.099296,-7.450169,0.771523,-0.023922,-0.029823,-0.745070,0.665890,0.155739,0.041658,0.378872,0.121036,-0.177901,-0.030570,0.169302,-0.034259,-0.069141,0.158307,-0.305104,0.026553,-0.066294,-0.021139,0.186319,-0.022802,0.140839,-0.384871,1.188949,0.206686,0.017140,0.128487,-0.019119,-0.157560,0.593612,1.145404,-0.008841,0.061338,-0.293273
-0.099167,-7.449937,0.771536,-0.023886,-0.029606,-0.745075,0.665895,0.154994,0.041765,0.379095,0.121066,-0.177956,-0.030061,0.168647,-0.034100,-0.069146,0.158022,-0.304746,0.026786,-0.065372,-0.022146,0.186317,-0.023125,0.140626,-0.384455,1.187910,0.206649,0.017052,0.127691,-0.021440,-0.150754,0.600989,1.147572,-0.010836,0.058846,-0.289796
-0.099020,-7.449693,0.771574,-0.024029,-0.029573,-0.745046,0.665924,0.154745,0.041851,0.379029,0.121081,-0.177772,-0.029596,0.168268,-0.033984,-0.069097,0.158391,-0.304729,0.026427,-0.064378,-0.023223,0.186879,-0.023699,0.140460,-0.384248,1.187453,0.205888,0.016657,0.127442,-0.022774,-0.146986,0.609588,1.148376,-0.010469,0.057419,-0.285462
-0.098858,-7.449424,0.771589,-0.023958,-0.029570,-0.744944,0.666041,0.154118,0.041470,0.378741,0.121094,-0.177430,-0.029036,0.167840,-0.034368,-0.069442,0.158257,-0.304505,0.026793,-0.063847,-0.024650,0.186947,-0.024485,0.140453,-0.384735,1.188010,0.209289,0.017373,0.128853,-0.023323,-0.145155,0.614985,1.148618,-0.014626,0.054998,-0.282647
-0.098616,-7.449126,0.771535,-0.023007,-0.029219,-0.745098,0.665917,0.151529,0.040273,0.379035,0.121025,-0.177047,-0.028370,0.165668,-0.035471,-0.067972,0.158358,-0.305752,0.027044,-0.063041,-0.026316,0.184990,-0.025548,0.140572,-0.386981,1.189738,0.204579,0.016158,0.127925,-0.025134,-0.144810,0.619216,1.150790,-0.015036,0.055546,-0.283114
-0.098331,-7.448975,0.771522,-0.022711,-0.029111,-0.745089,0.665942,0.150598,0.039535,0.379023,0.121003,-0.177038,-0.027753,0.164858,-0.036214,-0.068305,0.158232,-0.305930,0.027563,-0.063498,-0.027314,0.184016,-0.024815,0.140708,-0.387305,1.190307,0.205080,0.016101,0.128148,-0.026621,-0.145580,0.620073,1.153969,-0.011689,0.055402,-0.286020
-0.098007,-7.448747,0.771543,-0.022920,-0.029166,-0.745158,0.665855,0.150674,0.039369,0.379135,0.121009,-0.176998,-0.027353,0.164636,-0.036389,-0.067861,0.158658,-0.305645,0.027552,-0.065081,-0.027609,0.184636,-0.023695,0.141108,-0.386715,1.190008,0.204103,0.016290,0.128532,-0.028637,-0.148260,0.619180,1.157799,-0.014338,0.060195,-0.289997
-0.097695,-7.448483,0.771543,-0.022839,-0.029167,-0.745183,0.665830,0.150108,0.038763,0.379229,0.120977,-0.176739,-0.027119,0.164073,-0.036964,-0.067672,0.158617,-0.305408,0.028087,-0.065473,-0.027346,0.185727,-0.023296,0.141450,-0.386214,1.189691,0.203525,0.015978,0.127811,-0.029062,-0.151711,0.615670,1.160069,-0.009698,0.061339,-0.292637
-0.097390,-7.448294,0.771559,-0.022912,-0.029141,-0.745287,0.665713,0.149940,0.038512,0.379486,0.120958,-0.176639,-0.026708,0.163733,-0.037303,-0.068022,0.158437,-0.304694,0.028657,-0.065286,-0.026674,0.186467,-0.023092,0.141497,-0.386129,1.190301,0.208813,0.017287,0.129857,-0.028799,-0.155697,0.614084,1.162614,-0.007591,0.059928,-0.292866
-0.097083,-7.448111,0.771566,-0.023011,-0.029178,-0.745378,0.665606,0.149928,0.038218,0.379947,0.120961,-0.176656,-0.026396,0.163540,-0.037677,-0.067898,0.158514,-0.304355,0.029073,-0.064793,-0.025978,0.187324,-0.023081,0.141413,-0.384092,1.190357,0.210515,0.017589,0.129007,-0.027892,-0.159012,0.612601,1.162868,-0.004637,0.062106,-0.293149
-0.096780,-7.447969,0.771581,-0.023116,-0.029031,-0.745449,0.665529,0.149642,0.038250,0.379738,0.120975,-0.176681,-0.026227,0.162998,-0.037555,-0.067376,0.158874,-0.304464,0.028568,-0.064403,-0.025089,0.187523,-0.023057,0.141337,-0.382676,1.190287,0.208013,0.017405,0.128119,-0.027096,-0.160660,0.612031,1.163963,-0.004010,0.059344,-0.292997
-0.096503,-7.447816,0.771623,-0.022824,-0.028696,-0.745531,0.665462,0.148385,0.038010,0.379674,0.120969,-0.176571,-0.025901,0.161879,-0.037913,-0.067725,0.158372,-0.303399,0.029488,-0.065469,-0.024832,0.187210,-0.022498,0.141511,-0.381117,1.189587,0.210725,0.017958,0.129808,-0.026563,-0.161413,0.612343,1.162284,-0.003692,0.059585,-0.292782
-0.096253,-7.447629,0.771619,-0.022694,-0.028618,-0.745399,0.665617,0.147651,0.037556,0.379385,0.120970,-0.176470,-0.025672,0.161149,-0.038311,-0.067712,0.158709,-0.303758,0.029165,-0.064662,-0.023995,0.187208,-0.023326,0.141577,-0.383126,1.189877,0.206723,0.016377,0.128792,-0.024249,-0.161390,0.609132,1.158580,-0.007581,0.062277,-0.293391
-0.096058,-7.447514,0.771648,-0.022525,-0.028422,-0.745126,0.665937,0.146610,0.037341,0.378382,0.120976,-0.176402,-0.025406,0.160759,-0.038608,-0.068669,0.158092,-0.302832,0.029884,-0.065533,-0.023839,0.187306,-0.023365,0.141625,-0.383802,1.189605,0.213612,0.017657,0.132117,-0.022433,-0.160552,0.609166,1.153661,-0.009263,0.062531,-0.292062
-0.095949,-7.447366,0.771659,-0.022522,-0.028423,-0.744900,0.666190,0.146283,0.037101,0.377737,0.120957,-0.176162,-0.025630,0.160694,-0.038858,-0.069509,0.158067,-0.302708,0.029816,-0.064705,-0.023668,0.187703,-0.024077,0.141582,-0.385481,1.189864,0.213913,0.017578,0.132497,-0.020928,-0.158622,0.610233,1.150357,-0.008616,0.061647,-0.290518
-0.095814,-7.447170,0.771656,-0.022671,-0.028555,-0.744541,0.666580,0.146167,0.036838,0.376653,0.120969,-0.175942,-0.025401,0.160862,-0.039017,-0.070252,0.158455,-0.303278,0.029232,-0.064838,-0.023728,0.188357,-0.024384,0.141309,-0.386444,1.190228,0.209506,0.015928,0.131149,-0.021047,-0.155316,0.611363,1.149035,-0.008007,0.059592,-0.288606
-0.095809,-7.447077,0.771665,-0.022677,-0.028636,-0.744032,0.667145,0.145838,0.036593,0.375278,0.120982,-0.175755,-0.025200,0.161283,-0.039249,-0.071655,0.158137,-0.303208,0.029377,-0.065004,-0.023925,0.188050,-0.024094,0.141154,-0.386420,1.190269,0.210680,0.016309,0.130008,-0.020551,-0.152581,0.612821,1.148863,-0.010824,0.060387,-0.288014
-0.095730,-7.446971,0.771664,-0.022572,-0.028572,-0.743788,0.667423,0.145263,0.036346,0.374483,0.120975,-0.175592,-0.025384,0.161132,-0.039515,-0.072499,0.157926,-0.303012,0.029683,-0.064905,-0.024126,0.187730,-0.023473,0.141001,-0.385075,1.190097,0.210346,0.016039,0.129996,-0.021585,-0.150481,0.614241,1.150045,-0.010279,0.059573,-0.286330
-0.095662,-7.446917,0.771660,-0.022512,-0.028697,-0.743470,0.667774,0.144998,0.035840,0.373509,0.120981,-0.175346,-0.024878,0.161576,-0.040050,-0.073312,0.157581,-0.302871,0.030522,-0.065426,-0.024224,0.187612,-0.022615,0.141005,-0.383504,1.189910,0.207131,0.015011,0.128110,-0.022710,-0.149851,0.615249,1.151650,-0.011185,0.058404,-0.286090
-0.095649,-7.446860,0.771675,-0.022591,-0.028672,-0.743253,0.668013,0.144878,0.035906,0.372864,0.120979,-0.175204,-0.024986,0.161531,-0.039895,-0.073789,0.157864,-0.303081,0.029935,-0.064910,-0.023902,0.187434,-0.022929,0.141059,-0.383674,1.190924,0.205979,0.014678,0.128012,-0.024459,-0.149745,0.616260,1.155126,-0.011437,0.060513,-0.288689
-0.095691,-7.446764,0.771671,-0.022639,-0.028779,-0.743129,0.668145,0.144896,0.035867,0.372522,0.121003,-0.175057,-0.024802,0.161651,-0.039953,-0.074217,0.158053,-0.303128,0.029703,-0.065051,-0.024026,0.187392,-0.022929,0.141269,-0.383080,1.191640,0.207179,0.014700,0.129060,-0.025831,-0.150191,0.615651,1.157750,-0.007883,0.057123,-0.289556
-0.095733,-7.446709,0.771696,-0.022682,-0.028780,-0.743017,0.668269,0.144794,0.035963,0.372291,0.121013,-0.174903,-0.024866,0.161701,-0.039810,-0.074512,0.157979,-0.303067,0.029491,-0.065202,-0.023982,0.187549,-0.022824,0.141763,-0.383189,1.191481,0.205850,0.014437,0.128460,-0.026882,-0.151557,0.614899,1.159773,-0.011235,0.058922,-0.291463
-0.095813,-7.446632,0.771691,-0.022734,-0.028826,-0.743017,0.668265,0.144891,0.036109,0.372325,0.121013,-0.174897,-0.024859,0.161852,-0.039670,-0.074742,0.157843,-0.302876,0.029655,-0.065031,-0.024110,0.187951,-0.022400,0.142021,-0.382496,1.190756,0.208307,0.014909,0.129462,-0.027492,-0.152810,0.613811,1.160801,-0.010694,0.059188,-0.292337
-0.095926,-7.446562,0.771689,-0.022509,-0.028678,-0.743024,0.668271,0.144198,0.036199,0.372234,0.120984,-0.174708,-0.025152,0.161363,-0.039605,-0.074855,0.157339,-0.302350,0.030011,-0.064658,-0.024325,0.187768,-0.022457,0.142137,-0.382459,1.190245,0.209529,0.015179,0.129461,-0.027685,-0.154038,0.614128,1.161015,-0.009886,0.059172,-0.292824
-0.096070,-7.446518,0.771693,-0.022553,-0.028781,-0.743030,0.668259,0.144376,0.036349,0.372258,0.120977,-0.174561,-0.025483,0.161436,-0.039488,-0.074708,0.157636,-0.302585,0.029559,-0.064681,-0.024565,0.188448,-0.022281,0.142205,-0.382456,1.189129,0.211863,0.015911,0.129784,-0.027562,-0.154829,0.614671,1.159556,-0.006869,0.061284,-0.292053
-0.096225,-7.446437,0.771694,-0.022500,-0.028709,-0.743103,0.668183,0.144108,0.036655,0.372419,0.120989,-0.174567,-0.025384,0.160936,-0.039104,-0.074247,0.157944,-0.303100,0.028756,-0.064517,-0.024636,0.188948,-0.021924,0.142143,-0.381956,1.188383,0.210428,0.015243,0.129457,-0.027172,-0.155480,0.615773,1.158733,-0.006682,0.059690,-0.291629
-0.096423,-7.446414,0.771732,-0.022409,-0.028716,-0.743035,0.668261,0.143873,0.036801,0.372238,0.120991,-0.173966,-0.025658,0.160772,-0.038932,-0.074536,0.158011,-0.302978,0.028444,-0.064960,-0.024839,0.189272,-0.021963,0.141987,-0.382607,1.188659,0.209361,0.015101,0.128215,-0.026685,-0.155757,0.617371,1.157181,-0.009283,0.060231,-0.291378
-0.096632,-7.446448,0.771723,-0.022321,-0.028728,-0.742973,0.668332,0.143793,0.036957,0.372079,0.120970,-0.173960,-0.026018,0.161107,-0.038880,-0.075158,0.157349,-0.302442,0.029125,-0.065205,-0.025123,0.189211,-0.021966,0.141827,-0.383186,1.188953,0.212226,0.015898,0.128692,-0.025749,-0.155616,0.618226,1.155495,-0.006741,0.058964,-0.289825
-0.096816,-7.446442,0.771712,-0.022455,-0.028826,-0.742979,0.668316,0.144246,0.037282,0.372438,0.120997,-0.174072,-0.026131,0.161231,-0.038463,-0.074771,0.157936,-0.303289,0.027901,-0.065389,-0.025131,0.189827,-0.022676,0.141848,-0.385650,1.189489,0.207151,0.015146,0.128556,-0.025468,-0.155105,0.619103,1.154772,-0.007413,0.058835,-0.290255
-0.097023,-7.447080,0.771698,-0.021963,-0.028375,-0.744808,0.666314,0.144964,0.038101,0.377615,0.120864,-0.174951,-0.027679,0.159851,-0.037736,-0.069659,0.157302,-0.302933,0.028997,-0.059500,-0.024771,0.186934,-0.020321,0.141743,-0.385620,1.188425,0.204818,0.014625,0.127145,-0.022795,-0.154569,0.619271,1.154152,-0.009020,0.059010,-0.290186
-0.097221,-7.447197,0.771663,-0.021976,-0.028484,-0.744840,0.666273,0.145373,0.038216,0.377692,0.120872,-0.175134,-0.027799,0.160242,-0.037655,-0.069416,0.157355,-0.303212,0.028985,-0.058429,-0.025360,0.186614,-0.019723,0.141514,-0.384080,1.187893,0.207850,0.015034,0.127841,-0.021744,-0.154302,0.619346,1.153841,-0.009598,0.058549,-0.289047
-0.097395,-7.447381,0.771656,-0.022122,-0.028465,-0.744888,0.666215,0.145952,0.038750,0.377939,0.120888,-0.175496,-0.028252,0.160555,-0.037037,-0.069286,0.157701,-0.303865,0.027916,-0.058146,-0.025419,0.186427,-0.019238,0.141266,-0.382811,1.187394,0.207376,0.014181,0.126774,-0.021621,-0.154147,0.619704,1.154238,-0.008775,0.059623,-0.289294
-0.097528,-7.447486,0.771661,-0.022068,-0.028514,-0.744939,0.666158,0.146128,0.038753,0.378018,0.120883,-0.175424,-0.028304,0.160617,-0.037021,-0.069007,0.157869,-0.304145,0.027724,-0.059154,-0.025756,0.186066,-0.019462,0.141238,-0.384221,1.188014,0.206446,0.014328,0.126885,-0.022812,-0.154173,0.620368,1.155874,-0.010112,0.059550,-0.289941
-0.097656,-7.447664,0.771627,-0.022039,-0.028497,-0.745009,0.666081,0.146442,0.038923,0.378383,0.120859,-0.175600,-0.028682,0.160844,-0.036840,-0.068921,0.157769,-0.304371,0.027582,-0.058590,-0.026064,0.185693,-0.018896,0.141088,-0.382606,1.187684,0.212708,0.015874,0.127803,-0.022891,-0.154442,0.619329,1.156416,-0.005919,0.058786,-0.289861
-0.097735,-7.447931,0.771628,-0.021776,-0.028188,-0.745182,0.665910,0.146021,0.039194,0.378753,0.120859,-0.175966,-0.028915,0.160453,-0.036627,-0.068686,0.157312,-0.303886,0.027967,-0.059025,-0.025607,0.184363,-0.019600,0.140971,-0.385594,1.189189,0.212055,0.016216,0.128329,-0.023220,-0.155058,0.619144,1.156812,-0.005956,0.059565,-0.290128
-0.097831,-7.448032,0.771591,-0.021713,-0.028306,-0.745042,0.666063,0.146170,0.038963,0.378431,0.120872,-0.176010,-0.028778,0.160845,-0.036878,-0.069091,0.157314,-0.304373,0.028128,-0.058933,-0.025882,0.184576,-0.019777,0.140887,-0.384389,1.188749,0.208771,0.014531,0.126934,-0.022980,-0.155608,0.617733,1.156995,-0.007926,0.058242,-0.290313
-0.097872,-7.448156,0.771594,-0.021896,-0.028370,-0.745347,0.665713,0.146997,0.039270,0.379400,0.120853,-0.176167,-0.029137,0.161108,-0.036588,-0.068312,0.157585,-0.304415,0.027728,-0.058232,-0.025389,0.185472,-0.020444,0.140728,-0.383870,1.188187,0.209162,0.014701,0.127350,-0.023537,-0.156169,0.617913,1.156945,-0.008675,0.059551,-0.290999
-0.097884,-7.448332,0.771565,-0.021900,-0.028439,-0.745524,0.665512,0.147510,0.039157,0.379781,0.120854,-0.176512,-0.029050,0.161339,-0.036682,-0.067718,0.157678,-0.304695,0.027891,-0.058141,-0.025006,0.185569,-0.021091,0.140740,-0.385505,1.188156,0.207749,0.014708,0.127416,-0.023691,-0.156533,0.618846,1.156985,-0.007592,0.058625,-0.290281
-0.097906,-7.448436,0.771569,-0.021926,-0.028371,-0.745460,0.665585,0.147561,0.039345,0.379776,0.120860,-0.176583,-0.029208,0.161457,-0.036488,-0.068092,0.157756,-0.304805,0.027481,-0.058433,-0.024608,0.185926,-0.021621,0.140830,-0.386341,1.188001,0.208174,0.014416,0.128098,-0.023485,-0.156659,0.618523,1.156071,-0.006440,0.056954,-0.288697
-0.097908,-7.448648,0.771559,-0.021904,-0.028320,-0.745406,0.665649,0.147740,0.039352,0.379624,0.120876,-0.176788,-0.029182,0.161470,-0.036497,-0.068060,0.158199,-0.304984,0.026890,-0.058509,-0.024236,0.185931,-0.021676,0.140868,-0.386887,1.187936,0.207288,0.014240,0.128092,-0.022834,-0.156623,0.618597,1.155060,-0.005701,0.056434,-0.288748
-0.097954,-7.448815,0.771539,-0.021776,-0.028238,-0.745327,0.665744,0.147603,0.039299,0.379202,0.120896,-0.176961,-0.029206,0.161467,-0.036575,-0.068438,0.158187,-0.305090,0.026822,-0.058530,-0.024146,0.185880,-0.021693,0.140916,-0.387065,1.187930,0.207719,0.014464,0.127661,-0.022235,-0.156396,0.618487,1.153966,-0.007167,0.057393,-0.288380
-0.097891,-7.449009,0.771526,-0.021864,-0.028172,-0.745370,0.665696,0.147955,0.039460,0.379333,0.120915,-0.177376,-0.029251,0.161673,-0.036363,-0.068272,0.158363,-0.305471,0.026332,-0.058619,-0.023665,0.186093,-0.021220,0.140928,-0.387176,1.187806,0.207750,0.014335,0.127454,-0.022174,-0.156081,0.618780,1.153306,-0.011023,0.060932,-0.290376
-0.097846,-7.449162,0.771496,-0.021578,-0.028197,-0.745265,0.665822,0.147665,0.038831,0.379166,0.120862,-0.177284,-0.029288,0.161758,-0.037091,-0.068771,0.157828,-0.305529,0.027327,-0.058543,-0.023922,0.185766,-0.021599,0.140899,-0.387780,1.188320,0.210277,0.015279,0.127831,-0.021707,-0.155759,0.618236,1.153276,-0.008096,0.059954,-0.289212
-0.097804,-7.449190,0.771500,-0.021437,-0.028106,-0.745190,0.665915,0.147265,0.038693,0.378949,0.120865,-0.177365,-0.029147,0.161442,-0.037225,-0.068979,0.157844,-0.305579,0.027325,-0.057979,-0.023989,0.186101,-0.022322,0.140926,-0.387624,1.188464,0.210351,0.015333,0.128720,-0.022088,-0.155382,0.618116,1.153601,-0.009409,0.060000,-0.289475
-0.097749,-7.449430,0.771487,-0.021314,-0.027946,-0.745189,0.665926,0.147173,0.038635,0.378871,0.120867,-0.177631,-0.029178,0.161317,-0.037234,-0.068958,0.157940,-0.305985,0.027024,-0.057150,-0.023689,0.185404,-0.021869,0.140851,-0.387181,1.188318,0.209245,0.015374,0.128253,-0.022489,-0.155339,0.619727,1.155442,-0.010957,0.060333,-0.289400
-0.097700,-7.449643,0.771496,-0.021245,-0.027735,-0.745126,0.666008,0.146995,0.038791,0.378733,0.120874,-0.177899,-0.029229,0.161085,-0.037040,-0.069167,0.158210,-0.306293,0.026268,-0.056572,-0.023260,0.184676,-0.021725,0.140783,-0.386829,1.188182,0.207193,0.014770,0.127588,-0.022965,-0.155478,0.620946,1.157932,-0.010536,0.059559,-0.289752
-0.097621,-7.449753,0.771448,-0.021068,-0.027853,-0.744880,0.666283,0.146897,0.038014,0.377948,0.120860,-0.177930,-0.028927,0.161602,-0.037850,-0.069924,0.157566,-0.306228,0.027633,-0.057140,-0.023323,0.184218,-0.021885,0.140852,-0.386435,1.187901,0.206565,0.015088,0.126875,-0.023776,-0.155679,0.620908,1.159185,-0.009517,0.059154,-0.290366
-0.097496,-7.449940,0.771422,-0.021015,-0.027775,-0.744743,0.666442,0.146855,0.037915,0.377858,0.120832,-0.178413,-0.029446,0.161929,-0.038066,-0.070467,0.157201,-0.306167,0.027975,-0.057494,-0.022981,0.183550,-0.021654,0.140960,-0.386007,1.188046,0.206158,0.014982,0.127062,-0.024041,-0.155829,0.620379,1.159267,-0.009881,0.060267,-0.290436
-0.097402,-7.450094,0.771402,-0.021039,-0.027736,-0.744414,0.666810,0.146858,0.037759,0.376875,0.120851,-0.178544,-0.029675,0.162320,-0.038163,-0.071444,0.157191,-0.306540,0.027672,-0.057743,-0.022459,0.183293,-0.021889,0.141065,-0.385907,1.188187,0.209710,0.016452,0.128050,-0.023935,-0.156013,0.620363,1.158786,-0.010123,0.058201,-0.291013
-0.097272,-7.450142,0.771390,-0.020852,-0.027611,-0.744217,0.667041,0.146283,0.037427,0.376328,0.120798,-0.178225,-0.030297,0.162270,-0.038481,-0.071838,0.156631,-0.306336,0.028174,-0.057714,-0.021899,0.182762,-0.022400,0.141252,-0.387136,1.188563,0.205238,0.015251,0.126787,-0.024202,-0.156341,0.621689,1.158023,-0.009065,0.058331,-0.290427
-0.097147,-7.450285,0.771431,-0.021051,-0.027557,-0.744326,0.666915,0.146805,0.037641,0.376526,0.120808,-0.178263,-0.030312,0.162223,-0.038245,-0.071538,0.157486,-0.306667,0.027118,-0.056632,-0.021241,0.182867,-0.021470,0.141277,-0.384754,1.187318,0.208138,0.015489,0.127332,-0.024202,-0.156542,0.622914,1.157430,-0.009094,0.060708,-0.290641
-0.096994,-7.450395,0.771359,-0.020933,-0.027679,-0.744185,0.667072,0.146868,0.036959,0.376392,0.120763,-0.178562,-0.030304,0.162893,-0.039005,-0.072003,0.156591,-0.306468,0.028719,-0.057418,-0.020752,0.182436,-0.021571,0.141344,-0.386575,1.187914,0.205676,0.015261,0.128013,-0.024433,-0.156587,0.624516,1.157299,-0.006272,0.058127,-0.290219
-0.096926,-7.450497,0.771407,-0.020844,-0.027427,-0.744270,0.666990,0.146539,0.037183,0.376421,0.120777,-0.178558,-0.030395,0.162243,-0.038757,-0.071761,0.156968,-0.306487,0.027948,-0.056091,-0.020220,0.181790,-0.021610,0.141413,-0.385671,1.188175,0.206016,0.014818,0.127371,-0.024014,-0.156507,0.625065,1.156600,-0.005966,0.057937,-0.289059
-0.096809,-7.450430,0.771415,-0.020820,-0.027479,-0.744021,0.667266,0.146311,0.036817,0.375835,0.120756,-0.178330,-0.030196,0.162428,-0.039192,-0.072691,0.156785,-0.306283,0.028499,-0.056110,-0.020298,0.182123,-0.021860,0.141425,-0.384706,1.187973,0.205732,0.014518,0.127431,-0.025125,-0.156491,0.626663,1.157400,-0.006233,0.055906,-0.285882
-0.096680,-7.450559,0.771404,-0.021146,-0.027468,-0.744061,0.667212,0.147037,0.037143,0.375814,0.120791,-0.178825,-0.030523,0.162680,-0.038714,-0.072142,0.157578,-0.307247,0.026904,-0.056087,-0.019259,0.182361,-0.021505,0.141422,-0.384161,1.187583,0.205537,0.014900,0.126890,-0.025442,-0.156510,0.628198,1.158521,-0.006972,0.055814,-0.288103
-0.096605,-7.450593,0.771447,-0.020929,-0.027155,-0.744080,0.667211,0.146253,0.037236,0.376008,0.120805,-0.178754,-0.030224,0.161682,-0.038590,-0.071942,0.157932,-0.307412,0.026180,-0.056076,-0.018886,0.181286,-0.021397,0.141428,-0.383945,1.187894,0.205878,0.015468,0.126947,-0.026471,-0.156618,0.628545,1.159711,-0.007165,0.056656,-0.285658
-0.096494,-7.450496,0.771417,-0.020880,-0.027264,-0.743970,0.667330,0.146111,0.036796,0.375725,0.120805,-0.178798,-0.030135,0.162014,-0.039171,-0.072439,0.157271,-0.306905,0.027549,-0.056815,-0.018905,0.181595,-0.022069,0.141550,-0.384963,1.188735,0.205101,0.014854,0.127215,-0.027153,-0.156774,0.628946,1.159918,-0.007540,0.056993,-0.289296
-0.096378,-7.450638,0.771403,-0.020735,-0.027124,-0.744108,0.667186,0.146004,0.036616,0.376088,0.120666,-0.178395,-0.031974,0.162215,-0.039406,-0.072484,0.156141,-0.305752,0.028996,-0.056410,-0.018884,0.180641,-0.021206,0.141617,-0.384460,1.188352,0.206802,0.015488,0.127112,-0.027460,-0.156933,0.629045,1.160613,-0.007725,0.057285,-0.289690
-0.096330,-7.450674,0.771379,-0.020744,-0.026872,-0.744471,0.666791,0.145955,0.037097,0.377168,0.120666,-0.178959,-0.032039,0.161701,-0.038894,-0.071557,0.155999,-0.305613,0.028899,-0.056132,-0.018400,0.180048,-0.020817,0.141659,-0.384315,1.188356,0.206832,0.015723,0.127253,-0.028291,-0.157249,0.629293,1.161023,-0.008812,0.057949,-0.289754
-0.096343,-7.450620,0.771402,-0.020791,-0.027121,-0.744305,0.666965,0.146221,0.036745,0.376742,0.120682,-0.178662,-0.031899,0.162114,-0.039274,-0.071942,0.156161,-0.305723,0.029106,-0.056687,-0.018663,0.180373,-0.021300,0.141821,-0.384754,1.188779,0.206750,0.015650,0.126602,-0.028664,-0.157636,0.629817,1.161030,-0.009956,0.057617,-0.290191
-0.096293,-7.450735,0.771419,-0.020689,-0.026962,-0.744506,0.666750,0.146079,0.036691,0.376875,0.120703,-0.178568,-0.030720,0.161680,-0.039222,-0.071411,0.156233,-0.305544,0.029252,-0.056018,-0.018548,0.179629,-0.021069,0.141853,-0.384983,1.188551,0.206189,0.015520,0.126520,-0.028741,-0.157807,0.630080,1.160918,-0.009925,0.059320,-0.289354
-0.096305,-7.450731,0.771400,-0.020886,-0.027217,-0.744494,0.666747,0.146692,0.036681,0.376902,0.120787,-0.179198,-0.030093,0.162020,-0.039292,-0.071060,0.157114,-0.306534,0.028290,-0.056491,-0.018646,0.180050,-0.021503,0.141939,-0.385699,1.188453,0.206198,0.015695,0.126260,-0.029068,-0.157973,0.630655,1.160734,-0.009263,0.059092,-0.289427
-0.096373,-7.450752,0.771406,-0.020775,-0.027085,-0.744479,0.666772,0.146340,0.036828,0.376849,0.120762,-0.179217,-0.030199,0.161768,-0.039132,-0.071231,0.156860,-0.306265,0.028395,-0.056199,-0.018634,0.179509,-0.021921,0.142037,-0.386095,1.188506,0.205879,0.015135,0.126634,-0.028824,-0.157993,0.631110,1.160103,-0.009689,0.058244,-0.289280
-0.096329,-7.450803,0.771414,-0.020849,-0.027145,-0.744617,0.666614,0.146721,0.036791,0.377279,0.120773,-0.179193,-0.030336,0.161934,-0.039196,-0.071036,0.156985,-0.306234,0.028495,-0.055289,-0.018444,0.179362,-0.021886,0.142008,-0.386062,1.188213,0.205811,0.015222,0.126135,-0.028534,-0.158015,0.631570,1.159946,-0.008843,0.057530,-0.288270
-0.096453,-7.450748,0.771391,-0.020717,-0.027133,-0.744405,0.666855,0.146282,0.036759,0.376633,0.120764,-0.179129,-0.030283,0.162049,-0.039267,-0.071765,0.156400,-0.305853,0.029112,-0.055871,-0.018695,0.179029,-0.022680,0.141959,-0.386804,1.188640,0.205546,0.014892,0.125428,-0.028417,-0.158016,0.631629,1.159166,-0.006156,0.057149,-0.288234
-0.096371,-7.450894,0.771441,-0.020865,-0.026965,-0.744643,0.666591,0.146630,0.037205,0.377269,0.120778,-0.179303,-0.030311,0.161846,-0.038767,-0.070935,0.156965,-0.305957,0.028330,-0.055609,-0.018258,0.178451,-0.022153,0.141964,-0.387049,1.188069,0.205118,0.014720,0.126970,-0.028517,-0.157961,0.631834,1.159587,-0.008201,0.058093,-0.288729
-0.096485,-7.450870,0.771509,-0.021903,-0.027360,-0.744300,0.666926,0.148779,0.038278,0.376317,0.120861,-0.179326,-0.030703,0.163885,-0.037822,-0.071996,0.156501,-0.303586,0.029363,-0.055954,-0.017668,0.180233,-0.022959,0.142021,-0.387758,1.188857,0.205909,0.015128,0.125224,-0.028428,-0.157895,0.632095,1.160125,-0.006074,0.057483,-0.288039
-0.096468,-7.450878,0.771548,-0.022084,-0.027306,-0.744393,0.666818,0.149067,0.038647,0.376505,0.120871,-0.179239,-0.030922,0.163863,-0.037406,-0.072167,0.156982,-0.303671,0.028233,-0.056084,-0.017670,0.180163,-0.022549,0.142129,-0.387343,1.188694,0.205391,0.014919,0.125899,-0.028893,-0.157813,0.632333,1.160492,-0.008217,0.057145,-0.287554
-0.096479,-7.450824,0.771515,-0.022207,-0.027446,-0.744390,0.666811,0.149427,0.038631,0.376615,0.120883,-0.179474,-0.030732,0.164008,-0.037385,-0.071267,0.157301,-0.304091,0.028201,-0.055810,-0.017603,0.180156,-0.022245,0.142193,-0.387614,1.188219,0.205419,0.014669,0.125418,-0.028630,-0.157758,0.631895,1.160245,-0.009265,0.057994,-0.289111
-0.096512,-7.450665,0.771550,-0.022297,-0.027474,-0.744169,0.667054,0.149250,0.038747,0.375936,0.120881,-0.179213,-0.030717,0.164409,-0.037324,-0.073007,0.156854,-0.303311,0.028573,-0.056014,-0.017929,0.180380,-0.022507,0.142289,-0.387373,1.188274,0.205949,0.015012,0.125548,-0.028959,-0.157724,0.632052,1.159865,-0.008940,0.058878,-0.289384
-0.096506,-7.450586,0.771524,-0.022288,-0.027529,-0.744377,0.666819,0.149325,0.038700,0.376505,0.120869,-0.179184,-0.030863,0.164153,-0.037392,-0.071772,0.156912,-0.303489,0.028635,-0.055610,-0.018050,0.180382,-0.022105,0.142342,-0.386804,1.188223,0.205878,0.015142,0.125118,-0.029226,-0.157730,0.632351,1.160144,-0.008876,0.057976,-0.289429
-0.096503,-7.450511,0.771518,-0.022387,-0.027528,-0.744284,0.666920,0.149319,0.038824,0.376250,0.120862,-0.179156,-0.031120,0.164252,-0.037262,-0.071991,0.156941,-0.303446,0.028498,-0.056115,-0.018107,0.180523,-0.021830,0.142339,-0.386680,1.188293,0.205680,0.015174,0.124906,-0.029423,-0.157762,0.632332,1.160686,-0.007470,0.056641,-0.288544
-0.096624,-7.450271,0.771580,-0.022588,-0.027701,-0.744117,0.667092,0.149464,0.039057,0.375794,0.120906,-0.178575,-0.030971,0.164159,-0.036947,-0.072368,0.157868,-0.304072,0.027020,-0.056098,-0.018535,0.181630,-0.022539,0.142424,-0.387015,1.188603,0.206956,0.015003,0.125568,-0.029850,-0.157743,0.633182,1.160771,-0.009277,0.058471,-0.289708
-0.096531,-7.450245,0.771561,-0.022868,-0.027677,-0.744482,0.666676,0.150119,0.039492,0.376752,0.120911,-0.179087,-0.031190,0.164109,-0.036448,-0.071040,0.158316,-0.304489,0.026160,-0.055480,-0.018048,0.182007,-0.021535,0.142426,-0.386680,1.187407,0.206267,0.014905,0.125377,-0.029358,-0.157713,0.633101,1.160509,-0.007353,0.059576,-0.289438
-0.096530,-7.450033,0.771584,-0.022775,-0.027736,-0.744407,0.666761,0.149654,0.039237,0.376495,0.120895,-0.178644,-0.030787,0.164038,-0.036829,-0.072019,0.157923,-0.303780,0.027134,-0.055330,-0.018494,0.182506,-0.021886,0.142371,-0.386673,1.187082,0.206797,0.014822,0.126014,-0.029341,-0.157692,0.633452,1.160804,-0.004649,0.060198,-0.288754
-0.096536,-7.449884,0.771588,-0.022850,-0.027716,-0.744377,0.666793,0.149504,0.039467,0.376523,0.120892,-0.178641,-0.030925,0.163925,-0.036591,-0.071763,0.157762,-0.303384,0.027302,-0.055793,-0.018586,0.182732,-0.021627,0.142264,-0.386282,1.186762,0.206664,0.014772,0.126096,-0.028543,-0.157648,0.632806,1.160272,-0.007101,0.056032,-0.288284
-0.096542,-7.449671,0.771609,-0.022975,-0.027939,-0.744357,0.666801,0.149732,0.039305,0.376342,0.120902,-0.178316,-0.030606,0.164328,-0.036670,-0.071695,0.157409,-0.303406,0.027862,-0.055445,-0.019028,0.183683,-0.021875,0.142142,-0.386126,1.186804,0.208174,0.014985,0.125980,-0.028368,-0.157567,0.632469,1.160964,-0.008772,0.056910,-0.288872
-0.096548,-7.449518,0.771608,-0.022960,-0.027768,-0.744400,0.666761,0.149216,0.039562,0.376337,0.120913,-0.178185,-0.030765,0.163541,-0.036283,-0.071053,0.157753,-0.303639,0.027132,-0.055511,-0.019125,0.183685,-0.021282,0.141940,-0.385403,1.186562,0.207788,0.014657,0.125495,-0.028147,-0.157428,0.631817,1.160952,-0.005545,0.057121,-0.288517
-0.096499,-7.449374,0.771644,-0.022880,-0.027629,-0.744628,0.666515,0.148770,0.039789,0.377131,0.120905,-0.178062,-0.030668,0.163127,-0.036188,-0.070876,0.157110,-0.302502,0.027990,-0.055389,-0.019202,0.183813,-0.020929,0.141826,-0.385270,1.186713,0.208056,0.014821,0.125674,-0.028257,-0.157330,0.631498,1.160815,-0.008356,0.057541,-0.289634
-0.096478,-7.449026,0.771685,-0.023047,-0.027553,-0.744487,0.666669,0.148412,0.040130,0.377073,0.120899,-0.177870,-0.030693,0.162918,-0.035870,-0.071610,0.157032,-0.301754,0.027890,-0.056147,-0.019077,0.185160,-0.021635,0.141783,-0.385789,1.187259,0.208753,0.015210,0.125747,-0.029029,-0.157175,0.631400,1.160961,-0.008670,0.059054,-0.291548
-0.096448,-7.448856,0.771720,-0.022867,-0.027476,-0.744668,0.666477,0.147761,0.040006,0.377061,0.120879,-0.177321,-0.030870,0.162055,-0.035958,-0.070750,0.157103,-0.301531,0.027887,-0.055778,-0.019292,0.185434,-0.021725,0.141829,-0.386114,1.187669,0.211299,0.015832,0.127684,-0.029263,-0.157031,0.631100,1.161198,-0.009282,0.059106,-0.291148
-0.096404,-7.448610,0.771744,-0.022705,-0.027283,-0.744665,0.666494,0.146809,0.040118,0.377520,0.120939,-0.177519,-0.029821,0.160821,-0.035834,-0.070359,0.157468,-0.301716,0.027364,-0.055619,-0.019279,0.185786,-0.022069,0.141928,-0.386032,1.187985,0.209879,0.015801,0.127865,-0.029524,-0.156923,0.631101,1.161332,-0.006810,0.058911,-0.289124
-0.096321,-7.448321,0.771788,-0.022555,-0.027417,-0.744704,0.666450,0.146283,0.039552,0.377179,0.120893,-0.176637,-0.029563,0.160522,-0.036466,-0.070321,0.157333,-0.301281,0.028145,-0.055818,-0.019724,0.186658,-0.022172,0.141998,-0.385954,1.188068,0.209274,0.015711,0.127834,-0.029640,-0.156850,0.630493,1.160976,-0.008278,0.058316,-0.290230
-0.096259,-7.448118,0.771851,-0.022321,-0.026966,-0.744735,0.666442,0.144889,0.039812,0.376712,0.120951,-0.176342,-0.028283,0.158531,-0.035902,-0.069509,0.158244,-0.301596,0.026502,-0.055822,-0.019399,0.186374,-0.021713,0.142031,-0.385668,1.187478,0.208547,0.015678,0.127772,-0.029432,-0.156778,0.628986,1.161513,-0.006672,0.057817,-0.287941
-0.096257,-7.447787,0.771838,-0.022057,-0.027003,-0.744266,0.666973,0.143667,0.039297,0.375414,0.120897,-0.175695,-0.028830,0.158536,-0.036608,-0.071373,0.157059,-0.300469,0.028221,-0.056659,-0.019959,0.187006,-0.022139,0.142095,-0.385905,1.187808,0.206529,0.015131,0.126994,-0.029232,-0.156580,0.628113,1.161060,-0.007199,0.058410,-0.289624
-0.096189,-7.447537,0.771895,-0.022300,-0.026993,-0.744142,0.667104,0.143587,0.039676,0.375048,0.120927,-0.175475,-0.029092,0.158443,-0.036192,-0.071652,0.157438,-0.300352,0.027408,-0.056797,-0.019666,0.188031,-0.022250,0.142123,-0.386178,1.188081,0.207977,0.015845,0.127344,-0.029213,-0.156466,0.627777,1.160820,-0.007769,0.058941,-0.289108
-0.096141,-7.447306,0.771903,-0.022353,-0.027034,-0.744072,0.667178,0.143336,0.039632,0.374809,0.120934,-0.175432,-0.028849,0.158272,-0.036212,-0.071765,0.157473,-0.300318,0.027226,-0.056474,-0.019525,0.188713,-0.021969,0.142115,-0.386265,1.187684,0.207222,0.015877,0.127476,-0.028651,-0.156343,0.626841,1.160531,-0.006105,0.056990,-0.288769
-0.096048,-7.447035,0.771780,-0.021464,-0.026833,-0.744197,0.667076,0.141225,0.038437,0.375567,0.120854,-0.175563,-0.028449,0.156980,-0.037410,-0.072271,0.156643,-0.301392,0.027926,-0.055101,-0.020197,0.187660,-0.021831,0.142049,-0.385965,1.187495,0.205281,0.015114,0.127635,-0.028412,-0.156267,0.626893,1.160523,-0.005958,0.058155,-0.288707
-0.096031,-7.446790,0.771862,-0.021569,-0.026937,-0.743928,0.667369,0.140958,0.038344,0.374320,0.120844,-0.174389,-0.028672,0.156752,-0.037491,-0.072971,0.157189,-0.301040,0.027658,-0.055414,-0.020257,0.188420,-0.021505,0.141927,-0.384532,1.187324,0.206254,0.015367,0.127363,-0.028235,-0.156202,0.627226,1.160395,-0.004439,0.057140,-0.287953
-0.096006,-7.446675,0.771843,-0.021764,-0.027009,-0.743996,0.667283,0.141280,0.038549,0.374794,0.120876,-0.174883,-0.028291,0.156812,-0.037224,-0.072463,0.157579,-0.301638,0.026826,-0.054991,-0.019953,0.188844,-0.020755,0.141831,-0.383706,1.186976,0.205606,0.015305,0.126708,-0.027920,-0.156151,0.626855,1.160464,-0.006203,0.058502,-0.289129
-0.095992,-7.446551,0.771894,-0.021926,-0.026950,-0.743925,0.667359,0.141222,0.038916,0.374648,0.120899,-0.174703,-0.028198,0.157206,-0.036982,-0.073842,0.156788,-0.300009,0.027937,-0.054343,-0.020027,0.189661,-0.015031,0.138966,-0.363131,1.178084,0.229136,0.021183,0.129085,-0.027515,-0.155855,0.625436,1.159885,-0.007366,0.058859,-0.289698
-0.095975,-7.446327,0.771884,-0.021787,-0.026912,-0.743668,0.667652,0.140432,0.038683,0.374033,0.120884,-0.174438,-0.028341,0.156544,-0.037099,-0.073923,0.157139,-0.300627,0.027172,-0.055906,-0.019825,0.189575,-0.016381,0.138218,-0.363852,1.180390,0.227651,0.020708,0.129013,-0.028616,-0.155815,0.626261,1.161004,-0.006493,0.058882,-0.289505
-0.095933,-7.446222,0.771897,-0.021819,-0.027061,-0.743770,0.667531,0.140597,0.038439,0.373749,0.120878,-0.174149,-0.028170,0.156529,-0.037353,-0.073561,0.157325,-0.300685,0.027290,-0.055871,-0.019747,0.189970,-0.016935,0.138116,-0.364944,1.181103,0.227255,0.020866,0.129581,-0.028709,-0.155837,0.625862,1.160688,-0.007633,0.059138,-0.290553
-0.095897,-7.446149,0.771887,-0.021660,-0.026862,-0.743936,0.667360,0.140035,0.038554,0.374734,0.120878,-0.174366,-0.028056,0.155844,-0.037226,-0.072810,0.157084,-0.300595,0.027294,-0.055941,-0.019467,0.189598,-0.016966,0.138089,-0.365911,1.181303,0.227058,0.020714,0.130224,-0.028580,-0.155907,0.625320,1.160594,-0.008691,0.057472,-0.290326
-0.095917,-7.445970,0.771898,-0.021704,-0.026940,-0.743742,0.667571,0.139811,0.038473,0.374067,0.120875,-0.174031,-0.028069,0.155695,-0.037238,-0.073028,0.157433,-0.300940,0.026875,-0.055763,-0.019497,0.190110,-0.017317,0.138042,-0.365787,1.180930,0.227210,0.020790,0.130472,-0.028285,-0.155995,0.624582,1.159989,-0.008629,0.057953,-0.290983
-0.095942,-7.445874,0.771896,-0.021667,-0.026947,-0.743776,0.667534,0.139645,0.038460,0.374219,0.120872,-0.173937,-0.028035,0.155737,-0.037330,-0.073346,0.156908,-0.300231,0.027628,-0.055701,-0.019512,0.190105,-0.017547,0.137956,-0.366051,1.181412,0.226606,0.020182,0.129962,-0.028566,-0.156125,0.625406,1.160926,-0.005631,0.058004,-0.289803
-0.095912,-7.445842,0.771906,-0.021600,-0.026974,-0.743958,0.667332,0.139637,0.038328,0.374556,0.120855,-0.173814,-0.028087,0.155447,-0.037511,-0.072829,0.157043,-0.300233,0.027758,-0.055315,-0.019407,0.190095,-0.016986,0.137787,-0.365807,1.181187,0.226773,0.020367,0.130115,-0.028194,-0.156273,0.626046,1.161480,-0.005272,0.056429,-0.290060
-0.095937,-7.445781,0.771925,-0.021631,-0.026914,-0.743963,0.667328,0.139526,0.038509,0.374695,0.120867,-0.173731,-0.027911,0.155107,-0.037257,-0.072756,0.157475,-0.300415,0.026991,-0.055522,-0.019073,0.190723,-0.016671,0.137565,-0.365102,1.180669,0.227889,0.020662,0.129924,-0.027630,-0.156390,0.625365,1.160649,-0.005641,0.055663,-0.290409
-0.095912,-7.445788,0.771927,-0.021618,-0.026906,-0.744105,0.667171,0.139597,0.038452,0.374544,0.120878,-0.173567,-0.027597,0.154901,-0.037248,-0.072171,0.157592,-0.300445,0.027028,-0.055340,-0.018754,0.190756,-0.016612,0.137376,-0.366013,1.180991,0.227250,0.020666,0.129776,-0.027369,-0.156510,0.625559,1.160597,-0.006154,0.056419,-0.290421
-0.095996,-7.445663,0.771883,-0.021356,-0.026834,-0.743998,0.667301,0.138794,0.038412,0.375015,0.120806,-0.173681,-0.028818,0.154439,-0.037347,-0.071659,0.157389,-0.301135,0.026801,-0.055275,-0.019168,0.190358,-0.016820,0.137271,-0.365284,1.181615,0.227640,0.020674,0.130176,-0.027431,-0.156579,0.626611,1.161029,-0.003741,0.055232,-0.288907
-0.096043,-7.445632,0.771895,-0.021241,-0.026726,-0.743987,0.667322,0.138407,0.038494,0.375057,0.120755,-0.173223,-0.029601,0.154109,-0.037318,-0.072484,0.157104,-0.300729,0.026818,-0.055465,-0.019072,0.190413,-0.016758,0.137161,-0.364636,1.182008,0.228498,0.020795,0.130170,-0.027355,-0.156621,0.626968,1.160674,-0.004619,0.055111,-0.289474
-0.096173,-7.445651,0.771890,-0.021304,-0.026826,-0.743744,0.667586,0.138563,0.038584,0.374471,0.120745,-0.173081,-0.029923,0.155343,-0.037411,-0.074370,0.155441,-0.298969,0.029042,-0.056165,-0.019191,0.190883,-0.017221,0.137194,-0.365528,1.182234,0.228217,0.020956,0.129933,-0.026959,-0.156587,0.626001,1.160504,-0.006097,0.054580,-0.289765
-0.096255,-7.445676,0.771879,-0.021133,-0.026727,-0.743580,0.667779,0.138049,0.038536,0.373924,0.120742,-0.173074,-0.029912,0.155074,-0.037468,-0.074768,0.155442,-0.299167,0.028739,-0.055909,-0.019724,0.190323,-0.017224,0.137232,-0.365148,1.182071,0.227761,0.020812,0.130499,-0.026959,-0.156562,0.625357,1.160437,-0.007171,0.055755,-0.290032
-0.096313,-7.445745,0.771876,-0.021203,-0.026757,-0.743446,0.667924,0.138239,0.038632,0.373597,0.120749,-0.173121,-0.030031,0.155242,-0.037284,-0.074905,0.155834,-0.299771,0.028112,-0.055966,-0.019888,0.190443,-0.017267,0.137246,-0.364929,1.181911,0.228026,0.020736,0.130368,-0.026980,-0.156561,0.625212,1.160357,-0.006290,0.057153,-0.289978
-0.096395,-7.445779,0.771873,-0.021045,-0.026820,-0.743204,0.668195,0.137940,0.038346,0.372754,0.120748,-0.172926,-0.030169,0.155395,-0.037642,-0.075660,0.155668,-0.299731,0.028321,-0.055275,-0.020455,0.190300,-0.017282,0.137105,-0.363833,1.181174,0.229478,0.020775,0.130064,-0.026860,-0.156586,0.624355,1.160515,-0.007785,0.057064,-0.289994
-0.096441,-7.445911,0.771861,-0.021245,-0.026830,-0.743072,0.668336,0.138466,0.038633,0.372617,0.120751,-0.173082,-0.030265,0.155604,-0.037295,-0.076098,0.156643,-0.300315,0.026735,-0.055350,-0.020281,0.190455,-0.017242,0.136966,-0.364652,1.180918,0.229079,0.020927,0.129932,-0.027344,-0.156615,0.624586,1.161373,-0.007529,0.057321,-0.290674
-0.096530,-7.446096,0.771966,-0.022155,-0.026965,-0.742913,0.668478,0.140385,0.039965,0.371988,0.120861,-0.173221,-0.030731,0.156920,-0.036045,-0.075753,0.156898,-0.298349,0.027018,-0.054620,-0.019567,0.191503,-0.016836,0.136818,-0.364148,1.180741,0.230330,0.021548,0.130407,-0.026953,-0.156668,0.624633,1.160486,-0.009943,0.055737,-0.291237
-0.096556,-7.446251,0.771934,-0.022113,-0.026998,-0.742939,0.668449,0.140675,0.039838,0.372236,0.120833,-0.173542,-0.030805,0.157434,-0.036160,-0.075725,0.156299,-0.298234,0.027567,-0.054144,-0.019727,0.191452,-0.016233,0.136328,-0.361272,1.180094,0.232756,0.021975,0.129847,-0.027098,-0.156834,0.624560,1.160734,-0.007737,0.056060,-0.290013
-0.096530,-7.446510,0.771924,-0.021827,-0.026831,-0.743100,0.668286,0.140367,0.039667,0.372346,0.120817,-0.173711,-0.030806,0.157103,-0.036412,-0.075447,0.156114,-0.298213,0.027929,-0.053719,-0.019573,0.190088,-0.015823,0.136005,-0.361114,1.180332,0.232641,0.021846,0.129829,-0.027019,-0.156954,0.624360,1.159775,-0.009077,0.057916,-0.290289
-0.096578,-7.446579,0.771922,-0.021721,-0.026709,-0.742885,0.668533,0.140000,0.039701,0.371997,0.120838,-0.173813,-0.030561,0.156874,-0.036288,-0.075839,0.156296,-0.298547,0.027381,-0.054215,-0.019574,0.189964,-0.016792,0.135983,-0.361539,1.180989,0.232495,0.021962,0.130412,-0.027243,-0.156982,0.625131,1.159659,-0.009726,0.057968,-0.291824
-0.096547,-7.446793,0.771892,-0.021858,-0.026914,-0.743074,0.668311,0.140949,0.039524,0.372113,0.120834,-0.173939,-0.030905,0.157569,-0.036512,-0.075181,0.156363,-0.298773,0.027828,-0.053923,-0.019789,0.190126,-0.016475,0.135965,-0.360722,1.180686,0.232152,0.021741,0.130584,-0.027341,-0.157034,0.625262,1.159546,-0.009020,0.057865,-0.289955
-0.096521,-7.446990,0.771861,-0.021850,-0.026742,-0.743302,0.668064,0.141182,0.039860,0.373297,0.120832,-0.174732,-0.031016,0.157634,-0.036170,-0.074656,0.155970,-0.298818,0.027893,-0.054329,-0.019284,0.189553,-0.017406,0.136138,-0.363863,1.181995,0.228060,0.020953,0.130485,-0.027457,-0.157144,0.626229,1.159862,-0.008535,0.056513,-0.289779
-0.096489,-7.447152,0.771865,-0.021770,-0.026791,-0.743401,0.667955,0.141383,0.039532,0.373067,0.120821,-0.174600,-0.031000,0.157573,-0.036513,-0.074214,0.156259,-0.299094,0.027842,-0.054274,-0.019497,0.189535,-0.017198,0.136222,-0.363764,1.181244,0.228754,0.021243,0.130416,-0.026867,-0.157159,0.625867,1.159347,-0.008163,0.056085,-0.290769
-0.096497,-7.447425,0.771795,-0.021743,-0.026571,-0.743731,0.667597,0.141725,0.039993,0.374481,0.120808,-0.175452,-0.031610,0.157492,-0.036117,-0.073074,0.156073,-0.299135,0.027989,-0.054156,-0.019130,0.189073,-0.016334,0.136194,-0.362764,1.180408,0.229058,0.020774,0.130453,-0.026279,-0.157145,0.625032,1.158662,-0.009821,0.057643,-0.290285
-0.096511,-7.447627,0.771792,-0.022035,-0.026758,-0.743924,0.667365,0.142940,0.040188,0.374757,0.120824,-0.175707,-0.031890,0.158156,-0.035868,-0.072395,0.156721,-0.299844,0.027177,-0.054651,-0.019150,0.189518,-0.016453,0.136215,-0.363174,1.180657,0.227860,0.020308,0.129572,-0.026509,-0.157115,0.625697,1.158749,-0.008770,0.057844,-0.290327
-0.096526,-7.447906,0.771736,-0.022125,-0.026844,-0.744187,0.667065,0.143866,0.040174,0.375811,0.120811,-0.176435,-0.031626,0.158859,-0.035893,-0.071666,0.156411,-0.299910,0.027949,-0.054648,-0.019301,0.189213,-0.015782,0.136232,-0.362767,1.180279,0.229978,0.020838,0.129566,-0.025861,-0.157070,0.625560,1.158068,-0.007930,0.058809,-0.290134
-0.096650,-7.448021,0.771746,-0.022374,-0.027310,-0.744150,0.667079,0.145102,0.039873,0.375116,0.120892,-0.176484,-0.030545,0.159643,-0.036151,-0.071393,0.157592,-0.301077,0.027032,-0.055421,-0.019965,0.190110,-0.017152,0.136497,-0.364501,1.181574,0.227162,0.019753,0.129679,-0.025735,-0.156909,0.625437,1.157933,-0.006141,0.058487,-0.289623
-0.096621,-7.448246,0.771698,-0.022522,-0.027056,-0.744798,0.666361,0.145895,0.040698,0.377528,0.120790,-0.177091,-0.032478,0.160047,-0.035239,-0.069648,0.156537,-0.300835,0.027627,-0.053681,-0.019371,0.189850,-0.016293,0.136501,-0.362314,1.179916,0.232647,0.021578,0.131314,-0.025544,-0.156874,0.625562,1.158136,-0.008685,0.057685,-0.289483
-0.096654,-7.448428,0.771666,-0.022402,-0.027161,-0.744864,0.666287,0.146157,0.040329,0.377583,0.120782,-0.177220,-0.032413,0.160471,-0.035650,-0.070042,0.156285,-0.301070,0.028168,-0.054356,-0.019652,0.189676,-0.016410,0.136372,-0.361635,1.180282,0.230027,0.020756,0.130382,-0.026155,-0.156838,0.626559,1.157631,-0.007229,0.059939,-0.289928
-0.096713,-7.448663,0.771658,-0.022349,-0.027103,-0.744880,0.666273,0.146352,0.040407,0.377636,0.120801,-0.177549,-0.032388,0.160577,-0.035553,-0.069986,0.156504,-0.301437,0.027810,-0.055427,-0.019556,0.188823,-0.016518,0.136395,-0.362621,1.180758,0.230858,0.021232,0.130614,-0.026178,-0.156748,0.625842,1.158034,-0.009993,0.060113,-0.290789
-0.096760,-7.448929,0.771652,-0.022530,-0.027199,-0.744910,0.666229,0.147200,0.040537,0.377482,0.120811,-0.177587,-0.032652,0.161118,-0.035355,-0.069912,0.157175,-0.302534,0.026569,-0.055707,-0.019543,0.188779,-0.016346,0.136380,-0.362418,1.180384,0.234898,0.022161,0.131482,-0.026240,-0.156659,0.624654,1.158660,-0.007942,0.057991,-0.290021
-0.096814,-7.449099,0.771611,-0.022549,-0.027205,-0.744882,0.666260,0.147523,0.040606,0.377677,0.120834,-0.178139,-0.032567,0.161715,-0.035274,-0.070208,0.156911,-0.302889,0.026535,-0.056442,-0.019062,0.187865,-0.022903,0.140036,-0.388231,1.190194,0.206479,0.015770,0.130167,-0.026770,-0.156618,0.624590,1.159423,-0.008759,0.057834,-0.290572
-0.096878,-7.449296,0.771644,-0.022604,-0.027498,-0.744834,0.666300,0.148245,0.040243,0.377390,0.120899,-0.178199,-0.030854,0.162150,-0.035669,-0.070261,0.157561,-0.303284,0.026581,-0.055820,-0.019890,0.187960,-0.022083,0.140931,-0.387625,1.188707,0.208094,0.016042,0.129859,-0.026268,-0.156636,0.624499,1.158044,-0.007766,0.059010,-0.289867
-0.096961,-7.449495,0.771577,-0.022609,-0.027612,-0.744967,0.666146,0.148841,0.040138,0.377695,0.120888,-0.178575,-0.031191,0.162941,-0.035838,-0.069969,0.156963,-0.302860,0.027801,-0.056096,-0.020151,0.187608,-0.021162,0.141313,-0.386647,1.187497,0.208100,0.016020,0.129003,-0.026649,-0.156598,0.624721,1.158348,-0.007150,0.059233,-0.290097
-0.097010,-7.449622,0.771545,-0.022628,-0.027735,-0.744864,0.666255,0.149168,0.039988,0.377394,0.120892,-0.178758,-0.031052,0.163592,-0.035970,-0.070538,0.156891,-0.303339,0.027752,-0.056270,-0.020495,0.187476,-0.020833,0.141473,-0.385812,1.187212,0.210728,0.016669,0.129942,-0.026332,-0.156511,0.623787,1.157125,-0.010041,0.060471,-0.291039
-0.097053,-7.449714,0.771447,-0.021954,-0.027536,-0.744902,0.666243,0.147922,0.039314,0.377903,0.120849,-0.179110,-0.030920,0.162933,-0.036609,-0.070656,0.156449,-0.304554,0.028007,-0.055603,-0.020881,0.185842,-0.021077,0.141536,-0.385907,1.187548,0.210036,0.016711,0.129063,-0.026186,-0.156453,0.623343,1.157143,-0.009903,0.061075,-0.290556
-0.097054,-7.449809,0.771434,-0.021973,-0.027576,-0.744959,0.666178,0.148212,0.039274,0.378045,0.120833,-0.179288,-0.031043,0.163212,-0.036716,-0.070704,0.156332,-0.304542,0.028239,-0.055398,-0.020671,0.185778,-0.021065,0.141532,-0.386102,1.187241,0.210580,0.017105,0.128564,-0.026527,-0.156485,0.623557,1.157776,-0.009074,0.060788,-0.290467
-0.097093,-7.449905,0.771422,-0.022029,-0.027733,-0.744913,0.666220,0.148641,0.039098,0.377657,0.120861,-0.179212,-0.030870,0.163567,-0.036869,-0.070735,0.156627,-0.304861,0.028166,-0.055115,-0.020669,0.185861,-0.020895,0.141496,-0.385524,1.186632,0.210901,0.017266,0.128500,-0.026393,-0.156566,0.623765,1.157948,-0.008626,0.060212,-0.290630
-0.097091,-7.450008,0.771434,-0.022041,-0.027770,-0.744824,0.666318,0.148832,0.039003,0.377406,0.120843,-0.179228,-0.031158,0.163716,-0.036891,-0.070941,0.156910,-0.305474,0.027603,-0.055096,-0.020549,0.185664,-0.020473,0.141349,-0.383983,1.186480,0.212985,0.017132,0.128933,-0.025924,-0.156624,0.623205,1.157595,-0.010092,0.061285,-0.291064
-0.097099,-7.449997,0.771393,-0.021894,-0.027645,-0.744543,0.666643,0.148215,0.038941,0.376982,0.120877,-0.179541,-0.030789,0.163752,-0.036957,-0.071781,0.156278,-0.305291,0.028028,-0.056186,-0.020181,0.185145,-0.021692,0.141338,-0.386638,1.187893,0.208183,0.016131,0.128270,-0.026291,-0.156749,0.624169,1.157853,-0.006907,0.059983,-0.290003
-0.097102,-7.450084,0.771407,-0.022061,-0.027857,-0.744646,0.666513,0.149018,0.038847,0.376874,0.120847,-0.179403,-0.030957,0.164082,-0.037042,-0.071395,0.156986,-0.305746,0.027593,-0.054923,-0.020201,0.185352,-0.021053,0.141253,-0.385501,1.187144,0.212030,0.016961,0.129234,-0.025438,-0.156856,0.623661,1.157137,-0.009090,0.061497,-0.290593
-0.097066,-7.450127,0.771376,-0.022009,-0.027811,-0.744612,0.666554,0.148916,0.038756,0.376817,0.120853,-0.179612,-0.031090,0.164344,-0.037165,-0.071635,0.156321,-0.305342,0.028407,-0.055576,-0.019957,0.184850,-0.020954,0.141199,-0.386531,1.187377,0.209315,0.016468,0.127609,-0.025847,-0.156908,0.624613,1.157836,-0.008816,0.061270,-0.290490
-0.097086,-7.450125,0.771377,-0.022210,-0.028039,-0.744604,0.666547,0.149585,0.038715,0.376775,0.120852,-0.179673,-0.031134,0.165002,-0.037233,-0.071702,0.156417,-0.305381,0.028430,-0.054920,-0.020136,0.185213,-0.021258,0.141193,-0.387420,1.187849,0.208702,0.016313,0.127138,-0.025781,-0.156990,0.625291,1.158029,-0.007550,0.060231,-0.289541
-0.097070,-7.450190,0.771355,-0.022321,-0.027854,-0.744634,0.666518,0.149661,0.039195,0.377383,0.120872,-0.180142,-0.031364,0.164843,-0.036664,-0.071439,0.156684,-0.305801,0.027492,-0.054826,-0.019881,0.184517,-0.020372,0.141090,-0.385927,1.187437,0.211688,0.016801,0.127333,-0.025979,-0.157092,0.627083,1.158609,-0.007751,0.059508,-0.289377
-0.097048,-7.450210,0.771361,-0.022478,-0.027962,-0.744602,0.666544,0.150091,0.039208,0.377096,0.120893,-0.180239,-0.031131,0.165157,-0.036666,-0.071587,0.156876,-0.305734,0.027373,-0.055579,-0.019817,0.184328,-0.020831,0.141198,-0.388381,1.188308,0.209999,0.016447,0.127075,-0.026488,-0.157196,0.628648,1.158513,-0.008086,0.060247,-0.289778
-0.096956,-7.450317,0.771355,-0.022447,-0.027876,-0.745056,0.666041,0.150386,0.039271,0.378437,0.120865,-0.180473,-0.031244,0.164794,-0.036621,-0.070262,0.157031,-0.305671,0.027444,-0.054726,-0.019972,0.183499,-0.019675,0.141266,-0.387047,1.187277,0.210404,0.016502,0.126435,-0.026559,-0.157250,0.630145,1.158793,-0.009337,0.060165,-0.289406
-0.096927,-7.450380,0.771378,-0.022381,-0.027844,-0.745145,0.665945,0.150313,0.039166,0.378381,0.120873,-0.180320,-0.031054,0.164574,-0.036718,-0.069874,0.157153,-0.305664,0.027505,-0.055564,-0.020108,0.182813,-0.019634,0.141434,-0.387248,1.187875,0.210883,0.016675,0.126601,-0.027101,-0.157318,0.632029,1.159262,-0.009032,0.058967,-0.288913
-0.096868,-7.450402,0.771368,-0.022518,-0.027869,-0.745469,0.665576,0.150859,0.039327,0.379273,0.120872,-0.180635,-0.031054,0.164698,-0.036578,-0.068973,0.157081,-0.305302,0.027910,-0.055539,-0.020043,0.182266,-0.019897,0.141631,-0.388087,1.189013,0.208904,0.016407,0.125507,-0.027535,-0.157438,0.634066,1.159471,-0.009884,0.059925,-0.289414
-0.096839,-7.450433,0.771345,-0.022738,-0.027974,-0.745603,0.665415,0.151537,0.039476,0.379787,0.120883,-0.180973,-0.031085,0.165179,-0.036418,-0.068556,0.157108,-0.305369,0.027909,-0.054873,-0.020346,0.181806,-0.020751,0.141776,-0.388955,1.189366,0.208251,0.016396,0.125729,-0.027224,-0.157584,0.635869,1.160134,-0.010264,0.060126,-0.288979
-0.096838,-7.450441,0.771320,-0.023065,-0.028110,-0.745763,0.665218,0.152450,0.039779,0.380543,0.120890,-0.181339,-0.031092,0.165833,-0.036102,-0.068100,0.157187,-0.305252,0.028042,-0.053280,-0.021282,0.181280,-0.021351,0.141905,-0.388658,1.188677,0.212943,0.017146,0.128605,-0.026909,-0.157747,0.639122,1.161906,-0.009795,0.059762,-0.288439
-0.096900,-7.450439,0.771301,-0.023522,-0.028335,-0.745690,0.665274,0.153577,0.040185,0.380430,0.120948,-0.181704,-0.030999,0.166787,-0.035618,-0.068236,0.157604,-0.305562,0.027393,-0.053190,-0.022870,0.180478,-0.021043,0.142072,-0.387326,1.187177,0.212513,0.016945,0.128044,-0.026897,-0.157859,0.641972,1.162747,-0.006825,0.061160,-0.289121
-0.096909,-7.450496,0.771277,-0.023974,-0.028641,-0.745907,0.665002,0.155001,0.040417,0.380633,0.120981,-0.181984,-0.031055,0.167694,-0.035338,-0.067171,0.158201,-0.306054,0.026883,-0.052697,-0.024934,0.180134,-0.020044,0.142275,-0.386973,1.184884,0.212696,0.017277,0.126833,-0.026286,-0.157894,0.641871,1.162439,-0.009877,0.061328,-0.291087
-0.096985,-7.450418,0.771262,-0.024559,-0.029188,-0.746118,0.664720,0.156898,0.040498,0.381213,0.120976,-0.181987,-0.030841,0.169282,-0.035248,-0.066568,0.158225,-0.305781,0.027595,-0.053660,-0.028280,0.180348,-0.018371,0.142742,-0.388171,1.183967,0.211706,0.016542,0.125148,-0.027328,-0.157966,0.642140,1.162205,-0.008606,0.058990,-0.289456
-0.097040,-7.450250,0.771266,-0.025145,-0.029462,-0.746404,0.664365,0.158246,0.041101,0.382155,0.121025,-0.182092,-0.030670,0.169844,-0.034571,-0.065399,0.159141,-0.306228,0.026442,-0.056520,-0.031842,0.180842,-0.016923,0.143601,-0.390501,1.185352,0.203962,0.013961,0.121421,-0.029544,-0.157943,0.643020,1.160491,-0.005810,0.056806,-0.289081
-0.097065,-7.450231,0.771241,-0.025621,-0.029225,-0.747795,0.662791,0.159696,0.042688,0.386699,0.121009,-0.183355,-0.031191,0.169468,-0.033055,-0.061397,0.158989,-0.305072,0.026727,-0.057573,-0.035558,0.180605,-0.014784,0.144746,-0.392646,1.188286,0.211403,0.017052,0.122152,-0.031417,-0.157608,0.641879,1.157653,-0.011984,0.061571,-0.291691
-0.097000,-7.450250,0.771284,-0.026398,-0.029347,-0.749858,0.660420,0.162655,0.044040,0.392320,0.120978,-0.183767,-0.031403,0.168874,-0.031649,-0.055049,0.160679,-0.304964,0.025784,-0.058384,-0.038790,0.181404,-0.012526,0.145704,-0.394299,1.192060,0.206010,0.014836,0.118664,-0.032865,-0.157333,0.640920,1.155272,-0.013145,0.058533,-0.291946
-0.096919,-7.450202,0.771271,-0.026964,-0.029130,-0.752255,0.657675,0.164910,0.045824,0.399231,0.120890,-0.184922,-0.032373,0.167755,-0.029938,-0.048176,0.161102,-0.303804,0.025945,-0.061534,-0.041911,0.181271,-0.009705,0.147692,-0.395914,1.194380,0.204932,0.014686,0.118866,-0.035618,-0.156786,0.642182,1.152648,-0.015795,0.059052,-0.293358
-0.097011,-7.450457,0.771318,-0.027542,-0.028565,-0.754880,0.654662,0.167303,0.048498,0.406818,0.120836,-0.186214,-0.033384,0.166188,-0.027169,-0.040423,0.161984,-0.302690,0.024837,-0.063374,-0.043898,0.180404,-0.006335,0.150694,-0.397125,1.193598,0.205584,0.015249,0.117416,-0.035396,-0.155860,0.641892,1.149889,-0.014565,0.058907,-0.293225
-0.096902,-7.450540,0.771362,-0.029079,-0.028408,-0.758073,0.650901,0.172217,0.051778,0.416422,0.120764,-0.188084,-0.034838,0.165679,-0.023861,-0.030376,0.163148,-0.300334,0.024640,-0.065007,-0.044434,0.182241,-0.004653,0.152995,-0.399073,1.194209,0.207722,0.015045,0.118921,-0.036365,-0.155198,0.645114,1.149845,-0.009903,0.057346,-0.292352
-0.096850,-7.450194,0.771337,-0.031197,-0.029517,-0.760692,0.647690,0.179019,0.053685,0.424590,0.120681,-0.189110,-0.035314,0.167860,-0.021769,-0.022258,0.165389,-0.300585,0.023466,-0.066404,-0.045762,0.187902,-0.006698,0.155846,-0.403263,1.196271,0.206517,0.015181,0.119789,-0.035269,-0.154306,0.641502,1.148777,-0.013825,0.058488,-0.290952
-0.096774,-7.450154,0.771348,-0.031905,-0.029176,-0.764008,0.643757,0.182148,0.055910,0.434447,0.120494,-0.190516,-0.036022,0.165682,-0.019230,-0.012255,0.166966,-0.299640,0.022486,-0.067233,-0.045904,0.188401,-0.008005,0.159500,-0.413309,1.197271,0.196059,0.014048,0.120806,-0.033892,-0.153308,0.644141,1.150424,-0.012737,0.059221,-0.292432
-0.096716,-7.450349,0.771315,-0.032751,-0.029003,-0.767503,0.639551,0.186336,0.058063,0.445105,0.120257,-0.191959,-0.037417,0.164423,-0.016728,-0.001443,0.168270,-0.299132,0.022160,-0.066596,-0.046197,0.188551,-0.005764,0.162223,-0.412070,1.195409,0.200372,0.014625,0.121514,-0.029754,-0.152198,0.645089,1.150937,-0.013778,0.059728,-0.292074
-0.096545,-7.450458,0.771383,-0.032408,-0.028026,-0.770849,0.635575,0.186945,0.059691,0.455136,0.119953,-0.192807,-0.038198,0.160219,-0.014862,0.008280,0.168776,-0.297269,0.022827,-0.067028,-0.045943,0.185629,-0.004600,0.164305,-0.412806,1.194783,0.213026,0.017991,0.124829,-0.027549,-0.151386,0.651662,1.153800,-0.011022,0.060188,-0.291523
-0.096653,-7.450344,0.771367,-0.033331,-0.028058,-0.773415,0.632401,0.190540,0.061644,0.463082,0.119760,-0.193737,-0.038955,0.159427,-0.012426,0.016456,0.170386,-0.297047,0.021579,-0.067730,-0.046329,0.187011,-0.004835,0.166197,-0.412908,1.194341,0.206355,0.015817,0.123066,-0.023681,-0.150335,0.652075,1.156303,-0.010572,0.058632,-0.289694
-0.096370,-7.450768,0.771322,-0.033763,-0.027604,-0.776177,0.629006,0.193394,0.063006,0.471667,0.119504,-0.195434,-0.039508,0.157984,-0.010684,0.025050,0.171184,-0.296330,0.022016,-0.068701,-0.045338,0.185379,-0.002593,0.166828,-0.413354,1.193107,0.204681,0.015438,0.122303,-0.019342,-0.149795,0.655137,1.159219,-0.010223,0.058723,-0.291084
-0.096388,-7.450884,0.771300,-0.034302,-0.027268,-0.778850,0.625678,0.196278,0.064850,0.480441,0.119209,-0.196793,-0.040201,0.156821,-0.008430,0.033076,0.171610,-0.295397,0.022181,-0.069519,-0.045259,0.184724,-0.002029,0.167313,-0.413483,1.193654,0.208623,0.016592,0.123897,-0.014363,-0.149269,0.655490,1.158985,-0.010011,0.059187,-0.290160
-0.096498,-7.450903,0.771291,-0.034984,-0.027268,-0.781149,0.622766,0.199450,0.066406,0.487297,0.118958,-0.197378,-0.041259,0.156111,-0.006433,0.040473,0.172873,-0.294971,0.021587,-0.069615,-0.046045,0.184380,-0.002775,0.168149,-0.414133,1.195299,0.205682,0.016824,0.119274,-0.011032,-0.147847,0.655949,1.160819,-0.012346,0.062071,-0.288968
-0.096733,-7.450935,0.771258,-0.035491,-0.027334,-0.782570,0.620948,0.201779,0.067584,0.491820,0.118740,-0.197764,-0.042251,0.155767,-0.004885,0.045185,0.174194,-0.295333,0.020441,-0.070902,-0.047411,0.183529,-0.003454,0.168490,-0.417915,1.197929,0.202559,0.015017,0.121602,-0.007548,-0.146695,0.659385,1.162169,-0.005551,0.059648,-0.286831
-0.096887,-7.450889,0.771254,-0.035933,-0.027360,-0.784128,0.618954,0.203909,0.068664,0.496912,0.118524,-0.198107,-0.042970,0.155510,-0.003576,0.049834,0.174484,-0.294618,0.020610,-0.071507,-0.048663,0.185255,-0.001226,0.168342,-0.414351,1.193511,0.212569,0.017440,0.124670,-0.003668,-0.144892,0.653814,1.159690,-0.017208,0.064299,-0.291382
-0.097028,-7.451019,0.771199,-0.036624,-0.027428,-0.785610,0.617028,0.206840,0.069928,0.501669,0.118313,-0.199151,-0.043898,0.156093,-0.002023,0.054367,0.174720,-0.294326,0.020749,-0.071680,-0.049668,0.185474,-0.000390,0.167982,-0.414586,1.192987,0.208562,0.016128,0.123615,-0.001408,-0.143622,0.652274,1.159943,-0.018899,0.062965,-0.288869
-0.097735,-7.451609,0.771329,-0.036598,-0.026257,-0.784331,0.618705,0.205009,0.072832,0.497248,0.118831,-0.199495,-0.044272,0.156251,0.000784,0.050697,0.174536,-0.293699,0.017646,-0.080022,-0.051166,0.180984,0.002380,0.168076,-0.414643,1.193386,0.217947,0.018875,0.125485,0.000806,-0.141736,0.654941,1.160314,-0.015030,0.063578,-0.287701
-0.097902,-7.451721,0.771278,-0.036803,-0.026246,-0.785457,0.617263,0.206566,0.073476,0.500992,0.118654,-0.200132,-0.044430,0.156088,0.001679,0.054326,0.174713,-0.293483,0.018126,-0.080245,-0.052631,0.180237,0.003582,0.168044,-0.414789,1.192973,0.220738,0.020039,0.124991,0.000441,-0.140753,0.656953,1.159642,-0.010129,0.062273,-0.287047
-0.098067,-7.451891,0.771251,-0.037264,-0.026326,-0.786374,0.616063,0.208571,0.074295,0.503878,0.118629,-0.200740,-0.044311,0.156484,0.002808,0.057370,0.175460,-0.293995,0.017282,-0.081153,-0.053722,0.179989,0.004621,0.167941,-0.414283,1.192522,0.212685,0.018705,0.119388,-0.000025,-0.140174,0.656038,1.158486,-0.011787,0.062774,-0.287819
-0.098274,-7.451952,0.771267,-0.037646,-0.026277,-0.786761,0.615548,0.209667,0.075383,0.505087,0.118619,-0.201264,-0.044548,0.156938,0.003873,0.058466,0.175546,-0.293355,0.017155,-0.081888,-0.054706,0.180151,0.004441,0.167929,-0.415585,1.193526,0.213002,0.018584,0.119212,-0.001228,-0.139601,0.656291,1.157621,-0.011079,0.061533,-0.289099
-0.098370,-7.452131,0.771224,-0.037763,-0.026167,-0.787229,0.614947,0.210467,0.075866,0.506715,0.118515,-0.201512,-0.045649,0.157024,0.004468,0.060005,0.175546,-0.293358,0.017028,-0.081574,-0.055362,0.179394,0.004705,0.167819,-0.416666,1.194269,0.213915,0.018961,0.119782,-0.002409,-0.139136,0.656903,1.157801,-0.011852,0.061592,-0.290527
-0.098417,-7.452341,0.771189,-0.037788,-0.026196,-0.787413,0.614708,0.211054,0.075831,0.507127,0.118461,-0.201698,-0.045627,0.157341,0.004458,0.060548,0.175551,-0.293582,0.017368,-0.081096,-0.055906,0.178822,0.005511,0.167603,-0.416569,1.193905,0.215101,0.017944,0.123230,-0.003006,-0.139014,0.656887,1.158003,-0.013973,0.062481,-0.292728
-0.098528,-7.452394,0.771179,-0.037959,-0.026457,-0.787098,0.615090,0.211561,0.075741,0.506153,0.118550,-0.202064,-0.044892,0.158153,0.004328,0.059554,0.175985,-0.294245,0.016802,-0.081244,-0.056487,0.179690,0.005067,0.167500,-0.415239,1.193035,0.215326,0.017896,0.123759,-0.003684,-0.138931,0.655811,1.158396,-0.014479,0.062848,-0.293253
-0.098643,-7.452538,0.771128,-0.038057,-0.026687,-0.786780,0.615481,0.212091,0.075489,0.505228,0.118565,-0.202164,-0.044915,0.159230,0.004041,0.058634,0.175726,-0.294623,0.017084,-0.080551,-0.056861,0.179792,0.004192,0.167610,-0.415544,1.193919,0.213563,0.017216,0.122971,-0.004343,-0.138927,0.656785,1.160252,-0.015128,0.060761,-0.291340
-0.098646,-7.452772,0.771119,-0.037925,-0.026667,-0.786329,0.616066,0.211766,0.075200,0.503896,0.118656,-0.202303,-0.044568,0.159561,0.003651,0.057222,0.175735,-0.295000,0.016891,-0.080691,-0.056531,0.179479,0.004797,0.167762,-0.414759,1.193645,0.214921,0.017778,0.124191,-0.004100,-0.138950,0.656364,1.160305,-0.013260,0.061198,-0.290859
-0.098708,-7.452975,0.771107,-0.037701,-0.026568,-0.785744,0.616830,0.211122,0.075006,0.502230,0.118648,-0.202390,-0.044933,0.159921,0.003315,0.055380,0.175283,-0.295270,0.016907,-0.080794,-0.056105,0.178722,0.004739,0.167989,-0.413944,1.193796,0.212832,0.018705,0.120705,-0.003706,-0.138953,0.655937,1.159360,-0.013717,0.060691,-0.290453
-0.098711,-7.453138,0.771054,-0.037685,-0.026624,-0.785170,0.617559,0.210956,0.074718,0.500376,0.118711,-0.202248,-0.045743,0.160795,0.002924,0.053539,0.174807,-0.295587,0.017028,-0.080610,-0.055665,0.179153,0.005459,0.168308,-0.412983,1.193667,0.217499,0.019643,0.122724,-0.003486,-0.138925,0.655253,1.158325,-0.012013,0.061495,-0.289425
-0.098723,-7.453291,0.771052,-0.037361,-0.026801,-0.784679,0.618195,0.210376,0.073897,0.499048,0.118813,-0.202407,-0.044492,0.161020,0.001917,0.052012,0.174738,-0.296216,0.017345,-0.079656,-0.055693,0.179399,0.006174,0.168520,-0.412216,1.193360,0.213203,0.018820,0.121139,-0.003623,-0.138847,0.655140,1.158515,-0.013003,0.062145,-0.288559
-0.098726,-7.453409,0.771030,-0.037164,-0.026717,-0.784193,0.618827,0.209727,0.073556,0.497357,0.118788,-0.202083,-0.045191,0.161254,0.001551,0.050515,0.174293,-0.296453,0.017575,-0.079074,-0.055076,0.179704,0.007264,0.168565,-0.411819,1.193729,0.215600,0.018230,0.123259,-0.003204,-0.138748,0.655137,1.158067,-0.012493,0.061197,-0.289708
-0.098736,-7.453585,0.771022,-0.037032,-0.026843,-0.783682,0.619476,0.209429,0.073065,0.495701,0.118922,-0.202302,-0.044081,0.161773,0.000925,0.048954,0.174270,-0.296937,0.017590,-0.078524,-0.054527,0.180174,0.008292,0.168520,-0.411704,1.193187,0.213408,0.018277,0.122525,-0.004346,-0.138683,0.657013,1.159873,-0.010982,0.059360,-0.288235
-0.098740,-7.453736,0.771025,-0.036740,-0.026784,-0.782951,0.620419,0.208420,0.072659,0.493425,0.119005,-0.202131,-0.044402,0.161871,0.000354,0.046645,0.174159,-0.297415,0.017257,-0.079027,-0.053529,0.179894,0.008374,0.168446,-0.412793,1.194571,0.217905,0.019120,0.125292,-0.003593,-0.138621,0.656607,1.159204,-0.015241,0.061481,-0.291509
-0.098826,-7.453745,0.771019,-0.036475,-0.027098,-0.782357,0.621170,0.207889,0.071696,0.491353,0.119080,-0.201556,-0.043207,0.162390,-0.000729,0.044743,0.173943,-0.297873,0.017978,-0.078606,-0.053775,0.180893,0.008453,0.168395,-0.412939,1.195001,0.208803,0.016594,0.122225,-0.003182,-0.138463,0.654595,1.158413,-0.015232,0.059669,-0.290350
-0.098941,-7.453848,0.770984,-0.036480,-0.027152,-0.781539,0.622196,0.207559,0.071567,0.488895,0.119115,-0.201254,-0.044393,0.163357,-0.000968,0.042179,0.173490,-0.298181,0.017703,-0.078839,-0.053269,0.181261,0.008453,0.168400,-0.413913,1.196052,0.213680,0.017865,0.123795,-0.003244,-0.138309,0.654912,1.158677,-0.015151,0.059788,-0.291083
-0.099024,-7.454004,0.770974,-0.036248,-0.027159,-0.780940,0.622961,0.206886,0.071272,0.487006,0.119188,-0.201244,-0.044393,0.163654,-0.001373,0.040418,0.173332,-0.298765,0.017344,-0.078152,-0.053093,0.180919,0.008725,0.168339,-0.414181,1.196319,0.212194,0.017723,0.124196,-0.002995,-0.138255,0.656012,1.158740,-0.010902,0.059583,-0.290835
-0.099101,-7.453994,0.771005,-0.035846,-0.027224,-0.780229,0.623872,0.205617,0.070598,0.484844,0.119292,-0.200934,-0.043381,0.163505,-0.002240,0.038051,0.173248,-0.298916,0.017580,-0.078361,-0.053161,0.181158,0.008768,0.168264,-0.412361,1.195351,0.210830,0.017396,0.124053,-0.003036,-0.138169,0.655358,1.157869,-0.011633,0.061715,-0.291812
-0.099214,-7.454106,0.770969,-0.035798,-0.027293,-0.779583,0.624679,0.205376,0.070434,0.483081,0.119334,-0.200693,-0.044060,0.164461,-0.002493,0.035973,0.172533,-0.299068,0.017802,-0.078320,-0.053062,0.181463,0.008711,0.168221,-0.411284,1.195006,0.212439,0.017621,0.124831,-0.002696,-0.138064,0.655230,1.157473,-0.013171,0.063061,-0.291640
-0.099346,-7.454150,0.770977,-0.035641,-0.027173,-0.779160,0.625220,0.204643,0.070552,0.481626,0.119399,-0.200567,-0.044139,0.164361,-0.002442,0.034666,0.172575,-0.299374,0.017191,-0.077713,-0.052421,0.181322,0.008648,0.168184,-0.410909,1.194102,0.208659,0.016837,0.123985,-0.002603,-0.138012,0.655071,1.157548,-0.013484,0.062364,-0.291846
-0.099506,-7.454111,0.770976,-0.035483,-0.027355,-0.778480,0.626069,0.204039,0.070171,0.479540,0.119493,-0.200219,-0.043942,0.164921,-0.002933,0.032595,0.172187,-0.299573,0.017383,-0.077650,-0.052729,0.181794,0.008164,0.168130,-0.410652,1.193809,0.208760,0.017036,0.124760,-0.003231,-0.138014,0.655855,1.157999,-0.012671,0.060522,-0.292369
-0.099654,-7.454174,0.770982,-0.035466,-0.027406,-0.778264,0.626336,0.204008,0.070251,0.478918,0.119537,-0.200185,-0.044062,0.165206,-0.002924,0.031843,0.172305,-0.299751,0.016997,-0.076538,-0.052606,0.182009,0.008173,0.168050,-0.410585,1.193895,0.213421,0.018104,0.126388,-0.004070,-0.138113,0.657282,1.158891,-0.011533,0.059975,-0.292806
-0.099783,-7.454322,0.770978,-0.035294,-0.027488,-0.778157,0.626475,0.203992,0.069990,0.478547,0.119547,-0.200209,-0.043762,0.165395,-0.003232,0.031589,0.172204,-0.300021,0.017223,-0.076541,-0.052610,0.181528,0.009575,0.167872,-0.410522,1.193308,0.207152,0.016696,0.124250,-0.004544,-0.138238,0.657668,1.159810,-0.010895,0.058956,-0.291805
-0.099952,-7.454257,0.770980,-0.035239,-0.027421,-0.777790,0.626936,0.203432,0.070240,0.477418,0.119601,-0.199773,-0.044019,0.165426,-0.003032,0.030282,0.172049,-0.299961,0.016869,-0.077585,-0.052263,0.181835,0.009776,0.167628,-0.410167,1.193556,0.212981,0.018356,0.125738,-0.005383,-0.138339,0.657119,1.159867,-0.010607,0.058476,-0.291948
-0.100109,-7.454344,0.770985,-0.035238,-0.027462,-0.777827,0.626888,0.203716,0.070388,0.477460,0.119558,-0.199591,-0.044808,0.165648,-0.002889,0.030259,0.172018,-0.300122,0.016634,-0.077656,-0.051883,0.181717,0.010475,0.167377,-0.409549,1.193331,0.208741,0.017723,0.123926,-0.005457,-0.138398,0.655971,1.159378,-0.011284,0.059695,-0.291852
-0.100229,-7.454363,0.770979,-0.035165,-0.027587,-0.777575,0.627200,0.203594,0.070116,0.476580,0.119632,-0.199313,-0.043902,0.165849,-0.003149,0.029505,0.172197,-0.300462,0.016597,-0.078151,-0.051646,0.182157,0.010496,0.167049,-0.408513,1.193017,0.213728,0.018982,0.125763,-0.004964,-0.138469,0.653906,1.157827,-0.011699,0.060350,-0.292044
-0.100350,-7.454430,0.770967,-0.035251,-0.027681,-0.777530,0.627247,0.203966,0.070221,0.476553,0.119647,-0.199415,-0.043774,0.166263,-0.003032,0.029262,0.172318,-0.300622,0.016434,-0.077582,-0.051067,0.182804,0.009971,0.166702,-0.408017,1.192685,0.206507,0.016920,0.124030,-0.004117,-0.138527,0.652438,1.157380,-0.013561,0.060196,-0.291515
-0.100510,-7.454466,0.770937,-0.035443,-0.027845,-0.777486,0.627283,0.204675,0.070461,0.476725,0.119613,-0.199651,-0.044640,0.166996,-0.002833,0.029214,0.172303,-0.300908,0.016173,-0.076029,-0.050744,0.184054,0.009966,0.166435,-0.406986,1.191138,0.209066,0.017725,0.124892,-0.003487,-0.138647,0.652362,1.156912,-0.013822,0.059956,-0.289624
-0.100714,-7.454425,0.770953,-0.035440,-0.028043,-0.777216,0.627608,0.204720,0.070387,0.475695,0.119631,-0.199035,-0.044970,0.167226,-0.002896,0.028604,0.172749,-0.301575,0.015398,-0.076228,-0.050457,0.184553,0.009508,0.166071,-0.405715,1.190614,0.208361,0.017053,0.124624,-0.003100,-0.138792,0.652229,1.157480,-0.013674,0.060535,-0.289630
-0.100839,-7.454513,0.770909,-0.035667,-0.028350,-0.777122,0.627699,0.205699,0.070317,0.475672,0.119633,-0.199302,-0.045121,0.168421,-0.003034,0.028131,0.172533,-0.301645,0.015847,-0.075991,-0.049536,0.184966,0.009555,0.165513,-0.404870,1.189793,0.215094,0.018883,0.127084,-0.002465,-0.138858,0.651335,1.158103,-0.014196,0.061055,-0.292133
-0.100980,-7.454558,0.770858,-0.035788,-0.028754,-0.776807,0.628064,0.206385,0.069899,0.474731,0.119615,-0.199325,-0.044981,0.169581,-0.003526,0.027271,0.172500,-0.302247,0.015986,-0.076983,-0.049564,0.184827,0.009986,0.165145,-0.404043,1.189597,0.215577,0.018863,0.128428,-0.002441,-0.138851,0.651057,1.158706,-0.011614,0.059462,-0.291439
-0.101138,-7.454458,0.770879,-0.035794,-0.028855,-0.776715,0.628172,0.206341,0.069975,0.474363,0.119650,-0.199058,-0.045077,0.169694,-0.003407,0.027106,0.172483,-0.302339,0.015751,-0.077509,-0.049214,0.185252,0.010156,0.164786,-0.402779,1.188800,0.210508,0.017478,0.127356,-0.002666,-0.138755,0.649942,1.157910,-0.012422,0.060091,-0.291953
-0.101302,-7.454494,0.770862,-0.035785,-0.029028,-0.776754,0.628116,0.206662,0.069880,0.474431,0.119725,-0.199248,-0.043527,0.169796,-0.003468,0.027423,0.172949,-0.302718,0.015603,-0.077009,-0.048441,0.185519,0.009843,0.164533,-0.402931,1.189152,0.215933,0.019035,0.129020,-0.002036,-0.138668,0.647867,1.157137,-0.012070,0.058345,-0.291493
-0.101434,-7.454479,0.770896,-0.035770,-0.028864,-0.776427,0.628529,0.206100,0.070427,0.473349,0.119760,-0.199182,-0.044824,0.169715,-0.003004,0.026341,0.172917,-0.302568,0.014896,-0.077555,-0.047662,0.185633,0.010037,0.164380,-0.402305,1.189096,0.207342,0.016966,0.126777,-0.001715,-0.138557,0.646812,1.155861,-0.012042,0.058864,-0.290756
-0.101578,-7.454476,0.770889,-0.035615,-0.028947,-0.776362,0.628614,0.205947,0.070178,0.473277,0.119788,-0.198733,-0.044137,0.169717,-0.003241,0.026131,0.172744,-0.302676,0.015149,-0.077788,-0.047475,0.185697,0.010196,0.164232,-0.401776,1.189315,0.212294,0.018782,0.126642,-0.001695,-0.138356,0.646298,1.155712,-0.012226,0.058512,-0.290901
-0.101705,-7.454416,0.770902,-0.035463,-0.028918,-0.776181,0.628847,0.205410,0.070157,0.472661,0.119807,-0.198458,-0.044038,0.169608,-0.003276,0.025279,0.172546,-0.302612,0.015248,-0.078341,-0.047058,0.185512,0.009823,0.164190,-0.401432,1.189484,0.212847,0.020162,0.123857,-0.002020,-0.138147,0.645456,1.156263,-0.011531,0.059037,-0.290406
-0.101804,-7.454546,0.770898,-0.035386,-0.028740,-0.776368,0.628630,0.205398,0.070612,0.473361,0.119763,-0.198829,-0.045117,0.169351,-0.002870,0.025914,0.172537,-0.302633,0.014807,-0.077711,-0.046660,0.185031,0.011356,0.164080,-0.401084,1.188964,0.211870,0.018492,0.127036,-0.001629,-0.137919,0.644503,1.156365,-0.014443,0.059739,-0.291289
-0.101963,-7.454425,0.770895,-0.035427,-0.028919,-0.776017,0.629051,0.205310,0.070567,0.472240,0.119797,-0.198514,-0.045341,0.169660,-0.002931,0.025157,0.172709,-0.302988,0.014482,-0.077973,-0.046875,0.185763,0.010949,0.163962,-0.400452,1.189243,0.213282,0.018352,0.128490,-0.001577,-0.137736,0.643349,1.156248,-0.014980,0.059318,-0.292260
-0.102069,-7.454437,0.770906,-0.035339,-0.028823,-0.776003,0.629079,0.205071,0.070771,0.472372,0.119811,-0.198469,-0.045097,0.169422,-0.002650,0.025146,0.172698,-0.303047,0.014147,-0.077384,-0.046724,0.185661,0.010748,0.163850,-0.400360,1.189097,0.213632,0.018995,0.129530,-0.001589,-0.137628,0.643647,1.156360,-0.015140,0.060713,-0.292719
-0.102218,-7.454439,0.770901,-0.035280,-0.028860,-0.775938,0.629160,0.204994,0.070813,0.472057,0.119814,-0.198399,-0.045230,0.169566,-0.002668,0.024831,0.172468,-0.302960,0.014399,-0.077083,-0.046673,0.185772,0.010989,0.163744,-0.399971,1.188511,0.217040,0.019585,0.131872,-0.001179,-0.137566,0.642597,1.156767,-0.018879,0.062052,-0.294305
-0.102333,-7.454412,0.770915,-0.035155,-0.028758,-0.775883,0.629240,0.204557,0.071013,0.471881,0.119818,-0.198301,-0.045553,0.169261,-0.002555,0.024513,0.172382,-0.302673,0.014271,-0.076594,-0.046818,0.185896,0.010952,0.163556,-0.399280,1.188081,0.202449,0.015161,0.127383,-0.001361,-0.137514,0.641769,1.157037,-0.018775,0.061621,-0.294278
-0.102443,-7.454410,0.770927,-0.035142,-0.028823,-0.775777,0.629368,0.204534,0.071043,0.471500,0.119848,-0.198007,-0.045511,0.169350,-0.002491,0.024315,0.172527,-0.302919,0.013992,-0.076652,-0.046879,0.186001,0.011019,0.163465,-0.399158,1.188081,0.200940,0.014682,0.126809,-0.001489,-0.137541,0.641554,1.157826,-0.019632,0.062094,-0.295508
-0.102549,-7.454407,0.770934,-0.035096,-0.028754,-0.775757,0.629398,0.204336,0.071186,0.471175,0.119929,-0.197950,-0.044761,0.169018,-0.002198,0.024469,0.172929,-0.303308,0.013197,-0.076198,-0.046908,0.186123,0.010939,0.163324,-0.399304,1.188385,0.202766,0.014700,0.127655,-0.001734,-0.137636,0.642068,1.158151,-0.019044,0.061822,-0.296235
-0.102610,-7.454425,0.770922,-0.034962,-0.028730,-0.775716,0.629458,0.204101,0.071200,0.471451,0.119853,-0.198060,-0.045901,0.169162,-0.002363,0.024068,0.172210,-0.302818,0.014001,-0.076325,-0.047041,0.186132,0.011088,0.163254,-0.399442,1.188514,0.201538,0.014303,0.127725,-0.002363,-0.137709,0.642614,1.158690,-0.019563,0.061920,-0.297401
-0.102668,-7.454461,0.770924,-0.034912,-0.028746,-0.775755,0.629412,0.204136,0.071147,0.471374,0.119839,-0.197752,-0.045634,0.169067,-0.002357,0.024310,0.172333,-0.302978,0.013810,-0.076765,-0.046972,0.186203,0.011248,0.163127,-0.400539,1.189162,0.198596,0.013337,0.126768,-0.003009,-0.137907,0.644030,1.159123,-0.020167,0.062362,-0.298322
-0.102711,-7.454495,0.770949,-0.034906,-0.028722,-0.775956,0.629165,0.204300,0.071338,0.472201,0.119802,-0.197899,-0.045626,0.168962,-0.002235,0.024750,0.172371,-0.302756,0.013820,-0.076789,-0.047111,0.186313,0.010866,0.163099,-0.402869,1.190968,0.201682,0.013871,0.127372,-0.003693,-0.138199,0.647566,1.159433,-0.017168,0.061255,-0.297594
-0.102793,-7.454465,0.770953,-0.035041,-0.028792,-0.775914,0.629207,0.204621,0.071483,0.472118,0.119815,-0.197673,-0.045978,0.169302,-0.002048,0.024684,0.172340,-0.302511,0.013814,-0.077259,-0.047119,0.186887,0.010063,0.163217,-0.405496,1.192589,0.202886,0.014027,0.126465,-0.005568,-0.138697,0.653748,1.162404,-0.013330,0.058813,-0.297445
-0.102867,-7.454447,0.770971,-0.035200,-0.028882,-0.775939,0.629163,0.204988,0.071649,0.471878,0.119859,-0.197375,-0.045399,0.169625,-0.001796,0.024692,0.172465,-0.302597,0.013440,-0.078410,-0.047187,0.187031,0.009738,0.163384,-0.407270,1.193745,0.202197,0.013594,0.125333,-0.004660,-0.138905,0.653806,1.160709,-0.018633,0.061302,-0.296998
-0.102835,-7.454453,0.771016,-0.035169,-0.028749,-0.776303,0.628721,0.205077,0.071856,0.473193,0.119791,-0.197275,-0.045935,0.168842,-0.001458,0.026136,0.173117,-0.302803,0.012528,-0.077516,-0.046629,0.186610,0.008615,0.163781,-0.411260,1.194632,0.201500,0.014460,0.122409,-0.005473,-0.139548,0.659674,1.162117,-0.017752,0.062227,-0.296190
-0.102782,-7.454425,0.771061,-0.035052,-0.028509,-0.776724,0.628219,0.204840,0.072167,0.474609,0.119652,-0.197279,-0.046793,0.168191,-0.001244,0.027087,0.172686,-0.301840,0.012986,-0.076713,-0.045911,0.185664,0.006969,0.164176,-0.417949,1.198426,0.208741,0.014510,0.125668,-0.007426,-0.140650,0.670121,1.165839,-0.014513,0.061209,-0.292913
-0.102735,-7.454303,0.771166,-0.034497,-0.028009,-0.777084,0.627827,0.203169,0.072267,0.475895,0.119593,-0.196562,-0.046836,0.166259,-0.001094,0.027978,0.172132,-0.300636,0.013379,-0.076263,-0.045725,0.183694,0.004647,0.164579,-0.424347,1.202289,0.202091,0.012384,0.120171,-0.009152,-0.142394,0.682115,1.167104,-0.011374,0.060265,-0.286167
-0.102764,-7.454181,0.771274,-0.033898,-0.027447,-0.777501,0.627368,0.201349,0.072529,0.476731,0.119617,-0.195929,-0.045970,0.163865,-0.000748,0.029301,0.172274,-0.299885,0.012987,-0.076455,-0.045279,0.182220,0.002966,0.165399,-0.429105,1.203372,0.209998,0.013897,0.118411,-0.010326,-0.144089,0.687877,1.166794,-0.011647,0.059986,-0.285739
-0.102184,-7.453439,0.771185,-0.034208,-0.028499,-0.780081,0.624093,0.204403,0.070714,0.485218,0.119004,-0.195799,-0.046468,0.162688,-0.002284,0.037200,0.173458,-0.300472,0.014791,-0.069649,-0.045346,0.187141,-0.000508,0.166055,-0.430788,1.202136,0.218365,0.016219,0.121779,-0.015015,-0.146909,0.688951,1.166908,-0.010492,0.057179,-0.285457
-0.102194,-7.453236,0.771220,-0.034185,-0.028368,-0.780434,0.623658,0.204175,0.071041,0.486252,0.118961,-0.195443,-0.046571,0.161953,-0.001859,0.038395,0.173400,-0.299928,0.014736,-0.069171,-0.044716,0.188288,-0.003716,0.167053,-0.432330,1.202382,0.214479,0.015292,0.115888,-0.016996,-0.149302,0.689390,1.165875,-0.013541,0.061241,-0.285972
-0.102246,-7.453008,0.771291,-0.033787,-0.027925,-0.780585,0.623511,0.202544,0.071491,0.486699,0.118971,-0.195007,-0.046677,0.160213,-0.001419,0.038760,0.173295,-0.299186,0.014407,-0.068986,-0.044825,0.188754,-0.006099,0.168302,-0.433146,1.203010,0.217945,0.016098,0.116208,-0.019317,-0.150996,0.690429,1.166048,-0.011600,0.060289,-0.285035
-0.102276,-7.452757,0.771341,-0.033684,-0.027737,-0.780828,0.623221,0.201956,0.071848,0.487523,0.118949,-0.194602,-0.046894,0.159348,-0.001057,0.039386,0.173088,-0.298444,0.014361,-0.068539,-0.045055,0.190165,-0.008082,0.169898,-0.435150,1.202748,0.207878,0.013428,0.113219,-0.022072,-0.152717,0.692968,1.165749,-0.008559,0.059020,-0.283745
-0.102217,-7.452564,0.771379,-0.033744,-0.027742,-0.780996,0.623006,0.201842,0.071889,0.487849,0.118955,-0.194331,-0.046384,0.158984,-0.000909,0.040089,0.173143,-0.298153,0.014452,-0.068155,-0.045273,0.192093,-0.009978,0.171071,-0.436246,1.202683,0.207980,0.013737,0.112743,-0.024819,-0.153702,0.694645,1.165288,-0.011229,0.059021,-0.283385
-0.102203,-7.452304,0.771412,-0.033761,-0.027704,-0.780993,0.623010,0.201389,0.072124,0.487782,0.118984,-0.194240,-0.046231,0.158556,-0.000778,0.039797,0.173149,-0.297711,0.014337,-0.068068,-0.045411,0.193647,-0.011216,0.171682,-0.436238,1.202665,0.214182,0.015365,0.116338,-0.027012,-0.154102,0.694585,1.164487,-0.011385,0.058790,-0.283130
-0.102160,-7.452100,0.771491,-0.033399,-0.027303,-0.781014,0.623022,0.199831,0.072328,0.487871,0.118981,-0.193554,-0.046574,0.157089,-0.000586,0.039840,0.172910,-0.296878,0.014248,-0.067987,-0.045160,0.194286,-0.011464,0.172332,-0.435962,1.200683,0.207625,0.014474,0.115155,-0.028585,-0.154413,0.693940,1.162780,-0.013474,0.060657,-0.284103
-0.102091,-7.451943,0.771561,-0.032954,-0.026899,-0.781205,0.622823,0.198309,0.072440,0.488454,0.118944,-0.193162,-0.046432,0.155479,-0.000520,0.040129,0.172586,-0.296111,0.014556,-0.066879,-0.045095,0.194602,-0.011666,0.172635,-0.436001,1.199900,0.207947,0.014424,0.115966,-0.029802,-0.154509,0.694564,1.160679,-0.014251,0.061810,-0.283720
-0.102008,-7.451705,0.771579,-0.032894,-0.026848,-0.781330,0.622672,0.197829,0.072354,0.488653,0.118994,-0.192791,-0.045551,0.154823,-0.000529,0.040449,0.172643,-0.295812,0.014713,-0.065413,-0.045146,0.196140,-0.011845,0.172779,-0.436211,1.199273,0.208433,0.015163,0.115941,-0.031708,-0.154567,0.696580,1.162633,-0.014643,0.057702,-0.282873
-0.101926,-7.451628,0.771615,-0.032764,-0.026718,-0.781293,0.622730,0.197216,0.072343,0.488556,0.118962,-0.192587,-0.045929,0.154189,-0.000585,0.040354,0.172751,-0.295592,0.014562,-0.064883,-0.045193,0.196806,-0.010486,0.172635,-0.435965,1.197940,0.206939,0.015423,0.115313,-0.032964,-0.154655,0.699417,1.162420,-0.010978,0.056937,-0.282391
-0.101830,-7.451555,0.771630,-0.032602,-0.026634,-0.781075,0.623017,0.196472,0.072105,0.487944,0.118985,-0.192410,-0.045867,0.153729,-0.000796,0.039739,0.172811,-0.295771,0.014308,-0.065673,-0.045201,0.196972,-0.008382,0.172071,-0.435359,1.196867,0.205775,0.014729,0.115429,-0.033011,-0.154754,0.699407,1.162035,-0.010740,0.057307,-0.282662
-0.101761,-7.451450,0.771659,-0.032441,-0.026704,-0.780676,0.623521,0.195723,0.071544,0.486463,0.119068,-0.191913,-0.044723,0.153686,-0.001464,0.038455,0.172665,-0.295493,0.014983,-0.065985,-0.045361,0.198204,-0.006406,0.170825,-0.434435,1.194976,0.205687,0.014853,0.116606,-0.032619,-0.154909,0.697980,1.161224,-0.012306,0.058124,-0.282901
-0.101670,-7.451456,0.771658,-0.032334,-0.026663,-0.780522,0.623721,0.195332,0.071349,0.486137,0.119064,-0.191864,-0.044775,0.153544,-0.001714,0.037880,0.172526,-0.295494,0.015130,-0.065458,-0.044845,0.198179,-0.005390,0.169153,-0.434217,1.195098,0.207135,0.015255,0.115190,-0.031617,-0.155010,0.695616,1.161472,-0.014150,0.059270,-0.282350
-0.101572,-7.451471,0.771643,-0.032176,-0.026498,-0.780440,0.623839,0.194774,0.071287,0.486014,0.119062,-0.192131,-0.045173,0.153117,-0.001778,0.037771,0.172457,-0.295616,0.014937,-0.064309,-0.044422,0.197756,-0.004033,0.167609,-0.433981,1.195445,0.211283,0.015295,0.119806,-0.030680,-0.155111,0.695119,1.161560,-0.013392,0.059746,-0.282529
-0.101526,-7.451510,0.771636,-0.032336,-0.026621,-0.780093,0.624260,0.195022,0.071099,0.484774,0.119045,-0.191546,-0.045746,0.153948,-0.001993,0.036436,0.172312,-0.295535,0.015171,-0.063969,-0.043919,0.197857,-0.003877,0.165957,-0.433353,1.196201,0.209583,0.015199,0.119216,-0.030014,-0.155264,0.695266,1.162390,-0.011760,0.059117,-0.281718
-0.101535,-7.451470,0.771639,-0.032448,-0.026799,-0.779667,0.624778,0.195080,0.070913,0.483514,0.119089,-0.191435,-0.045886,0.154642,-0.002273,0.035206,0.172157,-0.295693,0.015084,-0.063925,-0.044090,0.197591,-0.004316,0.165048,-0.433125,1.197755,0.207273,0.014569,0.118553,-0.030489,-0.155376,0.697407,1.164155,-0.009734,0.058178,-0.280183
-0.101491,-7.451525,0.771603,-0.032356,-0.026913,-0.779352,0.625172,0.194915,0.070444,0.482486,0.119090,-0.191474,-0.045619,0.155114,-0.002859,0.034192,0.171762,-0.295883,0.015732,-0.064006,-0.043660,0.197228,-0.004113,0.164709,-0.432142,1.197441,0.206563,0.014715,0.118471,-0.029974,-0.155403,0.696270,1.164205,-0.009431,0.056934,-0.281471
-0.101537,-7.451603,0.771580,-0.032427,-0.027007,-0.779085,0.625496,0.195083,0.070308,0.481547,0.119167,-0.191534,-0.045039,0.155688,-0.002938,0.033318,0.171719,-0.296150,0.015659,-0.063549,-0.043273,0.196773,-0.004665,0.164604,-0.431502,1.198025,0.207242,0.014762,0.119231,-0.029855,-0.155413,0.695586,1.163911,-0.009346,0.056737,-0.282066
-0.101514,-7.451674,0.771544,-0.032630,-0.027338,-0.778748,0.625891,0.195766,0.070019,0.480922,0.119183,-0.192221,-0.044947,0.156879,-0.003476,0.032153,0.171638,-0.296516,0.015941,-0.064152,-0.042874,0.196905,-0.005481,0.164739,-0.431017,1.198338,0.207643,0.014720,0.119380,-0.030595,-0.155403,0.695395,1.163718,-0.010526,0.057994,-0.283328
-0.101482,-7.451849,0.771494,-0.032844,-0.027561,-0.778670,0.625967,0.196707,0.069700,0.480558,0.119156,-0.191990,-0.045334,0.157869,-0.003689,0.032048,0.171744,-0.297171,0.015884,-0.064241,-0.041735,0.196470,-0.006257,0.165120,-0.430954,1.198649,0.205021,0.015742,0.117117,-0.030818,-0.155355,0.694926,1.163051,-0.007852,0.058784,-0.284569
-0.101486,-7.451723,0.771502,-0.032817,-0.027845,-0.778564,0.626087,0.196711,0.069194,0.480069,0.119199,-0.191988,-0.044217,0.157970,-0.004268,0.031621,0.172051,-0.297453,0.016150,-0.064277,-0.040960,0.196884,-0.007006,0.165504,-0.430266,1.199372,0.206484,0.015343,0.121194,-0.031669,-0.155288,0.693872,1.162236,-0.004793,0.057071,-0.285167
-0.101459,-7.451952,0.771432,-0.033079,-0.027928,-0.778770,0.625814,0.197896,0.069278,0.480715,0.119134,-0.192073,-0.045092,0.158620,-0.004012,0.032496,0.172405,-0.298282,0.015619,-0.063248,-0.038939,0.196380,-0.007041,0.165690,-0.429234,1.199295,0.215600,0.018293,0.124078,-0.031349,-0.155262,0.692760,1.162373,-0.002310,0.055262,-0.285645
-0.101357,-7.452066,0.771377,-0.033373,-0.028395,-0.778363,0.626283,0.198992,0.068653,0.479803,0.119082,-0.192424,-0.045847,0.160171,-0.004788,0.031200,0.172546,-0.299045,0.015868,-0.064113,-0.037199,0.196712,-0.007409,0.165712,-0.428808,1.198183,0.212831,0.017730,0.123113,-0.031395,-0.155314,0.692149,1.162117,-0.002473,0.054961,-0.286511
-0.101335,-7.452311,0.771288,-0.033952,-0.029022,-0.778181,0.626450,0.201193,0.068209,0.479414,0.119056,-0.193044,-0.045612,0.162711,-0.005303,0.030584,0.172343,-0.299576,0.016619,-0.063708,-0.035664,0.196651,-0.007310,0.165594,-0.428612,1.197096,0.212841,0.018367,0.123170,-0.030816,-0.155394,0.691480,1.163257,-0.003142,0.054223,-0.283983
-0.101287,-7.452653,0.771178,-0.034763,-0.029760,-0.778130,0.626434,0.204212,0.067782,0.479101,0.119096,-0.193592,-0.044849,0.165448,-0.005622,0.030656,0.173086,-0.300809,0.016626,-0.062776,-0.033657,0.196383,-0.006527,0.164911,-0.428275,1.195794,0.210714,0.017882,0.122358,-0.029116,-0.155478,0.689543,1.163054,-0.005246,0.055806,-0.285420
-0.101264,-7.452820,0.771087,-0.035413,-0.030639,-0.777489,0.627151,0.206382,0.066978,0.477225,0.119160,-0.194211,-0.044503,0.168480,-0.006575,0.028796,0.173206,-0.301888,0.017047,-0.063084,-0.032415,0.196100,-0.005987,0.164056,-0.427889,1.194270,0.215007,0.019099,0.124025,-0.028914,-0.155618,0.689937,1.163540,-0.003895,0.055002,-0.285185
-0.101339,-7.452945,0.771016,-0.036111,-0.031511,-0.776802,0.627918,0.208625,0.066380,0.475528,0.119183,-0.194384,-0.044329,0.171369,-0.007256,0.026918,0.173739,-0.303166,0.016837,-0.063937,-0.031702,0.196043,-0.005151,0.163455,-0.427503,1.192654,0.213493,0.018576,0.124824,-0.028119,-0.155643,0.689756,1.162743,-0.004431,0.055512,-0.285207
-0.101443,-7.453065,0.770914,-0.036629,-0.032140,-0.775946,0.628915,0.210091,0.066060,0.473281,0.119203,-0.194661,-0.045348,0.174211,-0.007757,0.024212,0.173232,-0.303979,0.017036,-0.064432,-0.030626,0.195249,-0.004865,0.162338,-0.427235,1.192277,0.214044,0.018636,0.124370,-0.027018,-0.155571,0.688234,1.160910,-0.002451,0.056450,-0.285769
-0.101437,-7.453210,0.770874,-0.036787,-0.032736,-0.774903,0.630159,0.210511,0.064920,0.469786,0.119384,-0.194551,-0.043648,0.176083,-0.008970,0.021209,0.173489,-0.305210,0.017126,-0.065698,-0.030086,0.193957,-0.004297,0.160925,-0.426708,1.192664,0.213421,0.018605,0.124518,-0.026191,-0.155563,0.686351,1.160307,-0.002072,0.055924,-0.286605
-0.101501,-7.453250,0.770788,-0.037210,-0.033478,-0.774035,0.631161,0.211828,0.064194,0.467357,0.119410,-0.194462,-0.043834,0.178733,-0.009892,0.018496,0.173124,-0.305937,0.017770,-0.065394,-0.029490,0.193921,-0.003853,0.160067,-0.426322,1.192984,0.222493,0.020998,0.127112,-0.024907,-0.155520,0.683892,1.159977,-0.000712,0.054488,-0.285627
-0.101575,-7.453155,0.770766,-0.037135,-0.033635,-0.772775,0.632700,0.210855,0.063737,0.463555,0.119446,-0.193706,-0.045129,0.179783,-0.010499,0.014564,0.172483,-0.306259,0.017635,-0.065887,-0.028066,0.192804,-0.004091,0.159063,-0.426382,1.193289,0.217865,0.019646,0.124926,-0.023802,-0.155408,0.681783,1.161129,0.001332,0.051021,-0.284643
-0.101678,-7.452868,0.770801,-0.036575,-0.033678,-0.771461,0.634332,0.208439,0.062941,0.459434,0.119558,-0.192786,-0.044614,0.179362,-0.011500,0.010582,0.172241,-0.306578,0.017502,-0.066148,-0.027433,0.191615,-0.004431,0.158454,-0.424628,1.192967,0.212330,0.018418,0.123927,-0.023239,-0.155171,0.680255,1.161389,0.004759,0.050731,-0.284129
-0.101707,-7.452526,0.770825,-0.035936,-0.033930,-0.769475,0.636761,0.205548,0.061350,0.453409,0.119730,-0.191559,-0.043965,0.179849,-0.013389,0.004284,0.171149,-0.306926,0.018141,-0.067170,-0.027201,0.191485,-0.005737,0.158189,-0.422652,1.193185,0.213431,0.018562,0.124986,-0.021928,-0.154869,0.676344,1.160389,0.002590,0.051213,-0.282139
-0.101978,-7.451972,0.770883,-0.035604,-0.034361,-0.767387,0.639272,0.203128,0.060309,0.446849,0.119957,-0.189814,-0.042898,0.180468,-0.014520,-0.001749,0.170961,-0.307501,0.017517,-0.066730,-0.027546,0.192998,-0.008027,0.158221,-0.421895,1.193998,0.206849,0.016894,0.124480,-0.020297,-0.154412,0.675435,1.159585,0.003654,0.051392,-0.282246
-0.101893,-7.451593,0.770881,-0.035125,-0.034707,-0.765492,0.641548,0.200696,0.058611,0.441168,0.120066,-0.188904,-0.042635,0.181207,-0.016568,-0.007864,0.169901,-0.307561,0.018668,-0.066513,-0.027215,0.193585,-0.008306,0.158223,-0.422159,1.193136,0.202140,0.015627,0.124086,-0.019884,-0.153727,0.674128,1.160566,0.004293,0.053043,-0.281339
-0.101835,-7.451251,0.770913,-0.034240,-0.034646,-0.763582,0.643871,0.196993,0.056996,0.435026,0.120200,-0.187488,-0.041504,0.180602,-0.018304,-0.013457,0.169051,-0.307750,0.019234,-0.064819,-0.026658,0.192641,-0.007985,0.157882,-0.421931,1.191976,0.198663,0.014851,0.123564,-0.018932,-0.153417,0.673632,1.161787,0.005190,0.053230,-0.280984
-0.101782,-7.450954,0.770991,-0.033298,-0.034362,-0.761397,0.646517,0.192729,0.055671,0.428509,0.120358,-0.186329,-0.040421,0.179773,-0.019735,-0.020142,0.168128,-0.307890,0.019300,-0.064484,-0.026282,0.191486,-0.005661,0.156365,-0.414183,1.190455,0.213221,0.016324,0.125562,-0.017858,-0.153207,0.669585,1.162095,-0.001883,0.055959,-0.280152
-0.101716,-7.450580,0.771043,-0.032296,-0.034281,-0.759025,0.649355,0.188419,0.053785,0.421337,0.120504,-0.184751,-0.039105,0.179317,-0.021811,-0.027218,0.166954,-0.307772,0.020291,-0.065019,-0.026289,0.190791,-0.004525,0.154544,-0.409571,1.189936,0.206758,0.014526,0.122660,-0.018143,-0.153036,0.666724,1.163017,-0.005898,0.057933,-0.281435
-0.101714,-7.450311,0.771103,-0.031016,-0.033847,-0.756960,0.651846,0.183504,0.052186,0.415049,0.120609,-0.183274,-0.037926,0.177845,-0.023467,-0.033445,0.165800,-0.307742,0.020852,-0.063896,-0.026265,0.188523,-0.004115,0.152790,-0.406399,1.191322,0.214123,0.017524,0.123271,-0.018111,-0.153073,0.664788,1.163424,-0.003864,0.056523,-0.280258
-0.101717,-7.450047,0.771191,-0.029206,-0.032873,-0.754623,0.654684,0.176646,0.050685,0.407924,0.120717,-0.181535,-0.037051,0.174940,-0.025068,-0.040452,0.164339,-0.307436,0.021251,-0.064097,-0.026213,0.185172,-0.003592,0.151640,-0.403597,1.191703,0.215300,0.018696,0.123440,-0.017239,-0.153002,0.659252,1.161659,-0.008672,0.060415,-0.285399
-0.101650,-7.449821,0.771246,-0.028076,-0.032459,-0.752293,0.657430,0.171983,0.049084,0.400944,0.120818,-0.180250,-0.035917,0.173950,-0.026668,-0.047194,0.163171,-0.307498,0.021615,-0.063627,-0.026418,0.183272,-0.004223,0.150828,-0.403150,1.194382,0.207481,0.016519,0.121829,-0.017970,-0.153000,0.655410,1.161637,-0.003938,0.058806,-0.283988
-0.101494,-7.449713,0.771298,-0.027311,-0.032066,-0.750377,0.659667,0.168441,0.047884,0.395037,0.120905,-0.179325,-0.034991,0.173482,-0.027850,-0.053350,0.162027,-0.307063,0.022179,-0.063708,-0.026563,0.182273,-0.005366,0.150419,-0.403279,1.198222,0.205403,0.016570,0.123399,-0.019347,-0.153023,0.653225,1.162925,-0.005520,0.057415,-0.283786
-0.101144,-7.449584,0.771298,-0.026497,-0.031947,-0.748802,0.661493,0.165402,0.045917,0.390315,0.120925,-0.178470,-0.034005,0.173025,-0.029836,-0.057799,0.161106,-0.307362,0.023260,-0.062637,-0.026557,0.181436,-0.009255,0.149905,-0.408728,1.204685,0.199996,0.015944,0.123132,-0.020809,-0.152862,0.651185,1.162402,-0.008817,0.060269,-0.286110
-0.100848,-7.449485,0.771214,-0.025310,-0.031834,-0.747529,0.662983,0.162127,0.043382,0.386558,0.120875,-0.177805,-0.032882,0.172192,-0.032242,-0.060679,0.160587,-0.309144,0.024118,-0.061705,-0.027408,0.179683,-0.011829,0.149415,-0.411030,1.208698,0.207274,0.018498,0.126012,-0.022037,-0.152716,0.648706,1.162055,-0.009237,0.059537,-0.285906
-0.100507,-7.449514,0.771242,-0.024942,-0.031691,-0.746212,0.664486,0.160267,0.042210,0.382529,0.120943,-0.177252,-0.032149,0.172004,-0.033337,-0.064112,0.160773,-0.310118,0.023480,-0.061981,-0.027102,0.178452,-0.013745,0.148931,-0.413156,1.210566,0.202088,0.016911,0.123740,-0.023967,-0.152674,0.647780,1.162237,-0.007110,0.056102,-0.283992
-0.100150,-7.449667,0.771216,-0.024907,-0.031667,-0.745280,0.665534,0.159752,0.041337,0.380031,0.120996,-0.177371,-0.031345,0.172518,-0.034068,-0.066560,0.161040,-0.310898,0.022981,-0.062343,-0.027077,0.177782,-0.013322,0.148284,-0.411070,1.208626,0.204484,0.016931,0.125343,-0.024991,-0.152511,0.645617,1.159695,-0.007270,0.057245,-0.284398
-0.099702,-7.449823,0.771176,-0.024826,-0.031703,-0.744855,0.666010,0.159506,0.040387,0.378959,0.120996,-0.177768,-0.030866,0.173214,-0.035172,-0.068190,0.160353,-0.310549,0.024702,-0.062301,-0.026962,0.176819,-0.013439,0.147624,-0.409966,1.206608,0.204828,0.016989,0.124732,-0.026055,-0.152372,0.644548,1.158054,-0.006350,0.057449,-0.284057
-0.099320,-7.449934,0.771127,-0.024840,-0.031696,-0.744393,0.666527,0.159447,0.039601,0.377574,0.120943,-0.177951,-0.031380,0.173929,-0.035874,-0.069699,0.159680,-0.310271,0.025713,-0.062379,-0.026706,0.175822,-0.014714,0.146881,-0.410877,1.206262,0.203162,0.016337,0.125723,-0.027251,-0.152428,0.644824,1.158072,-0.010675,0.057289,-0.285656
-0.098862,-7.450158,0.771062,-0.025194,-0.031999,-0.744314,0.666587,0.160757,0.038796,0.377273,0.120960,-0.178628,-0.030971,0.175150,-0.036561,-0.069602,0.159999,-0.311150,0.025926,-0.062289,-0.026451,0.175605,-0.014735,0.146009,-0.409698,1.205097,0.203826,0.016747,0.126155,-0.027492,-0.152594,0.643898,1.158434,-0.013132,0.057734,-0.286525
-0.098471,-7.450240,0.771040,-0.025171,-0.031756,-0.744479,0.666415,0.160488,0.038643,0.377491,0.120994,-0.179215,-0.030376,0.174831,-0.036836,-0.069749,0.159639,-0.310498,0.026813,-0.062171,-0.025956,0.174788,-0.015393,0.145391,-0.407403,1.204185,0.205199,0.017007,0.125181,-0.028066,-0.152734,0.642589,1.158551,-0.009928,0.058670,-0.285862
-0.098112,-7.450415,0.770994,-0.025407,-0.031837,-0.744843,0.665995,0.161531,0.038384,0.378720,0.120980,-0.179992,-0.030273,0.175458,-0.037198,-0.068963,0.159473,-0.310101,0.027902,-0.061992,-0.025623,0.174211,-0.015390,0.144999,-0.406853,1.204444,0.212667,0.018178,0.129355,-0.028218,-0.152932,0.642325,1.159581,-0.011552,0.058645,-0.286120
-0.097782,-7.450481,0.770964,-0.025625,-0.032114,-0.744842,0.665975,0.162368,0.037663,0.378480,0.120989,-0.180224,-0.029742,0.175892,-0.037983,-0.069171,0.160419,-0.310570,0.027582,-0.063200,-0.025555,0.174284,-0.016097,0.144821,-0.406710,1.204722,0.209065,0.017559,0.128150,-0.027403,-0.153115,0.640302,1.159525,-0.012451,0.057639,-0.285928
-0.097535,-7.450771,0.771051,-0.026560,-0.032033,-0.745147,0.665601,0.164442,0.038995,0.379508,0.121052,-0.180893,-0.030048,0.176602,-0.036650,-0.068272,0.161062,-0.309294,0.026736,-0.063820,-0.024061,0.174637,-0.015652,0.144934,-0.406962,1.204833,0.203343,0.016488,0.126634,-0.025745,-0.153133,0.638402,1.159190,-0.008767,0.057161,-0.284692
-0.097255,-7.450894,0.770984,-0.026562,-0.032041,-0.745463,0.665246,0.164870,0.038545,0.380180,0.121049,-0.181489,-0.029479,0.176737,-0.037118,-0.067372,0.160792,-0.309422,0.027733,-0.063931,-0.024002,0.174027,-0.015113,0.145025,-0.406708,1.204861,0.203676,0.016529,0.127430,-0.025098,-0.153046,0.639636,1.159816,-0.006801,0.055811,-0.284713
-0.096975,-7.451100,0.770963,-0.026734,-0.032042,-0.746109,0.664515,0.165892,0.038636,0.382571,0.120944,-0.181872,-0.030992,0.176938,-0.037199,-0.065581,0.160697,-0.309223,0.028331,-0.063827,-0.023503,0.173562,-0.014387,0.145078,-0.407067,1.204607,0.202385,0.016882,0.126820,-0.023802,-0.152821,0.640324,1.159958,-0.007667,0.057652,-0.284391
-0.096687,-7.451209,0.770945,-0.027165,-0.032015,-0.746771,0.663755,0.167194,0.039037,0.384434,0.120938,-0.182541,-0.031136,0.176967,-0.036775,-0.063616,0.161449,-0.309417,0.027732,-0.063572,-0.022500,0.174187,-0.013555,0.144971,-0.406258,1.203428,0.202730,0.016894,0.126945,-0.023034,-0.152525,0.640651,1.160260,-0.007695,0.058425,-0.284432
-0.096463,-7.451213,0.770905,-0.027586,-0.032329,-0.747200,0.663239,0.168694,0.038900,0.385600,0.120914,-0.182935,-0.031180,0.177815,-0.036936,-0.062384,0.161560,-0.309411,0.028342,-0.063938,-0.021727,0.175193,-0.013369,0.144425,-0.404437,1.203171,0.204901,0.016408,0.127232,-0.021408,-0.151540,0.636496,1.159570,-0.014230,0.059792,-0.285762
-0.096236,-7.451282,0.770898,-0.027888,-0.032408,-0.747915,0.662416,0.169891,0.039013,0.387859,0.120889,-0.183396,-0.031107,0.177811,-0.036864,-0.060469,0.162078,-0.309383,0.028401,-0.062453,-0.020671,0.175294,-0.013693,0.143955,-0.405054,1.203478,0.205929,0.016429,0.127177,-0.020878,-0.151131,0.638602,1.159692,-0.009836,0.059748,-0.285915
-0.096008,-7.451315,0.770882,-0.028015,-0.032447,-0.748323,0.661948,0.170481,0.038913,0.389311,0.120863,-0.183702,-0.030994,0.177805,-0.036969,-0.059113,0.162125,-0.309391,0.028724,-0.063278,-0.019692,0.175002,-0.013520,0.143652,-0.405423,1.203310,0.206667,0.016382,0.127387,-0.020904,-0.150953,0.639558,1.160757,-0.010063,0.059708,-0.288212
-0.095919,-7.451422,0.770892,-0.028033,-0.032214,-0.748622,0.661621,0.170494,0.039235,0.390036,0.120887,-0.184052,-0.030912,0.177385,-0.036624,-0.058294,0.162209,-0.309241,0.028559,-0.064013,-0.018891,0.174000,-0.012826,0.143603,-0.404366,1.203064,0.208480,0.016471,0.127291,-0.019818,-0.150794,0.637919,1.160820,-0.012932,0.060044,-0.288063
-0.095732,-7.451321,0.770890,-0.028094,-0.032327,-0.748860,0.661343,0.170756,0.038926,0.390688,0.120883,-0.184040,-0.030489,0.177152,-0.036938,-0.057394,0.162588,-0.309378,0.028574,-0.064477,-0.018523,0.174502,-0.013516,0.143701,-0.404006,1.203610,0.210391,0.017001,0.127311,-0.019568,-0.150634,0.636036,1.160661,-0.012504,0.058402,-0.288397
-0.095521,-7.451320,0.770909,-0.028112,-0.032129,-0.749327,0.660822,0.170761,0.039071,0.391969,0.120859,-0.184253,-0.030438,0.176536,-0.036790,-0.056289,0.162549,-0.308901,0.028988,-0.063955,-0.017636,0.173821,-0.013490,0.143810,-0.404719,1.204231,0.211466,0.017294,0.127596,-0.019325,-0.150730,0.635432,1.160909,-0.010288,0.057471,-0.287871
-0.095366,-7.451195,0.770901,-0.028150,-0.032242,-0.749327,0.660815,0.170795,0.038715,0.392084,0.120834,-0.184216,-0.030330,0.176624,-0.037200,-0.056230,0.162422,-0.308593,0.029658,-0.065084,-0.017582,0.174087,-0.013323,0.143923,-0.403938,1.204089,0.211507,0.017295,0.127851,-0.019203,-0.150916,0.633982,1.160573,-0.008998,0.056633,-0.287318
-0.095258,-7.451158,0.770959,-0.028102,-0.031996,-0.749512,0.660620,0.170343,0.038982,0.392653,0.120842,-0.184048,-0.030191,0.175763,-0.036917,-0.055661,0.162799,-0.308645,0.028903,-0.065534,-0.017249,0.173727,-0.012640,0.144079,-0.402732,1.203551,0.211493,0.017748,0.128319,-0.019090,-0.151049,0.633310,1.160394,-0.010639,0.058642,-0.287730
-0.095143,-7.450933,0.770937,-0.028303,-0.032105,-0.749723,0.660366,0.170689,0.039017,0.393299,0.120827,-0.184122,-0.030224,0.175593,-0.036816,-0.054573,0.163331,-0.308975,0.028399,-0.065140,-0.016764,0.174822,-0.012433,0.144144,-0.401869,1.202973,0.211367,0.017518,0.127563,-0.019024,-0.151186,0.632253,1.160579,-0.008832,0.058695,-0.288005
-0.095110,-7.450913,0.770989,-0.028066,-0.031800,-0.749650,0.660474,0.169674,0.039133,0.392843,0.120830,-0.183888,-0.030109,0.174893,-0.036763,-0.055207,0.162877,-0.308153,0.028883,-0.065469,-0.016507,0.173999,-0.012077,0.144166,-0.402026,1.203094,0.210500,0.017427,0.128738,-0.018582,-0.151297,0.632456,1.159997,-0.010713,0.060844,-0.287820
-0.095088,-7.450578,0.771000,-0.027735,-0.031807,-0.749486,0.660674,0.168522,0.038580,0.392449,0.120793,-0.183219,-0.030023,0.174308,-0.037407,-0.055838,0.162130,-0.307170,0.030373,-0.065882,-0.016627,0.174124,-0.012282,0.144216,-0.401715,1.203204,0.214368,0.018468,0.128412,-0.018620,-0.151342,0.632081,1.159212,-0.010800,0.061523,-0.288581
-0.094994,-7.450474,0.770993,-0.027745,-0.031742,-0.749887,0.660221,0.168501,0.038620,0.393422,0.120823,-0.183290,-0.028999,0.173674,-0.037332,-0.054701,0.162416,-0.307086,0.030396,-0.064383,-0.016177,0.174286,-0.011715,0.144103,-0.401040,1.202759,0.214195,0.018857,0.128408,-0.018300,-0.151441,0.632086,1.159074,-0.009630,0.059542,-0.288048
-0.095015,-7.450208,0.771058,-0.027722,-0.031602,-0.750034,0.660062,0.167982,0.039047,0.394164,0.120752,-0.182869,-0.030264,0.172836,-0.036893,-0.054010,0.162652,-0.306894,0.029534,-0.063868,-0.016062,0.174942,-0.011914,0.143957,-0.400535,1.202567,0.212933,0.018658,0.128728,-0.018800,-0.151596,0.633186,1.158106,-0.009442,0.061506,-0.287913
-0.095221,-7.449918,0.771083,-0.027593,-0.031683,-0.749579,0.660580,0.167152,0.038952,0.392549,0.120825,-0.182111,-0.029015,0.172836,-0.036997,-0.055541,0.162170,-0.306190,0.030192,-0.064925,-0.016706,0.175425,-0.012221,0.144009,-0.400019,1.202569,0.211743,0.018264,0.128243,-0.018843,-0.151620,0.633773,1.158496,-0.009673,0.059686,-0.287468
-0.095254,-7.449818,0.771128,-0.027624,-0.031416,-0.750133,0.659963,0.166992,0.039685,0.394173,0.120799,-0.182049,-0.029723,0.171868,-0.036263,-0.054017,0.162337,-0.305674,0.029580,-0.064114,-0.016543,0.175329,-0.011055,0.144050,-0.399123,1.201779,0.212602,0.018496,0.128665,-0.019187,-0.151583,0.633631,1.158815,-0.011340,0.059355,-0.287236
-0.095423,-7.449510,0.771191,-0.027441,-0.031366,-0.750135,0.659970,0.166093,0.039946,0.394111,0.120839,-0.181831,-0.028914,0.170764,-0.036128,-0.053885,0.162873,-0.305545,0.029036,-0.063892,-0.016962,0.175264,-0.011350,0.144026,-0.399601,1.202175,0.211362,0.018216,0.128264,-0.019953,-0.151620,0.634873,1.159330,-0.010003,0.058690,-0.288223
-0.095745,-7.449298,0.771217,-0.027342,-0.031252,-0.750069,0.660055,0.165458,0.040525,0.393952,0.120823,-0.181412,-0.029609,0.170368,-0.035535,-0.053890,0.162463,-0.305019,0.029041,-0.064846,-0.017484,0.175096,-0.010959,0.144033,-0.399635,1.202382,0.210817,0.017958,0.128185,-0.018995,-0.151621,0.633681,1.158454,-0.011970,0.057746,-0.288766
-0.096085,-7.448976,0.771246,-0.027481,-0.031356,-0.750024,0.660095,0.165407,0.041178,0.393788,0.120819,-0.180823,-0.030133,0.170418,-0.034912,-0.054398,0.162448,-0.304784,0.028369,-0.064878,-0.018042,0.175799,-0.011308,0.144151,-0.400280,1.202374,0.209029,0.017626,0.127374,-0.018991,-0.151505,0.632851,1.158472,-0.013365,0.059649,-0.289462
-0.096471,-7.448729,0.771283,-0.027742,-0.031483,-0.750288,0.659778,0.165853,0.042074,0.394423,0.120855,-0.180495,-0.030446,0.170328,-0.033973,-0.053354,0.162869,-0.304488,0.027648,-0.064244,-0.018586,0.176608,-0.011022,0.144230,-0.400163,1.202075,0.207239,0.017300,0.127500,-0.018193,-0.151382,0.632999,1.158529,-0.011097,0.057840,-0.288704
-0.096886,-7.448221,0.771347,-0.027936,-0.031608,-0.750385,0.659653,0.165802,0.042917,0.394797,0.120859,-0.179683,-0.031008,0.169766,-0.033021,-0.052942,0.163630,-0.304691,0.025981,-0.064437,-0.019238,0.177640,-0.011482,0.144395,-0.400262,1.202095,0.207132,0.017415,0.126614,-0.018996,-0.151284,0.635150,1.159449,-0.008481,0.057262,-0.287885
-0.097288,-7.447921,0.771374,-0.028095,-0.031764,-0.750495,0.659515,0.165940,0.043630,0.395006,0.120880,-0.179144,-0.031264,0.169652,-0.032306,-0.052563,0.163893,-0.304526,0.025264,-0.065336,-0.019839,0.177892,-0.010763,0.144501,-0.399733,1.201475,0.208521,0.017646,0.126668,-0.018475,-0.151290,0.635148,1.159380,-0.010810,0.058235,-0.287631
-0.097718,-7.447640,0.771398,-0.028248,-0.031920,-0.750947,0.658985,0.166401,0.044386,0.396224,0.120859,-0.178769,-0.031630,0.169445,-0.031507,-0.051104,0.164172,-0.304448,0.024619,-0.065678,-0.020291,0.177625,-0.010496,0.144810,-0.401499,1.201480,0.205349,0.017051,0.125996,-0.018543,-0.151294,0.636322,1.160187,-0.009418,0.059528,-0.288353
-0.098137,-7.447361,0.771394,-0.028481,-0.032253,-0.751017,0.658880,0.166996,0.044884,0.396363,0.120869,-0.178436,-0.032149,0.170082,-0.031049,-0.051010,0.163851,-0.303851,0.025154,-0.065623,-0.021525,0.177613,-0.009934,0.144957,-0.399715,1.201544,0.211063,0.018324,0.127532,-0.017975,-0.151310,0.637481,1.160751,-0.005988,0.059143,-0.287479
-0.098527,-7.447084,0.771399,-0.029036,-0.032559,-0.751429,0.658370,0.168377,0.046001,0.397501,0.120893,-0.178392,-0.032838,0.170424,-0.029831,-0.049500,0.164896,-0.304416,0.023167,-0.066008,-0.021648,0.178141,-0.010144,0.145078,-0.399760,1.201916,0.213867,0.018928,0.128005,-0.018015,-0.151351,0.639096,1.161045,-0.006305,0.059198,-0.288251
-0.098976,-7.446759,0.771435,-0.029033,-0.032687,-0.751600,0.658169,0.168263,0.046564,0.397873,0.120880,-0.177743,-0.033255,0.170198,-0.029311,-0.049205,0.164713,-0.303749,0.023329,-0.066277,-0.021981,0.178071,-0.010148,0.145216,-0.400309,1.200854,0.207427,0.016440,0.127192,-0.017460,-0.151436,0.639391,1.161692,-0.002984,0.056604,-0.287730
-0.099380,-7.446403,0.771441,-0.029588,-0.033165,-0.751831,0.657856,0.169577,0.047380,0.398762,0.121129,-0.177394,-0.033929,0.171146,-0.028541,-0.048578,0.165024,-0.303652,0.022714,-0.065667,-0.022314,0.178873,-0.010120,0.145354,-0.400647,1.199738,0.208430,0.016598,0.127129,-0.017200,-0.151593,0.639525,1.161872,-0.001727,0.056061,-0.287820
-0.099770,-7.446135,0.771468,-0.029705,-0.033335,-0.751899,0.657765,0.169490,0.048036,0.398757,0.121581,-0.177071,-0.034148,0.170975,-0.027937,-0.048146,0.165544,-0.303747,0.021859,-0.065537,-0.022443,0.178599,-0.010088,0.145401,-0.401625,1.199375,0.208585,0.016589,0.126101,-0.017031,-0.151811,0.640069,1.161668,-0.002031,0.054915,-0.288578
-0.100213,-7.445718,0.771507,-0.029969,-0.033717,-0.751557,0.658124,0.169493,0.048582,0.397818,0.122138,-0.176419,-0.034638,0.171490,-0.027436,-0.048942,0.165878,-0.304160,0.020636,-0.066658,-0.023002,0.179252,-0.010740,0.145514,-0.402307,1.199889,0.209199,0.016922,0.124613,-0.017468,-0.151959,0.640978,1.161155,-0.006004,0.055567,-0.288920
-0.100574,-7.445490,0.771515,-0.029845,-0.033583,-0.751972,0.657662,0.169104,0.049334,0.398978,0.122130,-0.176346,-0.034979,0.170840,-0.026728,-0.047909,0.165364,-0.303299,0.020968,-0.065752,-0.023090,0.178465,-0.010298,0.145684,-0.402450,1.199949,0.209138,0.016732,0.124428,-0.017207,-0.151998,0.640103,1.160673,-0.005360,0.055636,-0.289916
-0.100860,-7.445172,0.771519,-0.030004,-0.033718,-0.751901,0.657729,0.169134,0.049771,0.398511,0.122180,-0.175470,-0.035836,0.170827,-0.026227,-0.048199,0.165523,-0.303222,0.020434,-0.065307,-0.022984,0.178673,-0.010883,0.145797,-0.403877,1.200451,0.212415,0.018142,0.125649,-0.018260,-0.152123,0.641943,1.161498,-0.002141,0.053632,-0.290024
-0.101140,-7.444799,0.771580,-0.030140,-0.033752,-0.751838,0.657794,0.169150,0.050440,0.398964,0.121579,-0.174471,-0.037705,0.170630,-0.025552,-0.048454,0.165547,-0.302691,0.019534,-0.065597,-0.023006,0.178672,-0.011126,0.145986,-0.404497,1.200967,0.207809,0.016883,0.124414,-0.019420,-0.152460,0.643807,1.162164,0.000459,0.050922,-0.287807
-0.101418,-7.444434,0.771582,-0.030274,-0.033920,-0.751585,0.658067,0.168818,0.050894,0.398264,0.121888,-0.174326,-0.037962,0.170562,-0.025089,-0.048697,0.165918,-0.303070,0.018619,-0.065459,-0.023008,0.179101,-0.011610,0.146154,-0.405137,1.200978,0.207845,0.016902,0.124246,-0.019545,-0.152685,0.644395,1.161018,0.002730,0.051881,-0.290404
-0.101658,-7.444095,0.771647,-0.030255,-0.033963,-0.751471,0.658196,0.168141,0.051240,0.397755,0.122202,-0.173602,-0.038098,0.170272,-0.024756,-0.049187,0.165761,-0.302602,0.018404,-0.065362,-0.023294,0.179126,-0.011509,0.146290,-0.405185,1.200641,0.206863,0.016571,0.124030,-0.020031,-0.152808,0.644755,1.160860,0.001010,0.054253,-0.291000
-0.101895,-7.443837,0.771682,-0.030330,-0.033881,-0.751457,0.658213,0.167475,0.052055,0.397494,0.122862,-0.173491,-0.038335,0.169480,-0.023980,-0.048878,0.166666,-0.303163,0.016410,-0.064949,-0.023171,0.178999,-0.011078,0.146476,-0.404559,1.200052,0.206745,0.016811,0.122168,-0.020649,-0.152921,0.646076,1.161517,0.002302,0.051994,-0.290807
-0.102112,-7.443522,0.771757,-0.030266,-0.033974,-0.751315,0.658374,0.166258,0.052431,0.396766,0.124278,-0.173741,-0.036683,0.168768,-0.023821,-0.049071,0.167417,-0.303168,0.015688,-0.064721,-0.023810,0.179079,-0.010764,0.146660,-0.404739,1.199898,0.205204,0.016560,0.122586,-0.021019,-0.153069,0.648433,1.162188,0.003533,0.051031,-0.289340
-0.102338,-7.443159,0.771777,-0.030416,-0.034222,-0.751211,0.658472,0.166258,0.052669,0.396511,0.124459,-0.173362,-0.037000,0.169100,-0.023695,-0.049693,0.167158,-0.302588,0.015891,-0.064445,-0.024404,0.179885,-0.010402,0.146727,-0.404267,1.199803,0.207487,0.016544,0.123140,-0.020849,-0.153127,0.648461,1.162049,-0.000049,0.052298,-0.288480
-0.102539,-7.442731,0.771822,-0.030236,-0.034121,-0.750898,0.658843,0.164838,0.052926,0.395661,0.124675,-0.172510,-0.037048,0.168224,-0.023483,-0.050570,0.167085,-0.301929,0.015535,-0.064783,-0.024706,0.180176,-0.010515,0.146746,-0.403872,1.199405,0.209030,0.016810,0.123184,-0.021020,-0.153132,0.648608,1.161666,-0.006663,0.055304,-0.288968
-0.102749,-7.442437,0.771875,-0.030262,-0.034110,-0.750830,0.658920,0.164152,0.053420,0.395287,0.125194,-0.172156,-0.037107,0.167747,-0.023038,-0.050811,0.167361,-0.301686,0.014756,-0.064580,-0.024550,0.180466,-0.011034,0.146822,-0.406040,1.200436,0.211546,0.017746,0.124260,-0.021486,-0.153176,0.650329,1.162361,-0.007834,0.056338,-0.287896
-0.103012,-7.442005,0.771926,-0.030062,-0.034047,-0.750481,0.659329,0.162712,0.053724,0.394187,0.125515,-0.171390,-0.037376,0.166838,-0.022758,-0.051661,0.167370,-0.301611,0.014035,-0.064333,-0.024969,0.180376,-0.011322,0.146906,-0.405404,1.200604,0.208312,0.016812,0.122356,-0.021117,-0.153223,0.650409,1.161443,-0.007922,0.056919,-0.287028
-0.103140,-7.441823,0.771950,-0.029910,-0.033946,-0.750714,0.659076,0.162261,0.053940,0.394869,0.125343,-0.171133,-0.037511,0.166157,-0.022561,-0.051163,0.167155,-0.301103,0.014443,-0.063058,-0.025080,0.180149,-0.009606,0.146717,-0.401350,1.197802,0.217551,0.019489,0.124332,-0.020874,-0.153291,0.649998,1.161029,-0.011124,0.060103,-0.287009
-0.103280,-7.441584,0.771985,-0.029593,-0.033615,-0.750609,0.659227,0.160662,0.054272,0.394249,0.125492,-0.170530,-0.037551,0.164827,-0.022198,-0.051484,0.167092,-0.300678,0.013834,-0.063577,-0.024865,0.179415,-0.009316,0.146528,-0.399893,1.197253,0.213097,0.018841,0.124713,-0.021359,-0.153384,0.650715,1.161863,-0.012564,0.059624,-0.285737
-0.103363,-7.441316,0.772016,-0.029826,-0.033597,-0.750669,0.659149,0.161072,0.054800,0.394827,0.124856,-0.169691,-0.039481,0.164718,-0.021541,-0.051266,0.167206,-0.300659,0.012991,-0.063082,-0.024366,0.180073,-0.009713,0.146406,-0.399400,1.197803,0.214798,0.018989,0.124465,-0.021771,-0.153483,0.651987,1.162306,-0.017891,0.061975,-0.286349
-0.103412,-7.441134,0.772036,-0.029687,-0.033521,-0.750905,0.658891,0.160751,0.054879,0.395576,0.124510,-0.169299,-0.039693,0.164177,-0.021505,-0.050735,0.166748,-0.299863,0.013708,-0.062533,-0.024144,0.179854,-0.008805,0.146143,-0.397011,1.196332,0.217248,0.019600,0.124381,-0.021793,-0.153567,0.652482,1.162390,-0.021599,0.064245,-0.287952
-0.103565,-7.440817,0.772042,-0.029741,-0.033734,-0.750731,0.659075,0.160445,0.054896,0.395059,0.124793,-0.168815,-0.039741,0.164027,-0.021493,-0.051033,0.167074,-0.300108,0.013207,-0.063373,-0.024384,0.180680,-0.009821,0.146076,-0.397143,1.196778,0.215791,0.019517,0.123195,-0.022535,-0.153609,0.653783,1.163198,-0.022628,0.062804,-0.285679
-0.103536,-7.440700,0.772035,-0.029695,-0.033779,-0.750920,0.658860,0.160476,0.054739,0.395779,0.124521,-0.168480,-0.039741,0.163893,-0.021638,-0.050231,0.166677,-0.299456,0.014145,-0.063203,-0.024184,0.180617,-0.009320,0.145995,-0.397303,1.196802,0.214188,0.018858,0.123852,-0.022635,-0.153659,0.654277,1.163753,-0.023485,0.063415,-0.285234
-0.103516,-7.440475,0.772064,-0.029442,-0.033689,-0.751019,0.658763,0.159307,0.054542,0.395730,0.125259,-0.168364,-0.038132,0.163115,-0.021973,-0.050466,0.166276,-0.298725,0.015178,-0.062953,-0.024012,0.180353,-0.009676,0.145854,-0.397772,1.197186,0.212733,0.018698,0.122429,-0.023133,-0.153795,0.655765,1.164768,-0.021340,0.062654,-0.284781
-0.103539,-7.440327,0.772059,-0.029672,-0.033782,-0.750983,0.658789,0.159987,0.054837,0.396120,0.124475,-0.168109,-0.039757,0.163319,-0.021617,-0.050108,0.166558,-0.298987,0.014420,-0.063023,-0.023609,0.180902,-0.009193,0.145702,-0.397151,1.196620,0.210770,0.018660,0.120667,-0.022382,-0.153938,0.655633,1.164430,-0.022983,0.062367,-0.283806
-0.103570,-7.440198,0.772093,-0.029447,-0.033652,-0.750981,0.658808,0.158706,0.054819,0.395362,0.125457,-0.168001,-0.038309,0.162556,-0.021724,-0.050398,0.166519,-0.298615,0.014658,-0.063312,-0.023445,0.180670,-0.009006,0.145574,-0.397202,1.196734,0.209646,0.018657,0.119964,-0.022168,-0.154086,0.655588,1.164235,-0.020267,0.061659,-0.283014
-0.103549,-7.439970,0.772071,-0.029426,-0.033748,-0.750849,0.658954,0.158891,0.054520,0.395581,0.124351,-0.167355,-0.039729,0.162624,-0.021981,-0.050837,0.166137,-0.298318,0.015044,-0.063942,-0.023452,0.181366,-0.009371,0.145542,-0.397689,1.197393,0.208761,0.018663,0.120070,-0.021768,-0.154118,0.654255,1.163543,-0.019004,0.060849,-0.282328
-0.103599,-7.439920,0.772119,-0.029625,-0.033755,-0.750826,0.658971,0.158957,0.054986,0.395494,0.124787,-0.167678,-0.039580,0.162881,-0.021563,-0.051070,0.166118,-0.298060,0.014697,-0.063705,-0.023166,0.181775,-0.009402,0.145625,-0.398314,1.197734,0.209876,0.019054,0.120413,-0.020935,-0.154094,0.653921,1.162178,-0.008783,0.058835,-0.280755
-0.103575,-7.439802,0.772078,-0.029865,-0.033997,-0.751011,0.658737,0.159766,0.054934,0.396175,0.124726,-0.167656,-0.039657,0.163332,-0.021609,-0.050247,0.166238,-0.298097,0.014973,-0.062774,-0.023152,0.182566,-0.009335,0.145676,-0.398466,1.197721,0.211892,0.019730,0.121027,-0.020710,-0.154101,0.653700,1.162474,-0.010949,0.059727,-0.282913
-0.103628,-7.439723,0.772097,-0.030051,-0.034113,-0.750784,0.658981,0.159762,0.055109,0.395253,0.125103,-0.167533,-0.039738,0.163572,-0.021355,-0.050719,0.166720,-0.298556,0.013967,-0.063442,-0.023197,0.183162,-0.009393,0.145773,-0.398495,1.197737,0.208751,0.018742,0.120318,-0.020439,-0.154056,0.653655,1.162018,-0.010699,0.059911,-0.282952
-0.103642,-7.439760,0.772082,-0.030240,-0.034305,-0.751088,0.658616,0.160702,0.055205,0.396350,0.125079,-0.167759,-0.039711,0.164075,-0.021374,-0.049906,0.166755,-0.298336,0.014420,-0.061742,-0.023279,0.183530,-0.009245,0.145840,-0.398545,1.197625,0.218450,0.021233,0.123861,-0.019592,-0.153985,0.653767,1.162535,-0.009153,0.059246,-0.283347
-0.103616,-7.439654,0.772077,-0.030401,-0.034373,-0.751185,0.658495,0.161025,0.055297,0.396495,0.125093,-0.167824,-0.039750,0.164214,-0.021230,-0.049528,0.166821,-0.298505,0.014361,-0.061205,-0.023245,0.184041,-0.008922,0.145830,-0.397572,1.196578,0.214164,0.019496,0.122835,-0.019352,-0.153903,0.653566,1.162512,-0.008819,0.059711,-0.283641
-0.103613,-7.439710,0.772048,-0.030433,-0.034426,-0.751257,0.658409,0.161265,0.055286,0.396838,0.125128,-0.168106,-0.039429,0.164578,-0.021318,-0.049634,0.166441,-0.298114,0.015100,-0.061525,-0.023271,0.183834,-0.008507,0.145853,-0.397314,1.195987,0.215779,0.020205,0.123143,-0.019155,-0.153772,0.653207,1.162311,-0.008106,0.060300,-0.283256
-0.103612,-7.439662,0.772079,-0.030280,-0.034497,-0.751166,0.658515,0.160686,0.054983,0.396564,0.125673,-0.168273,-0.038262,0.164389,-0.021829,-0.050328,0.166586,-0.298035,0.015414,-0.061942,-0.023819,0.183437,-0.008220,0.145884,-0.397243,1.195950,0.217111,0.020436,0.124138,-0.019003,-0.153672,0.653236,1.161527,-0.007667,0.059127,-0.283532
-0.103568,-7.439733,0.772058,-0.030576,-0.034604,-0.751210,0.658446,0.161509,0.055286,0.396998,0.125792,-0.168696,-0.038642,0.164776,-0.021480,-0.049615,0.167320,-0.298990,0.014223,-0.062478,-0.023615,0.183562,-0.007726,0.145818,-0.397451,1.196214,0.215369,0.020047,0.123362,-0.018659,-0.153630,0.652345,1.160950,-0.007403,0.059422,-0.284365
-0.103548,-7.439742,0.772087,-0.030644,-0.034487,-0.751159,0.658507,0.161377,0.055597,0.396787,0.125951,-0.168881,-0.038763,0.164279,-0.021026,-0.049245,0.168213,-0.299898,0.012438,-0.062474,-0.023318,0.183154,-0.007855,0.145709,-0.398192,1.196292,0.212350,0.019410,0.122142,-0.018159,-0.153622,0.650715,1.160758,-0.009144,0.060913,-0.285358
-0.103538,-7.439773,0.772057,-0.030882,-0.034794,-0.751103,0.658544,0.162022,0.055444,0.396408,0.126383,-0.169131,-0.038283,0.165186,-0.021283,-0.049642,0.168329,-0.300057,0.012803,-0.062219,-0.023627,0.183584,-0.007664,0.145587,-0.397884,1.195625,0.211732,0.019549,0.121996,-0.017818,-0.153618,0.649801,1.160964,-0.007756,0.060514,-0.285436
-0.103516,-7.439629,0.772046,-0.030895,-0.035083,-0.751127,0.658501,0.161784,0.055082,0.396403,0.127468,-0.169723,-0.036261,0.165387,-0.021880,-0.049489,0.168462,-0.299973,0.013620,-0.062462,-0.024288,0.184025,-0.007975,0.145526,-0.397236,1.195457,0.212051,0.019705,0.122756,-0.017856,-0.153593,0.649121,1.160429,-0.007721,0.059111,-0.284582
-0.103392,-7.439734,0.772058,-0.031335,-0.035235,-0.751320,0.658251,0.163096,0.055373,0.396941,0.127407,-0.170056,-0.036619,0.166142,-0.021524,-0.048701,0.168935,-0.300397,0.012911,-0.062493,-0.023699,0.184082,-0.009260,0.145807,-0.402484,1.197823,0.205384,0.017739,0.121718,-0.017870,-0.153608,0.649872,1.160648,-0.008046,0.060429,-0.285023
-0.103323,-7.439665,0.772035,-0.031378,-0.035286,-0.751279,0.658294,0.163189,0.055191,0.396820,0.127248,-0.170208,-0.036593,0.166263,-0.021701,-0.049061,0.168860,-0.300343,0.013250,-0.062491,-0.024150,0.183671,-0.009057,0.145939,-0.402844,1.197993,0.210883,0.019184,0.124513,-0.017440,-0.153613,0.649617,1.160202,-0.007013,0.060212,-0.283937
-0.103254,-7.439673,0.772045,-0.031170,-0.035087,-0.751211,0.658391,0.162349,0.055086,0.396466,0.127449,-0.169992,-0.036143,0.165910,-0.021892,-0.049766,0.168311,-0.299497,0.014007,-0.062863,-0.023957,0.182738,-0.008184,0.146036,-0.402183,1.197026,0.204574,0.017895,0.122393,-0.016588,-0.153568,0.648266,1.159711,-0.008131,0.060117,-0.284397
-0.103163,-7.439579,0.772013,-0.031451,-0.035480,-0.751101,0.658482,0.163205,0.054724,0.396296,0.127536,-0.170183,-0.036019,0.166509,-0.022176,-0.049301,0.169103,-0.300763,0.013238,-0.062823,-0.024526,0.183578,-0.007890,0.146139,-0.401103,1.196659,0.207101,0.018427,0.122392,-0.016099,-0.153429,0.647375,1.158786,-0.008291,0.060996,-0.284963
-0.103053,-7.439610,0.772038,-0.031555,-0.035320,-0.751289,0.658272,0.163333,0.055051,0.396879,0.127558,-0.170479,-0.036064,0.166332,-0.021864,-0.048891,0.169124,-0.300261,0.013377,-0.062038,-0.024382,0.183169,-0.005946,0.145829,-0.396197,1.193988,0.213746,0.020520,0.123328,-0.015259,-0.153265,0.646434,1.158166,-0.008347,0.061365,-0.284867
-0.102972,-7.439507,0.771985,-0.031599,-0.035563,-0.751193,0.658365,0.163590,0.054461,0.396288,0.127324,-0.170121,-0.036160,0.166676,-0.022383,-0.048793,0.169046,-0.300553,0.013927,-0.063122,-0.024902,0.183382,-0.005940,0.145527,-0.395063,1.194206,0.216566,0.020570,0.124501,-0.015667,-0.153114,0.646401,1.158519,-0.008058,0.061581,-0.285107
-0.102840,-7.439415,0.772023,-0.031584,-0.035630,-0.751209,0.658345,0.163545,0.054214,0.396781,0.127203,-0.169837,-0.035875,0.166811,-0.022781,-0.049040,0.168812,-0.299949,0.014776,-0.062974,-0.025130,0.183346,-0.006673,0.145396,-0.396147,1.194713,0.213403,0.019812,0.124216,-0.015623,-0.153009,0.646938,1.158885,-0.006766,0.059989,-0.284377
-0.102691,-7.439317,0.772007,-0.031559,-0.035583,-0.751284,0.658264,0.163561,0.053946,0.396943,0.126775,-0.170033,-0.035994,0.166593,-0.022916,-0.048675,0.168633,-0.300040,0.014937,-0.062033,-0.024995,0.183012,-0.006555,0.145263,-0.395275,1.194245,0.216671,0.020496,0.124805,-0.015462,-0.152992,0.646672,1.158505,-0.007716,0.062776,-0.283772
-0.102488,-7.439194,0.772001,-0.031772,-0.035778,-0.751295,0.658230,0.163886,0.053701,0.396832,0.126942,-0.169808,-0.035776,0.166774,-0.023155,-0.048376,0.169141,-0.300260,0.014760,-0.062521,-0.024723,0.183727,-0.006394,0.144910,-0.394239,1.193836,0.214724,0.019648,0.124655,-0.016041,-0.152967,0.645901,1.158914,-0.010165,0.063297,-0.285362
-0.102302,-7.439101,0.772007,-0.031635,-0.035712,-0.751237,0.658306,0.163297,0.053298,0.396646,0.126980,-0.169689,-0.035248,0.166350,-0.023580,-0.048680,0.169096,-0.300130,0.015169,-0.062786,-0.024645,0.183184,-0.006949,0.144689,-0.395406,1.194613,0.213744,0.019379,0.124690,-0.016665,-0.152988,0.647343,1.159930,-0.007742,0.062177,-0.285641
-0.102055,-7.438936,0.772001,-0.031674,-0.035793,-0.751269,0.658264,0.163385,0.052827,0.397126,0.126695,-0.169703,-0.035002,0.166418,-0.024097,-0.048504,0.168775,-0.299771,0.016171,-0.063535,-0.024552,0.183242,-0.007463,0.144700,-0.397539,1.195893,0.210996,0.018569,0.124732,-0.017175,-0.152999,0.647914,1.160046,-0.007905,0.061801,-0.286193
-0.101827,-7.438688,0.772022,-0.032325,-0.036210,-0.750935,0.658590,0.164227,0.052833,0.396041,0.127348,-0.169845,-0.034692,0.167693,-0.024130,-0.049429,0.169220,-0.299909,0.015680,-0.064231,-0.024422,0.185011,-0.007933,0.144781,-0.398347,1.196369,0.210443,0.018326,0.124778,-0.016857,-0.152936,0.646555,1.159262,-0.008298,0.061749,-0.286400
-0.101660,-7.438621,0.772027,-0.032273,-0.036096,-0.751073,0.658441,0.163982,0.052760,0.396561,0.127111,-0.169615,-0.034861,0.166962,-0.024219,-0.048935,0.169585,-0.299733,0.015466,-0.063019,-0.024211,0.184719,-0.007300,0.144785,-0.397789,1.195449,0.211729,0.019324,0.124618,-0.015829,-0.152714,0.644714,1.158770,-0.009283,0.061863,-0.285792
-0.101463,-7.438330,0.772056,-0.032311,-0.036253,-0.750926,0.658598,0.163482,0.052305,0.396041,0.127580,-0.169324,-0.033859,0.166994,-0.024838,-0.049499,0.169431,-0.299092,0.016538,-0.062784,-0.024569,0.185142,-0.007608,0.144798,-0.398228,1.196282,0.210424,0.019010,0.125152,-0.016057,-0.152594,0.646328,1.158447,-0.007422,0.061367,-0.284059
-0.101337,-7.438039,0.772079,-0.032656,-0.036448,-0.750721,0.658804,0.163511,0.052403,0.395138,0.128304,-0.169543,-0.033281,0.167290,-0.024731,-0.049679,0.169873,-0.299285,0.015999,-0.063462,-0.024599,0.186061,-0.007228,0.144834,-0.397344,1.196244,0.212129,0.019387,0.124706,-0.015677,-0.152373,0.645741,1.157961,-0.007545,0.061271,-0.284057
