0.020577,0.001171,0.769264,-0.009434,0.002665,-0.999884,0.011677,0.116491,0.086105,0.186077,0.134299,-0.280566,-0.048827,0.107597,-0.061844,-0.236375,0.121096,-0.178930,0.096174,-0.046447,0.001300,0.129707,0.043990,0.187985,-0.531165,1.102329,0.087733,0.089082,0.268699,-0.035987,-0.115204,0.308224,1.195380,-0.222644,0.036830,-0.096193
0.020931,0.001751,0.769238,-0.007124,0.003357,-0.999915,0.010418,0.112716,0.089252,0.189856,0.131721,-0.281640,-0.051916,0.101492,-0.058592,-0.233580,0.121125,-0.180126,0.092908,-0.045922,0.001589,0.128136,0.044561,0.189223,-0.528300,1.101547,0.086947,0.087377,0.269136,-0.039120,-0.113891,0.307497,1.195107,-0.221653,0.037296,-0.097002
0.021269,0.003082,0.769269,-0.003699,0.004238,-0.999954,0.007718,0.106994,0.094236,0.196109,0.129065,-0.279320,-0.057150,0.091903,-0.053524,-0.227402,0.121212,-0.180737,0.087010,-0.043710,0.001278,0.125758,0.044797,0.191141,-0.524322,1.099837,0.091015,0.091148,0.268259,-0.042950,-0.111731,0.307243,1.194239,-0.221725,0.036186,-0.097822
0.021521,0.005079,0.769405,0.001417,0.004188,-0.999981,0.004301,0.097861,0.098403,0.204311,0.126603,-0.277730,-0.064959,0.078036,-0.049058,-0.218417,0.122346,-0.183539,0.084464,-0.042938,-0.002804,0.121099,0.048215,0.194702,-0.514986,1.096196,0.088434,0.088932,0.269017,-0.047601,-0.106598,0.307585,1.192770,-0.224574,0.037265,-0.099224
0.021604,0.007216,0.768699,0.006495,0.004947,-0.999960,0.003638,0.068690,0.108088,0.203915,0.165265,-0.294520,-0.070337,0.066348,-0.044002,-0.215843,0.123263,-0.190285,0.088077,-0.047264,-0.005925,0.117353,0.054080,0.197682,-0.490351,1.090836,0.080317,0.087517,0.266379,-0.050484,-0.100380,0.303749,1.189545,-0.227024,0.035660,-0.097474
0.021685,0.009516,0.767507,0.012141,0.008779,-0.999875,0.005041,0.003805,0.130409,0.192886,0.274195,-0.338902,-0.070585,0.054461,-0.032108,-0.216096,0.123033,-0.195216,0.091328,-0.053843,-0.001396,0.113929,0.056717,0.199068,-0.462915,1.089951,0.074384,0.085680,0.265256,-0.051151,-0.095514,0.294678,1.183270,-0.233312,0.035252,-0.094454
0.022009,0.011617,0.765648,0.013134,0.016445,-0.999750,0.007574,-0.075618,0.166053,0.176858,0.431723,-0.382318,-0.075461,0.053125,-0.011061,-0.221413,0.122797,-0.198606,0.087961,-0.058296,0.011543,0.122633,0.056903,0.199088,-0.433767,1.085673,0.066961,0.083762,0.267648,-0.050828,-0.094623,0.287699,1.175726,-0.232414,0.034239,-0.092638
0.021473,0.013592,0.763700,0.007224,0.022882,-0.999673,0.008810,-0.149985,0.201952,0.159773,0.608437,-0.385852,-0.098578,0.067878,0.007071,-0.224008,0.122859,-0.201551,0.079058,-0.056565,0.021910,0.142774,0.055710,0.200212,-0.413670,1.080535,0.064697,0.083847,0.265064,-0.050763,-0.098874,0.295548,1.177123,-0.224854,0.031304,-0.095667
0.019928,0.015075,0.762807,0.000218,0.025459,-0.999648,0.007411,-0.219178,0.225900,0.134646,0.771887,-0.340178,-0.135457,0.085748,0.016033,-0.221910,0.122930,-0.204407,0.075907,-0.048095,0.024472,0.161989,0.054392,0.203374,-0.407628,1.075972,0.063099,0.080111,0.264609,-0.051800,-0.104365,0.308790,1.191201,-0.224606,0.033314,-0.100562
0.017068,0.015888,0.762445,-0.004352,0.025669,-0.999656,0.003072,-0.287141,0.233653,0.093670,0.909296,-0.268903,-0.178972,0.098908,0.018738,-0.214544,0.122912,-0.206043,0.072112,-0.038397,0.021235,0.174654,0.061219,0.208393,-0.400715,1.063473,0.073745,0.081406,0.269191,-0.053277,-0.108545,0.320491,1.210711,-0.224295,0.034556,-0.101618
0.012084,0.015374,0.762059,0.006908,-0.025257,0.999643,0.005256,-0.334731,0.236183,0.054940,0.992533,-0.228737,-0.225830,0.109501,0.018424,-0.199629,0.122383,-0.209410,0.072201,-0.026827,0.017077,0.178679,0.079381,0.212965,-0.392248,1.045854,0.074023,0.078605,0.271986,-0.052141,-0.113093,0.330470,1.229609,-0.218642,0.035899,-0.101792
0.005658,0.013456,0.762032,0.007122,-0.024183,0.999576,0.014577,-0.364101,0.266614,0.053008,1.006085,-0.236049,-0.229818,0.116604,0.014258,-0.181812,0.121306,-0.211516,0.079486,-0.019241,0.011004,0.177729,0.101718,0.214663,-0.379916,1.033857,0.069495,0.077931,0.270061,-0.049741,-0.116822,0.332316,1.242044,-0.224568,0.037312,-0.104828
-0.001911,0.010599,0.761971,0.005846,-0.021680,0.999458,0.024052,-0.379819,0.309191,0.065261,0.955481,-0.236349,-0.206799,0.121565,0.004704,-0.164185,0.120900,-0.215639,0.086548,-0.013491,0.000428,0.174842,0.122572,0.214770,-0.359888,1.034432,0.058601,0.073548,0.267715,-0.043901,-0.119744,0.326144,1.242510,-0.230995,0.040041,-0.105484
-0.010697,0.006675,0.761686,0.003333,-0.019767,0.999229,0.033743,-0.381410,0.351164,0.078043,0.847910,-0.224193,-0.185297,0.124709,-0.005230,-0.145754,0.121294,-0.222078,0.095001,-0.009623,-0.009655,0.171148,0.140757,0.213887,-0.332873,1.043983,0.038171,0.069306,0.265553,-0.037547,-0.122491,0.318476,1.238542,-0.230361,0.038742,-0.105244
-0.020693,0.001455,0.760615,0.000157,-0.018700,0.998862,0.043877,-0.371323,0.387620,0.093371,0.702612,-0.199827,-0.161795,0.127751,-0.015670,-0.127652,0.121616,-0.229499,0.107205,-0.006899,-0.017412,0.165681,0.156375,0.213744,-0.304456,1.053992,0.007172,0.062348,0.255312,-0.034266,-0.125381,0.316375,1.237259,-0.230403,0.039185,-0.105189
-0.031825,-0.005514,0.758904,-0.004360,-0.018397,0.998509,0.051212,-0.359049,0.410147,0.100091,0.541279,-0.162583,-0.142340,0.130170,-0.028077,-0.113500,0.122007,-0.239487,0.120641,-0.010864,-0.022508,0.158533,0.170429,0.214484,-0.278780,1.055552,0.000594,0.061998,0.244227,-0.033873,-0.128764,0.313158,1.238644,-0.236444,0.039780,-0.105153
-0.044144,-0.014310,0.756591,-0.010384,-0.018313,0.998330,0.053801,-0.351396,0.418088,0.094663,0.386021,-0.130735,-0.145061,0.132723,-0.043799,-0.109876,0.122132,-0.250896,0.142277,-0.020349,-0.026284,0.149303,0.174817,0.218780,-0.273844,1.061006,0.013231,0.064355,0.247965,-0.031417,-0.133017,0.303001,1.237790,-0.235747,0.039309,-0.105857
-0.057928,-0.025103,0.753549,-0.012750,-0.019142,0.998276,0.053991,-0.336432,0.418121,0.077375,0.256412,-0.112450,-0.170731,0.146727,-0.061661,-0.109112,0.122234,-0.262288,0.165094,-0.027994,-0.026938,0.147081,0.172409,0.225379,-0.279342,1.071605,0.030677,0.064420,0.253112,-0.025422,-0.137790,0.282575,1.236133,-0.233600,0.038666,-0.108255
-0.072527,-0.038290,0.750683,-0.015134,-0.018504,0.998257,0.053964,-0.339962,0.414700,0.066959,0.204423,-0.106656,-0.171672,0.161136,-0.087381,-0.107591,0.122475,-0.268063,0.193830,-0.031234,-0.028564,0.144808,0.165699,0.230696,-0.279850,1.081269,0.034635,0.065152,0.251127,-0.019111,-0.143263,0.261133,1.235699,-0.230571,0.039509,-0.112305
-0.088093,-0.054670,0.748397,-0.016999,-0.017269,0.998122,0.056257,-0.355729,0.415385,0.090841,0.235127,-0.127629,-0.149495,0.175625,-0.119605,-0.099250,0.122923,-0.262743,0.229423,-0.029010,-0.027983,0.143094,0.160840,0.232001,-0.269937,1.080110,0.030178,0.063124,0.243734,-0.010964,-0.151439,0.237958,1.229366,-0.226767,0.039601,-0.110759
-0.104854,-0.074264,0.746666,-0.017524,-0.017179,0.997843,0.060881,-0.371505,0.422033,0.148771,0.322839,-0.168647,-0.109036,0.191350,-0.154036,-0.085666,0.124165,-0.240395,0.261800,-0.025660,-0.020645,0.142498,0.159236,0.227787,-0.259247,1.068425,0.026004,0.060825,0.245948,-0.002976,-0.164428,0.221446,1.217195,-0.224115,0.039414,-0.107532
-0.122318,-0.096637,0.746260,-0.022431,-0.018994,0.997230,0.068322,-0.403332,0.434740,0.207836,0.446687,-0.187929,-0.063253,0.188094,-0.182262,-0.056913,0.135513,-0.199071,0.261800,-0.023152,-0.006041,0.133140,0.158772,0.218895,-0.253021,1.053713,0.034827,0.058480,0.252328,0.002738,-0.180761,0.205355,1.199952,-0.218866,0.037583,-0.106646
-0.141627,-0.122028,0.746218,-0.024011,-0.020979,0.996692,0.074750,-0.405656,0.424824,0.233929,0.511381,-0.166779,-0.085944,0.163637,-0.216136,-0.022748,0.206892,-0.166436,0.261800,-0.024412,0.010795,0.126331,0.157958,0.206800,-0.257239,1.046197,0.038931,0.055073,0.254262,0.013627,-0.197995,0.175055,1.176740,-0.216652,0.033990,-0.108014
-0.162165,-0.149033,0.747203,-0.019040,-0.016352,0.997030,0.072812,-0.400817,0.381323,0.249227,0.592622,-0.233974,-0.047697,0.134978,-0.270972,-0.004831,0.325902,-0.129633,0.261800,-0.037406,0.015224,0.127376,0.145333,0.198189,-0.286088,1.060988,0.039904,0.053680,0.251610,0.037140,-0.208839,0.115611,1.146534,-0.214854,0.026295,-0.116723
-0.183414,-0.177670,0.749073,-0.010078,-0.006644,0.997602,0.068149,-0.353820,0.316780,0.280888,0.611371,-0.279430,-0.033401,0.085249,-0.347331,-0.003289,0.496983,-0.078340,0.261800,-0.054422,0.008334,0.132667,0.126298,0.194883,-0.327183,1.085634,0.034881,0.056022,0.249073,0.065219,-0.213256,0.049885,1.119831,-0.195503,0.016330,-0.122345
-0.204504,-0.206323,0.751908,-0.000379,0.010391,0.997916,0.063683,-0.278341,0.225412,0.322515,0.571272,-0.308461,-0.014257,-0.005475,-0.444513,0.006031,0.716896,-0.000555,0.218462,-0.072532,-0.016241,0.138866,0.106990,0.195727,-0.357580,1.101443,0.041049,0.065824,0.253262,0.085636,-0.214521,0.004083,1.108045,-0.177540,0.012063,-0.119272
-0.223839,-0.232053,0.755084,0.011666,0.019959,0.997937,0.059896,-0.196977,0.148839,0.347872,0.513891,-0.324119,0.003271,-0.124462,-0.544572,-0.027602,0.950074,0.076157,-0.005373,-0.089841,-0.032491,0.156679,0.085215,0.203275,-0.374296,1.105718,0.043122,0.068970,0.252190,0.097968,-0.209991,-0.031183,1.104405,-0.181133,0.014970,-0.117472
-0.241744,-0.254920,0.757375,0.021812,0.027249,0.998001,0.052693,-0.123646,0.076004,0.354864,0.449581,-0.331243,0.028658,-0.226934,-0.591562,-0.015243,1.131542,0.057573,-0.114345,-0.113016,-0.049804,0.173472,0.062483,0.220995,-0.385587,1.101681,0.039364,0.069421,0.255117,0.109387,-0.196129,-0.054698,1.103823,-0.182959,0.015625,-0.124148
-0.258501,-0.275239,0.759575,0.031952,0.027214,0.998307,0.040262,-0.054965,0.022122,0.340705,0.387930,-0.332957,0.047066,-0.301905,-0.529803,0.039129,1.262176,0.006874,-0.132116,-0.140831,-0.057111,0.194314,0.034441,0.246393,-0.399164,1.102041,0.041018,0.067537,0.260098,0.124121,-0.176478,-0.065070,1.104214,-0.177896,0.014975,-0.124580
-0.274929,-0.293726,0.761375,0.041433,0.024464,0.998519,0.025385,0.013835,-0.021338,0.316672,0.323039,-0.329120,0.060466,-0.358037,-0.441607,0.060402,1.343989,-0.016104,-0.102420,-0.166931,-0.061931,0.215862,0.003015,0.272611,-0.407955,1.106666,0.044299,0.071676,0.265719,0.144067,-0.154830,-0.062770,1.103327,-0.183722,0.014940,-0.114556
-0.291115,-0.311134,0.762105,0.047748,0.020762,0.998598,0.009514,0.074170,-0.056430,0.286849,0.264657,-0.325795,0.071278,-0.411539,-0.323111,0.075822,1.379241,-0.045359,-0.062465,-0.189777,-0.065435,0.232650,-0.027680,0.294668,-0.405063,1.104514,0.041278,0.077530,0.264399,0.165206,-0.134379,-0.054042,1.103297,-0.197432,0.020039,-0.100871
-0.307494,-0.327866,0.761715,-0.049072,-0.017515,-0.998618,0.006896,0.123635,-0.087986,0.254549,0.209513,-0.321218,0.083722,-0.468357,-0.187024,0.096036,1.364875,-0.057644,-0.001570,-0.211049,-0.067955,0.239430,-0.056538,0.312053,-0.401055,1.097663,0.033696,0.072878,0.263402,0.185501,-0.116023,-0.048048,1.106582,-0.203194,0.021571,-0.092348
-0.324324,-0.343739,0.760775,-0.047344,-0.014188,-0.998483,0.024264,0.165210,-0.114470,0.218961,0.161630,-0.319339,0.096940,-0.520628,-0.075494,0.092285,1.302240,-0.046523,0.041458,-0.231368,-0.070063,0.240628,-0.083887,0.325069,-0.402145,1.086072,0.029798,0.071489,0.264759,0.203795,-0.096537,-0.051675,1.114464,-0.195017,0.020315,-0.093211
-0.341715,-0.359231,0.758719,-0.044286,-0.011241,-0.998018,0.043275,0.198620,-0.137630,0.179646,0.130886,-0.325603,0.114220,-0.558027,0.001758,0.061280,1.195968,-0.016807,0.069504,-0.250885,-0.072540,0.238960,-0.107425,0.331983,-0.409387,1.072916,0.032849,0.069634,0.270036,0.221574,-0.076100,-0.063555,1.123192,-0.188163,0.022933,-0.093277
-0.359663,-0.375082,0.755823,-0.039046,-0.009425,-0.997267,0.062004,0.216264,-0.159572,0.142525,0.128673,-0.343134,0.135905,-0.576036,0.075492,0.038583,1.045908,0.022016,0.118229,-0.267210,-0.075239,0.233214,-0.127806,0.332138,-0.424298,1.061085,0.036860,0.068136,0.269082,0.237085,-0.057550,-0.076660,1.132653,-0.174870,0.022466,-0.090706
-0.378310,-0.391776,0.752402,-0.031709,-0.008460,-0.996350,0.078796,0.231371,-0.182581,0.112092,0.127827,-0.353793,0.150253,-0.569639,0.139228,0.018483,0.849418,0.070364,0.172206,-0.278589,-0.076537,0.224331,-0.141739,0.322724,-0.429184,1.047778,0.043691,0.066820,0.262338,0.248060,-0.044571,-0.081884,1.141744,-0.162698,0.022868,-0.084173
-0.397847,-0.409691,0.748287,-0.024082,-0.009204,-0.995262,0.093748,0.248568,-0.209331,0.082662,0.128395,-0.359481,0.168656,-0.528246,0.176739,-0.028140,0.605835,0.132205,0.212718,-0.288153,-0.078111,0.214128,-0.150375,0.305612,-0.435492,1.041117,0.045808,0.062594,0.262510,0.254384,-0.037734,-0.083395,1.149848,-0.156531,0.022474,-0.083123
-0.418906,-0.429087,0.742904,-0.016793,-0.013447,-0.993644,0.110497,0.272001,-0.243655,0.045778,0.128473,-0.358758,0.184041,-0.442843,0.196647,-0.102331,0.305384,0.248505,0.261800,-0.303940,-0.083998,0.200693,-0.151032,0.283379,-0.445794,1.043263,0.051192,0.062491,0.264140,0.260066,-0.035087,-0.088881,1.152293,-0.150956,0.024251,-0.085271
-0.442405,-0.449331,0.735230,-0.012934,-0.027176,-0.990768,0.132184,0.313671,-0.296744,-0.003518,0.127290,-0.347269,0.202835,-0.369276,0.190249,-0.222578,0.093597,0.333297,0.261800,-0.330475,-0.109651,0.183791,-0.140723,0.261899,-0.464968,1.052908,0.054361,0.062083,0.260177,0.271147,-0.034886,-0.095023,1.150035,-0.135625,0.020229,-0.087489
-0.467019,-0.470951,0.728899,-0.005641,-0.036032,-0.988075,0.149592,0.349814,-0.337612,-0.041597,0.125896,-0.322713,0.223266,-0.373442,0.158536,-0.360986,0.090881,0.308926,0.261800,-0.347614,-0.124408,0.159732,-0.125468,0.245510,-0.499995,1.066396,0.054300,0.066514,0.250932,0.279791,-0.036194,-0.097713,1.147214,-0.122217,0.017337,-0.091415
-0.493048,-0.494336,0.726884,0.003166,-0.020945,-0.988165,0.151923,0.369614,-0.325205,-0.037108,0.129698,-0.287952,0.222042,-0.362488,0.174322,-0.481890,0.102466,0.245293,-0.012427,-0.329921,-0.085980,0.141294,-0.114938,0.221154,-0.550704,1.092899,0.056504,0.070591,0.245158,0.282365,-0.042539,-0.102304,1.147810,-0.110882,0.015179,-0.098034
-0.520781,-0.520248,0.725807,0.010458,-0.001230,-0.987493,0.157313,0.338406,-0.301370,-0.019753,0.239942,-0.279721,0.206757,-0.382836,0.199025,-0.449453,0.191827,0.115098,-0.261800,-0.315454,-0.030695,0.122193,-0.102306,0.187782,-0.602603,1.125650,0.066934,0.074671,0.237899,0.285600,-0.056180,-0.109168,1.149332,-0.106015,0.012567,-0.100220
-0.547590,-0.546013,0.727145,0.014731,0.015689,-0.984759,0.172588,0.300855,-0.274780,-0.035211,0.364042,-0.228611,0.133721,-0.362415,0.196094,-0.474078,0.232788,-0.003343,-0.261800,-0.321135,0.017098,0.113610,-0.088411,0.160428,-0.644767,1.157323,0.075382,0.076352,0.236505,0.280063,-0.067743,-0.109940,1.149615,-0.101616,0.011655,-0.101770
-0.572712,-0.569868,0.730736,0.013681,0.036145,-0.981554,0.187238,0.257885,-0.242626,-0.102557,0.499784,-0.165057,-0.097472,-0.333015,0.205305,-0.499240,0.264745,-0.069749,-0.261800,-0.320592,0.066107,0.120604,-0.078594,0.141305,-0.672290,1.188065,0.075918,0.081490,0.228951,0.271539,-0.071465,-0.114043,1.143125,-0.102189,0.009797,-0.094948
-0.593826,-0.593748,0.734057,0.011931,0.034596,-0.978929,0.200897,0.238592,-0.251433,-0.089256,0.583535,-0.045988,-0.261800,-0.333948,0.147786,-0.503939,0.390336,-0.170246,-0.237341,-0.310811,0.064178,0.127800,-0.080961,0.137252,-0.683491,1.208057,0.074375,0.091538,0.204157,0.255390,-0.066071,-0.113326,1.135407,-0.105870,0.009308,-0.086536
-0.613726,-0.613288,0.737491,0.012458,0.027255,-0.976568,0.213111,0.131755,-0.214850,0.015360,0.795640,-0.068247,-0.261800,-0.314494,0.096901,-0.501476,0.458067,-0.244298,-0.206401,-0.299614,0.039486,0.128527,-0.084201,0.153555,-0.686150,1.206250,0.075892,0.094575,0.201629,0.228283,-0.052787,-0.100253,1.136392,-0.120613,0.009620,-0.091401
-0.634107,-0.629178,0.743108,0.007364,0.032247,-0.975468,0.217644,-0.005254,-0.054386,0.138073,1.066347,-0.183009,-0.261800,-0.240658,0.113843,-0.497438,0.402299,-0.253220,-0.182663,-0.283588,0.033626,0.144405,-0.077656,0.186349,-0.662323,1.179391,0.073816,0.078407,0.221298,0.191024,-0.040542,-0.079190,1.129874,-0.151713,0.015884,-0.095023
-0.654729,-0.644861,0.748172,-0.001194,0.039627,-0.977801,0.205753,-0.110766,0.137507,0.214669,1.270357,-0.282337,-0.261800,-0.145839,0.158569,-0.464486,0.304246,-0.232592,-0.162604,-0.247651,0.034584,0.167351,-0.057729,0.222755,-0.604635,1.137205,0.077919,0.071342,0.249881,0.150695,-0.036790,-0.054367,1.111321,-0.178215,0.017542,-0.095665
-0.674199,-0.662317,0.752354,-0.008236,0.037654,-0.981589,0.187074,-0.190398,0.318218,0.296660,1.388742,-0.330060,-0.137085,-0.069779,0.168222,-0.414169,0.253524,-0.230595,-0.140676,-0.205333,0.021677,0.186172,-0.029396,0.253365,-0.525874,1.096277,0.070511,0.068175,0.265943,0.112005,-0.041035,-0.031853,1.082504,-0.190319,0.016996,-0.102214
-0.693412,-0.681104,0.755757,-0.012758,0.032720,-0.985163,0.167991,-0.267736,0.454014,0.349880,1.419586,-0.352571,0.014660,-0.008541,0.157605,-0.365592,0.227255,-0.239674,-0.113122,-0.167037,0.006041,0.198627,0.000900,0.274854,-0.446099,1.064395,0.048547,0.067524,0.269718,0.072733,-0.053391,0.000755,1.056706,-0.207026,0.018633,-0.115444
-0.711881,-0.700618,0.757962,-0.016706,0.028514,-0.989724,0.139122,-0.340176,0.516116,0.349629,1.356244,-0.371126,0.054015,0.039729,0.142209,-0.305167,0.217775,-0.251298,-0.088604,-0.121160,-0.004863,0.210854,0.033450,0.287557,-0.374784,1.041031,0.029778,0.066120,0.267224,0.023604,-0.076651,0.053232,1.048049,-0.224061,0.009362,-0.131870
-0.730709,-0.721032,0.759377,-0.018932,0.025626,-0.993822,0.106311,-0.401367,0.528572,0.311646,1.213504,-0.339054,0.009242,0.076552,0.122153,-0.241270,0.218801,-0.264916,-0.057978,-0.078869,-0.011298,0.218312,0.069044,0.293723,-0.324503,1.028974,0.015677,0.061671,0.269460,-0.029619,-0.104812,0.108356,1.048334,-0.239887,0.011306,-0.131873
-0.750444,-0.742991,0.759700,-0.019244,0.024721,-0.996581,0.076450,-0.433179,0.521812,0.267352,1.001118,-0.275682,-0.073110,0.108084,0.098744,-0.183271,0.219772,-0.281546,-0.025464,-0.050376,-0.011967,0.219978,0.110146,0.290541,-0.274645,1.021673,0.019319,0.063847,0.263171,-0.084423,-0.128357,0.147139,1.059593,-0.244870,0.023793,-0.128801
-0.771652,-0.766012,0.757970,-0.019689,0.026558,-0.998258,0.048874,-0.427302,0.516937,0.226275,0.737744,-0.205933,-0.145706,0.143359,0.076866,-0.129732,0.212872,-0.299911,0.004870,-0.029269,-0.005578,0.218556,0.151044,0.281331,-0.235387,1.023423,0.018235,0.065024,0.255672,-0.133402,-0.147498,0.176110,1.080240,-0.237853,0.018980,-0.128632
-0.794506,-0.790769,0.753708,-0.022132,0.030960,-0.999006,0.023197,-0.395769,0.523949,0.182596,0.482752,-0.167516,-0.182739,0.183155,0.054240,-0.080683,0.207660,-0.324413,0.037580,-0.011815,0.008919,0.215836,0.191894,0.268094,-0.211713,1.031305,0.014738,0.063330,0.245930,-0.169333,-0.163571,0.191864,1.093827,-0.238962,0.021867,-0.126647
-0.818310,-0.817186,0.748035,-0.024777,0.036492,-0.999026,0.001293,-0.360628,0.541025,0.146920,0.291698,-0.138824,-0.216297,0.216083,0.025318,-0.043149,0.217719,-0.349607,0.073594,0.000771,0.027655,0.213535,0.223139,0.253387,-0.203690,1.049392,0.013091,0.062702,0.234713,-0.192603,-0.180120,0.201293,1.097713,-0.238763,0.022160,-0.125871
-0.842034,-0.845497,0.743359,0.024130,-0.036991,0.998931,0.013656,-0.354835,0.538310,0.098351,0.219618,-0.141039,-0.209506,0.238486,-0.022705,-0.024165,0.233055,-0.362056,0.123221,0.007162,0.037869,0.209050,0.239597,0.237947,-0.207353,1.074128,0.011075,0.062758,0.231332,-0.201952,-0.198079,0.202965,1.092094,-0.231407,0.017824,-0.126530
-0.866959,-0.876356,0.740424,0.025555,-0.031029,0.999016,0.018726,-0.361187,0.500712,0.069170,0.259443,-0.171692,-0.186465,0.265864,-0.090929,-0.020140,0.254260,-0.353689,0.182501,0.004433,0.036984,0.207297,0.243616,0.221527,-0.221237,1.106916,-0.000508,0.059678,0.236211,-0.190799,-0.216053,0.189666,1.081961,-0.224953,0.014314,-0.129319
-0.893844,-0.909980,0.739264,0.023627,-0.023413,0.999253,0.019652,-0.369580,0.443431,0.071986,0.347431,-0.210371,-0.137826,0.272157,-0.165415,-0.007578,0.305179,-0.316871,0.246381,0.002192,0.038128,0.192142,0.245019,0.200750,-0.236128,1.134149,-0.002215,0.062215,0.235266,-0.161053,-0.237246,0.170714,1.080530,-0.218702,0.011994,-0.133100
-0.920425,-0.944924,0.740679,0.013679,-0.016016,0.999556,0.021058,-0.382996,0.378688,0.069869,0.410949,-0.151366,-0.155713,0.219654,-0.233767,0.019705,0.426191,-0.257195,0.261800,-0.000549,0.040256,0.165331,0.246023,0.175255,-0.236794,1.137382,0.000432,0.062181,0.245418,-0.129519,-0.260361,0.151596,1.084816,-0.215478,0.013495,-0.123380
-0.946912,-0.980754,0.742095,0.014341,-0.006071,0.999601,0.023581,-0.384012,0.307272,0.074748,0.505002,-0.149621,-0.160751,0.125605,-0.310171,0.044577,0.655412,-0.176253,0.230946,-0.008488,0.036234,0.156531,0.244781,0.155762,-0.257041,1.137625,-0.004129,0.055152,0.252204,-0.103084,-0.280407,0.129468,1.105286,-0.213234,0.015490,-0.112755
-0.972075,-1.012402,0.745414,0.030969,0.011421,0.999252,0.020123,-0.317858,0.228309,0.118467,0.539043,-0.187315,-0.145489,0.025605,-0.415011,0.027768,0.924284,-0.072677,0.051716,-0.023491,0.009564,0.184841,0.219412,0.162267,-0.317130,1.144042,0.012204,0.062861,0.250112,-0.068431,-0.281788,0.082546,1.122005,-0.215962,0.021199,-0.120348
-0.995503,-1.040799,0.747835,0.044581,0.027416,0.998543,0.013161,-0.248841,0.146914,0.149697,0.542652,-0.238760,-0.104529,-0.095544,-0.530450,-0.003477,1.168040,0.022221,-0.159145,-0.047793,-0.024084,0.206175,0.185526,0.192272,-0.400403,1.148946,0.032388,0.069095,0.257474,-0.036456,-0.268884,0.048183,1.136685,-0.205090,0.027611,-0.114778
-1.017624,-1.065517,0.751608,0.052523,0.036965,0.997929,0.003574,-0.184935,0.077665,0.163527,0.515158,-0.268177,-0.062145,-0.195496,-0.540856,0.027249,1.350066,-0.064076,-0.180094,-0.078043,-0.050951,0.216898,0.149097,0.232940,-0.466024,1.147505,0.046394,0.062974,0.277160,-0.006861,-0.248891,0.037725,1.149634,-0.199297,0.034702,-0.098394
-1.039710,-1.086996,0.756437,-0.054588,-0.038616,-0.997711,0.010104,-0.132996,0.027806,0.158855,0.477214,-0.283110,-0.025151,-0.285784,-0.508009,0.021686,1.475363,-0.149026,-0.181321,-0.111590,-0.066640,0.217610,0.127272,0.271687,-0.447187,1.121838,0.071559,0.070920,0.288595,0.029518,-0.226535,0.047020,1.151862,-0.213275,0.051808,-0.077171
-1.061639,-1.106871,0.760379,-0.058512,-0.039093,-0.997267,0.022507,-0.071089,-0.016657,0.146057,0.428807,-0.293124,0.009006,-0.363102,-0.456183,0.001375,1.547573,-0.188927,-0.186941,-0.136612,-0.080333,0.222724,0.111374,0.301218,-0.379017,1.087006,0.046511,0.068222,0.292479,0.074203,-0.204498,0.047760,1.140324,-0.242201,0.073175,-0.057637
-1.083073,-1.125834,0.763094,-0.063429,-0.041000,-0.996604,0.032793,-0.002927,-0.059961,0.132995,0.374072,-0.298497,0.041701,-0.437992,-0.357997,0.009001,1.565724,-0.191392,-0.165927,-0.152396,-0.096004,0.231306,0.090185,0.320789,-0.301698,1.054526,0.017636,0.062763,0.290148,0.123377,-0.182553,0.040194,1.122131,-0.250570,0.081665,-0.064013
-1.104946,-1.143616,0.763978,-0.066932,-0.042904,-0.996084,0.038678,0.067151,-0.097002,0.124292,0.314454,-0.301079,0.061324,-0.508430,-0.224380,0.038442,1.530153,-0.168828,-0.115550,-0.160227,-0.109956,0.235985,0.066128,0.334860,-0.244192,1.025629,0.003029,0.063400,0.297002,0.168714,-0.164507,0.038637,1.111767,-0.247301,0.081051,-0.076825
-1.127300,-1.161232,0.763302,-0.067984,-0.043412,-0.995785,0.043654,0.129604,-0.129185,0.113445,0.263076,-0.309000,0.084683,-0.563029,-0.105922,0.052831,1.444430,-0.129916,-0.071452,-0.169657,-0.119313,0.233856,0.044463,0.345687,-0.217942,1.006363,-0.002016,0.051189,0.310194,0.206696,-0.150283,0.042067,1.113181,-0.247962,0.084706,-0.080111
-1.149714,-1.179041,0.761370,-0.066789,-0.044304,-0.995419,0.052119,0.180367,-0.163169,0.090438,0.225588,-0.319771,0.118598,-0.595958,-0.028850,0.037808,1.316028,-0.083741,-0.060253,-0.185414,-0.128234,0.228174,0.018509,0.355174,-0.230436,1.003420,-0.012060,0.036364,0.320031,0.237690,-0.139170,0.049291,1.122978,-0.243042,0.086019,-0.080071
-1.172375,-1.196737,0.758316,-0.063284,-0.044641,-0.995183,0.060105,0.230126,-0.194012,0.069295,0.182946,-0.326147,0.146547,-0.604256,0.044420,0.022666,1.147053,-0.021337,-0.036200,-0.197140,-0.133742,0.219679,-0.010935,0.361116,-0.268796,1.014374,-0.010376,0.033181,0.311974,0.263297,-0.131178,0.055689,1.137007,-0.236753,0.085675,-0.075520
-1.194942,-1.215134,0.754377,-0.060229,-0.041994,-0.995137,0.065659,0.273869,-0.214842,0.052528,0.157488,-0.339243,0.166666,-0.572471,0.124226,0.012017,0.925000,0.061433,0.020854,-0.206049,-0.132156,0.214894,-0.035343,0.357718,-0.310343,1.029316,-0.003946,0.034787,0.295153,0.278926,-0.125057,0.057797,1.155676,-0.225963,0.083427,-0.073216
-1.218084,-1.234759,0.749746,-0.057945,-0.040736,-0.994897,0.071857,0.316490,-0.239748,0.036684,0.142333,-0.347092,0.189230,-0.493106,0.172266,-0.025103,0.654993,0.135395,0.107021,-0.217251,-0.131639,0.211533,-0.049388,0.343810,-0.346381,1.040225,0.003280,0.041003,0.280894,0.287158,-0.122379,0.057499,1.175268,-0.218443,0.081498,-0.073699
-1.242904,-1.255397,0.744677,-0.053614,-0.042914,-0.994408,0.080235,0.356149,-0.272666,0.013345,0.131041,-0.344066,0.209928,-0.386180,0.191855,-0.098083,0.365942,0.206004,0.169393,-0.232064,-0.135592,0.198194,-0.053819,0.321934,-0.386704,1.052799,0.010209,0.048895,0.272050,0.296666,-0.121704,0.053207,1.187609,-0.211090,0.079893,-0.077209
-1.269270,-1.277061,0.738761,-0.045684,-0.048591,-0.993624,0.090907,0.389040,-0.311677,-0.014664,0.126716,-0.333392,0.228878,-0.278137,0.190627,-0.213123,0.105516,0.282543,0.226762,-0.251702,-0.144178,0.170755,-0.047889,0.294784,-0.425913,1.069485,0.029554,0.052551,0.262465,0.310055,-0.120687,0.044733,1.186419,-0.197769,0.074445,-0.082020
-1.296985,-1.299306,0.734508,-0.034675,-0.045581,-0.993817,0.095121,0.412444,-0.330753,-0.023282,0.125266,-0.311241,0.235896,-0.269007,0.172327,-0.374084,0.101994,0.240021,0.197592,-0.263366,-0.133335,0.140231,-0.025100,0.271138,-0.456215,1.071701,0.055856,0.061217,0.247441,0.321548,-0.120706,0.027689,1.170010,-0.184896,0.062636,-0.081712
-1.325422,-1.323576,0.733326,-0.022690,-0.026927,-0.995324,0.089946,0.420398,-0.316856,-0.003678,0.135287,-0.272271,0.221355,-0.255115,0.203747,-0.412376,0.109107,0.141872,-0.056054,-0.255293,-0.083275,0.114274,-0.007791,0.231597,-0.481092,1.086787,0.065825,0.065507,0.240625,0.326854,-0.124899,-0.001768,1.148490,-0.176215,0.051107,-0.080961
-1.353300,-1.348637,0.733082,-0.011986,-0.006583,-0.995456,0.094230,0.361947,-0.290795,0.013259,0.277917,-0.266938,0.170744,-0.269169,0.229953,-0.368753,0.170999,0.036351,-0.224028,-0.264146,-0.028552,0.095703,0.003709,0.192084,-0.507985,1.116128,0.051196,0.055942,0.242741,0.324490,-0.130023,-0.035456,1.126657,-0.169537,0.044825,-0.086492
-1.379535,-1.371963,0.735153,-0.006040,0.014073,-0.994054,0.107803,0.298883,-0.257608,-0.030688,0.431783,-0.215451,0.009403,-0.276180,0.230606,-0.393832,0.244863,-0.051794,-0.250249,-0.282654,0.022093,0.094649,-0.004569,0.161285,-0.556164,1.174133,0.027970,0.046554,0.240889,0.318437,-0.130576,-0.063502,1.107326,-0.153483,0.034460,-0.098245
-1.402998,-1.393897,0.737690,-0.008323,0.028291,-0.991807,0.124295,0.261850,-0.250398,-0.124325,0.562912,-0.163310,-0.261800,-0.262369,0.217088,-0.417658,0.312829,-0.124867,-0.236469,-0.292292,0.051267,0.115184,-0.037995,0.145266,-0.636760,1.244172,0.015136,0.049287,0.223643,0.310670,-0.121772,-0.079699,1.094063,-0.140343,0.023894,-0.113552
-1.423000,-1.416261,0.739203,-0.009182,0.018542,-0.989337,0.144168,0.206033,-0.251682,-0.043803,0.695083,-0.056526,-0.261800,-0.276594,0.132634,-0.429026,0.459763,-0.238705,-0.195723,-0.294736,0.026883,0.128969,-0.079232,0.145408,-0.717173,1.292248,0.020595,0.050408,0.224511,0.300372,-0.105453,-0.072100,1.088250,-0.140296,0.020603,-0.113736
-1.443377,-1.431873,0.743728,-0.011795,0.025554,-0.987307,0.156312,0.052034,-0.118654,0.069753,0.992620,-0.180384,-0.261800,-0.214992,0.136558,-0.436999,0.421357,-0.258985,-0.169802,-0.285299,0.024612,0.151405,-0.100884,0.159846,-0.713683,1.294254,0.023555,0.051418,0.255213,0.278311,-0.090075,-0.045436,1.094260,-0.157678,0.020471,-0.096724
-1.463693,-1.446725,0.749126,-0.014633,0.032618,-0.987446,0.153860,-0.071960,0.069705,0.172740,1.211192,-0.268296,-0.261800,-0.139016,0.160823,-0.420509,0.343585,-0.251107,-0.143388,-0.258098,0.022952,0.173789,-0.097578,0.182357,-0.631226,1.259278,0.013214,0.037328,0.291335,0.244761,-0.080768,-0.022634,1.107115,-0.180163,0.022716,-0.083055
-1.484298,-1.462130,0.753775,-0.020615,0.033740,-0.989059,0.142121,-0.160930,0.252879,0.247334,1.344099,-0.323435,-0.198671,-0.057526,0.174888,-0.381519,0.274028,-0.243272,-0.121266,-0.219974,0.013004,0.198833,-0.081249,0.206081,-0.535009,1.215899,-0.019488,0.023455,0.308485,0.210054,-0.074771,-0.015671,1.120676,-0.167124,0.019606,-0.092438
-1.504300,-1.479309,0.757567,-0.024416,0.027910,-0.990457,0.132741,-0.243263,0.396695,0.309711,1.390167,-0.367359,-0.033002,-0.002073,0.154627,-0.350427,0.258741,-0.259852,-0.100518,-0.188287,-0.006032,0.218563,-0.068728,0.226057,-0.460090,1.191701,-0.034306,0.022701,0.324520,0.175853,-0.071744,-0.012501,1.135653,-0.146800,0.012924,-0.109147
-1.524524,-1.497491,0.759740,-0.029111,0.024324,-0.991950,0.120812,-0.327464,0.463297,0.302070,1.341976,-0.381974,0.022389,0.053270,0.136133,-0.322889,0.244167,-0.275216,-0.079377,-0.156968,-0.016856,0.240699,-0.056945,0.242329,-0.407697,1.180603,-0.042286,0.022091,0.359323,0.139596,-0.076075,0.002440,1.148680,-0.139260,0.013557,-0.111789
-1.545758,-1.516760,0.760415,-0.032604,0.022775,-0.993709,0.104691,-0.400159,0.466192,0.245258,1.205188,-0.348413,-0.023813,0.103478,0.117874,-0.290963,0.232382,-0.286678,-0.051399,-0.129249,-0.020655,0.257637,-0.031988,0.255459,-0.363199,1.166882,-0.054143,0.015220,0.385583,0.097616,-0.088983,0.038452,1.168852,-0.143395,0.012396,-0.109209
-1.568293,-1.537422,0.760210,-0.032472,0.022683,-0.995471,0.086422,-0.435772,0.461274,0.206158,0.991702,-0.286419,-0.112839,0.144650,0.097774,-0.256113,0.222799,-0.300880,-0.023050,-0.106916,-0.020912,0.263352,0.006989,0.262310,-0.308463,1.149543,-0.057360,0.008767,0.384444,0.054092,-0.104733,0.080513,1.188002,-0.153671,0.016126,-0.106260
-1.592452,-1.558958,0.758720,-0.031371,0.023419,-0.996745,0.070472,-0.430784,0.474438,0.217923,0.731755,-0.222255,-0.165115,0.185995,0.075042,-0.224062,0.211201,-0.315412,0.008641,-0.094417,-0.020685,0.260794,0.053805,0.262575,-0.248119,1.135679,-0.069696,0.004003,0.372161,0.017235,-0.116358,0.109315,1.200222,-0.162411,0.019405,-0.107014
-1.618769,-1.582312,0.755385,-0.032144,0.027988,-0.997487,0.056593,-0.400298,0.493556,0.249203,0.463137,-0.158173,-0.184679,0.239227,0.056638,-0.197469,0.188448,-0.321816,0.043299,-0.087369,-0.011655,0.253939,0.100897,0.258172,-0.202758,1.132051,-0.082166,0.006369,0.353702,-0.007236,-0.126397,0.123740,1.200791,-0.160355,0.019113,-0.109989
-1.646764,-1.607945,0.750261,-0.034863,0.037298,-0.997789,0.042545,-0.347775,0.508699,0.260870,0.194815,-0.098339,-0.231794,0.297955,0.042370,-0.171454,0.164532,-0.318574,0.083753,-0.079354,0.011182,0.246017,0.143722,0.250068,-0.180359,1.137885,-0.090396,0.012080,0.331912,-0.020611,-0.138987,0.128303,1.194245,-0.158233,0.015881,-0.109634
-1.674505,-1.636062,0.744930,-0.035180,0.047126,-0.997889,0.027564,-0.363499,0.533933,0.226856,0.116722,-0.129980,-0.246428,0.333885,0.018877,-0.138753,0.171184,-0.312016,0.132546,-0.067363,0.039716,0.238301,0.175916,0.235919,-0.169809,1.147454,-0.097095,0.012770,0.316589,-0.031389,-0.155420,0.127831,1.186721,-0.148338,0.006654,-0.112782
-1.702137,-1.666146,0.741466,-0.034513,0.047244,-0.998124,0.018036,-0.359954,0.524338,0.227170,0.116198,-0.137447,-0.259315,0.352569,-0.033052,-0.108941,0.208318,-0.300838,0.191552,-0.062456,0.051478,0.231703,0.197637,0.217316,-0.166990,1.156720,-0.092320,0.018886,0.311585,-0.037914,-0.172636,0.121132,1.181465,-0.136592,-0.002278,-0.115418
-1.730947,-1.698490,0.740637,-0.032913,0.034662,-0.998693,0.018093,-0.336504,0.464779,0.249550,0.170943,-0.130877,-0.192153,0.354972,-0.116084,-0.092989,0.284809,-0.275037,0.249989,-0.067104,0.039933,0.219219,0.207726,0.197306,-0.183527,1.173567,-0.095960,0.018784,0.311744,-0.030575,-0.188395,0.102976,1.176594,-0.132786,-0.004701,-0.116139
-1.760258,-1.732201,0.743113,-0.021052,0.020122,-0.999429,0.017159,-0.394837,0.407339,0.242739,0.334805,-0.094445,-0.135453,0.303437,-0.203083,-0.070555,0.411892,-0.217201,0.261800,-0.066840,0.025218,0.187544,0.208721,0.175092,-0.200659,1.187688,-0.085930,0.020543,0.316390,-0.018751,-0.205105,0.088241,1.175863,-0.128791,-0.005419,-0.110974
-1.791378,-1.768125,0.745363,-0.017813,0.006380,-0.999654,0.018297,-0.416470,0.335547,0.223577,0.456191,-0.047864,-0.106686,0.237169,-0.291612,-0.043231,0.592213,-0.123315,0.261481,-0.074304,0.015709,0.162690,0.209025,0.152235,-0.237605,1.203765,-0.078017,0.026673,0.319194,0.000215,-0.221648,0.061526,1.180288,-0.140713,0.002586,-0.106925
-1.821168,-1.801690,0.748955,-0.025321,-0.012573,-0.999183,0.028882,-0.381364,0.255181,0.255119,0.528228,-0.102174,-0.062728,0.160027,-0.392505,-0.045911,0.817473,-0.006456,0.121770,-0.087593,-0.009975,0.162851,0.190931,0.144598,-0.290480,1.217786,-0.062451,0.032421,0.318536,0.037684,-0.224786,0.013606,1.166020,-0.140202,0.002778,-0.110417
-1.848725,-1.831918,0.751875,-0.036009,-0.030243,-0.998043,0.041210,-0.314162,0.169944,0.282584,0.544658,-0.169673,-0.028019,0.051361,-0.519764,-0.079730,1.062316,0.125012,-0.102559,-0.104054,-0.045056,0.175618,0.172421,0.153386,-0.306243,1.208668,-0.054049,0.030832,0.338987,0.067512,-0.217078,-0.012439,1.160257,-0.127506,-0.004390,-0.098340
-1.873160,-1.858921,0.755036,-0.043616,-0.045497,-0.996863,0.047865,-0.239673,0.091367,0.310683,0.520682,-0.213975,0.005448,-0.065433,-0.577121,-0.034165,1.261227,0.106374,-0.158281,-0.120583,-0.081160,0.189505,0.153768,0.171029,-0.293986,1.189051,-0.028199,0.035733,0.353330,0.074825,-0.204545,-0.009883,1.169652,-0.135495,0.000005,-0.083460
-1.895821,-1.882618,0.759041,-0.045895,-0.051139,-0.996050,0.056232,-0.180626,0.033006,0.315229,0.484968,-0.241985,0.032795,-0.194381,-0.518355,0.047220,1.422641,0.010924,-0.202516,-0.145004,-0.102608,0.195941,0.132300,0.194143,-0.266336,1.168300,-0.046028,0.029520,0.351802,0.078313,-0.184563,-0.005219,1.173811,-0.171089,0.015013,-0.074263
-1.917692,-1.904133,0.763014,-0.048907,-0.052602,-0.995225,0.066089,-0.115536,-0.015591,0.306372,0.433118,-0.259084,0.050645,-0.302817,-0.450284,0.075398,1.526040,-0.034185,-0.189131,-0.169446,-0.117413,0.204925,0.105106,0.219673,-0.240419,1.152055,-0.063258,0.028985,0.355272,0.090291,-0.161730,-0.004388,1.166129,-0.176784,0.013141,-0.069700
-1.938651,-1.924041,0.766412,-0.052956,-0.052951,-0.994383,0.074794,-0.044897,-0.058485,0.293484,0.371661,-0.266558,0.067988,-0.395057,-0.346272,0.095967,1.569298,-0.087438,-0.180605,-0.188454,-0.129691,0.216865,0.073467,0.245230,-0.226046,1.136491,-0.067971,0.027182,0.358204,0.106091,-0.139059,-0.013078,1.152938,-0.171822,0.009712,-0.065901
-1.959123,-1.943154,0.768882,-0.057255,-0.051606,-0.993612,0.082427,0.025546,-0.093962,0.276159,0.311913,-0.272568,0.087236,-0.470128,-0.229897,0.103976,1.546842,-0.118837,-0.139480,-0.201579,-0.137192,0.230420,0.039132,0.267948,-0.223875,1.116758,-0.058493,0.027153,0.359833,0.123772,-0.118831,-0.023422,1.140901,-0.164327,0.006491,-0.068416
-1.979506,-1.961997,0.769796,-0.060755,-0.048519,-0.992909,0.089925,0.096897,-0.123440,0.256732,0.247338,-0.277069,0.102176,-0.530064,-0.121893,0.096902,1.468338,-0.110025,-0.111305,-0.210921,-0.139004,0.242033,0.003473,0.286293,-0.233801,1.093943,-0.048860,0.027584,0.357000,0.141734,-0.104739,-0.023632,1.136538,-0.160236,0.004210,-0.075572
-2.000159,-1.980814,0.769493,-0.061021,-0.045170,-0.992216,0.098713,0.162527,-0.151020,0.231913,0.182740,-0.279418,0.118639,-0.571024,-0.051914,0.059210,1.337780,-0.082017,-0.091958,-0.220536,-0.138171,0.245691,-0.029433,0.297944,-0.251623,1.069238,-0.035554,0.027218,0.353005,0.158592,-0.095510,-0.023070,1.139246,-0.164251,0.008198,-0.075463
-2.020688,-1.999728,0.767634,-0.056954,-0.041386,-0.991422,0.110121,0.207289,-0.174395,0.201762,0.142549,-0.288783,0.139089,-0.593489,0.008454,0.015982,1.166076,-0.040594,-0.074717,-0.234451,-0.135378,0.240730,-0.059807,0.302965,-0.275005,1.043347,-0.019494,0.027217,0.353503,0.174530,-0.090282,-0.020638,1.143257,-0.167387,0.011344,-0.071634
-2.040771,-2.018771,0.764313,-0.050265,-0.036761,-0.990703,0.120955,0.232853,-0.191439,0.174838,0.131415,-0.311550,0.151912,-0.584066,0.072432,-0.019982,0.939163,0.008990,-0.021312,-0.247692,-0.129658,0.233886,-0.087669,0.301251,-0.298047,1.019694,0.006057,0.028232,0.351636,0.189490,-0.087874,-0.023291,1.139848,-0.168930,0.015893,-0.069361
-2.061424,-2.038414,0.759899,-0.045647,-0.033870,-0.989605,0.132101,0.259879,-0.209923,0.148475,0.133248,-0.337892,0.164659,-0.515407,0.119004,-0.073835,0.638987,0.065730,0.069889,-0.260069,-0.125868,0.230447,-0.111137,0.290694,-0.322497,1.004223,0.027332,0.036473,0.349469,0.208267,-0.088287,-0.030929,1.132696,-0.163819,0.012392,-0.076005
-2.083497,-2.060042,0.753482,-0.043094,-0.038270,-0.987406,0.147335,0.299130,-0.245307,0.108046,0.132584,-0.355483,0.177241,-0.388534,0.148661,-0.140282,0.275823,0.134817,0.170088,-0.281133,-0.133487,0.223485,-0.126717,0.270881,-0.353022,1.004297,0.039078,0.041819,0.347870,0.233214,-0.093926,-0.038261,1.124812,-0.148690,0.005943,-0.083252
-2.107320,-2.083001,0.744026,-0.036224,-0.055120,-0.983170,0.170371,0.341112,-0.308735,0.044488,0.129167,-0.362421,0.197308,-0.343715,0.137636,-0.203059,0.105193,0.109060,0.261800,-0.319761,-0.164753,0.198996,-0.129012,0.248575,-0.388820,1.009488,0.048245,0.052106,0.346173,0.263325,-0.102315,-0.039608,1.116632,-0.137896,0.005693,-0.085969
-2.132163,-2.106315,0.737244,-0.025727,-0.059849,-0.980174,0.187121,0.373467,-0.341237,0.002347,0.127741,-0.359472,0.211254,-0.369408,0.122601,-0.257638,0.102029,-0.000210,0.261800,-0.346583,-0.169803,0.172461,-0.120943,0.223917,-0.423736,1.008312,0.079169,0.068208,0.335131,0.287749,-0.111442,-0.039700,1.116250,-0.131689,0.004014,-0.087022
-2.158405,-2.130817,0.732986,-0.014686,-0.056555,-0.978428,0.198155,0.401092,-0.353278,-0.023209,0.127566,-0.335517,0.211957,-0.359699,0.112227,-0.365085,0.097909,-0.056577,0.261800,-0.362442,-0.155489,0.147262,-0.100598,0.193193,-0.453182,1.004042,0.116999,0.078426,0.330119,0.307127,-0.121320,-0.040672,1.123024,-0.130910,0.007780,-0.094575
-2.185077,-2.158027,0.731369,-0.002028,-0.046233,-0.977811,0.204315,0.418962,-0.350913,-0.035620,0.127667,-0.285751,0.198982,-0.330892,0.112407,-0.382559,0.109133,-0.065719,0.261227,-0.367894,-0.117549,0.120463,-0.077680,0.150423,-0.482314,1.008851,0.143250,0.084517,0.330110,0.324448,-0.134813,-0.053765,1.129143,-0.133375,0.013546,-0.097206
-2.212961,-2.185094,0.732910,0.007075,-0.022967,-0.978213,0.206207,0.401159,-0.314829,-0.022745,0.191982,-0.239080,0.153305,-0.310954,0.143774,-0.412802,0.112810,-0.035455,0.130685,-0.355178,-0.049275,0.106143,-0.072528,0.107595,-0.526993,1.030508,0.186110,0.089123,0.281744,0.344434,-0.149342,-0.073990,1.126057,-0.129501,0.014980,-0.089512
-2.240802,-2.211509,0.737579,0.008206,0.011871,-0.977578,0.210079,0.310035,-0.248407,-0.037088,0.410140,-0.206749,0.027764,-0.292962,0.208284,-0.409798,0.119668,-0.011475,-0.080226,-0.340821,0.044624,0.107667,-0.108941,0.090864,-0.627298,1.089706,0.247198,0.097936,0.147479,0.357741,-0.168432,-0.079768,1.135957,-0.109202,0.007895,-0.078896
-2.266497,-2.236227,0.741980,0.005440,0.032511,-0.975584,0.217141,0.245005,-0.234827,-0.143921,0.588433,-0.137833,-0.180636,-0.295301,0.222421,-0.417305,0.212275,-0.055039,-0.205045,-0.337206,0.098250,0.117825,-0.137129,0.098112,-0.694405,1.141160,0.223582,0.107398,0.117696,0.352961,-0.176093,-0.072476,1.157467,-0.123332,0.011849,-0.073617
-2.289892,-2.260481,0.745662,0.003302,0.026157,-0.972824,0.230039,0.218821,-0.249261,-0.138520,0.677051,0.014798,-0.261800,-0.311152,0.156557,-0.424942,0.378027,-0.162494,-0.223286,-0.334617,0.085240,0.124150,-0.155688,0.120012,-0.717939,1.174380,0.171192,0.110290,0.202425,0.345031,-0.164491,-0.067064,1.164390,-0.155992,0.029318,-0.057952
-2.313676,-2.278931,0.751071,-0.002175,0.028009,-0.969054,0.245246,0.107329,-0.169229,-0.063839,0.905257,-0.093671,-0.261800,-0.242150,0.150568,-0.437910,0.358158,-0.193676,-0.210149,-0.329120,0.075867,0.138533,-0.163808,0.155216,-0.684911,1.180200,0.132921,0.081028,0.289621,0.335170,-0.141855,-0.058202,1.160430,-0.162215,0.028681,-0.050382
-2.336376,-2.296129,0.756920,-0.007254,0.032762,-0.967984,0.248760,-0.009081,0.002363,0.065202,1.099162,-0.169441,-0.261800,-0.152900,0.172272,-0.435064,0.277091,-0.184332,-0.187129,-0.308231,0.072733,0.156064,-0.150625,0.195768,-0.584238,1.146302,0.115183,0.056288,0.332095,0.308356,-0.122670,-0.049863,1.158535,-0.162184,0.022546,-0.059535
-2.358620,-2.312774,0.762077,-0.012495,0.034627,-0.971410,0.234535,-0.100862,0.154753,0.137363,1.224134,-0.252490,-0.261800,-0.056909,0.203007,-0.389778,0.178267,-0.157073,-0.164831,-0.266070,0.063650,0.175081,-0.118467,0.232392,-0.448743,1.090695,0.065159,0.050579,0.328463,0.264306,-0.110769,-0.041249,1.155899,-0.163857,0.023495,-0.070920
-2.379130,-2.329856,0.766450,-0.014959,0.030016,-0.975646,0.216770,-0.182382,0.282635,0.209562,1.280350,-0.292337,-0.166194,0.014769,0.202673,-0.337195,0.126216,-0.148346,-0.140530,-0.225108,0.042550,0.190849,-0.084848,0.263831,-0.339540,1.043712,-0.013549,0.041003,0.324587,0.208311,-0.103018,-0.028690,1.152669,-0.164661,0.022127,-0.080463
-2.398360,-2.347562,0.769539,-0.018540,0.025540,-0.979499,0.198963,-0.248787,0.385750,0.272762,1.271792,-0.329915,-0.072738,0.064331,0.187434,-0.296982,0.124068,-0.161098,-0.111190,-0.192954,0.022661,0.209887,-0.053759,0.293707,-0.275574,1.017270,-0.055684,0.030429,0.325657,0.145511,-0.098703,-0.011055,1.144417,-0.167417,0.020077,-0.090217
-2.417125,-2.366045,0.771176,-0.021797,0.023690,-0.983796,0.176375,-0.306380,0.443693,0.301713,1.194761,-0.330685,-0.047309,0.108988,0.174147,-0.257878,0.124024,-0.172397,-0.084457,-0.162823,0.009704,0.226496,-0.019052,0.321204,-0.246366,1.006667,-0.045946,0.031570,0.328668,0.077592,-0.098590,0.014419,1.131690,-0.173362,0.018959,-0.099320
-2.436037,-2.385499,0.771942,-0.023394,0.024636,-0.988000,0.150668,-0.353349,0.464289,0.295920,1.052105,-0.295812,-0.088486,0.147246,0.161820,-0.211352,0.124846,-0.182337,-0.058428,-0.134077,0.003867,0.237655,0.020829,0.341080,-0.230820,1.004811,-0.022503,0.036270,0.326617,0.008904,-0.101791,0.053182,1.113424,-0.187066,0.017132,-0.110671
-2.455329,-2.405828,0.771295,-0.023350,0.026391,-0.991434,0.125765,-0.375411,0.476854,0.298395,0.854663,-0.244378,-0.144981,0.181127,0.146321,-0.163389,0.125385,-0.198584,-0.030740,-0.110167,0.000304,0.242840,0.063596,0.349997,-0.214827,1.010874,-0.017953,0.039221,0.317557,-0.056600,-0.106417,0.101307,1.092357,-0.209941,0.016574,-0.122158
-2.475893,-2.427449,0.768582,-0.023618,0.028393,-0.993427,0.108344,-0.383528,0.482819,0.299718,0.639596,-0.199446,-0.157406,0.218428,0.126643,-0.127709,0.125814,-0.224956,-0.001526,-0.100569,-0.001764,0.244052,0.105679,0.349379,-0.207360,1.025494,-0.025100,0.044474,0.301733,-0.111552,-0.108028,0.134818,1.068429,-0.232132,0.016479,-0.125797
-2.497712,-2.450611,0.763822,-0.025837,0.033649,-0.994708,0.093579,-0.375322,0.485441,0.290564,0.418389,-0.158890,-0.172833,0.260285,0.110463,-0.099552,0.126974,-0.250290,0.018003,-0.092627,0.006480,0.244698,0.142959,0.340290,-0.206779,1.048543,-0.017491,0.048647,0.278568,-0.151347,-0.108307,0.150960,1.043236,-0.246023,0.016417,-0.127035
-2.520825,-2.475873,0.757661,-0.029576,0.042964,-0.995613,0.077676,-0.339943,0.486123,0.267614,0.184280,-0.109329,-0.222536,0.305001,0.098534,-0.066017,0.128688,-0.267441,0.038776,-0.079719,0.027525,0.245158,0.176002,0.322530,-0.209684,1.073954,-0.006668,0.052684,0.260841,-0.179165,-0.111177,0.161806,1.024300,-0.250123,0.012506,-0.130409
-2.544141,-2.503341,0.751929,-0.031643,0.051603,-0.996318,0.060719,-0.358538,0.497363,0.203461,0.115408,-0.130481,-0.261800,0.327700,0.076625,-0.028999,0.164611,-0.286427,0.071731,-0.063462,0.050838,0.245074,0.203404,0.295417,-0.208619,1.096382,-0.013403,0.049846,0.262710,-0.201571,-0.119441,0.173827,1.015153,-0.248474,0.007455,-0.130861
-2.568534,-2.532500,0.748903,-0.032870,0.050291,-0.996747,0.053729,-0.361030,0.474231,0.175373,0.115634,-0.144329,-0.258292,0.341268,0.029167,-0.008555,0.222760,-0.292474,0.114372,-0.060830,0.055802,0.243125,0.223217,0.263833,-0.205498,1.118513,-0.027959,0.047447,0.265387,-0.210129,-0.128227,0.175246,1.015946,-0.254803,0.009146,-0.133449
-2.594708,-2.563773,0.749214,-0.028871,0.037252,-0.997460,0.053401,-0.342663,0.412418,0.191878,0.157783,-0.126615,-0.166535,0.327222,-0.047221,0.001190,0.322119,-0.279152,0.161594,-0.064351,0.039899,0.223905,0.235135,0.231331,-0.213670,1.146896,-0.038319,0.045585,0.262669,-0.196120,-0.138826,0.166229,1.021360,-0.257082,0.013814,-0.133448
-2.621740,-2.597378,0.751523,-0.018680,0.023501,-0.998289,0.050184,-0.379806,0.356885,0.202617,0.298692,-0.103472,-0.135924,0.274224,-0.127645,0.021940,0.459276,-0.224900,0.201041,-0.062639,0.026327,0.191708,0.243325,0.197134,-0.225201,1.164523,-0.032888,0.048230,0.260985,-0.170560,-0.156292,0.156400,1.029656,-0.255263,0.010597,-0.128742
-2.650093,-2.632195,0.753317,-0.013547,0.013249,-0.998694,0.047451,-0.398971,0.299000,0.194459,0.406854,-0.050304,-0.128330,0.200875,-0.192888,0.050161,0.639008,-0.127144,0.186529,-0.063593,0.021962,0.161767,0.251086,0.164938,-0.244430,1.176999,-0.033324,0.048345,0.270340,-0.136454,-0.177889,0.142541,1.046365,-0.252790,0.014509,-0.124124
-2.678178,-2.664858,0.755454,-0.021034,-0.006435,-0.998370,0.052669,-0.365907,0.223359,0.222624,0.486805,-0.103443,-0.080299,0.127966,-0.277861,0.056351,0.854784,-0.012520,0.088899,-0.069723,-0.005731,0.158447,0.244556,0.148650,-0.260337,1.186829,-0.021696,0.051271,0.270648,-0.085624,-0.190196,0.107678,1.061641,-0.245572,0.012659,-0.130521
-2.704206,-2.693903,0.757104,-0.031252,-0.021585,-0.997379,0.061587,-0.306670,0.150644,0.244527,0.516057,-0.170913,-0.050001,0.033762,-0.367215,0.034680,1.075397,0.104676,-0.057345,-0.082272,-0.034319,0.166308,0.226836,0.152945,-0.272050,1.185457,-0.019026,0.053142,0.276798,-0.037455,-0.188827,0.072821,1.079838,-0.242263,0.016894,-0.130388
-2.727860,-2.719759,0.759937,-0.039219,-0.032513,-0.996368,0.068236,-0.235950,0.086419,0.262577,0.499508,-0.216076,-0.022844,-0.056381,-0.417540,0.037632,1.244048,0.081618,-0.124086,-0.094668,-0.060188,0.175101,0.205247,0.170428,-0.263019,1.169023,-0.012513,0.053154,0.294034,-0.000610,-0.179798,0.064099,1.112743,-0.211905,0.012450,-0.125862
-2.750308,-2.742882,0.763713,-0.041969,-0.036670,-0.995451,0.077270,-0.174166,0.035175,0.263816,0.462466,-0.242846,-0.004032,-0.150248,-0.386647,0.067561,1.363603,-0.010152,-0.140541,-0.114112,-0.075414,0.174889,0.183872,0.193278,-0.229857,1.143008,-0.003692,0.054840,0.307500,0.033217,-0.165584,0.065033,1.146360,-0.213871,0.021412,-0.109609
-2.772293,-2.764019,0.767344,-0.045582,-0.036855,-0.994245,0.089667,-0.111228,-0.006630,0.249615,0.419403,-0.260480,0.013396,-0.231793,-0.328591,0.078967,1.426699,-0.059651,-0.128602,-0.139029,-0.083674,0.177294,0.160281,0.220496,-0.196611,1.111675,-0.022836,0.050856,0.316974,0.071700,-0.148917,0.066015,1.165142,-0.223429,0.033529,-0.086411
-2.792769,-2.783903,0.770264,-0.050435,-0.037619,-0.992948,0.100476,-0.043754,-0.046310,0.233645,0.368891,-0.268954,0.037112,-0.306533,-0.252731,0.092232,1.437650,-0.104460,-0.109157,-0.158867,-0.092480,0.187864,0.126925,0.249591,-0.175132,1.085082,-0.034263,0.047729,0.326193,0.110831,-0.130763,0.057536,1.170160,-0.224094,0.034684,-0.075716
-2.812480,-2.802562,0.771902,-0.056351,-0.037564,-0.991213,0.113624,0.021263,-0.080816,0.210365,0.326676,-0.278102,0.064042,-0.367032,-0.168605,0.100905,1.398413,-0.138444,-0.066738,-0.181275,-0.100598,0.202501,0.088297,0.279659,-0.167040,1.064569,-0.024117,0.044107,0.331665,0.149240,-0.113093,0.050381,1.166788,-0.213227,0.031984,-0.075589
-2.831809,-2.820526,0.772079,-0.062740,-0.035742,-0.989637,0.124114,0.087161,-0.105211,0.190247,0.286864,-0.293021,0.082669,-0.417631,-0.083346,0.105826,1.319072,-0.135460,-0.042192,-0.197932,-0.105722,0.219080,0.050380,0.306004,-0.161185,1.043774,-0.020283,0.040925,0.335287,0.182520,-0.096813,0.044962,1.165310,-0.214566,0.028740,-0.079378
-2.851121,-2.838055,0.771120,-0.065499,-0.034324,-0.988135,0.134617,0.143038,-0.128257,0.165450,0.253011,-0.306333,0.099533,-0.459141,-0.022775,0.091098,1.204698,-0.110317,-0.014630,-0.215033,-0.111813,0.227690,0.014142,0.328055,-0.162907,1.024334,-0.012315,0.038348,0.339904,0.209319,-0.082182,0.038824,1.166205,-0.216187,0.031947,-0.076484
-2.870606,-2.855290,0.769308,-0.063521,-0.033497,-0.986680,0.145962,0.189278,-0.152577,0.135831,0.218873,-0.315575,0.120347,-0.491016,0.032155,0.076962,1.064202,-0.081673,0.007411,-0.232493,-0.119299,0.226133,-0.021596,0.345171,-0.174075,1.010047,-0.005448,0.038122,0.340319,0.231902,-0.068245,0.031472,1.167953,-0.213389,0.031670,-0.077448
-2.890260,-2.872657,0.766944,-0.057874,-0.031564,-0.985382,0.157087,0.227635,-0.171818,0.110017,0.186033,-0.323476,0.131158,-0.502139,0.087277,0.064531,0.882372,-0.039132,0.037706,-0.245348,-0.123346,0.219315,-0.058930,0.354151,-0.189832,1.003987,0.000751,0.036223,0.336551,0.250943,-0.055536,0.019818,1.168156,-0.202913,0.031380,-0.076128
-2.910039,-2.890610,0.763647,-0.051550,-0.030312,-0.983901,0.168414,0.258312,-0.190108,0.083535,0.169733,-0.333910,0.137010,-0.474407,0.121340,0.027547,0.645196,0.018153,0.098494,-0.256497,-0.127559,0.212366,-0.093348,0.351223,-0.200765,1.007413,0.002251,0.034247,0.331952,0.264622,-0.045935,0.010372,1.169652,-0.196084,0.029529,-0.077448
-2.930734,-2.909996,0.759031,-0.047677,-0.035197,-0.981292,0.183177,0.299094,-0.221279,0.047937,0.154853,-0.334773,0.148500,-0.391894,0.130310,-0.040458,0.349743,0.075072,0.173912,-0.270556,-0.140829,0.208333,-0.121043,0.334944,-0.206246,1.016767,0.012361,0.037918,0.326243,0.275593,-0.041623,0.004019,1.172553,-0.192451,0.030357,-0.077312
-2.953053,-2.930650,0.751499,-0.042735,-0.051766,-0.976212,0.206164,0.352226,-0.276305,-0.010429,0.132117,-0.326140,0.164750,-0.316304,0.109258,-0.135803,0.109685,0.084994,0.261800,-0.297467,-0.176410,0.195514,-0.136943,0.312155,-0.211362,1.025539,0.009790,0.037067,0.314767,0.289161,-0.042022,0.005803,1.172615,-0.192717,0.031815,-0.076537
-2.976865,-2.951463,0.743914,-0.035309,-0.065949,-0.971149,0.226439,0.393506,-0.321422,-0.058968,0.131757,-0.318212,0.179735,-0.338853,0.072972,-0.247214,0.102371,-0.019720,0.261800,-0.320509,-0.208108,0.176132,-0.137998,0.291782,-0.225937,1.029657,0.015694,0.036217,0.306006,0.297350,-0.044464,0.012371,1.175383,-0.188439,0.031455,-0.077323
-3.001711,-2.973659,0.738519,-0.024828,-0.069300,-0.968566,0.237615,0.423021,-0.343727,-0.079518,0.133469,-0.299183,0.193241,-0.334460,0.043619,-0.406918,0.097463,-0.092039,0.261800,-0.326823,-0.211558,0.153160,-0.135843,0.266714,-0.255201,1.040459,0.029237,0.036541,0.297093,0.297685,-0.051004,0.006419,1.178473,-0.186569,0.031974,-0.082785
-3.027463,-2.998091,0.735043,-0.014036,-0.064521,-0.968177,0.241400,0.446492,-0.348887,-0.081310,0.134453,-0.261290,0.189150,-0.293608,0.035690,-0.495485,0.095657,-0.101694,0.261800,-0.321913,-0.192931,0.129032,-0.119827,0.241058,-0.287440,1.048629,0.052550,0.040799,0.284247,0.289598,-0.063046,-0.007479,1.182584,-0.181588,0.033346,-0.086979
-3.054693,-3.023369,0.735553,-0.005789,-0.043713,-0.970007,0.239043,0.411082,-0.319108,-0.056502,0.237532,-0.248309,0.157506,-0.267936,0.062029,-0.536292,0.105388,-0.076054,0.213903,-0.309829,-0.140652,0.113296,-0.092429,0.219789,-0.318943,1.056517,0.062190,0.042776,0.278440,0.273105,-0.077763,-0.022839,1.177743,-0.178057,0.036936,-0.091712
-3.082257,-3.048324,0.739255,-0.003694,-0.006753,-0.973715,0.227638,0.337212,-0.251614,-0.033824,0.409390,-0.217006,0.056146,-0.259587,0.146380,-0.508816,0.115325,-0.038941,-0.001341,-0.285192,-0.051676,0.110005,-0.065545,0.198827,-0.358539,1.091114,0.045869,0.035798,0.281106,0.250477,-0.097940,-0.037829,1.166551,-0.173154,0.032297,-0.097796
-3.107543,-3.072393,0.743333,-0.006856,0.018214,-0.974900,0.221790,0.280237,-0.219200,-0.087329,0.564141,-0.144555,-0.140324,-0.228154,0.197794,-0.487970,0.123099,-0.030372,-0.112041,-0.276651,0.013963,0.116028,-0.042057,0.178517,-0.382739,1.136682,0.058932,0.053496,0.258916,0.221529,-0.114718,-0.051231,1.149969,-0.174354,0.027959,-0.106016
-3.130044,-3.095925,0.747130,-0.010416,0.020308,-0.973795,0.226279,0.245920,-0.227187,-0.100046,0.672902,-0.010206,-0.261800,-0.254497,0.151893,-0.485948,0.299216,-0.120602,-0.186429,-0.274941,0.025047,0.124620,-0.034382,0.179854,-0.425583,1.168587,0.050431,0.080526,0.223401,0.202326,-0.113178,-0.077463,1.098073,-0.196227,0.034671,-0.096560
-3.152060,-3.115157,0.750608,-0.013445,0.014116,-0.970945,0.238509,0.168250,-0.172178,-0.005745,0.839014,-0.035213,-0.261800,-0.235580,0.104780,-0.496668,0.385664,-0.191400,-0.198320,-0.275020,0.007103,0.129011,-0.036434,0.202630,-0.475797,1.191578,0.054817,0.082159,0.205217,0.190663,-0.099367,-0.082970,1.036664,-0.204026,0.022190,-0.096677
-3.174456,-3.131124,0.755380,-0.020700,0.019943,-0.969265,0.244335,0.065605,0.001284,0.123926,1.040907,-0.151917,-0.261800,-0.154642,0.128197,-0.500204,0.327042,-0.196922,-0.189019,-0.263129,0.008357,0.141997,-0.024074,0.231169,-0.460518,1.181436,0.064843,0.078534,0.215073,0.170115,-0.087769,-0.067412,0.992673,-0.213059,0.004871,-0.109100
-3.196622,-3.147092,0.759866,-0.029612,0.026151,-0.970684,0.237090,-0.011536,0.182582,0.215577,1.179633,-0.232683,-0.261800,-0.054022,0.171689,-0.474310,0.224694,-0.174239,-0.172059,-0.232538,0.013464,0.157286,0.004093,0.253939,-0.392791,1.148682,0.050332,0.070942,0.254115,0.138399,-0.083826,-0.048751,0.973343,-0.232100,-0.000503,-0.118421
-3.217065,-3.163623,0.763805,-0.036726,0.024286,-0.972952,0.226771,-0.085970,0.304807,0.262008,1.248708,-0.280969,-0.188018,0.035976,0.186105,-0.439216,0.147748,-0.160930,-0.152261,-0.198196,0.004333,0.171100,0.031282,0.271364,-0.320369,1.110042,0.001032,0.052442,0.289924,0.096352,-0.085347,-0.029861,0.975689,-0.241806,0.006842,-0.113405
-3.235003,-3.180346,0.766814,-0.040089,0.017488,-0.975427,0.215936,-0.155439,0.387273,0.309700,1.246077,-0.313564,-0.102877,0.092756,0.170552,-0.407562,0.126370,-0.174377,-0.132453,-0.167312,-0.012806,0.183528,0.053870,0.286084,-0.255598,1.069716,-0.025112,0.040469,0.295297,0.043749,-0.092103,-0.002113,0.996068,-0.238120,0.009592,-0.115075
-3.252394,-3.196998,0.767992,-0.044241,0.012756,-0.978296,0.202032,-0.221128,0.430701,0.328071,1.188232,-0.320664,-0.064810,0.140219,0.154724,-0.375703,0.124483,-0.200029,-0.115636,-0.137888,-0.024055,0.198651,0.072853,0.299504,-0.215608,1.039948,-0.033904,0.036276,0.296202,-0.015174,-0.103528,0.037488,1.029485,-0.226538,0.008648,-0.119363
-3.269336,-3.214346,0.767628,-0.047774,0.010821,-0.981699,0.184034,-0.277357,0.438894,0.320852,1.072829,-0.291906,-0.083593,0.182338,0.140996,-0.336085,0.124812,-0.225524,-0.098491,-0.109138,-0.026885,0.212711,0.091572,0.308264,-0.190824,1.022450,-0.025863,0.035769,0.297607,-0.075654,-0.116201,0.075412,1.065907,-0.234784,0.014193,-0.124379
-3.286274,-3.232685,0.766387,-0.048983,0.011482,-0.984964,0.165272,-0.315784,0.432349,0.307301,0.899981,-0.243562,-0.149181,0.216694,0.127235,-0.296328,0.127201,-0.249613,-0.074065,-0.088262,-0.025115,0.222348,0.114570,0.308871,-0.163645,1.013055,-0.020745,0.034104,0.299418,-0.132072,-0.126011,0.109328,1.095580,-0.228415,0.018070,-0.126149
-3.303792,-3.251900,0.763747,-0.049342,0.013676,-0.987755,0.147373,-0.338824,0.430817,0.296967,0.709257,-0.206820,-0.174790,0.248671,0.112769,-0.259659,0.130048,-0.273974,-0.045977,-0.073703,-0.019878,0.228807,0.139857,0.301600,-0.139806,1.011233,-0.023254,0.037179,0.301468,-0.177272,-0.131878,0.130282,1.115419,-0.247694,0.026099,-0.134744
-3.322847,-3.271810,0.759725,-0.051418,0.018453,-0.989821,0.131413,-0.346002,0.443116,0.300815,0.520234,-0.166796,-0.172416,0.282531,0.101546,-0.228923,0.139093,-0.303124,-0.022629,-0.065399,-0.010595,0.233598,0.167695,0.290110,-0.122805,1.020873,-0.030644,0.033954,0.292502,-0.205209,-0.134307,0.145113,1.119728,-0.244772,0.027917,-0.135994
-3.343585,-3.293272,0.754361,-0.055965,0.025051,-0.991395,0.115656,-0.335875,0.451946,0.290717,0.330749,-0.127985,-0.182038,0.329542,0.092041,-0.198527,0.135467,-0.324533,0.002800,-0.060709,0.003088,0.237915,0.197805,0.275917,-0.117638,1.038443,-0.035492,0.034872,0.279442,-0.217530,-0.133828,0.150828,1.115966,-0.247889,0.025918,-0.139672
-3.365698,-3.316711,0.747778,-0.061294,0.033842,-0.992581,0.099397,-0.302741,0.455168,0.252942,0.132615,-0.093661,-0.215796,0.378745,0.081036,-0.167196,0.132842,-0.343124,0.033923,-0.056756,0.023882,0.240820,0.225414,0.258841,-0.126048,1.065615,-0.040095,0.038786,0.263985,-0.214826,-0.133581,0.149153,1.106127,-0.225206,0.015743,-0.133408
-3.388562,-3.342128,0.741501,-0.064519,0.041505,-0.993567,0.083296,-0.335705,0.471778,0.182504,0.117023,-0.128607,-0.230767,0.421769,0.059979,-0.139892,0.133645,-0.351489,0.072187,-0.053096,0.044823,0.241197,0.246013,0.237642,-0.140465,1.099284,-0.042475,0.044074,0.249199,-0.202078,-0.134839,0.143127,1.097468,-0.218574,0.011526,-0.135454
-3.412067,-3.369302,0.737029,-0.064974,0.042588,-0.994477,0.070568,-0.335582,0.467524,0.155319,0.118464,-0.139663,-0.209594,0.446712,0.016763,-0.121406,0.161699,-0.356085,0.116214,-0.053387,0.054175,0.236849,0.259824,0.213148,-0.154705,1.134638,-0.044418,0.052250,0.234564,-0.179844,-0.139221,0.138748,1.097650,-0.219335,0.007953,-0.135232
-3.436854,-3.399187,0.733930,-0.062975,0.037864,-0.995518,0.059527,-0.314764,0.445245,0.163828,0.150856,-0.153786,-0.156253,0.454413,-0.046437,-0.099885,0.216500,-0.352677,0.169430,-0.052999,0.056537,0.223968,0.270696,0.184455,-0.171244,1.168930,-0.059922,0.055304,0.222549,-0.147550,-0.149942,0.138689,1.111648,-0.201971,0.005833,-0.132167
-3.461023,-3.430035,0.735128,-0.050186,0.022092,-0.997377,0.047247,-0.338532,0.398476,0.199145,0.259517,-0.108429,-0.131010,0.411414,-0.139759,-0.076676,0.318512,-0.336977,0.219385,-0.045975,0.038427,0.198365,0.270079,0.153671,-0.179001,1.191193,-0.062060,0.058192,0.218768,-0.114151,-0.165772,0.144239,1.132449,-0.192511,0.005305,-0.129179
-3.485769,-3.462033,0.737124,-0.039384,0.005410,-0.998406,0.040062,-0.366391,0.337215,0.207495,0.362368,-0.047266,-0.129907,0.355984,-0.231545,-0.053011,0.450457,-0.298671,0.230076,-0.049014,0.020468,0.170260,0.264278,0.127372,-0.200872,1.211176,-0.078498,0.051538,0.228149,-0.080237,-0.183785,0.147570,1.171087,-0.178549,0.007871,-0.127716
-3.511356,-3.491970,0.740671,-0.040332,-0.019129,-0.997860,0.047778,-0.344464,0.246896,0.232820,0.423018,-0.051226,-0.107961,0.316232,-0.337716,-0.076640,0.619574,-0.230642,0.173513,-0.059083,-0.016996,0.155858,0.243684,0.119288,-0.231789,1.234328,-0.064366,0.056949,0.232807,-0.016103,-0.187410,0.118421,1.203111,-0.179527,0.014261,-0.143322
-3.535169,-3.518793,0.744571,-0.041781,-0.029767,-0.997108,0.056074,-0.317300,0.187365,0.245393,0.459078,-0.091187,-0.080766,0.239137,-0.423730,-0.123545,0.828909,-0.141844,0.023503,-0.067730,-0.033335,0.148976,0.225459,0.124748,-0.226867,1.214036,-0.048065,0.065323,0.244334,0.049232,-0.177056,0.073905,1.218840,-0.186410,0.032145,-0.131791
-3.555950,-3.544381,0.748768,-0.045253,-0.044364,-0.996533,0.053910,-0.257514,0.122097,0.280957,0.447279,-0.133892,-0.041872,0.133319,-0.540780,-0.157332,1.035589,-0.041558,-0.113023,-0.069798,-0.060896,0.154981,0.214832,0.136885,-0.193978,1.154559,-0.037592,0.055447,0.271068,0.090553,-0.166060,0.060650,1.240599,-0.170790,0.030358,-0.100960
-3.574367,-3.566611,0.752440,-0.047327,-0.058281,-0.995902,0.050427,-0.192336,0.058077,0.314020,0.402256,-0.155943,-0.019900,0.019022,-0.584271,-0.107228,1.200210,-0.076809,-0.147207,-0.076816,-0.091488,0.162864,0.203784,0.156838,-0.157089,1.090266,0.040207,0.060423,0.307886,0.115440,-0.150737,0.069124,1.260916,-0.164355,0.035170,-0.084691
-3.591838,-3.584399,0.755669,-0.051320,-0.061546,-0.995526,0.050067,-0.136396,0.021928,0.325556,0.370247,-0.179394,-0.010103,-0.085279,-0.525649,-0.033004,1.321303,-0.155082,-0.150082,-0.092149,-0.108802,0.174226,0.194236,0.186546,-0.112756,1.032532,0.010748,0.038909,0.330950,0.137809,-0.125818,0.072219,1.267842,-0.182209,0.043563,-0.075547
-3.607761,-3.599967,0.758983,-0.055371,-0.061507,-0.995094,0.054214,-0.085437,-0.008346,0.322966,0.335484,-0.193917,0.002369,-0.171192,-0.461694,-0.008007,1.394742,-0.180738,-0.122877,-0.112038,-0.123529,0.189410,0.177194,0.220557,-0.067869,0.984734,-0.024117,0.024482,0.334769,0.161436,-0.094091,0.061218,1.253948,-0.195166,0.045921,-0.075691
-3.622962,-3.613842,0.761596,-0.061683,-0.059897,-0.994416,0.061189,-0.034381,-0.032512,0.311995,0.305740,-0.206952,0.015221,-0.238921,-0.388349,-0.004065,1.420782,-0.198245,-0.105468,-0.129875,-0.135331,0.210492,0.145631,0.259839,-0.049819,0.960124,-0.028638,0.025525,0.334887,0.186607,-0.061551,0.043999,1.228256,-0.192017,0.040112,-0.076591
-3.637389,-3.627154,0.763550,-0.067149,-0.055798,-0.993903,0.067343,0.005393,-0.045418,0.302666,0.294444,-0.224928,0.028219,-0.299369,-0.306354,-0.006008,1.400613,-0.215006,-0.075756,-0.143620,-0.141069,0.230338,0.106759,0.299270,-0.049186,0.952693,-0.009672,0.031399,0.340917,0.203605,-0.034238,0.039728,1.205335,-0.196317,0.035626,-0.071654
-3.652184,-3.640315,0.764718,-0.069428,-0.051326,-0.993742,0.070863,0.033349,-0.054758,0.296234,0.295857,-0.250281,0.047089,-0.359763,-0.224877,-0.006268,1.343443,-0.207395,-0.053461,-0.151173,-0.142831,0.241601,0.068398,0.334171,-0.061925,0.953715,-0.006372,0.032565,0.342159,0.213727,-0.015900,0.045739,1.189500,-0.205179,0.034833,-0.066661
-3.666562,-3.653229,0.764841,-0.069168,-0.046758,-0.993639,0.075569,0.052722,-0.063629,0.289946,0.302288,-0.279212,0.063681,-0.411975,-0.159386,-0.018137,1.254253,-0.183945,-0.042202,-0.158035,-0.142158,0.249199,0.029256,0.360633,-0.079907,0.957707,-0.005427,0.036485,0.340141,0.216240,-0.004250,0.046264,1.179813,-0.220272,0.033822,-0.062469
-3.681577,-3.665949,0.764437,-0.069404,-0.043392,-0.993574,0.078175,0.077447,-0.073905,0.286763,0.303658,-0.306766,0.074373,-0.448059,-0.093902,-0.018957,1.139008,-0.147525,-0.028397,-0.159880,-0.142010,0.256220,-0.001980,0.375582,-0.096339,0.958246,-0.003498,0.040679,0.337963,0.213849,-0.000313,0.045292,1.172573,-0.226295,0.034767,-0.058508
-3.697045,-3.678461,0.763372,-0.068608,-0.040589,-0.993647,0.079446,0.095575,-0.084730,0.281284,0.316141,-0.334386,0.099901,-0.464719,-0.029662,-0.013144,0.995368,-0.105505,-0.004676,-0.160725,-0.141060,0.259681,-0.024488,0.380929,-0.114255,0.955985,0.002199,0.043095,0.334981,0.205635,-0.004094,0.043628,1.169599,-0.219446,0.034892,-0.070214
-3.713100,-3.691359,0.761917,-0.066705,-0.038001,-0.993927,0.078842,0.119481,-0.097685,0.277997,0.313910,-0.357414,0.111456,-0.460803,0.029746,-0.005854,0.823427,-0.046028,0.026927,-0.161083,-0.138241,0.259078,-0.036811,0.376094,-0.132944,0.952998,0.007415,0.042539,0.332648,0.194203,-0.014280,0.039646,1.163824,-0.213002,0.036973,-0.080769
-3.729998,-3.704681,0.759865,-0.064360,-0.036649,-0.994095,0.079313,0.147815,-0.115229,0.273016,0.303185,-0.377073,0.122030,-0.428252,0.072813,-0.012411,0.620709,0.017638,0.078468,-0.165188,-0.134799,0.254350,-0.041475,0.362028,-0.155464,0.953168,0.014767,0.044735,0.330495,0.185859,-0.029775,0.029254,1.149500,-0.214503,0.036461,-0.088467
-3.747819,-3.718220,0.756899,-0.061669,-0.037367,-0.994087,0.081188,0.181391,-0.138182,0.266497,0.282803,-0.391758,0.124536,-0.363510,0.102564,-0.037176,0.383176,0.064082,0.133571,-0.172270,-0.134273,0.245725,-0.040037,0.341312,-0.180953,0.958556,0.025877,0.047854,0.323928,0.179772,-0.048090,0.016833,1.129472,-0.214235,0.034989,-0.093756
-3.766433,-3.731879,0.752285,-0.059432,-0.045834,-0.993359,0.087202,0.220813,-0.180799,0.251440,0.256670,-0.396515,0.137604,-0.273135,0.108819,-0.095525,0.129336,0.114997,0.183897,-0.184895,-0.149275,0.234438,-0.035091,0.317683,-0.213387,0.967733,0.034622,0.051917,0.314895,0.178187,-0.066354,0.001968,1.101448,-0.211791,0.033448,-0.097939
-3.785561,-3.745268,0.746662,-0.055011,-0.059958,-0.991979,0.096733,0.259252,-0.235402,0.231606,0.228233,-0.389308,0.151244,-0.284044,0.087547,-0.169565,0.108462,0.049864,0.251923,-0.202728,-0.178613,0.216994,-0.024887,0.297342,-0.247798,0.976111,0.051282,0.056937,0.299362,0.177163,-0.079274,-0.013370,1.076969,-0.201810,0.022887,-0.111267
-3.805230,-3.758127,0.742021,-0.048406,-0.067432,-0.991158,0.103520,0.280529,-0.268504,0.216965,0.227407,-0.390385,0.157870,-0.293476,0.070136,-0.245435,0.104575,-0.017641,0.261800,-0.212323,-0.194481,0.197199,-0.014053,0.277452,-0.282789,0.988012,0.068432,0.060377,0.280568,0.175808,-0.088807,-0.031524,1.054917,-0.198162,0.021748,-0.118750
-3.825560,-3.770763,0.737939,-0.040089,-0.070068,-0.990950,0.107244,0.288281,-0.287770,0.209249,0.246801,-0.396567,0.167140,-0.285476,0.057081,-0.331118,0.100484,-0.048919,0.261800,-0.217246,-0.197718,0.173837,-0.003364,0.253028,-0.317248,1.010889,0.075253,0.056136,0.277658,0.172802,-0.097942,-0.048698,1.043606,-0.195156,0.018307,-0.120857
-3.846651,-3.784463,0.735620,-0.032467,-0.063535,-0.991162,0.111837,0.296832,-0.283958,0.202936,0.268124,-0.404972,0.156743,-0.257974,0.048202,-0.397583,0.102153,-0.054541,0.261800,-0.223536,-0.180220,0.153357,0.012693,0.228770,-0.346378,1.036219,0.069916,0.040896,0.286386,0.168707,-0.106608,-0.065729,1.040131,-0.192789,0.018403,-0.117791
-3.868897,-3.798158,0.735754,-0.027481,-0.044004,-0.991740,0.117307,0.296380,-0.243277,0.201961,0.317942,-0.422856,0.128188,-0.239074,0.063975,-0.462921,0.106219,-0.030322,0.218352,-0.226820,-0.136731,0.141863,0.030447,0.202611,-0.356504,1.063288,0.067155,0.031039,0.299436,0.169052,-0.114730,-0.078628,1.037174,-0.183068,0.015823,-0.112766
-3.891962,-3.811636,0.738357,-0.024119,-0.015971,-0.992749,0.116677,0.278033,-0.177308,0.214252,0.405594,-0.427607,0.098208,-0.228849,0.126726,-0.447852,0.106781,-0.004951,0.038572,-0.219704,-0.073748,0.129749,0.047066,0.172765,-0.357962,1.105507,0.037223,0.021923,0.308539,0.166809,-0.127077,-0.081164,1.053624,-0.175122,0.013296,-0.115399
-3.914473,-3.824811,0.742732,-0.022071,0.001737,-0.992520,0.120060,0.254594,-0.132586,0.208654,0.498972,-0.381235,0.067257,-0.206318,0.156494,-0.448189,0.108557,-0.006048,-0.046428,-0.222497,-0.029453,0.114975,0.062536,0.142068,-0.336893,1.145725,0.016706,0.029896,0.289751,0.163159,-0.139151,-0.086947,1.078274,-0.174207,0.014900,-0.109664
-3.936081,-3.836781,0.747791,-0.019044,0.011765,-0.991602,0.127377,0.223855,-0.104073,0.179759,0.586331,-0.302256,-0.003720,-0.181055,0.166235,-0.451595,0.108764,-0.020839,-0.077707,-0.231595,-0.006099,0.098049,0.074314,0.137844,-0.330770,1.172180,-0.027214,0.034652,0.245368,0.165475,-0.139608,-0.097125,1.090043,-0.182070,0.023168,-0.098500
-3.956581,-3.847264,0.751534,-0.017286,0.019537,-0.990292,0.136535,0.194344,-0.085133,0.127148,0.667240,-0.228672,-0.127465,-0.153883,0.173054,-0.456728,0.109200,-0.041158,-0.096881,-0.236194,0.006385,0.086341,0.074679,0.157152,-0.357463,1.189823,-0.042765,0.030698,0.249924,0.178529,-0.131089,-0.100105,1.081481,-0.180107,0.026227,-0.096877
-3.975070,-3.856788,0.753988,-0.019268,0.024525,-0.988456,0.148264,0.162178,-0.078837,0.065095,0.761655,-0.157048,-0.261800,-0.119827,0.174321,-0.469834,0.110939,-0.067793,-0.110265,-0.239146,0.008495,0.088690,0.070917,0.187413,-0.366834,1.179636,-0.002556,0.038582,0.282115,0.192048,-0.118859,-0.101302,1.063208,-0.189423,0.021832,-0.087651
-3.990364,-3.867533,0.755647,-0.018817,0.022820,-0.986116,0.163405,0.127576,-0.059508,0.095186,0.846358,-0.073797,-0.261800,-0.095851,0.152679,-0.488366,0.123211,-0.097926,-0.108063,-0.245321,-0.000315,0.091382,0.064937,0.219305,-0.345024,1.149797,0.014848,0.038785,0.300024,0.198416,-0.107997,-0.097092,1.049199,-0.189868,0.017864,-0.089131
-4.005291,-3.874847,0.756548,-0.021392,0.026481,-0.984855,0.170004,0.068144,0.016587,0.135980,0.986471,-0.173348,-0.261800,-0.064431,0.157270,-0.495599,0.122262,-0.122013,-0.102463,-0.236632,-0.001319,0.103159,0.063305,0.250531,-0.301343,1.105402,0.003739,0.032503,0.305963,0.195452,-0.099223,-0.088193,1.049864,-0.193929,0.015222,-0.096468
-4.019137,-3.881595,0.757800,-0.026546,0.028595,-0.984214,0.172628,0.017029,0.146136,0.219826,1.106966,-0.227376,-0.261800,-0.027244,0.162599,-0.496340,0.117969,-0.141229,-0.092827,-0.223177,-0.005324,0.122068,0.061686,0.277976,-0.258001,1.061529,-0.019404,0.026552,0.305429,0.183286,-0.094717,-0.074952,1.062054,-0.192990,0.019520,-0.095232
-4.032033,-3.888210,0.758984,-0.033586,0.029417,-0.984750,0.168148,-0.026006,0.257390,0.267211,1.186480,-0.267648,-0.261800,0.012646,0.168815,-0.481664,0.113020,-0.156445,-0.082847,-0.199768,-0.010221,0.145623,0.057619,0.301000,-0.226753,1.027435,-0.026555,0.022348,0.310131,0.165955,-0.093491,-0.058939,1.077806,-0.198711,0.021581,-0.090418
-4.043951,-3.895316,0.760011,-0.039779,0.029226,-0.985573,0.161893,-0.067812,0.341948,0.292229,1.216242,-0.298595,-0.246678,0.048346,0.170399,-0.458328,0.110628,-0.170211,-0.073785,-0.176610,-0.015289,0.168361,0.053300,0.319240,-0.203043,1.002761,-0.014771,0.021093,0.314938,0.148385,-0.096028,-0.042813,1.087083,-0.208306,0.023080,-0.088862
-4.054961,-3.903065,0.761153,-0.041021,0.027390,-0.985926,0.159741,-0.117069,0.412364,0.327794,1.201144,-0.324696,-0.187096,0.072566,0.161867,-0.456092,0.110418,-0.184022,-0.061357,-0.165139,-0.022768,0.181131,0.050024,0.332323,-0.184229,0.988661,-0.007054,0.021892,0.320642,0.132574,-0.100089,-0.028619,1.084715,-0.212497,0.025841,-0.089999
-4.065849,-3.911387,0.761940,-0.041228,0.025698,-0.986323,0.157503,-0.163501,0.463378,0.358171,1.143860,-0.333075,-0.169513,0.094014,0.152261,-0.449764,0.110551,-0.198663,-0.046674,-0.157363,-0.028599,0.190534,0.048338,0.341211,-0.176385,0.988170,-0.013293,0.021165,0.318012,0.119769,-0.104962,-0.021262,1.077743,-0.213044,0.023288,-0.099286
-4.076334,-3.920065,0.762569,-0.040643,0.024638,-0.987447,0.150629,-0.209824,0.486921,0.369588,1.052932,-0.311474,-0.166352,0.112365,0.143304,-0.435994,0.111423,-0.210982,-0.034329,-0.144267,-0.033420,0.198728,0.048369,0.345700,-0.172616,0.997833,-0.016999,0.023377,0.312189,0.104345,-0.110388,-0.015124,1.071342,-0.208693,0.021093,-0.102680
-4.087728,-3.929620,0.762682,-0.040642,0.024436,-0.988243,0.145349,-0.246922,0.489225,0.359916,0.926473,-0.287246,-0.186677,0.132881,0.135217,-0.424189,0.112362,-0.224280,-0.021255,-0.138569,-0.036096,0.204533,0.054973,0.346767,-0.176932,1.013969,-0.018675,0.027729,0.304616,0.090616,-0.117193,-0.008083,1.068761,-0.207900,0.019235,-0.105200
-4.099434,-3.940049,0.762136,-0.041902,0.026615,-0.989011,0.139261,-0.274005,0.485252,0.335645,0.778645,-0.256997,-0.199882,0.155407,0.131438,-0.411336,0.113033,-0.234108,-0.009665,-0.135562,-0.033920,0.211137,0.065522,0.345096,-0.186800,1.034436,-0.019312,0.032281,0.292794,0.074429,-0.125370,0.004849,1.072257,-0.199615,0.021187,-0.105082
-4.111778,-3.951489,0.760773,-0.044334,0.030706,-0.989768,0.132099,-0.284864,0.481360,0.310264,0.613429,-0.216119,-0.223456,0.180971,0.131132,-0.397406,0.113845,-0.243653,-0.006292,-0.131352,-0.026488,0.217895,0.077727,0.340056,-0.202089,1.058869,-0.024834,0.035122,0.281569,0.060164,-0.132699,0.014301,1.080418,-0.199571,0.019785,-0.107003
-4.124718,-3.963967,0.758674,-0.044739,0.036125,-0.990592,0.124179,-0.285315,0.473498,0.273521,0.429210,-0.168785,-0.258424,0.202250,0.131609,-0.382564,0.114624,-0.255512,0.002601,-0.128979,-0.016716,0.218262,0.094172,0.329411,-0.208817,1.082443,-0.026001,0.040908,0.272656,0.047194,-0.138541,0.019492,1.091729,-0.197889,0.019017,-0.106680
-4.138441,-3.978388,0.755990,-0.045280,0.042448,-0.991138,0.117441,-0.267366,0.461702,0.231025,0.231094,-0.124551,-0.261800,0.226156,0.130293,-0.369788,0.115802,-0.268681,0.018625,-0.130554,-0.001904,0.216997,0.112929,0.314459,-0.218421,1.105072,-0.036317,0.042370,0.262821,0.038115,-0.142908,0.010787,1.103712,-0.190658,0.016357,-0.101880
-4.152721,-3.994345,0.752518,-0.047540,0.049897,-0.991892,0.106769,-0.263654,0.467838,0.192166,0.118170,-0.115221,-0.261800,0.253780,0.129088,-0.348189,0.117122,-0.281111,0.040143,-0.125905,0.017302,0.218331,0.131338,0.295788,-0.225497,1.125256,-0.043325,0.045022,0.252714,0.031463,-0.145579,0.000448,1.114316,-0.177997,0.016998,-0.105766
-4.167683,-4.011552,0.749777,-0.047434,0.054256,-0.992848,0.095183,-0.289055,0.476365,0.169811,0.116226,-0.144019,-0.261800,0.277355,0.116579,-0.323305,0.118667,-0.294448,0.063056,-0.119321,0.030474,0.214214,0.148110,0.275350,-0.229409,1.142785,-0.049815,0.047140,0.243547,0.027847,-0.147588,-0.004223,1.123996,-0.170485,0.017902,-0.109375
-4.182082,-4.029794,0.748270,-0.046028,0.053152,-0.993779,0.086363,-0.283990,0.464860,0.171403,0.116088,-0.139684,-0.261800,0.298908,0.087713,-0.305379,0.119295,-0.303881,0.091381,-0.117255,0.033229,0.210915,0.157310,0.255306,-0.233345,1.157400,-0.053711,0.049721,0.236568,0.024968,-0.148654,-0.006229,1.130595,-0.164986,0.017662,-0.111173
-4.195957,-4.048669,0.749551,-0.039154,0.044192,-0.995364,0.075928,-0.261748,0.426757,0.175382,0.116348,-0.071499,-0.261800,0.306067,0.037282,-0.284996,0.120059,-0.303645,0.126333,-0.112400,0.020929,0.200809,0.158959,0.236324,-0.238658,1.168779,-0.058458,0.050195,0.235559,0.023499,-0.146926,-0.009915,1.130148,-0.162044,0.014741,-0.109794
-4.210183,-4.069196,0.751663,-0.032171,0.034225,-0.996855,0.063821,-0.273956,0.388693,0.169381,0.172522,0.007162,-0.261390,0.311607,-0.019648,-0.267989,0.120206,-0.292621,0.165592,-0.104827,0.007662,0.187406,0.157470,0.218264,-0.242517,1.177570,-0.056007,0.051275,0.239870,0.020713,-0.145561,-0.002895,1.138043,-0.157627,0.014176,-0.113985
-4.225346,-4.091012,0.754559,-0.028838,0.021327,-0.997668,0.058067,-0.294069,0.342101,0.170214,0.271615,0.015197,-0.215117,0.328876,-0.084082,-0.262065,0.119732,-0.267538,0.206029,-0.106638,-0.010973,0.174349,0.156525,0.202242,-0.239333,1.181895,-0.066027,0.048013,0.243099,0.024038,-0.139213,-0.001433,1.152929,-0.153098,0.012333,-0.118040
-4.239961,-4.112962,0.758328,-0.027169,0.011439,-0.997924,0.057259,-0.299871,0.299317,0.185553,0.342901,-0.028448,-0.159683,0.349238,-0.140338,-0.261102,0.118506,-0.220725,0.239975,-0.113659,-0.023162,0.165270,0.149452,0.192418,-0.237079,1.176962,-0.057694,0.050164,0.244945,0.033927,-0.126506,-0.008658,1.158415,-0.160452,0.019298,-0.114788
-4.253554,-4.134573,0.762324,-0.025943,0.005389,-0.998276,0.052365,-0.282809,0.265714,0.214313,0.374120,-0.071592,-0.114402,0.337906,-0.192823,-0.240005,0.171983,-0.184769,0.261800,-0.111027,-0.025659,0.159082,0.133980,0.189761,-0.251207,1.169039,-0.042400,0.048847,0.251424,0.044146,-0.115761,-0.008579,1.161111,-0.162896,0.017703,-0.097535
-4.265772,-4.155956,0.765778,-0.025910,-0.000877,-0.998594,0.046242,-0.255026,0.230199,0.246527,0.385160,-0.106765,-0.079247,0.290820,-0.251659,-0.214201,0.296476,-0.174918,0.261800,-0.109484,-0.027479,0.156948,0.119035,0.189517,-0.250122,1.147656,-0.023730,0.050361,0.262491,0.046273,-0.110973,0.010208,1.165477,-0.168671,0.016839,-0.081654
-4.278364,-4.176346,0.768688,-0.025574,-0.008415,-0.999049,0.034294,-0.213591,0.195345,0.291848,0.374241,-0.138014,-0.055809,0.235767,-0.314114,-0.190475,0.422649,-0.155057,0.255309,-0.104215,-0.033172,0.151232,0.118363,0.190458,-0.223093,1.107947,-0.010341,0.047914,0.271551,0.043328,-0.106619,0.030554,1.173326,-0.187175,0.021391,-0.074718
-4.290518,-4.195533,0.770780,-0.027409,-0.016081,-0.999118,0.027446,-0.171614,0.153091,0.321023,0.356782,-0.161738,-0.031253,0.189270,-0.375839,-0.191017,0.541803,-0.126031,0.221546,-0.110687,-0.041501,0.149162,0.116056,0.198244,-0.203220,1.071278,-0.009390,0.038465,0.283553,0.040426,-0.099432,0.036913,1.177221,-0.188998,0.025056,-0.077240
-4.301598,-4.213830,0.772315,-0.032135,-0.021846,-0.998979,0.023059,-0.123621,0.111288,0.342250,0.328014,-0.180698,-0.012031,0.144864,-0.438621,-0.208564,0.663887,-0.090252,0.158903,-0.121634,-0.048995,0.155051,0.105636,0.213074,-0.195342,1.047810,-0.001171,0.033543,0.290320,0.039036,-0.090745,0.025718,1.170659,-0.194111,0.023590,-0.074168
-4.312268,-4.229986,0.772974,-0.036355,-0.027593,-0.998792,0.018198,-0.077055,0.070441,0.360694,0.295017,-0.193947,0.004897,0.089512,-0.510166,-0.238747,0.794885,-0.054634,0.071447,-0.127270,-0.058860,0.159882,0.087012,0.235760,-0.203961,1.039091,0.002342,0.037048,0.302969,0.045477,-0.084529,0.016600,1.150692,-0.189073,0.014660,-0.066505
-4.321386,-4.245212,0.773068,-0.044973,-0.033095,-0.998306,0.016336,-0.024349,0.028462,0.369517,0.258493,-0.201218,0.022342,0.047189,-0.597351,-0.301075,0.922609,-0.025832,-0.050554,-0.133714,-0.071104,0.177413,0.060631,0.260391,-0.211000,1.040727,0.010914,0.041129,0.302604,0.047422,-0.081857,0.016260,1.134449,-0.198319,0.013373,-0.068335
-4.330045,-4.258828,0.772720,-0.052416,-0.037057,-0.997818,0.015457,0.023452,-0.008596,0.374772,0.222531,-0.207470,0.037620,0.013656,-0.658135,-0.345129,1.019955,-0.050873,-0.130668,-0.141252,-0.080572,0.191158,0.034868,0.285662,-0.224153,1.048060,0.006608,0.044076,0.300438,0.049755,-0.082663,0.018726,1.123158,-0.202194,0.012631,-0.075125
-4.338463,-4.270360,0.772396,-0.057233,-0.036933,-0.997572,0.014494,0.053133,-0.028170,0.379637,0.212620,-0.222905,0.052725,-0.047350,-0.609624,-0.273527,1.077121,-0.106961,-0.114906,-0.147559,-0.084290,0.198841,0.011533,0.311792,-0.241193,1.058221,-0.005445,0.043817,0.301627,0.053547,-0.086087,0.019208,1.116164,-0.206446,0.012607,-0.075536
-4.346360,-4.280860,0.772554,-0.062185,-0.035416,-0.997341,0.013775,0.090709,-0.045674,0.380286,0.182928,-0.226552,0.060787,-0.105638,-0.529163,-0.201507,1.106519,-0.129169,-0.072928,-0.150711,-0.084373,0.208831,-0.010556,0.331889,-0.258310,1.067504,-0.010202,0.046095,0.302184,0.058139,-0.090174,0.020007,1.115274,-0.211560,0.012982,-0.076724
-4.353872,-4.290094,0.773036,-0.064396,-0.033271,-0.997273,0.013865,0.121672,-0.060729,0.381829,0.151824,-0.225972,0.067550,-0.160035,-0.444256,-0.150047,1.113150,-0.158687,-0.016510,-0.155641,-0.085616,0.212678,-0.024167,0.345650,-0.263667,1.069658,-0.010068,0.048534,0.303511,0.060373,-0.095951,0.024177,1.125528,-0.227018,0.008522,-0.076710
-4.361485,-4.298294,0.772986,-0.066165,-0.031803,-0.997202,0.014115,0.148720,-0.074744,0.379707,0.126774,-0.226504,0.077185,-0.209100,-0.366652,-0.117629,1.097136,-0.181682,0.015731,-0.159845,-0.088346,0.216642,-0.027684,0.352815,-0.261408,1.058460,-0.001733,0.051654,0.302398,0.063644,-0.103670,0.021663,1.132817,-0.203606,0.012012,-0.077291
-4.369042,-4.306672,0.773250,-0.066735,-0.027510,-0.997277,0.015122,0.164515,-0.076863,0.380724,0.121993,-0.241178,0.069087,-0.252861,-0.297096,-0.111071,1.061843,-0.191889,0.017814,-0.162407,-0.084281,0.219307,-0.029658,0.351197,-0.258245,1.045693,-0.014750,0.044800,0.310600,0.071872,-0.110134,0.017997,1.136967,-0.195649,0.015101,-0.080018
-4.376156,-4.313960,0.772730,-0.063913,-0.025122,-0.997469,0.018407,0.169335,-0.085387,0.372470,0.120202,-0.250798,0.083583,-0.298795,-0.236630,-0.108671,1.007004,-0.191869,0.027450,-0.167896,-0.082677,0.215883,-0.029791,0.343661,-0.257803,1.034493,-0.003553,0.046026,0.308939,0.079469,-0.118536,0.009547,1.140468,-0.187626,0.017972,-0.083653
-4.383734,-4.321327,0.771816,-0.062338,-0.021113,-0.997572,0.022760,0.176904,-0.086862,0.368022,0.120699,-0.269255,0.076180,-0.333103,-0.168096,-0.100598,0.932600,-0.180006,0.043026,-0.173341,-0.077884,0.214832,-0.027144,0.329356,-0.264830,1.028285,-0.006320,0.043490,0.315840,0.090529,-0.125904,0.000204,1.141519,-0.177494,0.019705,-0.082133
-4.391442,-4.328796,0.771097,-0.062524,-0.019596,-0.997480,0.027204,0.188523,-0.095928,0.356345,0.121213,-0.280146,0.083712,-0.359222,-0.094256,-0.070601,0.843307,-0.141065,0.064975,-0.176331,-0.077378,0.214202,-0.022984,0.306772,-0.271295,1.033012,0.000206,0.045326,0.309913,0.104150,-0.133249,0.007485,1.145835,-0.174033,0.011362,-0.096292
-4.398957,-4.335320,0.770502,-0.059465,-0.016188,-0.997538,0.033458,0.191903,-0.099718,0.344836,0.121833,-0.291914,0.087399,-0.370564,-0.022385,-0.041335,0.716001,-0.081063,0.104124,-0.182641,-0.071817,0.209372,-0.018262,0.281796,-0.275051,1.042868,0.003875,0.047702,0.292816,0.113008,-0.140501,-0.006274,1.149411,-0.149205,0.012615,-0.103185
-4.406599,-4.341983,0.769712,-0.057514,-0.016047,-0.997365,0.041213,0.197567,-0.110457,0.331015,0.122192,-0.295044,0.113416,-0.370148,0.028699,-0.023786,0.582130,-0.031447,0.135290,-0.189199,-0.074094,0.205816,-0.014440,0.256950,-0.289555,1.056303,-0.006809,0.050600,0.278624,0.124163,-0.143802,-0.015200,1.153109,-0.193023,0.020739,-0.068683
-4.414806,-4.348367,0.768828,-0.054827,-0.016041,-0.997055,0.051161,0.203569,-0.122380,0.305472,0.122284,-0.304403,0.112626,-0.354411,0.065453,-0.028730,0.429668,0.013659,0.155304,-0.197013,-0.076693,0.199200,-0.009310,0.234422,-0.309247,1.071972,-0.015926,0.052941,0.267394,0.138509,-0.145138,-0.020548,1.152364,-0.201526,0.025715,-0.070147
-4.423057,-4.354941,0.766627,-0.053206,-0.018978,-0.996594,0.060079,0.212730,-0.142255,0.285088,0.121981,-0.313959,0.132340,-0.319286,0.090401,-0.038365,0.254605,0.071824,0.187548,-0.203572,-0.085162,0.195731,-0.001254,0.215068,-0.324061,1.082815,-0.003905,0.060779,0.251656,0.144277,-0.147930,-0.033183,1.160293,-0.167575,0.017556,-0.072807
-4.431713,-4.361498,0.763576,-0.051833,-0.025170,-0.995751,0.071838,0.224167,-0.166383,0.262198,0.121183,-0.325748,0.133511,-0.290404,0.102657,-0.069966,0.112374,0.108996,0.217621,-0.214028,-0.100498,0.191392,0.010196,0.197780,-0.327311,1.088917,0.017293,0.068273,0.230370,0.153791,-0.147398,-0.029403,1.162327,-0.194299,0.020318,-0.066497
-4.440649,-4.368342,0.760487,-0.050129,-0.032683,-0.994815,0.082227,0.236465,-0.194735,0.239099,0.120560,-0.334449,0.140205,-0.317180,0.104069,-0.111126,0.107477,0.073851,0.249968,-0.226077,-0.119394,0.188010,0.028565,0.188203,-0.323472,1.085067,-0.008444,0.059679,0.245987,0.155636,-0.145474,-0.032042,1.165582,-0.181796,0.022335,-0.071040
-4.449762,-4.374894,0.757030,-0.047633,-0.038538,-0.993853,0.092209,0.247094,-0.219964,0.213516,0.120954,-0.343680,0.158178,-0.334805,0.102018,-0.170022,0.103330,0.048164,0.261800,-0.235877,-0.133880,0.184061,0.040621,0.181502,-0.321827,1.089352,-0.017293,0.055567,0.251271,0.154394,-0.144106,-0.036702,1.168829,-0.198276,0.026879,-0.065700
-4.458835,-4.382005,0.754299,-0.044241,-0.041787,-0.992998,0.101250,0.256042,-0.235176,0.197374,0.121655,-0.355218,0.150876,-0.339381,0.099260,-0.251007,0.100577,0.016408,0.261800,-0.246708,-0.140973,0.179559,0.048637,0.177340,-0.323403,1.098633,-0.009937,0.059411,0.244112,0.151579,-0.141130,-0.035082,1.167452,-0.185666,0.019711,-0.063246
-4.468922,-4.389478,0.751374,-0.038562,-0.044220,-0.992586,0.106445,0.262180,-0.252721,0.182360,0.121774,-0.364514,0.164721,-0.330016,0.092636,-0.335629,0.097912,-0.011516,0.261800,-0.248946,-0.144165,0.169624,0.053555,0.175753,-0.329019,1.113003,-0.009060,0.060622,0.242346,0.147585,-0.139477,-0.034086,1.165027,-0.161535,0.024347,-0.093881
-4.479533,-4.397378,0.748755,-0.031768,-0.044865,-0.992161,0.112227,0.266012,-0.264852,0.170084,0.122276,-0.373342,0.169931,-0.310748,0.087393,-0.405412,0.095632,-0.023602,0.261800,-0.248867,-0.143314,0.158271,0.054625,0.176201,-0.332276,1.128701,0.023668,0.070466,0.228267,0.143755,-0.138534,-0.036678,1.158622,-0.147241,0.037408,-0.093869
-4.490317,-4.406399,0.745833,-0.025355,-0.044861,-0.991456,0.119829,0.271860,-0.275204,0.156653,0.123435,-0.384343,0.167281,-0.281798,0.084804,-0.451920,0.093169,-0.030694,0.261800,-0.249178,-0.140114,0.148680,0.053003,0.177181,-0.333774,1.142825,-0.018731,0.061683,0.247218,0.144623,-0.136838,-0.034749,1.150592,-0.167780,0.029271,-0.099837
-4.502693,-4.415991,0.743998,-0.015848,-0.039369,-0.991297,0.124616,0.272797,-0.275741,0.144695,0.122365,-0.391917,0.179767,-0.250076,0.079830,-0.482481,0.102383,-0.061504,0.261800,-0.247197,-0.123924,0.130736,0.055998,0.179568,-0.334384,1.151822,-0.009488,0.066114,0.248731,0.142674,-0.136169,-0.031345,1.140779,-0.180412,0.031374,-0.094427
-4.516596,-4.425496,0.741936,-0.007642,-0.034203,-0.990314,0.134352,0.278392,-0.273471,0.126229,0.123448,-0.400779,0.177205,-0.230933,0.083683,-0.497993,0.092796,-0.068864,0.261800,-0.250058,-0.110377,0.114658,0.059471,0.183182,-0.333826,1.154362,-0.006587,0.066567,0.253897,0.145700,-0.136546,-0.034637,1.134711,-0.181914,0.026392,-0.093301
-4.531476,-4.435307,0.743599,-0.003512,-0.016386,-0.990088,0.139447,0.290404,-0.238304,0.118744,0.123249,-0.403811,0.162608,-0.229528,0.111286,-0.506264,0.101729,-0.069018,0.190638,-0.242153,-0.071979,0.110257,0.058619,0.187055,-0.339399,1.160532,-0.024649,0.058383,0.260005,0.143875,-0.137184,-0.033902,1.132966,-0.172925,0.024587,-0.098107
-4.545648,-4.445282,0.745113,0.002466,-0.004013,-0.990773,0.135448,0.296532,-0.220866,0.123770,0.123166,-0.388890,0.159651,-0.228901,0.136215,-0.491868,0.105067,-0.069489,0.113173,-0.231704,-0.042873,0.098784,0.071057,0.189804,-0.322131,1.153897,-0.018476,0.063658,0.258723,0.127838,-0.137872,-0.027724,1.143863,-0.176182,0.028567,-0.107576
-4.558906,-4.455656,0.747905,0.007718,0.007128,-0.990978,0.133609,0.301998,-0.202522,0.127518,0.123018,-0.364357,0.135816,-0.224675,0.152954,-0.483282,0.106054,-0.061784,0.076764,-0.230268,-0.016760,0.091633,0.079085,0.193403,-0.312770,1.145920,-0.024558,0.061000,0.257308,0.112317,-0.137116,-0.032019,1.141722,-0.177395,0.032022,-0.100189
-4.572130,-4.466055,0.750966,0.009446,0.015966,-0.990645,0.135197,0.314726,-0.188129,0.121655,0.124484,-0.327239,0.113652,-0.211631,0.162210,-0.480091,0.111105,-0.069100,0.032247,-0.234210,0.004026,0.089341,0.079330,0.200657,-0.324220,1.147043,-0.025390,0.056024,0.257671,0.104794,-0.133687,-0.043460,1.120239,-0.183977,0.030111,-0.094086
-4.585388,-4.475008,0.753057,0.009357,0.021057,-0.990248,0.137400,0.330182,-0.179444,0.115072,0.127980,-0.287973,0.090894,-0.193359,0.167970,-0.476025,0.113807,-0.076810,-0.007865,-0.233313,0.011969,0.087297,0.076831,0.215259,-0.328704,1.144750,-0.009225,0.061916,0.254975,0.104106,-0.124993,-0.047313,1.091488,-0.182959,0.028569,-0.103402
-4.598494,-4.484149,0.755359,0.007893,0.026333,-0.989655,0.140809,0.310115,-0.163402,0.103883,0.209627,-0.270225,0.044828,-0.172570,0.173831,-0.473045,0.118345,-0.086104,-0.057571,-0.229553,0.018150,0.089049,0.070280,0.233432,-0.331960,1.138078,-0.015626,0.057935,0.258954,0.110984,-0.114487,-0.058219,1.049801,-0.181691,0.031056,-0.107865
-4.611041,-4.492989,0.756905,0.007459,0.030544,-0.988344,0.148956,0.258728,-0.149060,0.072184,0.344750,-0.262644,-0.016161,-0.152609,0.173839,-0.475645,0.121261,-0.099384,-0.072264,-0.234450,0.025897,0.087701,0.062499,0.245816,-0.320670,1.128662,-0.015133,0.056960,0.261579,0.116935,-0.107181,-0.071208,1.024297,-0.187456,0.012853,-0.107269
-4.623061,-4.500359,0.758290,0.007214,0.033583,-0.987315,0.155015,0.206364,-0.141822,0.025594,0.473183,-0.241453,-0.112208,-0.133091,0.174120,-0.478546,0.122812,-0.112048,-0.083575,-0.233948,0.028940,0.084869,0.055486,0.256546,-0.299631,1.114626,-0.018477,0.055658,0.266813,0.118351,-0.098368,-0.075907,1.019655,-0.193244,0.006521,-0.102263
-4.634105,-4.507375,0.759579,0.001472,0.036411,-0.986317,0.160783,0.165269,-0.138408,-0.028898,0.599554,-0.220563,-0.261800,-0.102095,0.176765,-0.483749,0.124083,-0.125938,-0.105500,-0.230180,0.028589,0.096393,0.044992,0.266851,-0.281427,1.095499,-0.017103,0.052681,0.275221,0.114872,-0.090539,-0.067829,1.026155,-0.205171,0.010374,-0.101361
-4.642853,-4.515831,0.759828,0.000462,0.032199,-0.985984,0.163704,0.122496,-0.145671,-0.016343,0.698577,-0.174816,-0.261800,-0.098829,0.150545,-0.483486,0.166777,-0.155545,-0.107832,-0.225342,0.019128,0.100019,0.034777,0.274019,-0.265429,1.072779,-0.011698,0.048611,0.281322,0.102316,-0.088036,-0.056072,1.043802,-0.196747,0.014504,-0.102620
-4.651668,-4.520103,0.760046,-0.003715,0.032078,-0.986740,0.159065,0.053622,-0.043047,0.104724,0.865521,-0.228634,-0.261800,-0.083229,0.149577,-0.473122,0.186005,-0.173609,-0.111334,-0.217863,0.010919,0.111995,0.035732,0.284051,-0.239400,1.044796,-0.009117,0.042754,0.285679,0.082201,-0.084936,-0.037487,1.070790,-0.201296,0.009703,-0.096100
-4.660874,-4.524468,0.760695,-0.010672,0.034028,-0.987855,0.151233,0.006612,0.128776,0.251703,1.021879,-0.280608,-0.261800,-0.045577,0.163960,-0.456976,0.166622,-0.172050,-0.122900,-0.200875,0.008167,0.128451,0.034539,0.288501,-0.222876,1.027781,-0.007541,0.039120,0.292957,0.070842,-0.082141,-0.023147,1.081948,-0.206728,0.016493,-0.100019
-4.670349,-4.528971,0.761280,-0.018438,0.034193,-0.989775,0.137242,-0.024269,0.282383,0.349250,1.136794,-0.349041,-0.207947,0.002089,0.179401,-0.421934,0.129938,-0.160477,-0.115711,-0.181727,0.002127,0.142805,0.039638,0.292201,-0.213326,1.024304,-0.015048,0.034374,0.293239,0.057200,-0.079961,-0.004134,1.098335,-0.200578,0.016511,-0.104930
-4.677415,-4.534898,0.762385,-0.024151,0.031230,-0.990949,0.128300,-0.069883,0.384054,0.396630,1.196296,-0.382100,-0.082810,0.021557,0.168894,-0.401967,0.145828,-0.175023,-0.111493,-0.172111,-0.006065,0.160603,0.036036,0.292050,-0.211761,1.033269,-0.017868,0.035899,0.286702,0.045690,-0.079091,0.001618,1.097511,-0.202977,0.015716,-0.102458
-4.684498,-4.540537,0.763578,-0.028218,0.030475,-0.991680,0.121847,-0.122172,0.453911,0.403418,1.188902,-0.397260,-0.057236,0.040254,0.162616,-0.402878,0.154628,-0.181197,-0.120573,-0.170042,-0.011677,0.174291,0.031510,0.291598,-0.218795,1.053276,-0.023494,0.038855,0.279887,0.038756,-0.077327,0.012507,1.089242,-0.214481,0.013127,-0.106891
-4.692587,-4.545887,0.763843,-0.030479,0.027734,-0.992657,0.113725,-0.170518,0.481733,0.385193,1.115366,-0.391333,-0.086263,0.064526,0.156628,-0.389418,0.144054,-0.186224,-0.110516,-0.165839,-0.022989,0.180601,0.033685,0.293917,-0.227466,1.073003,-0.025231,0.044612,0.270647,0.033560,-0.073958,0.026484,1.091290,-0.201485,0.013975,-0.110747
-4.699875,-4.551775,0.764669,-0.032840,0.027096,-0.993356,0.106917,-0.218158,0.504780,0.365785,1.001762,-0.345646,-0.131003,0.086398,0.153879,-0.374998,0.134782,-0.188743,-0.107649,-0.163678,-0.029710,0.191081,0.034528,0.295554,-0.236436,1.091287,-0.031300,0.046202,0.262101,0.030144,-0.070732,0.031386,1.092654,-0.192700,0.007102,-0.107454
-4.707500,-4.558429,0.765536,-0.032897,0.027350,-0.994133,0.099349,-0.246677,0.523603,0.364698,0.845570,-0.301653,-0.169081,0.101549,0.151870,-0.353497,0.127601,-0.190233,-0.099096,-0.158886,-0.034541,0.195818,0.036864,0.295731,-0.242777,1.105791,-0.033941,0.049728,0.257753,0.029962,-0.066624,0.036006,1.094978,-0.207940,0.011284,-0.110932
-4.715151,-4.565357,0.765477,-0.031273,0.027509,-0.994535,0.095738,-0.265121,0.534446,0.375998,0.660175,-0.262013,-0.178894,0.111918,0.144145,-0.346425,0.126709,-0.199119,-0.085253,-0.162364,-0.038976,0.196405,0.042280,0.295193,-0.242260,1.114203,-0.037161,0.050732,0.253581,0.028796,-0.065603,0.035447,1.105073,-0.187756,0.016085,-0.104217
-4.723580,-4.573726,0.765313,-0.028702,0.030687,-0.994951,0.091140,-0.269982,0.536826,0.381082,0.449668,-0.214703,-0.194220,0.119615,0.143815,-0.332493,0.124859,-0.204278,-0.074112,-0.162540,-0.034822,0.191802,0.048169,0.293555,-0.246502,1.121560,-0.043058,0.049414,0.248571,0.033140,-0.066641,0.036875,1.117388,-0.203366,0.020002,-0.100365
-4.732571,-4.583154,0.763574,-0.027258,0.035963,-0.994894,0.090272,-0.261875,0.530120,0.378164,0.223768,-0.167380,-0.224559,0.132078,0.146211,-0.323932,0.123264,-0.217515,-0.060140,-0.168910,-0.023153,0.189087,0.055234,0.287168,-0.243720,1.123060,-0.037986,0.053211,0.246096,0.040747,-0.072744,0.034080,1.133502,-0.184551,0.017062,-0.105400
-4.742030,-4.592964,0.762017,-0.023655,0.042758,-0.995193,0.084867,-0.294607,0.541134,0.348233,0.118673,-0.148098,-0.258488,0.140347,0.148380,-0.318534,0.121242,-0.225173,-0.055939,-0.164525,-0.008071,0.183668,0.060092,0.281715,-0.241772,1.121828,-0.039129,0.050795,0.247712,0.045750,-0.080209,0.033551,1.149306,-0.176879,0.023243,-0.102521
-4.751621,-4.603769,0.760698,-0.024947,0.045346,-0.994933,0.086198,-0.343105,0.543932,0.306560,0.116477,-0.159944,-0.261800,0.162577,0.140696,-0.318791,0.119305,-0.240715,-0.040234,-0.168057,-0.001473,0.191679,0.059458,0.277734,-0.243082,1.120202,-0.034880,0.051660,0.250301,0.055526,-0.083934,0.034008,1.159549,-0.169673,0.025104,-0.123509
-4.760466,-4.614993,0.760072,-0.025505,0.045627,-0.994821,0.087174,-0.352793,0.532810,0.279252,0.116131,-0.138727,-0.261800,0.180704,0.126171,-0.318016,0.119571,-0.246691,-0.035406,-0.164373,0.002318,0.200664,0.047925,0.274469,-0.253832,1.124167,-0.060682,0.039186,0.260000,0.064188,-0.088397,0.023711,1.167649,-0.162185,0.026345,-0.123179
-4.769931,-4.626594,0.760028,-0.028016,0.041818,-0.994716,0.089479,-0.333360,0.504173,0.257611,0.121959,-0.113432,-0.257634,0.205680,0.101504,-0.321356,0.119802,-0.257273,-0.018428,-0.163598,-0.005152,0.209697,0.039666,0.274454,-0.256281,1.122977,-0.137905,0.000129,0.303908,0.069294,-0.089947,0.033733,1.183814,-0.149106,0.026259,-0.129455
-4.779961,-4.641864,0.759760,-0.028783,0.041582,-0.995217,0.083584,-0.334926,0.485284,0.219322,0.199922,-0.142557,-0.247664,0.225856,0.078884,-0.314226,0.120765,-0.262947,-0.011041,-0.153389,0.001631,0.215642,0.038865,0.266546,-0.254462,1.113099,-0.124526,0.004554,0.299262,0.069463,-0.097547,0.047644,1.200555,-0.149716,0.024618,-0.126482
-4.792321,-4.658139,0.758515,-0.026442,0.042768,-0.995815,0.076317,-0.324326,0.459659,0.190900,0.266912,-0.174425,-0.241850,0.240036,0.057802,-0.299957,0.121506,-0.264101,0.001639,-0.150699,0.013024,0.205840,0.051795,0.253658,-0.245073,1.100482,-0.064627,0.031944,0.272412,0.067190,-0.107723,0.061744,1.219278,-0.154796,0.036839,-0.109877
-4.804434,-4.675904,0.758467,-0.019838,0.040409,-0.997044,0.062270,-0.305392,0.417971,0.186954,0.312039,-0.169220,-0.241312,0.240939,0.023705,-0.275764,0.121616,-0.265077,0.056488,-0.141541,0.018864,0.191607,0.067141,0.237159,-0.225393,1.085487,-0.017898,0.047995,0.262929,0.059960,-0.114552,0.061933,1.221941,-0.162244,0.042458,-0.107961
-4.817092,-4.695202,0.759372,-0.009105,0.032776,-0.997859,0.055857,-0.304409,0.352511,0.134399,0.284644,-0.035685,-0.251549,0.237893,-0.025414,-0.262239,0.120852,-0.264245,0.132054,-0.147188,0.014359,0.169463,0.075519,0.224339,-0.226902,1.084257,-0.016793,0.048898,0.274924,0.054209,-0.120458,0.056226,1.212490,-0.158399,0.047856,-0.103080
-4.829598,-4.714150,0.761223,-0.003459,0.022563,-0.998509,0.049593,-0.302921,0.316005,0.174355,0.319125,-0.006115,-0.223897,0.244644,-0.079530,-0.251156,0.120052,-0.246057,0.181816,-0.149326,0.001289,0.154054,0.075819,0.213679,-0.236271,1.104692,-0.011437,0.048457,0.270754,0.050087,-0.118305,0.044667,1.197178,-0.145252,0.034431,-0.128549
-4.842073,-4.734264,0.763408,-0.005934,0.015670,-0.998605,0.050070,-0.293766,0.281060,0.189466,0.378783,-0.066557,-0.194325,0.271983,-0.126046,-0.250510,0.118862,-0.213801,0.218743,-0.161933,-0.006887,0.150403,0.068195,0.207755,-0.260537,1.137048,-0.018824,0.057408,0.256855,0.054930,-0.109264,0.015307,1.168379,-0.167328,0.029753,-0.125818
-4.853664,-4.755089,0.765437,-0.006772,0.011825,-0.998706,0.048992,-0.272644,0.250565,0.210235,0.397730,-0.103566,-0.182212,0.289316,-0.166645,-0.237082,0.120412,-0.166191,0.260246,-0.167795,-0.003756,0.150038,0.059168,0.202912,-0.283943,1.153654,-0.026777,0.061502,0.259247,0.061126,-0.102521,0.004596,1.133389,-0.179611,0.023870,-0.128349
-4.864931,-4.775815,0.767006,-0.005632,0.011575,-0.999063,0.041326,-0.245698,0.229728,0.243379,0.399413,-0.132915,-0.187199,0.266046,-0.201562,-0.199904,0.180730,-0.135788,0.261800,-0.160361,0.009147,0.144351,0.055931,0.195472,-0.295220,1.150851,-0.005441,0.065875,0.253412,0.065511,-0.104377,0.001740,1.099281,-0.198644,0.020145,-0.104703
-4.876569,-4.795538,0.768453,-0.002857,0.011154,-0.999382,0.033218,-0.218436,0.206579,0.272885,0.391222,-0.158126,-0.187348,0.222150,-0.238653,-0.167654,0.275080,-0.122013,0.261800,-0.149499,0.022550,0.134483,0.060797,0.188733,-0.289455,1.124550,0.013466,0.065909,0.262222,0.064442,-0.109982,0.014489,1.080662,-0.178130,0.008193,-0.083512
-4.885399,-4.814402,0.769363,-0.005153,0.005785,-0.999385,0.034210,-0.188160,0.163234,0.280086,0.374232,-0.171778,-0.175604,0.177710,-0.289418,-0.159445,0.400419,-0.117049,0.261800,-0.156590,0.022641,0.140818,0.057263,0.186680,-0.280528,1.095132,0.021243,0.058565,0.269763,0.055181,-0.112787,0.011050,1.069681,-0.201056,-0.001377,-0.077084
-4.895030,-4.831547,0.769677,-0.006122,-0.000494,-0.999342,0.035743,-0.152772,0.118098,0.289706,0.344065,-0.181154,-0.164735,0.121216,-0.344452,-0.157330,0.544642,-0.113517,0.249023,-0.161893,0.017607,0.139039,0.053697,0.191211,-0.278051,1.073097,0.035825,0.056420,0.271240,0.047162,-0.114156,0.013503,1.068821,-0.189903,0.002552,-0.095533
-4.902873,-4.846364,0.769706,-0.008465,-0.005486,-0.999402,0.033065,-0.113611,0.081059,0.301506,0.306782,-0.185609,-0.162116,0.040637,-0.400505,-0.163359,0.720561,-0.114146,0.145836,-0.159102,0.010302,0.144491,0.044958,0.200873,-0.263654,1.055451,0.045137,0.058961,0.267347,0.042560,-0.109991,-0.017497,1.076211,-0.146880,-0.050876,-0.029440
-4.912511,-4.858825,0.769381,-0.013061,-0.011224,-0.998806,0.045726,-0.069086,0.035280,0.286157,0.258936,-0.184007,-0.159514,-0.003602,-0.452902,-0.201742,0.861414,-0.127396,0.048962,-0.181099,-0.005280,0.147199,0.038803,0.216687,-0.264922,1.047246,0.056245,0.058647,0.274293,0.048417,-0.101087,-0.031695,1.077646,-0.068466,-0.078020,0.031711
-4.918020,-4.870125,0.769322,-0.016826,-0.011721,-0.998639,0.047953,-0.039359,0.012961,0.283049,0.233908,-0.188536,-0.157877,-0.069691,-0.435122,-0.160744,0.965899,-0.177965,0.004358,-0.182441,-0.012779,0.159933,0.023033,0.233930,-0.253393,1.042220,0.019596,0.049440,0.292372,0.041699,-0.091020,-0.040881,1.089483,-0.093069,-0.096838,0.056850
-4.921909,-4.879199,0.769544,-0.018960,-0.009358,-0.998596,0.048571,-0.022061,0.003548,0.283180,0.222799,-0.193996,-0.157368,-0.141652,-0.389667,-0.122639,1.034329,-0.189870,-0.012459,-0.175229,-0.015028,0.174670,0.000973,0.248777,-0.241540,1.045058,0.013824,0.047594,0.298338,0.035800,-0.080930,-0.039883,1.092501,-0.087159,-0.108444,0.073733
-4.928808,-4.887369,0.770090,-0.023940,-0.006278,-0.997847,0.060736,0.004244,-0.008014,0.260910,0.207280,-0.199675,-0.155588,-0.178778,-0.324065,-0.099693,1.047918,-0.187278,-0.014984,-0.184466,-0.015497,0.184562,-0.009686,0.258823,-0.237317,1.047917,0.006136,0.047590,0.299523,0.041679,-0.072379,-0.063023,1.102667,-0.096266,-0.095226,0.083094
-4.935283,-4.894052,0.771083,-0.029610,-0.001847,-0.997055,0.070713,0.034898,-0.013307,0.239693,0.184670,-0.198799,-0.155231,-0.208995,-0.246172,-0.078498,1.018412,-0.200664,0.046186,-0.187380,-0.014205,0.195880,-0.017131,0.265464,-0.235906,1.047066,0.004363,0.048355,0.298895,0.051810,-0.064291,-0.084983,1.110112,-0.089164,-0.111891,0.133257
-4.941141,-4.899316,0.771658,-0.030197,0.000989,-0.996224,0.081387,0.053199,-0.020862,0.217511,0.160838,-0.194521,-0.154415,-0.250680,-0.197145,-0.085610,0.966505,-0.201570,0.047756,-0.189360,-0.016774,0.197539,-0.020639,0.271973,-0.238485,1.039847,0.003271,0.046984,0.294045,0.054104,-0.053903,-0.097752,1.133136,-0.040183,-0.110804,0.139691
-4.946598,-4.904658,0.771901,-0.029665,0.003507,-0.995268,0.092465,0.070480,-0.029420,0.195749,0.133492,-0.186943,-0.154305,-0.281149,-0.171341,-0.127880,0.882727,-0.195151,0.056877,-0.188019,-0.019899,0.198057,-0.020460,0.272942,-0.236036,1.028142,0.008737,0.046170,0.292804,0.059766,-0.059944,-0.060068,1.154601,-0.104455,-0.095186,0.066433
-4.952106,-4.909549,0.771801,-0.027264,0.004471,-0.994120,0.104695,0.073626,-0.038211,0.174598,0.127054,-0.189758,-0.153848,-0.312408,-0.153936,-0.176210,0.791174,-0.180456,0.047280,-0.187641,-0.021920,0.196279,-0.016577,0.266752,-0.230302,1.015945,0.017435,0.045697,0.295710,0.063182,-0.065004,-0.059236,1.178934,-0.086349,-0.102110,0.075973
-4.956814,-4.914242,0.771433,-0.023513,0.005022,-0.993153,0.114317,0.072221,-0.047140,0.160723,0.125379,-0.195705,-0.152126,-0.343060,-0.103655,-0.181084,0.660088,-0.129421,0.059011,-0.181769,-0.024110,0.193938,-0.012581,0.256617,-0.224997,1.010910,0.014315,0.042531,0.296745,0.055448,-0.072101,-0.047533,1.212292,-0.102331,-0.086460,0.041059
-4.964443,-4.917981,0.771444,-0.019486,0.006136,-0.991081,0.131682,0.072130,-0.054156,0.128407,0.123472,-0.201735,-0.150056,-0.342695,-0.031014,-0.145652,0.454696,-0.053772,0.115091,-0.187964,-0.028362,0.183677,0.000810,0.248433,-0.230251,1.015500,0.007445,0.040720,0.302457,0.061233,-0.074449,-0.021476,1.218491,-0.153396,-0.038962,-0.012186
-4.967358,-4.923497,0.769228,-0.016979,-0.000158,-0.990963,0.133060,0.074815,-0.078268,0.127098,0.120749,-0.196711,-0.145585,-0.323391,0.016537,-0.100716,0.209620,0.061998,0.180354,-0.177142,-0.042225,0.189798,0.010534,0.233025,-0.225165,1.026249,-0.001592,0.038238,0.301988,0.050532,-0.090084,0.015311,1.221540,-0.163115,-0.034038,-0.030531
-4.973853,-4.928594,0.766336,-0.018881,-0.011584,-0.989456,0.143127,0.093618,-0.112570,0.110764,0.119019,-0.207552,-0.137209,-0.339020,0.026646,-0.084964,0.107383,0.082417,0.217177,-0.187328,-0.067326,0.195517,0.034631,0.220243,-0.229245,1.042295,-0.012759,0.038187,0.293014,0.042448,-0.099645,0.011333,1.221436,-0.165724,-0.005599,-0.037742
-4.980637,-4.933197,0.763007,-0.020016,-0.022878,-0.988036,0.151200,0.110232,-0.145293,0.098936,0.117206,-0.218898,-0.132217,-0.389970,0.024130,-0.096308,0.102698,0.053015,0.257869,-0.195551,-0.095296,0.200243,0.059556,0.212206,-0.238954,1.066653,-0.014747,0.041215,0.283330,0.038054,-0.105545,0.025128,1.207199,-0.172548,0.001598,-0.056232
-4.989307,-4.937375,0.760616,-0.019388,-0.027423,-0.986998,0.157183,0.125111,-0.160386,0.086440,0.116843,-0.233648,-0.129922,-0.431034,0.026596,-0.151853,0.103304,0.018635,0.261800,-0.205320,-0.109638,0.197530,0.088292,0.205249,-0.253457,1.099059,-0.032428,0.039512,0.280337,0.033368,-0.110737,0.031820,1.192303,-0.170326,0.004416,-0.062969
-4.996457,-4.941928,0.758581,-0.020823,-0.030253,-0.986527,0.159422,0.141712,-0.170891,0.080712,0.117421,-0.247853,-0.127847,-0.448002,0.023618,-0.252560,0.101349,0.003629,0.261800,-0.211337,-0.120219,0.204530,0.109993,0.198707,-0.267479,1.134285,-0.037820,0.046152,0.265873,0.021082,-0.115603,0.040000,1.169966,-0.184468,0.004779,-0.067488
-5.004919,-4.945741,0.755900,-0.020075,-0.034931,-0.985935,0.162202,0.155329,-0.185052,0.072659,0.119085,-0.261192,-0.124568,-0.448926,0.024106,-0.328783,0.092218,0.014326,0.261800,-0.218881,-0.134630,0.203105,0.131454,0.194050,-0.282554,1.169206,-0.056602,0.052334,0.255582,0.014800,-0.119974,0.049535,1.147514,-0.180644,-0.003285,-0.072964
-5.013717,-4.949526,0.754145,-0.015559,-0.035477,-0.986229,0.160782,0.160478,-0.189759,0.074654,0.119550,-0.276849,-0.120413,-0.442942,0.028230,-0.391068,0.091566,0.014161,0.261800,-0.218895,-0.140586,0.194494,0.151120,0.191289,-0.293518,1.195274,-0.072068,0.057205,0.250322,0.003717,-0.121625,0.046266,1.133795,-0.191939,0.006358,-0.068868
-5.022143,-4.955482,0.753151,-0.011187,-0.033264,-0.986508,0.159909,0.165665,-0.192139,0.074818,0.119256,-0.289850,-0.116232,-0.429258,0.034001,-0.423837,0.096391,-0.005705,0.261800,-0.216070,-0.137158,0.190511,0.164816,0.187704,-0.297719,1.209854,-0.072351,0.063826,0.241794,-0.011386,-0.123351,0.039251,1.123573,-0.190927,0.015800,-0.075647
-5.034244,-4.960824,0.751196,-0.007587,-0.031262,-0.987120,0.156717,0.179628,-0.191972,0.076875,0.119822,-0.307174,-0.117002,-0.402862,0.048184,-0.433673,0.097462,-0.014614,0.261800,-0.203980,-0.131942,0.177911,0.181159,0.182794,-0.297024,1.215535,-0.078320,0.064658,0.242414,-0.008371,-0.124611,0.034809,1.111805,-0.189318,0.016856,-0.076794
-5.045723,-4.967207,0.749040,-0.003538,-0.029305,-0.987740,0.153289,0.189991,-0.194051,0.081830,0.120275,-0.321419,-0.112567,-0.369351,0.053651,-0.439218,0.100273,-0.014563,0.261800,-0.191386,-0.128063,0.165205,0.194072,0.178323,-0.286874,1.208735,-0.072947,0.059456,0.237642,-0.006466,-0.134747,0.070148,1.122435,-0.232690,-0.001510,-0.108411
-5.059074,-4.973855,0.747709,0.001150,-0.022655,-0.988997,0.146186,0.200166,-0.183978,0.094145,0.121284,-0.338772,-0.110101,-0.320089,0.064223,-0.460721,0.101111,-0.020867,0.200040,-0.178671,-0.109678,0.150082,0.211314,0.171857,-0.270272,1.186213,-0.075729,0.054132,0.245011,-0.011570,-0.142399,0.073507,1.135731,-0.248210,-0.001857,-0.114465
-5.073248,-4.980362,0.746675,0.007222,-0.013901,-0.989915,0.140792,0.208531,-0.169976,0.104392,0.122347,-0.356067,-0.107757,-0.274811,0.068695,-0.530739,0.100449,-0.015802,0.140361,-0.165473,-0.088326,0.133355,0.216156,0.167053,-0.260226,1.170435,-0.052456,0.056579,0.248077,-0.014229,-0.142881,0.062801,1.148168,-0.230517,0.005290,-0.106127
-5.089220,-4.985988,0.748224,0.009759,0.002806,-0.991162,0.132265,0.224214,-0.133379,0.124393,0.123650,-0.368474,-0.111308,-0.277604,0.120351,-0.504583,0.102720,0.014101,-0.024329,-0.143928,-0.055472,0.120642,0.208381,0.166373,-0.261838,1.170881,-0.062979,0.050060,0.266233,-0.010005,-0.145181,0.094939,1.174454,-0.274066,-0.013689,-0.134864
-5.104489,-4.992318,0.749063,0.012615,0.006065,-0.992037,0.125169,0.241645,-0.129981,0.142852,0.124837,-0.363639,-0.105515,-0.271139,0.137123,-0.471877,0.103987,0.023359,-0.042426,-0.134089,-0.046004,0.109984,0.200588,0.164306,-0.253755,1.170372,-0.046322,0.059736,0.268020,-0.019911,-0.141129,0.097511,1.203498,-0.247125,-0.005670,-0.133847
-5.118864,-4.998513,0.752220,0.010992,0.010432,-0.993054,0.116677,0.266099,-0.121610,0.157545,0.125789,-0.348472,-0.102262,-0.243955,0.151252,-0.462403,0.105355,0.003326,-0.071898,-0.128214,-0.037154,0.109776,0.183697,0.165166,-0.253658,1.174668,-0.037505,0.079256,0.274843,-0.031514,-0.131974,0.113930,1.223255,-0.239639,0.002450,-0.130279
-5.132211,-5.005485,0.755846,0.010968,0.013753,-0.993816,0.109633,0.285059,-0.117958,0.169576,0.126581,-0.329480,-0.101879,-0.222232,0.159023,-0.446229,0.106694,-0.013194,-0.079692,-0.129510,-0.028368,0.106795,0.165037,0.169607,-0.260565,1.164169,-0.059561,0.043897,0.272034,-0.039473,-0.122788,0.122153,1.223807,-0.240422,0.005826,-0.115152
-5.146350,-5.011521,0.760307,0.007348,0.004841,-0.994514,0.104231,0.308228,-0.139174,0.179936,0.146525,-0.311390,0.062132,-0.190978,0.142624,-0.413944,0.109337,-0.023871,-0.062751,-0.126705,-0.049245,0.108229,0.140962,0.182892,-0.266733,1.153784,-0.037211,0.059102,0.269322,-0.034079,-0.109316,0.120304,1.200965,-0.250410,0.009598,-0.097860
-5.160201,-5.018022,0.762357,0.003598,0.007819,-0.993260,0.115590,0.291623,-0.123029,0.171770,0.233441,-0.305280,0.059709,-0.160656,0.140438,-0.425173,0.110542,-0.044704,-0.076886,-0.150556,-0.043155,0.107859,0.115510,0.197134,-0.273368,1.137714,-0.021906,0.057972,0.263043,-0.016317,-0.101081,0.111214,1.167513,-0.257753,0.000485,-0.094980
-5.176469,-5.023079,0.763447,0.002812,0.010859,-0.992474,0.121940,0.274912,-0.104317,0.168758,0.313632,-0.292278,0.044120,-0.135358,0.145620,-0.426660,0.111655,-0.066657,-0.093258,-0.155067,-0.039117,0.094098,0.092263,0.213357,-0.276007,1.116221,0.000360,0.059087,0.260166,0.011458,-0.085270,0.065111,1.112343,-0.212181,0.004853,-0.052052
-5.190237,-5.029519,0.764077,-0.001378,0.014617,-0.989777,0.141867,0.245135,-0.083102,0.127426,0.423562,-0.280014,0.004372,-0.102252,0.141553,-0.455087,0.111643,-0.091168,-0.083004,-0.178392,-0.032580,0.092297,0.060417,0.225547,-0.269507,1.087362,0.013009,0.061767,0.260805,0.036227,-0.082563,0.056786,1.084991,-0.194104,0.000958,-0.052945
-5.204197,-5.034415,0.764564,-0.002167,0.017998,-0.987563,0.156177,0.206364,-0.066431,0.082098,0.529212,-0.252804,-0.062183,-0.074877,0.141850,-0.481819,0.111453,-0.121376,-0.086737,-0.190185,-0.026589,0.083165,0.037796,0.234147,-0.248407,1.044980,0.030013,0.060321,0.260009,0.054707,-0.083438,0.052099,1.079795,-0.185437,0.000562,-0.051584
-5.217675,-5.038144,0.764409,-0.004683,0.020221,-0.983671,0.178776,0.156410,-0.057645,0.007776,0.655042,-0.218388,-0.162512,-0.045771,0.140535,-0.517575,0.110473,-0.149927,-0.093787,-0.213430,-0.027245,0.079419,0.015084,0.244780,-0.237376,0.999815,0.033881,0.056084,0.270836,0.066986,-0.084840,0.060006,1.092481,-0.186158,-0.010721,-0.066922
-5.227098,-5.042428,0.764163,-0.011507,0.018738,-0.983434,0.179930,0.131401,-0.054541,0.001947,0.747245,-0.175321,-0.261800,-0.014281,0.138727,-0.519376,0.113513,-0.161683,-0.085498,-0.198978,-0.032000,0.097466,-0.008399,0.251947,-0.218890,0.950168,0.035851,0.047769,0.281229,0.057348,-0.088989,0.066595,1.121838,-0.183673,-0.007669,-0.062982
-5.236278,-5.046555,0.764193,-0.019144,0.015941,-0.983228,0.180671,0.105640,-0.018736,0.056686,0.839479,-0.190667,-0.261800,0.018089,0.134415,-0.516695,0.117811,-0.174841,-0.080410,-0.189757,-0.038106,0.115624,-0.020559,0.255427,-0.202840,0.908101,0.054086,0.042953,0.295151,0.043577,-0.093833,0.077832,1.154137,-0.179430,0.002457,-0.067956
-5.244769,-5.048736,0.764252,-0.024484,0.017855,-0.984437,0.173106,0.052595,0.101133,0.163381,0.967610,-0.262860,-0.261800,0.040924,0.147844,-0.494908,0.114129,-0.176804,-0.082459,-0.173162,-0.034700,0.130798,-0.021542,0.257521,-0.184408,0.872458,0.067077,0.039015,0.302857,0.023632,-0.098962,0.099195,1.181375,-0.183228,0.016226,-0.078143
-5.253795,-5.051326,0.765058,-0.033450,0.020885,-0.985343,0.165966,0.023421,0.227026,0.244187,1.041668,-0.310108,-0.251067,0.074491,0.162448,-0.477694,0.110654,-0.171837,-0.085435,-0.158868,-0.030583,0.150236,-0.016939,0.257685,-0.169082,0.853303,0.066268,0.037428,0.303899,0.018844,-0.101664,0.097139,1.174982,-0.209597,0.017268,-0.076467
-5.258718,-5.054478,0.765311,-0.031710,0.017075,-0.987808,0.151456,-0.017660,0.309109,0.323686,1.056929,-0.358379,-0.199120,0.080339,0.154967,-0.460493,0.112247,-0.187732,-0.094441,-0.138926,-0.038099,0.155857,-0.013859,0.256781,-0.157456,0.854164,0.066518,0.035643,0.303913,0.002441,-0.107256,0.103624,1.164213,-0.198712,0.010491,-0.073172
-5.264972,-5.058084,0.765781,-0.031055,0.014499,-0.989118,0.143079,-0.054199,0.366969,0.367502,1.018355,-0.389503,-0.175007,0.089999,0.148919,-0.445857,0.113351,-0.195420,-0.090398,-0.129846,-0.044216,0.158468,-0.005365,0.254866,-0.155416,0.876090,0.054282,0.031627,0.306868,-0.001689,-0.109464,0.095915,1.139475,-0.222187,0.002842,-0.074992
-5.270616,-5.061708,0.766334,-0.030685,0.012487,-0.990631,0.132489,-0.091042,0.406379,0.394884,0.943454,-0.388608,-0.158180,0.094502,0.146561,-0.407683,0.114781,-0.186732,-0.070638,-0.121203,-0.051613,0.161584,0.008063,0.252078,-0.152806,0.912341,0.046167,0.032649,0.303825,-0.007895,-0.108685,0.084207,1.113682,-0.216986,0.002286,-0.072596
-5.276017,-5.065430,0.766546,-0.027977,0.012837,-0.991199,0.128753,-0.141620,0.425271,0.380555,0.834892,-0.358878,-0.178317,0.097042,0.142632,-0.408244,0.115003,-0.194390,-0.069760,-0.123295,-0.055394,0.160113,0.020906,0.248615,-0.157196,0.961756,0.025840,0.027870,0.300143,-0.013597,-0.107404,0.079705,1.097286,-0.233983,-0.006389,-0.070187
-5.283386,-5.068335,0.766740,-0.025996,0.013810,-0.992809,0.116031,-0.164344,0.455129,0.399184,0.699860,-0.323967,-0.208239,0.107867,0.142094,-0.406656,0.115660,-0.210552,-0.084730,-0.106763,-0.058109,0.156723,0.042446,0.245702,-0.166447,1.012196,-0.001713,0.016962,0.314283,-0.017903,-0.104105,0.067850,1.097892,-0.245572,-0.021439,-0.074284
-5.288430,-5.072629,0.766592,-0.025235,0.013347,-0.993312,0.111876,-0.192356,0.467766,0.399939,0.565475,-0.288287,-0.215299,0.111688,0.139581,-0.387814,0.116131,-0.205219,-0.067565,-0.104374,-0.063797,0.160245,0.059910,0.240979,-0.178154,1.063802,0.005366,0.017521,0.318107,-0.021905,-0.101751,0.060384,1.094972,-0.246335,-0.020201,-0.074929
-5.293939,-5.077389,0.766150,-0.022560,0.015437,-0.993759,0.108143,-0.223050,0.480481,0.390928,0.435724,-0.248217,-0.226687,0.111345,0.141694,-0.372222,0.116557,-0.206996,-0.061478,-0.102697,-0.063087,0.157460,0.083047,0.234134,-0.204128,1.105233,0.010423,-0.001858,0.363758,-0.029823,-0.104576,0.067481,1.118620,-0.284737,-0.039643,-0.092627
-5.300091,-5.083331,0.765684,-0.023903,0.016947,-0.993802,0.107234,-0.238711,0.482780,0.365635,0.303966,-0.209455,-0.249330,0.129351,0.135644,-0.386318,0.116245,-0.218275,-0.056681,-0.096271,-0.061029,0.160161,0.106790,0.223091,-0.185943,1.135427,-0.033466,-0.007346,0.367188,-0.019326,-0.106495,0.058078,1.119315,-0.254901,-0.024920,-0.075017
-5.306233,-5.089333,0.765163,-0.024537,0.019325,-0.994003,0.104798,-0.252604,0.486640,0.326271,0.190709,-0.172533,-0.261800,0.141668,0.135049,-0.382882,0.116433,-0.228051,-0.053596,-0.093351,-0.056731,0.160613,0.136726,0.215067,-0.187417,1.155753,-0.069432,-0.017399,0.381600,-0.022425,-0.109116,0.059264,1.149778,-0.224365,-0.014579,-0.060423
-5.310878,-5.096195,0.763821,-0.025409,0.022289,-0.994012,0.103908,-0.274651,0.491596,0.280077,0.123541,-0.156440,-0.261800,0.149377,0.136447,-0.368330,0.116624,-0.225679,-0.028796,-0.089244,-0.048992,0.164984,0.159211,0.206652,-0.182492,1.165020,-0.107255,-0.036499,0.391170,-0.016689,-0.113059,0.064152,1.159715,-0.247685,-0.012782,-0.079613
-5.317173,-5.103722,0.763691,-0.026722,0.024229,-0.993912,0.104106,-0.301300,0.502047,0.261134,0.120572,-0.157383,-0.261800,0.165009,0.130349,-0.375397,0.116903,-0.236666,-0.032195,-0.085347,-0.044098,0.165185,0.180826,0.201760,-0.178144,1.167336,-0.106219,-0.039836,0.387684,-0.003818,-0.115165,0.065783,1.171965,-0.233092,-0.011784,-0.082293
-5.323389,-5.111485,0.763890,-0.027038,0.024054,-0.994082,0.102431,-0.305989,0.509748,0.278024,0.123186,-0.153622,-0.261800,0.178955,0.119269,-0.376585,0.116963,-0.242866,-0.025416,-0.080846,-0.041920,0.165257,0.197252,0.196548,-0.165919,1.165084,-0.103386,-0.035594,0.378860,0.005273,-0.116935,0.063579,1.183565,-0.214815,-0.004287,-0.080677
-5.329391,-5.119674,0.763808,-0.026697,0.024037,-0.994098,0.102365,-0.299328,0.508284,0.290719,0.127461,-0.146478,-0.261800,0.188070,0.109868,-0.368195,0.117269,-0.245182,-0.016418,-0.081163,-0.041241,0.163708,0.209861,0.194154,-0.151900,1.160393,-0.129547,-0.046258,0.374930,0.008660,-0.116437,0.073648,1.208154,-0.227027,-0.010215,-0.079254
-5.334504,-5.129532,0.763670,-0.024406,0.025772,-0.994184,0.101677,-0.309389,0.503966,0.286222,0.176003,-0.161948,-0.261800,0.193580,0.099265,-0.367243,0.117367,-0.248327,-0.005984,-0.077184,-0.034779,0.161767,0.210055,0.192008,-0.139733,1.154166,-0.132563,-0.042300,0.362497,0.013766,-0.118484,0.076503,1.222032,-0.215559,-0.012050,-0.080088
-5.341943,-5.140440,0.763039,-0.020885,0.027360,-0.993972,0.104094,-0.312445,0.486402,0.269131,0.222136,-0.181043,-0.254578,0.201823,0.086649,-0.373750,0.117211,-0.254999,0.007597,-0.085428,-0.028029,0.148626,0.213035,0.191631,-0.139479,1.154119,-0.114310,-0.032418,0.346414,0.032593,-0.118629,0.076710,1.210794,-0.212761,0.000583,-0.073535
-5.349055,-5.153475,0.761946,-0.018732,0.031167,-0.994386,0.099366,-0.298427,0.465937,0.255688,0.273169,-0.206924,-0.247280,0.209156,0.077463,-0.360745,0.117769,-0.256651,0.024182,-0.081743,-0.014185,0.141152,0.211449,0.188795,-0.146752,1.153522,-0.089654,-0.021987,0.326540,0.033359,-0.124389,0.082452,1.227626,-0.193267,-0.001263,-0.068930
-5.356431,-5.166476,0.762262,-0.011109,0.030623,-0.994864,0.095839,-0.289020,0.422483,0.233821,0.314616,-0.187171,-0.243591,0.204778,0.056371,-0.349963,0.118592,-0.257633,0.042060,-0.085088,-0.010362,0.125668,0.207392,0.187688,-0.140868,1.146439,-0.097151,-0.024852,0.307048,0.036639,-0.126019,0.076990,1.229557,-0.216609,-0.005687,-0.068731
-5.363456,-5.181048,0.763097,-0.003049,0.027935,-0.995651,0.088825,-0.282628,0.373589,0.180274,0.288273,-0.125164,-0.239145,0.198398,0.027026,-0.334470,0.119304,-0.250928,0.065268,-0.088257,-0.010333,0.111241,0.198500,0.185536,-0.142713,1.145698,-0.078679,-0.003094,0.297836,0.030163,-0.128009,0.071683,1.226543,-0.198991,0.000357,-0.071862
-5.370036,-5.196057,0.765331,0.002382,0.022150,-0.996122,0.085111,-0.293680,0.341433,0.182641,0.315168,-0.073260,-0.210413,0.199101,-0.011161,-0.331006,0.120541,-0.249249,0.071223,-0.093181,-0.017049,0.102729,0.178417,0.188611,-0.155448,1.153463,-0.082408,-0.004905,0.277805,0.022345,-0.127032,0.064489,1.232038,-0.200222,-0.008726,-0.089905
-5.379008,-5.210832,0.767055,0.002974,0.011403,-0.996580,0.081793,-0.276397,0.308437,0.208847,0.336340,-0.095926,-0.191773,0.215424,-0.059152,-0.325684,0.119333,-0.242784,0.144924,-0.098350,-0.038466,0.095235,0.165790,0.198558,-0.169684,1.157257,-0.071202,0.012484,0.278282,0.028650,-0.116859,0.062365,1.218804,-0.188461,0.002258,-0.103869
-5.383664,-5.226702,0.768680,0.003930,0.007835,-0.996374,0.084635,-0.272803,0.281470,0.217615,0.351862,-0.115290,-0.177539,0.224389,-0.092351,-0.328672,0.116968,-0.218739,0.209978,-0.107103,-0.044327,0.100663,0.136071,0.209090,-0.176672,1.149972,-0.042024,0.025965,0.259668,0.029609,-0.109735,0.053856,1.195323,-0.215718,-0.008454,-0.090502
-5.390010,-5.242641,0.771131,0.004797,0.006750,-0.996689,0.080882,-0.253153,0.258656,0.236141,0.348288,-0.132347,-0.159582,0.236971,-0.122239,-0.333049,0.117076,-0.201570,0.216578,-0.109852,-0.040177,0.100712,0.118597,0.217004,-0.194127,1.141099,-0.021121,0.022270,0.277872,0.025991,-0.109777,0.057490,1.179446,-0.219299,-0.005630,-0.069394
-5.397740,-5.258911,0.773599,0.000133,0.001567,-0.997066,0.076531,-0.213349,0.230910,0.267193,0.337630,-0.154366,-0.137381,0.257975,-0.157984,-0.322414,0.116232,-0.166845,0.248005,-0.109370,-0.043117,0.106006,0.107518,0.219026,-0.162134,1.101997,-0.003853,0.037939,0.271890,0.023274,-0.114962,0.067018,1.167657,-0.243215,-0.005258,-0.063296
-5.403916,-5.274981,0.775181,-0.003934,0.001024,-0.997254,0.073944,-0.193343,0.212115,0.280550,0.352842,-0.184587,-0.116071,0.273022,-0.179090,-0.301814,0.117086,-0.129564,0.240709,-0.114629,-0.035174,0.112017,0.093485,0.219119,-0.153035,1.076504,0.033547,0.052268,0.270605,0.014360,-0.121010,0.065691,1.165638,-0.223000,-0.010299,-0.071054
-5.411050,-5.289386,0.776668,-0.010631,-0.000796,-0.997501,0.069840,-0.157271,0.191243,0.294657,0.350089,-0.205871,-0.098803,0.291725,-0.205869,-0.296220,0.131562,-0.106763,0.261800,-0.117189,-0.031836,0.120379,0.084845,0.225749,-0.143579,1.050505,0.027900,0.042194,0.268834,0.010247,-0.124289,0.064005,1.159081,-0.256953,-0.014154,-0.089938
-5.418174,-5.303123,0.777847,-0.019161,0.001907,-0.997615,0.066282,-0.128722,0.184354,0.303235,0.368266,-0.236519,-0.085230,0.315180,-0.218290,-0.292978,0.143033,-0.086360,0.261800,-0.120420,-0.022893,0.131976,0.074501,0.231246,-0.145239,1.032687,0.069474,0.058288,0.270541,0.013988,-0.125982,0.060854,1.137776,-0.239690,-0.000672,-0.090245
-5.423748,-5.316193,0.779527,-0.028880,0.003956,-0.997550,0.063595,-0.089923,0.172173,0.313122,0.361867,-0.252844,-0.068081,0.331799,-0.233051,-0.290406,0.163747,-0.059474,0.261800,-0.126319,-0.016262,0.151319,0.060897,0.240034,-0.144572,1.021587,0.093999,0.067822,0.267453,0.006875,-0.128424,0.056858,1.131286,-0.245902,-0.008440,-0.089737
-5.428378,-5.328646,0.780365,-0.037568,0.002689,-0.997711,0.056165,-0.046384,0.154030,0.334602,0.345114,-0.264640,-0.054430,0.304049,-0.266966,-0.274160,0.264894,-0.062472,0.261800,-0.123359,-0.016673,0.169898,0.047018,0.247157,-0.142901,1.019567,0.113630,0.075886,0.268137,-0.002114,-0.130898,0.062080,1.127261,-0.241229,0.000668,-0.086663
-5.432636,-5.340479,0.780134,-0.038185,-0.001828,-0.997983,0.050672,-0.022333,0.125727,0.353296,0.325201,-0.271223,-0.041378,0.239638,-0.317197,-0.264707,0.410086,-0.086635,0.240754,-0.123323,-0.023009,0.172117,0.035262,0.253522,-0.146851,1.022313,0.111163,0.078304,0.262811,-0.002947,-0.135018,0.068050,1.113154,-0.240613,-0.005385,-0.098831
-5.435718,-5.351784,0.778791,-0.032247,-0.007855,-0.998269,0.048557,-0.023020,0.093255,0.365393,0.316943,-0.280239,-0.026908,0.157813,-0.366914,-0.247631,0.551894,-0.099226,0.216328,-0.124759,-0.031252,0.163318,0.018887,0.260285,-0.160529,1.035593,0.116072,0.081575,0.255792,-0.000816,-0.137856,0.063104,1.103564,-0.244476,0.003200,-0.096916
-5.438614,-5.361289,0.777514,-0.027776,-0.014039,-0.998713,0.040041,-0.013158,0.064072,0.387745,0.297215,-0.285544,-0.016782,0.079603,-0.416859,-0.232397,0.675082,-0.087847,0.196171,-0.125199,-0.042262,0.157078,0.016492,0.267821,-0.165451,1.041750,0.096536,0.077557,0.243502,-0.010892,-0.136806,0.057184,1.111993,-0.245399,-0.004206,-0.094287
-5.442406,-5.371457,0.777151,-0.031395,-0.014110,-0.998597,0.040249,0.005953,0.046526,0.389156,0.289515,-0.296038,-0.010309,0.048457,-0.447999,-0.241166,0.754242,-0.062121,0.160874,-0.132359,-0.043699,0.163865,0.006971,0.272686,-0.189876,1.063780,0.113293,0.088008,0.243686,-0.005123,-0.138671,0.061599,1.111403,-0.249321,-0.011693,-0.098502
-5.445323,-5.380343,0.777067,-0.035961,-0.012716,-0.998683,0.034305,0.031874,0.035316,0.400124,0.273625,-0.303057,-0.004389,0.003061,-0.474805,-0.237117,0.841082,-0.040509,0.125317,-0.132946,-0.041576,0.173926,0.004875,0.273155,-0.199221,1.076154,0.081824,0.083440,0.228955,-0.006034,-0.139832,0.071357,1.120597,-0.264649,-0.005844,-0.105278
-5.448506,-5.388625,0.776863,-0.038080,-0.011702,-0.998559,0.035951,0.044386,0.022817,0.396970,0.267607,-0.309666,0.002025,-0.045901,-0.507038,-0.247189,0.939299,-0.033805,0.072723,-0.139214,-0.042121,0.178701,0.000505,0.269308,-0.210779,1.090348,0.096457,0.093233,0.228766,0.010297,-0.140103,0.066152,1.110552,-0.275947,-0.028428,-0.099239
-5.450986,-5.395232,0.775743,-0.041109,-0.013637,-0.998587,0.030796,0.063542,0.007462,0.408508,0.255118,-0.313960,0.013039,-0.106524,-0.543946,-0.246188,1.040653,-0.050785,0.042321,-0.141292,-0.049309,0.186163,0.005758,0.263906,-0.209988,1.092617,0.106469,0.101816,0.227225,0.007911,-0.139382,0.053306,1.124971,-0.235999,-0.015560,-0.090337
-5.454561,-5.401518,0.774656,-0.042063,-0.015023,-0.998343,0.036290,0.069862,-0.007813,0.399035,0.255194,-0.321162,0.020003,-0.155548,-0.511285,-0.188670,1.094904,-0.070343,0.024033,-0.150665,-0.055069,0.183216,0.007484,0.258508,-0.218205,1.102013,0.088929,0.094561,0.220246,0.025769,-0.135320,0.039551,1.129333,-0.238353,-0.022882,-0.093404
-5.456469,-5.406684,0.774058,-0.041561,-0.014543,-0.998419,0.034936,0.075058,-0.015874,0.401729,0.249985,-0.326594,0.026018,-0.220000,-0.420660,-0.092872,1.126802,-0.086266,0.017552,-0.154738,-0.057368,0.182467,0.015119,0.254912,-0.224406,1.104195,0.103106,0.097738,0.218809,0.038886,-0.131824,0.051746,1.126229,-0.319903,-0.095818,-0.125208
-5.458457,-5.410653,0.774206,-0.040549,-0.010914,-0.998494,0.035306,0.070407,-0.011428,0.400680,0.262144,-0.336472,0.029535,-0.262673,-0.360047,-0.078569,1.132143,-0.125005,0.029444,-0.156542,-0.053932,0.179765,0.019417,0.248998,-0.229664,1.109371,0.083533,0.090245,0.206777,0.056613,-0.128751,0.043081,1.140746,-0.323789,-0.170799,-0.164399
-5.460692,-5.414278,0.774342,-0.041515,-0.008101,-0.998478,0.035387,0.075044,-0.010194,0.399537,0.264978,-0.343193,0.031781,-0.292030,-0.321545,-0.098211,1.119673,-0.157426,0.021157,-0.153271,-0.054545,0.183125,0.023522,0.241307,-0.236966,1.115611,0.114158,0.098106,0.206738,0.069865,-0.122780,0.058221,1.171752,-0.222870,-0.124652,-0.147585
-5.462745,-5.417316,0.773801,-0.039363,-0.006343,-0.998443,0.039021,0.062212,-0.007707,0.393996,0.287740,-0.355689,0.038885,-0.329035,-0.278454,-0.112641,1.094042,-0.171708,0.026192,-0.160708,-0.056268,0.177383,0.029886,0.237729,-0.242982,1.121251,0.115635,0.097065,0.200999,0.074912,-0.118068,0.047949,1.189353,-0.172707,-0.058645,-0.128890
-5.464641,-5.420763,0.773296,-0.040370,-0.007254,-0.998354,0.040076,0.071436,-0.017869,0.391536,0.278407,-0.355761,0.044850,-0.359624,-0.239062,-0.121473,1.057808,-0.183124,0.019146,-0.162430,-0.062666,0.180008,0.036338,0.233993,-0.246838,1.122962,0.101853,0.091091,0.191976,0.078387,-0.114689,0.036287,1.194443,-0.174520,-0.030616,-0.106834
-5.466578,-5.423434,0.772968,-0.041675,-0.008927,-0.998193,0.042357,0.081972,-0.029475,0.386508,0.266224,-0.352779,0.050601,-0.387429,-0.193965,-0.121556,1.008522,-0.168671,0.028642,-0.165069,-0.071099,0.182078,0.040155,0.231250,-0.258483,1.130466,0.099777,0.089496,0.180513,0.085790,-0.113478,0.030562,1.210884,-0.153782,-0.007782,-0.111613
-5.468373,-5.426221,0.772674,-0.039889,-0.009385,-0.998025,0.047607,0.079338,-0.036650,0.378099,0.266115,-0.354489,0.055157,-0.416405,-0.146562,-0.119025,0.948240,-0.138657,0.044939,-0.171953,-0.076116,0.179145,0.041710,0.230018,-0.261128,1.141351,0.101962,0.089366,0.175855,0.094362,-0.110232,0.034406,1.205598,-0.185074,-0.012826,-0.093886
-5.470120,-5.428514,0.772807,-0.038834,-0.009309,-0.997905,0.050909,0.084677,-0.043508,0.372121,0.252984,-0.350605,0.058135,-0.443300,-0.075544,-0.085965,0.871750,-0.090145,0.072662,-0.173215,-0.080189,0.178150,0.041162,0.229238,-0.269161,1.151892,0.105354,0.091463,0.170681,0.099961,-0.107271,0.035096,1.201287,-0.196484,-0.006462,-0.093466
-5.472409,-5.430963,0.773121,-0.039334,-0.009385,-0.997645,0.055404,0.099887,-0.053290,0.362896,0.226779,-0.341137,0.059433,-0.453288,-0.056555,-0.111781,0.813637,-0.077664,0.080811,-0.173260,-0.083485,0.180214,0.039502,0.226575,-0.267958,1.157239,0.127544,0.110856,0.176055,0.108416,-0.106841,0.025357,1.194835,-0.174272,0.013969,-0.090373
-5.474199,-5.433142,0.773193,-0.039339,-0.009827,-0.997338,0.060604,0.107478,-0.061113,0.353397,0.213622,-0.336139,0.062423,-0.467148,-0.030218,-0.133608,0.759239,-0.057590,0.084549,-0.184602,-0.086431,0.175358,0.041899,0.225971,-0.264739,1.161583,0.110263,0.113340,0.177491,0.103160,-0.105493,0.028286,1.205494,-0.194556,0.007470,-0.103704
-5.475951,-5.435298,0.773297,-0.038528,-0.009959,-0.997165,0.063868,0.116519,-0.068842,0.347567,0.193929,-0.328638,0.064992,-0.481768,0.002249,-0.144215,0.702531,-0.040310,0.074631,-0.186647,-0.090298,0.179168,0.046846,0.231097,-0.255181,1.152880,0.118971,0.107009,0.171431,0.103322,-0.104591,0.019915,1.183871,-0.200359,-0.005820,-0.096148
-5.478740,-5.437529,0.773473,-0.036474,-0.010034,-0.996750,0.071121,0.123227,-0.077019,0.333691,0.174974,-0.320798,0.067088,-0.495472,0.056936,-0.117331,0.649679,-0.031740,0.085723,-0.184501,-0.092399,0.177127,0.042512,0.233710,-0.262141,1.147962,0.103887,0.102066,0.163809,0.109622,-0.105259,0.023330,1.180944,-0.201929,0.010133,-0.093015
-5.480560,-5.439636,0.773454,-0.035337,-0.010848,-0.996974,0.068388,0.142922,-0.088327,0.337085,0.133606,-0.303884,0.066834,-0.500749,0.075778,-0.143258,0.610486,-0.009986,0.095124,-0.176542,-0.096384,0.179306,0.044449,0.233527,-0.259839,1.138913,0.123220,0.110832,0.176966,0.093308,-0.107584,0.038256,1.186243,-0.146145,0.046407,-0.097121
-5.483163,-5.442266,0.773084,-0.036826,-0.012469,-0.996655,0.071878,0.151860,-0.096657,0.330233,0.130264,-0.306781,0.066569,-0.506239,0.097242,-0.155133,0.592481,-0.005475,0.098385,-0.179355,-0.100456,0.182550,0.044126,0.234859,-0.267917,1.138029,0.133573,0.111675,0.177960,0.093267,-0.109181,0.035869,1.166205,-0.190051,0.008356,-0.099417
-5.483928,-5.444973,0.772587,-0.034317,-0.012594,-0.996530,0.074779,0.147752,-0.102783,0.323154,0.129320,-0.306098,0.065663,-0.510292,0.108337,-0.185229,0.564905,-0.002256,0.095395,-0.176254,-0.100475,0.185780,0.035330,0.240992,-0.257669,1.142211,0.087569,0.071316,0.142059,0.084558,-0.108747,0.027360,1.149829,-0.180416,0.010736,-0.102840
-5.486391,-5.447752,0.771999,-0.033363,-0.012552,-0.996639,0.073760,0.151473,-0.106935,0.324556,0.126763,-0.311425,0.060480,-0.502414,0.127001,-0.204476,0.530109,0.003779,0.100598,-0.174491,-0.100716,0.184683,0.033056,0.242122,-0.274549,1.150306,0.144190,0.084646,0.159479,0.076282,-0.108435,0.031859,1.137174,-0.192328,0.012282,-0.103225
-5.488940,-5.450365,0.771202,-0.031285,-0.013716,-0.996517,0.076075,0.151548,-0.114207,0.320323,0.125708,-0.314107,0.059531,-0.484717,0.147934,-0.208695,0.473069,0.026627,0.138019,-0.175865,-0.102833,0.182950,0.030558,0.241309,-0.284716,1.151906,0.157191,0.084294,0.157034,0.067684,-0.109245,0.027975,1.115100,-0.212953,0.016055,-0.106845
-5.490810,-5.453238,0.770621,-0.027401,-0.014971,-0.996278,0.080347,0.144892,-0.121503,0.314813,0.126856,-0.313634,0.060831,-0.467256,0.162857,-0.215883,0.412230,0.040964,0.144726,-0.180971,-0.104086,0.179605,0.021786,0.232008,-0.289329,1.151793,0.188432,0.116438,0.173592,0.051551,-0.102732,-0.031387,1.131589,-0.214106,0.033472,-0.111933
-5.493864,-5.456339,0.769743,-0.026794,-0.016885,-0.996046,0.083003,0.149425,-0.130707,0.309025,0.124451,-0.315205,0.058954,-0.441711,0.173079,-0.223937,0.365236,0.035368,0.149265,-0.181520,-0.107616,0.177954,0.016522,0.231274,-0.280327,1.152639,0.136382,0.099431,0.154027,0.055265,-0.103604,0.009228,1.082639,-0.226841,0.030090,-0.123344
-5.496600,-5.459302,0.768945,-0.023870,-0.017899,-0.995977,0.084502,0.148691,-0.138306,0.305647,0.123194,-0.319944,0.058427,-0.406805,0.185773,-0.227810,0.291723,0.045761,0.156337,-0.185513,-0.108709,0.170766,0.013979,0.231966,-0.291393,1.157396,0.155658,0.098419,0.153891,0.048111,-0.104019,0.009285,1.079349,-0.225184,0.021527,-0.094308
-5.501379,-5.462500,0.768229,-0.021556,-0.018292,-0.995504,0.090403,0.151567,-0.144198,0.293803,0.122162,-0.325462,0.057893,-0.394548,0.185632,-0.242567,0.281122,0.003678,0.085332,-0.189271,-0.109138,0.161587,0.015246,0.231706,-0.298313,1.156885,0.144028,0.086909,0.141448,0.054367,-0.103882,0.016297,1.072789,-0.234649,0.002951,-0.115484
-5.505048,-5.465471,0.767063,-0.018500,-0.020502,-0.995282,0.093012,0.151933,-0.154405,0.287040,0.120697,-0.329801,0.058218,-0.346355,0.196832,-0.243336,0.199289,0.008247,0.095667,-0.190002,-0.114640,0.158522,0.015720,0.228604,-0.290223,1.151283,0.183575,0.096957,0.153852,0.050432,-0.103349,0.019300,1.074051,-0.218672,0.002534,-0.107157
-5.507955,-5.469080,0.765182,-0.015847,-0.024014,-0.995249,0.093011,0.152455,-0.168356,0.286124,0.119634,-0.335038,0.057424,-0.293624,0.201718,-0.261126,0.122469,0.017085,0.105212,-0.185035,-0.117538,0.156034,0.008274,0.222439,-0.289204,1.150426,0.173045,0.093323,0.150076,0.049009,-0.104421,0.007766,1.070577,-0.215756,0.010777,-0.100921
-5.512466,-5.472808,0.763193,-0.014517,-0.027029,-0.994816,0.096949,0.157811,-0.181253,0.277827,0.119581,-0.342430,0.058457,-0.264487,0.190843,-0.312085,0.122155,-0.025849,0.110591,-0.185272,-0.121738,0.151538,0.004747,0.219545,-0.293729,1.151945,0.178517,0.093662,0.151244,0.053480,-0.107316,0.013570,1.077700,-0.222474,0.016727,-0.104259
-5.517882,-5.476891,0.760691,-0.012489,-0.031047,-0.994204,0.102164,0.163373,-0.197340,0.266706,0.119643,-0.351173,0.058666,-0.229045,0.169966,-0.383193,0.122053,-0.067108,0.118478,-0.181927,-0.125632,0.143636,0.000911,0.213649,-0.306551,1.154804,0.172003,0.089921,0.151972,0.065218,-0.110271,0.003908,1.085554,-0.201533,0.023109,-0.085871
-5.522776,-5.482179,0.757151,-0.011001,-0.035716,-0.993761,0.105079,0.172379,-0.214459,0.267801,0.119943,-0.368137,0.056878,-0.183569,0.133535,-0.477713,0.122440,-0.100318,0.125329,-0.181571,-0.126789,0.134966,0.002453,0.209044,-0.312483,1.153925,0.181646,0.090766,0.153123,0.073014,-0.115157,0.010326,1.087399,-0.205525,0.027507,-0.097897
-5.528116,-5.487833,0.753293,-0.008025,-0.040658,-0.992846,0.111979,0.175106,-0.237600,0.246499,0.120682,-0.373320,0.063885,-0.152751,0.100811,-0.515383,0.120910,-0.107469,0.121699,-0.179187,-0.130489,0.124757,-0.003620,0.198550,-0.315772,1.159225,0.191579,0.091263,0.159157,0.095091,-0.123746,0.016034,1.078569,-0.205233,0.018201,-0.095316
-5.534811,-5.491493,0.752000,-0.010386,-0.037012,-0.992399,0.116901,0.191628,-0.232017,0.235073,0.121672,-0.387601,0.060605,-0.144373,0.115113,-0.507497,0.120212,-0.143640,0.107416,-0.177775,-0.116568,0.121876,-0.006830,0.192525,-0.325574,1.166942,0.194375,0.090773,0.160968,0.109261,-0.129162,0.029523,1.089152,-0.197498,0.006217,-0.115483
-5.540297,-5.495604,0.752040,-0.008506,-0.031316,-0.993492,0.109181,0.196791,-0.223658,0.248425,0.120982,-0.397861,0.059633,-0.142051,0.130415,-0.492845,0.120626,-0.145566,0.106248,-0.162299,-0.096530,0.116489,0.002818,0.182494,-0.305626,1.162911,0.212905,0.097539,0.162994,0.094743,-0.129181,-0.009554,1.143227,-0.057000,0.053775,-0.146969
-5.544227,-5.500254,0.753105,-0.005967,-0.027143,-0.994365,0.102306,0.196980,-0.219397,0.256985,0.120393,-0.398697,0.055427,-0.142050,0.139426,-0.477994,0.119039,-0.142946,0.111818,-0.145335,-0.083578,0.112913,0.006903,0.167085,-0.284852,1.159862,0.188159,0.090440,0.159253,0.088388,-0.131667,0.014899,1.168594,-0.049149,0.066112,-0.216361
-5.547606,-5.504068,0.754033,-0.004822,-0.020690,-0.994853,0.099081,0.199251,-0.209584,0.259892,0.121754,-0.401605,0.052594,-0.142307,0.148186,-0.481396,0.122537,-0.121969,0.042203,-0.146494,-0.061201,0.110956,0.011920,0.160865,-0.293030,1.157965,0.169250,0.081487,0.153344,0.081822,-0.134991,0.039178,1.164882,-0.122352,0.042485,-0.192065
-5.550101,-5.506108,0.754527,-0.004104,-0.017193,-0.994815,0.100153,0.201347,-0.203624,0.258019,0.121174,-0.399681,0.046696,-0.143301,0.155404,-0.476323,0.123438,-0.108079,-0.014366,-0.157845,-0.053882,0.115511,0.016863,0.162567,-0.298683,1.154538,0.199284,0.085699,0.153436,0.074239,-0.132065,0.053972,1.157053,-0.127056,0.028950,-0.146618
-5.552403,-5.507166,0.754716,-0.004374,-0.016375,-0.993897,0.109004,0.204429,-0.202799,0.241173,0.123357,-0.398715,0.046341,-0.136940,0.153446,-0.486700,0.120271,-0.121776,-0.000560,-0.178289,-0.055817,0.120056,0.010706,0.171326,-0.321104,1.163967,0.207224,0.086622,0.153612,0.075688,-0.123191,0.051658,1.135913,-0.143461,0.022012,-0.137080
-5.555919,-5.508754,0.754885,-0.005498,-0.013743,-0.993506,0.112813,0.213164,-0.197185,0.234729,0.121796,-0.401551,0.045548,-0.130459,0.157176,-0.496482,0.121972,-0.127540,-0.025650,-0.178248,-0.055339,0.121058,0.005827,0.182480,-0.338435,1.173564,0.206165,0.086646,0.152336,0.086059,-0.109406,0.030610,1.110286,-0.154848,0.028832,-0.130429
-5.558733,-5.510382,0.755097,-0.004715,-0.011657,-0.993035,0.117148,0.214372,-0.194110,0.224383,0.124132,-0.402108,0.039077,-0.128051,0.158509,-0.500722,0.121638,-0.132845,-0.024357,-0.183993,-0.053888,0.117636,0.006330,0.190008,-0.323162,1.173609,0.208389,0.089252,0.152595,0.090473,-0.101295,0.028003,1.084335,-0.163390,0.027736,-0.128544
-5.560396,-5.512546,0.755506,-0.001782,-0.009961,-0.993202,0.115962,0.210798,-0.192941,0.228662,0.123296,-0.401740,0.039620,-0.132016,0.158691,-0.502478,0.120795,-0.130631,-0.021112,-0.173255,-0.051080,0.116539,0.003836,0.192073,-0.307160,1.164842,0.229031,0.093572,0.160375,0.087930,-0.100289,0.044798,1.074607,-0.172389,0.009476,-0.138592
-5.562385,-5.513558,0.755950,-0.002170,-0.009727,-0.993194,0.116047,0.214329,-0.192342,0.230375,0.124304,-0.399661,0.039811,-0.127518,0.159926,-0.499605,0.119483,-0.137494,-0.013608,-0.171806,-0.052437,0.118961,0.003720,0.196666,-0.300065,1.152350,0.212956,0.087270,0.158064,0.080401,-0.100394,0.055171,1.092006,-0.164006,0.006952,-0.130613
-5.564235,-5.514487,0.756000,-0.002379,-0.008906,-0.993375,0.114545,0.217388,-0.191106,0.232182,0.124805,-0.399889,0.038985,-0.124136,0.162535,-0.497288,0.118619,-0.139583,-0.010000,-0.169459,-0.048740,0.120072,0.005566,0.205363,-0.305486,1.142917,0.220731,0.087498,0.156741,0.070605,-0.100353,0.046297,1.093397,-0.180222,0.011908,-0.129165
-5.566638,-5.515830,0.756174,-0.003342,-0.007637,-0.993438,0.114065,0.223063,-0.189071,0.231633,0.125297,-0.399687,0.037697,-0.117980,0.165200,-0.495685,0.117988,-0.142688,-0.006264,-0.167761,-0.050151,0.123566,0.009535,0.209901,-0.310768,1.138518,0.233853,0.089942,0.160673,0.060093,-0.101797,0.054645,1.113240,-0.163400,0.003693,-0.137112
-5.568658,-5.517131,0.755978,-0.005226,-0.005935,-0.993833,0.110607,0.230543,-0.186376,0.237902,0.124939,-0.402274,0.033798,-0.110844,0.170661,-0.490518,0.118074,-0.144773,-0.005159,-0.165333,-0.044475,0.126180,0.012943,0.212185,-0.303941,1.141862,0.228080,0.088004,0.161584,0.057945,-0.105039,0.055688,1.103392,-0.172109,0.003820,-0.132864
-5.569786,-5.517998,0.756167,-0.004938,-0.005234,-0.994164,0.107636,0.231300,-0.185517,0.243516,0.125725,-0.402436,0.031905,-0.109649,0.173551,-0.485489,0.117399,-0.146634,-0.002578,-0.168625,-0.046567,0.128609,0.014471,0.214238,-0.305467,1.145947,0.222077,0.086821,0.156572,0.051467,-0.106857,0.053986,1.099342,-0.173505,0.005425,-0.134567
-5.570871,-5.518554,0.755812,-0.004499,-0.003787,-0.994586,0.103755,0.232213,-0.181194,0.254752,0.125996,-0.408156,0.014396,-0.109350,0.178576,-0.480459,0.117165,-0.145338,-0.001350,-0.167418,-0.046109,0.129960,0.013457,0.217840,-0.306626,1.156381,0.223947,0.088417,0.162263,0.051557,-0.109706,0.053341,1.078922,-0.186776,-0.002202,-0.128779
-5.572843,-5.518956,0.755816,-0.005439,-0.003109,-0.994728,0.102355,0.236894,-0.180423,0.253217,0.126219,-0.407424,0.021975,-0.104600,0.181925,-0.476317,0.117377,-0.149474,-0.002118,-0.166105,-0.047511,0.131654,0.011330,0.220986,-0.318684,1.166940,0.208601,0.084802,0.155964,0.054817,-0.112122,0.046942,1.072910,-0.179370,0.005324,-0.123935
-5.574038,-5.519754,0.755643,-0.006186,-0.002232,-0.995103,0.098628,0.240645,-0.179473,0.260234,0.125978,-0.408536,0.021337,-0.100946,0.185558,-0.471493,0.117202,-0.149078,-0.003779,-0.169048,-0.047968,0.132846,0.016707,0.222215,-0.323702,1.170832,0.226999,0.090318,0.158272,0.055126,-0.115184,0.061072,1.065511,-0.195709,-0.019774,-0.136162
-5.576517,-5.520595,0.755624,-0.006587,-0.000683,-0.995100,0.098653,0.245639,-0.176552,0.259064,0.124965,-0.409885,0.012523,-0.096754,0.188833,-0.471100,0.117542,-0.151549,-0.003404,-0.165936,-0.046453,0.131340,0.016252,0.220949,-0.324604,1.172952,0.206906,0.084808,0.152840,0.063339,-0.118503,0.051970,1.073787,-0.183797,-0.008125,-0.130328
-5.578199,-5.521307,0.755700,-0.005038,-0.000941,-0.995181,0.097923,0.244367,-0.177878,0.259303,0.125389,-0.407276,0.017689,-0.097343,0.187503,-0.470612,0.117454,-0.150399,-0.000546,-0.166827,-0.049389,0.126571,0.016974,0.217449,-0.318734,1.165462,0.224782,0.107473,0.152567,0.062340,-0.119015,0.042725,1.086215,-0.158733,0.004376,-0.128578
-5.579553,-5.521955,0.755607,-0.005198,0.001059,-0.995445,0.095190,0.247673,-0.173689,0.265003,0.123980,-0.411560,0.002930,-0.094950,0.193755,-0.465577,0.117204,-0.155760,-0.002081,-0.157225,-0.046416,0.125445,0.009959,0.210786,-0.305059,1.159716,0.194409,0.116889,0.154847,0.066672,-0.120077,0.037657,1.093497,-0.151672,-0.000061,-0.124255
-5.581404,-5.522371,0.755414,-0.005299,0.001607,-0.995422,0.095419,0.250630,-0.172153,0.265398,0.124084,-0.412533,0.001404,-0.092033,0.195208,-0.465865,0.117305,-0.159485,-0.003291,-0.159972,-0.044047,0.123060,0.009258,0.206365,-0.297517,1.151893,0.186353,0.129620,0.164106,0.074219,-0.120592,0.050874,1.101026,-0.166371,0.006779,-0.140203
-5.582661,-5.523186,0.755465,-0.005031,0.002171,-0.995525,0.094341,0.251971,-0.172049,0.266227,0.123991,-0.412182,0.002775,-0.091020,0.196126,-0.462332,0.117116,-0.156580,0.000456,-0.174521,-0.042753,0.121437,0.019639,0.202369,-0.277841,1.138564,0.189385,0.138033,0.178868,0.059470,-0.115564,-0.003400,1.136898,-0.089439,0.002204,-0.114059
-5.583851,-5.523406,0.755450,-0.003225,0.002509,-0.995577,0.093855,0.248909,-0.171136,0.268051,0.125570,-0.411824,0.006228,-0.092992,0.197095,-0.462266,0.116848,-0.159644,-0.001413,-0.166969,-0.044187,0.117005,0.008861,0.199632,-0.282639,1.144443,0.171987,0.136116,0.185987,0.075901,-0.110706,0.021670,1.125069,-0.103730,0.003436,-0.140579
-5.584989,-5.523791,0.755271,-0.003479,0.003654,-0.995744,0.092027,0.251536,-0.168868,0.271829,0.125036,-0.414264,-0.000989,-0.090991,0.200790,-0.459254,0.116966,-0.160941,-0.003562,-0.166275,-0.043635,0.117232,0.006081,0.198933,-0.291010,1.143913,0.165591,0.136784,0.185690,0.080876,-0.109617,0.058603,1.118481,-0.124969,-0.015571,-0.147791
-5.586415,-5.524158,0.755279,-0.004613,0.003786,-0.995792,0.091451,0.256077,-0.169294,0.270042,0.124967,-0.412196,0.003921,-0.086934,0.201682,-0.457177,0.117971,-0.162641,-0.005001,-0.167228,-0.039715,0.118635,0.004563,0.198030,-0.307320,1.143007,0.156519,0.134634,0.182722,0.081543,-0.104589,0.032682,1.134515,-0.148874,0.005043,-0.117468
-5.587275,-5.525043,0.755139,-0.003801,0.005095,-0.995892,0.090329,0.255995,-0.167111,0.275077,0.124782,-0.415306,-0.005222,-0.087376,0.204253,-0.455250,0.117604,-0.162597,-0.001866,-0.165242,-0.039016,0.116703,0.000352,0.196877,-0.305373,1.146972,0.160199,0.134804,0.187752,0.087365,-0.100959,0.043685,1.133602,-0.169004,-0.013149,-0.121712
-5.587939,-5.525616,0.755018,-0.003588,0.005894,-0.996025,0.088804,0.256649,-0.165806,0.278841,0.124800,-0.417049,-0.009004,-0.086905,0.205855,-0.453609,0.118165,-0.163056,-0.002283,-0.162917,-0.038142,0.117803,-0.002227,0.195614,-0.298692,1.144542,0.167235,0.138769,0.193245,0.087125,-0.099858,0.052456,1.135517,-0.139946,-0.013763,-0.114039
-5.590089,-5.525718,0.754922,-0.002767,0.006171,-0.995853,0.090721,0.257764,-0.164643,0.274460,0.124972,-0.417433,-0.007303,-0.085964,0.206470,-0.455265,0.118200,-0.167085,-0.003099,-0.172751,-0.039018,0.111134,0.003028,0.195424,-0.289428,1.140631,0.150921,0.133989,0.196820,0.090311,-0.093893,0.031042,1.140762,-0.144955,-0.007046,-0.116306
-5.591965,-5.525936,0.754753,-0.002079,0.006300,-0.995624,0.093211,0.258702,-0.164317,0.268655,0.125646,-0.417194,-0.004588,-0.085082,0.205133,-0.459880,0.118726,-0.168581,-0.003266,-0.173672,-0.042995,0.109378,-0.000306,0.198613,-0.300798,1.143413,0.173463,0.142260,0.204858,0.094421,-0.090312,0.053091,1.142266,-0.151941,-0.013100,-0.120558
-5.592203,-5.526372,0.754695,-0.000786,0.007098,-0.995937,0.089766,0.255792,-0.163134,0.276730,0.126426,-0.418100,-0.005196,-0.087656,0.208275,-0.454487,0.119183,-0.170202,-0.007490,-0.171387,-0.040843,0.109585,0.001582,0.201388,-0.282137,1.136807,0.164322,0.143737,0.212145,0.089023,-0.088162,0.048719,1.146321,-0.146320,-0.004782,-0.148284
-5.593155,-5.526738,0.754479,-0.001334,0.007457,-0.996101,0.087899,0.258903,-0.162674,0.280631,0.125877,-0.419490,-0.008776,-0.084575,0.209605,-0.453919,0.119882,-0.166513,-0.004556,-0.173994,-0.039540,0.109120,0.007794,0.203368,-0.271896,1.132944,0.157356,0.138220,0.209827,0.087499,-0.083056,0.032715,1.140756,-0.158704,-0.016788,-0.127642
-5.593825,-5.527416,0.754532,-0.001290,0.008541,-0.996151,0.087227,0.259851,-0.160991,0.282613,0.125777,-0.419639,-0.012627,-0.084072,0.211459,-0.453442,0.120452,-0.168693,-0.010566,-0.178113,-0.037117,0.108346,0.012546,0.204860,-0.275089,1.132511,0.164000,0.136798,0.208440,0.081395,-0.080200,0.031706,1.143356,-0.156695,-0.014335,-0.122912
-5.595466,-5.527970,0.754597,-0.001923,0.008738,-0.995934,0.089645,0.263484,-0.160739,0.276407,0.126037,-0.418260,-0.010687,-0.081211,0.211171,-0.453322,0.121318,-0.172553,-0.010668,-0.181743,-0.036426,0.106143,0.016083,0.206589,-0.275566,1.131250,0.132204,0.123987,0.190989,0.080502,-0.079433,0.033965,1.141662,-0.141097,0.007833,-0.128404
-5.596204,-5.528326,0.754620,-0.002148,0.008866,-0.995939,0.089562,0.265355,-0.160386,0.277569,0.125820,-0.418582,-0.010837,-0.079755,0.210937,-0.453377,0.121961,-0.172623,-0.011132,-0.177822,-0.035875,0.106410,0.015820,0.207676,-0.281876,1.137308,0.181490,0.137157,0.200587,0.081508,-0.079503,0.036218,1.134362,-0.147526,-0.007151,-0.122576
-5.596618,-5.528623,0.754641,-0.002067,0.009026,-0.995992,0.088959,0.265289,-0.160552,0.278444,0.126794,-0.417758,-0.010010,-0.079863,0.211593,-0.450883,0.122371,-0.171398,-0.009662,-0.172477,-0.035777,0.107173,0.014885,0.208204,-0.282733,1.139347,0.178719,0.135024,0.197185,0.083236,-0.080673,0.052131,1.126610,-0.180454,-0.018138,-0.129265
-5.597322,-5.528730,0.754783,-0.002516,0.009128,-0.995940,0.089521,0.267201,-0.160473,0.275369,0.126636,-0.416240,-0.008281,-0.077443,0.211685,-0.451659,0.122036,-0.173140,-0.006851,-0.170364,-0.036237,0.108001,0.015487,0.207852,-0.283214,1.143872,0.190475,0.136481,0.200703,0.087235,-0.080514,0.040137,1.119125,-0.162782,-0.001284,-0.128527
-5.597167,-5.528749,0.754682,-0.001689,0.009837,-0.996034,0.088415,0.265387,-0.158289,0.281238,0.126540,-0.418759,-0.021129,-0.079901,0.213368,-0.451475,0.122046,-0.171191,-0.004077,-0.167194,-0.034300,0.109068,0.013438,0.208083,-0.285912,1.148438,0.181067,0.131318,0.198390,0.077229,-0.080981,0.039153,1.121661,-0.150830,0.034836,-0.136534
-5.597532,-5.528499,0.754942,-0.001244,0.009319,-0.995976,0.089129,0.264549,-0.158728,0.280580,0.126867,-0.416915,-0.018868,-0.080384,0.212536,-0.451420,0.121944,-0.173531,-0.002152,-0.164506,-0.036425,0.106797,0.012003,0.209118,-0.287858,1.154392,0.180711,0.129748,0.192526,0.082033,-0.082349,0.053977,1.103870,-0.155381,0.017884,-0.167126
-5.598813,-5.528327,0.755080,-0.001911,0.008540,-0.995630,0.092977,0.267836,-0.159801,0.271629,0.126825,-0.414742,-0.015135,-0.076410,0.209408,-0.457550,0.121502,-0.174847,0.005606,-0.162276,-0.040244,0.105111,0.009616,0.209034,-0.291240,1.161868,0.188842,0.131061,0.191388,0.092413,-0.083207,0.048431,1.097146,-0.162209,0.019124,-0.167960
-5.599148,-5.528033,0.755089,-0.001744,0.008423,-0.995647,0.092807,0.268343,-0.159427,0.272396,0.125869,-0.414782,-0.018650,-0.076156,0.209966,-0.457257,0.121137,-0.177022,0.005108,-0.160775,-0.038579,0.106758,0.011086,0.209398,-0.294414,1.159662,0.191078,0.130109,0.188996,0.078634,-0.085427,0.024748,1.125205,-0.162891,0.034387,-0.160058
-5.600043,-5.527721,0.755088,-0.000920,0.008439,-0.995775,0.091433,0.268040,-0.158927,0.274910,0.125375,-0.415376,-0.021622,-0.076618,0.211209,-0.455262,0.120758,-0.176987,0.008781,-0.160106,-0.039857,0.101931,0.018327,0.209500,-0.292511,1.157683,0.205343,0.133155,0.190587,0.077446,-0.086151,0.029711,1.112295,-0.167314,0.049236,-0.164006
-5.600095,-5.527357,0.755091,-0.000802,0.008183,-0.995713,0.092131,0.267795,-0.158571,0.274039,0.125415,-0.416483,-0.024926,-0.077099,0.210702,-0.455989,0.120671,-0.177140,0.010208,-0.163558,-0.038767,0.103265,0.021382,0.210085,-0.288596,1.155069,0.211349,0.132620,0.192853,0.065931,-0.088042,0.015841,1.131123,-0.114811,0.128218,-0.187246
-5.599160,-5.527134,0.755317,-0.001612,0.007337,-0.995163,0.097947,0.267461,-0.159540,0.262919,0.126490,-0.414282,-0.020061,-0.076664,0.205815,-0.466578,0.121488,-0.180005,0.008238,-0.174100,-0.039178,0.108401,0.017822,0.211819,-0.295425,1.155766,0.199787,0.127554,0.189618,0.055386,-0.090766,0.023092,1.117072,-0.085202,0.177405,-0.243809
-5.598519,-5.527029,0.755269,-0.000960,0.007026,-0.995003,0.099596,0.264902,-0.160375,0.259540,0.126724,-0.414406,-0.023504,-0.079256,0.203434,-0.469949,0.121500,-0.175951,0.011752,-0.177491,-0.039269,0.109580,0.017656,0.213656,-0.305573,1.155014,0.201612,0.126348,0.184057,0.053828,-0.095902,0.053003,1.115356,-0.122416,0.166669,-0.248753
-5.598303,-5.526804,0.755432,-0.000277,0.006470,-0.994958,0.100084,0.263284,-0.161704,0.257636,0.126024,-0.413245,-0.024217,-0.080792,0.201888,-0.471477,0.121808,-0.178759,0.012123,-0.185132,-0.039383,0.108849,0.022763,0.213932,-0.303757,1.153673,0.216477,0.129048,0.186701,0.047105,-0.098721,0.051259,1.124813,-0.131677,0.172431,-0.245976
-5.597698,-5.525914,0.755595,0.000139,0.004936,-0.994906,0.100684,0.261217,-0.164130,0.255087,0.125865,-0.409823,-0.021554,-0.082633,0.199196,-0.470957,0.121939,-0.179309,0.012652,-0.177466,-0.036855,0.107785,0.010463,0.215201,-0.323872,1.164549,0.204883,0.124045,0.181870,0.047934,-0.103278,0.056697,1.129319,-0.132896,0.169109,-0.249487
-5.596717,-5.525647,0.755547,0.001137,0.004811,-0.994878,0.100963,0.257452,-0.165483,0.251692,0.125813,-0.406067,-0.031195,-0.086481,0.197861,-0.472800,0.121912,-0.175762,0.014237,-0.179778,-0.035029,0.102919,0.010743,0.216722,-0.315674,1.164421,0.213670,0.127077,0.185496,0.054821,-0.109439,0.095266,1.099904,-0.095923,0.150411,-0.230532
-5.595840,-5.525471,0.755897,0.000411,0.003655,-0.994873,0.101061,0.257755,-0.166442,0.253946,0.125785,-0.405746,-0.031055,-0.085688,0.195594,-0.471228,0.122031,-0.175910,0.017230,-0.169614,-0.035377,0.104813,0.003955,0.213758,-0.312884,1.162079,0.215426,0.127244,0.187198,0.074324,-0.117691,0.111248,1.081703,-0.176415,0.052368,-0.155091
-5.594727,-5.524099,0.756328,-0.001366,0.002136,-0.994991,0.099928,0.259846,-0.167583,0.255327,0.126024,-0.403149,-0.029250,-0.082997,0.194465,-0.468010,0.121054,-0.171443,0.023037,-0.163051,-0.034277,0.107234,-0.002239,0.211799,-0.317544,1.162620,0.223370,0.127356,0.190212,0.072438,-0.121584,0.099057,1.090323,-0.159355,0.066516,-0.146831
-5.594232,-5.522428,0.757021,-0.002954,0.001103,-0.994787,0.101925,0.261902,-0.166821,0.248475,0.126159,-0.397372,-0.031652,-0.080703,0.193483,-0.470000,0.120768,-0.167354,0.023561,-0.161615,-0.033475,0.105680,-0.003816,0.211337,-0.311979,1.158069,0.213898,0.124053,0.190040,0.074936,-0.121811,0.092251,1.092599,-0.147092,0.064592,-0.144435
-5.592292,-5.521039,0.758200,-0.003810,0.001039,-0.994860,0.101187,0.260107,-0.164088,0.246740,0.126089,-0.390362,-0.040642,-0.083018,0.194168,-0.467774,0.120933,-0.152365,0.025455,-0.163695,-0.030056,0.103699,-0.004130,0.211136,-0.313530,1.158004,0.245356,0.132960,0.198549,0.071808,-0.121875,0.089656,1.090700,-0.147841,0.065122,-0.145001
-5.590242,-5.518675,0.759967,-0.004735,0.000652,-0.994830,0.101437,0.257468,-0.160816,0.237445,0.125828,-0.378425,-0.051007,-0.085577,0.194571,-0.469678,0.120711,-0.129762,0.034187,-0.161592,-0.030871,0.101477,-0.007400,0.211102,-0.314484,1.160103,0.239530,0.129737,0.205651,0.071045,-0.121418,0.092060,1.094130,-0.144355,0.065536,-0.141080
-5.587155,-5.515673,0.762266,-0.007440,0.000289,-0.994967,0.099921,0.256760,-0.156607,0.221454,0.125262,-0.363921,-0.065307,-0.086172,0.196227,-0.466736,0.120084,-0.100684,0.040253,-0.160750,-0.029714,0.102575,-0.008413,0.210936,-0.307849,1.158521,0.239117,0.130306,0.204721,0.069271,-0.117427,0.074753,1.089038,-0.154370,0.054973,-0.135098
-5.582195,-5.512582,0.764719,-0.008956,0.000169,-0.995443,0.094933,0.250119,-0.155072,0.199121,0.124709,-0.347222,-0.073822,-0.092794,0.199039,-0.456148,0.118550,-0.060794,0.051813,-0.156881,-0.026690,0.103927,-0.009572,0.210300,-0.293949,1.152155,0.226172,0.125388,0.202124,0.059993,-0.110669,0.042145,1.097793,-0.164615,0.041002,-0.118181
-5.578443,-5.507836,0.767488,-0.013233,-0.001332,-0.995394,0.094940,0.250337,-0.151688,0.152363,0.124209,-0.332170,-0.079285,-0.090998,0.196425,-0.457540,0.117883,-0.030758,0.062834,-0.158000,-0.033533,0.101940,-0.009313,0.212240,-0.298155,1.153254,0.239471,0.128151,0.207061,0.060077,-0.105625,0.059255,1.096413,-0.168637,0.033649,-0.121704
-5.572537,-5.502471,0.770195,-0.015431,-0.003840,-0.995300,0.095525,0.241200,-0.154263,0.076150,0.124268,-0.311279,-0.083437,-0.096523,0.188266,-0.466563,0.116079,-0.003731,0.080610,-0.155159,-0.042970,0.102500,-0.012470,0.215658,-0.292581,1.144368,0.236436,0.126107,0.207655,0.061190,-0.099429,0.058174,1.084797,-0.149734,0.045169,-0.126064
-5.565239,-5.496413,0.772731,-0.019523,-0.004909,-0.995595,0.091576,0.234109,-0.155842,-0.016549,0.123319,-0.291956,-0.092500,-0.098938,0.187280,-0.469191,0.115351,0.009977,0.080717,-0.152301,-0.049622,0.107086,-0.011028,0.219802,-0.287069,1.135532,0.244025,0.126593,0.212123,0.060385,-0.093369,0.062362,1.074338,-0.146121,0.038194,-0.123220
-5.556743,-5.489059,0.774200,-0.024534,-0.005062,-0.995668,0.089541,0.227885,-0.154461,-0.115542,0.123923,-0.283165,-0.105681,-0.104664,0.191687,-0.468163,0.114577,0.035759,0.081130,-0.149213,-0.057631,0.118955,-0.012030,0.226490,-0.284222,1.123803,0.262780,0.129970,0.214477,0.057476,-0.086382,0.074037,1.061831,-0.153195,0.034537,-0.128655
-5.546404,-5.480856,0.775406,-0.027936,-0.004051,-0.996243,0.081873,0.217544,-0.144549,-0.145321,0.125810,-0.273658,-0.068339,-0.120534,0.200002,-0.470475,0.115126,0.092246,0.081034,-0.143448,-0.065116,0.132598,-0.010814,0.235985,-0.278130,1.109709,0.255266,0.124607,0.218106,0.040295,-0.080847,0.085477,1.064341,-0.154445,0.034011,-0.134355
-5.532712,-5.473125,0.776809,-0.030041,-0.000860,-0.997525,0.063566,0.200164,-0.128376,-0.098406,0.127608,-0.264093,-0.024653,-0.156077,0.200200,-0.486208,0.147476,0.154925,0.080851,-0.133002,-0.068773,0.154109,-0.005562,0.242601,-0.266128,1.091785,0.267323,0.126626,0.220098,0.007459,-0.075824,0.076665,1.073476,-0.161809,0.038225,-0.131226
-5.521935,-5.468460,0.773394,-0.034580,-0.012133,-0.997970,0.052090,0.197163,-0.152182,-0.053890,0.126536,-0.267608,0.024168,-0.223213,0.198073,-0.351926,0.233014,0.460400,0.201659,-0.136661,-0.094286,0.162239,0.007446,0.243981,-0.265005,1.093554,0.259807,0.122960,0.215242,-0.006924,-0.077484,0.069200,1.067044,-0.196403,0.016933,-0.118446
-5.510543,-5.461945,0.769945,-0.042841,-0.021824,-0.998035,0.040175,0.202028,-0.167442,-0.008573,0.124902,-0.282169,0.066516,-0.299771,0.189263,-0.269577,0.343783,0.523600,0.261800,-0.151381,-0.120385,0.176497,0.020077,0.247256,-0.277329,1.107895,0.233301,0.112653,0.204002,-0.028307,-0.076557,0.058279,1.076598,-0.217416,0.013693,-0.112736
-5.498442,-5.453135,0.771434,-0.046263,-0.008007,-0.998714,0.019147,0.192956,-0.117815,0.043490,0.126037,-0.284436,0.033296,-0.323918,0.206107,-0.295495,0.372034,0.523600,0.261800,-0.141870,-0.107051,0.193046,0.023659,0.252222,-0.288728,1.128328,0.218764,0.106737,0.191420,-0.025218,-0.074011,0.060600,1.042612,-0.216346,0.002776,-0.121102
-5.487690,-5.446272,0.773146,0.047065,0.004673,0.998880,0.001293,0.181063,-0.095886,0.082384,0.126445,-0.276038,0.021402,-0.344257,0.165938,-0.366866,0.432940,0.425103,0.261800,-0.129878,-0.109614,0.197936,0.026967,0.253337,-0.301292,1.150030,0.196188,0.108781,0.182978,-0.019654,-0.072609,0.059097,1.031775,-0.224336,0.002055,-0.119795
-5.477200,-5.440904,0.775534,0.046852,0.005174,0.998740,0.017242,0.167926,-0.085031,0.113699,0.124696,-0.261274,0.019925,-0.369001,0.066431,-0.489377,0.558223,0.274714,0.261800,-0.138551,-0.115306,0.195658,0.043004,0.251479,-0.298331,1.163309,0.195319,0.112045,0.177159,-0.016224,-0.067594,0.043609,1.035451,-0.224960,-0.004362,-0.122615
-5.468057,-5.434329,0.777898,0.044713,0.001046,0.998142,0.041378,0.154787,-0.059792,0.159057,0.125615,-0.251059,0.014023,-0.355700,0.006119,-0.600802,0.590355,0.196439,0.215451,-0.135913,-0.110873,0.189335,0.069664,0.245443,-0.281729,1.160045,0.203717,0.115032,0.170485,-0.010768,-0.064349,0.039518,1.045262,-0.216428,0.002224,-0.119879
-5.458506,-5.428062,0.779561,0.046478,-0.000961,0.996668,0.067027,0.152133,-0.036480,0.211040,0.125231,-0.242665,0.009213,-0.339172,-0.027614,-0.639420,0.591525,0.162386,0.214827,-0.135416,-0.107765,0.191977,0.090786,0.240722,-0.269487,1.156110,0.201211,0.118399,0.170684,-0.013857,-0.067590,0.036461,1.064650,-0.173842,-0.002476,-0.103376
-5.449328,-5.422246,0.781717,0.045650,-0.006804,0.994288,0.096230,0.147839,-0.004586,0.264948,0.125457,-0.236317,0.003691,-0.242529,-0.180812,-0.896083,0.671785,-0.019632,0.125315,-0.127113,-0.092271,0.197270,0.104150,0.234722,-0.270973,1.149461,0.193619,0.114138,0.163855,-0.016120,-0.075946,0.031830,1.075185,-0.154137,0.000650,-0.096107
-5.440720,-5.415902,0.782510,0.045897,-0.007739,0.991436,0.122015,0.147435,0.016109,0.314256,0.124434,-0.230991,-0.000542,-0.194777,-0.260258,-0.984075,0.707829,-0.094188,0.066475,-0.129230,-0.087475,0.199726,0.114361,0.229282,-0.281217,1.152120,0.219330,0.124158,0.166904,-0.016820,-0.081169,0.025658,1.082279,-0.159348,0.002960,-0.109055
-5.431548,-5.408463,0.783533,0.042676,-0.008367,0.987920,0.148739,0.140118,0.040405,0.365418,0.125315,-0.224742,-0.005397,-0.157777,-0.325018,-1.039943,0.727321,-0.160401,0.035067,-0.130746,-0.081642,0.192737,0.117336,0.228527,-0.279837,1.162660,0.214369,0.123529,0.166006,-0.018985,-0.083809,0.012701,1.092970,-0.117412,-0.001603,-0.119420
-5.423492,-5.399963,0.784187,0.038870,-0.007435,0.983520,0.176412,0.137070,0.062498,0.417811,0.122924,-0.218409,-0.011667,-0.118994,-0.389469,-1.087570,0.742878,-0.210034,0.012016,-0.125511,-0.076150,0.180850,0.116726,0.229471,-0.271132,1.174703,0.203756,0.120450,0.160266,-0.016211,-0.084727,0.006637,1.094004,-0.137813,0.036455,-0.121981
-5.415946,-5.390756,0.783719,0.039250,-0.003533,0.979435,0.197875,0.138105,0.077373,0.457563,0.129336,-0.215007,-0.015153,-0.063702,-0.474885,-1.145800,0.774801,-0.249285,-0.003916,-0.128424,-0.078756,0.171635,0.112044,0.229912,-0.279017,1.179456,0.227735,0.145688,0.159755,-0.004502,-0.086145,0.004654,1.090143,-0.127982,0.021404,-0.100526
-5.407934,-5.380117,0.782910,0.038272,0.000412,0.974282,0.222059,0.133349,0.100305,0.504114,0.151279,-0.219743,-0.019106,-0.017217,-0.546250,-1.184796,0.792494,-0.280571,-0.019144,-0.123645,-0.077684,0.159762,0.104162,0.235363,-0.271765,1.183919,0.198177,0.136188,0.166428,0.004922,-0.089230,-0.009869,1.089638,-0.142372,0.016320,-0.058218
-5.399217,-5.368927,0.781415,0.042155,0.004929,0.968125,0.246846,0.162751,0.105833,0.547930,0.118360,-0.201052,-0.037721,0.040297,-0.621875,-1.225067,0.820883,-0.327781,-0.052171,-0.118956,-0.078424,0.159494,0.096621,0.240402,-0.287404,1.184198,0.195023,0.146627,0.160618,0.008626,-0.091137,0.001264,1.088481,-0.143530,0.026566,-0.065013
-5.390341,-5.355876,0.780101,0.044142,0.008819,0.960162,0.275796,0.182355,0.123003,0.601859,0.115327,-0.193290,-0.048604,0.099934,-0.678148,-1.283218,0.833745,-0.368635,-0.095720,-0.106374,-0.078181,0.153837,0.093584,0.244465,-0.270929,1.171078,0.211751,0.168214,0.163100,0.009701,-0.091706,0.014632,1.097258,-0.146900,0.018351,-0.071875
-5.380026,-5.340014,0.778631,0.044457,0.012612,0.949385,0.310698,0.205515,0.148288,0.672540,0.114542,-0.185800,-0.059612,0.134257,-0.705398,-1.313082,0.830299,-0.377513,-0.112227,-0.101037,-0.079393,0.142792,0.107663,0.253402,-0.251552,1.153747,0.220528,0.139703,0.205202,0.003553,-0.087110,0.004701,1.110836,-0.167934,0.010162,-0.019031
-5.368879,-5.320627,0.776911,0.046607,0.015616,0.938943,0.340544,0.220234,0.190607,0.732022,0.155284,-0.189254,-0.059360,0.146801,-0.703529,-1.284276,0.811356,-0.335664,-0.099583,-0.101940,-0.087199,0.130522,0.118834,0.267115,-0.238283,1.143824,0.228737,0.145155,0.199719,0.003912,-0.074606,0.012237,1.115181,-0.185437,0.023095,-0.006571
-5.354941,-5.299476,0.773286,0.043388,0.013661,0.927192,0.371813,0.200052,0.285990,0.778485,0.291446,-0.228217,-0.055285,0.108604,-0.623132,-1.158071,0.727783,-0.241286,0.050981,-0.110932,-0.084438,0.112891,0.133100,0.288121,-0.242104,1.145760,0.220268,0.141807,0.201147,0.000888,-0.060517,0.053573,1.119045,-0.167619,0.024379,-0.039677
-5.337705,-5.277115,0.768954,0.034769,0.002476,0.912663,0.407224,0.186843,0.418697,0.827781,0.435628,-0.256820,-0.046849,0.067625,-0.495928,-1.046468,0.654765,-0.287830,0.060838,-0.124234,-0.064384,0.099450,0.151261,0.311361,-0.234097,1.147853,0.213350,0.138869,0.188819,-0.006415,-0.047229,0.073886,1.120855,-0.230118,0.032341,-0.038709
-5.320453,-5.255270,0.766416,0.027311,-0.016920,0.897479,0.439885,0.193861,0.561166,0.855486,0.556331,-0.244793,-0.042804,0.064185,-0.361377,-1.002678,0.589824,-0.316995,0.028712,-0.133228,-0.032153,0.100842,0.155542,0.329152,-0.227907,1.170178,0.185939,0.125838,0.181138,-0.011343,-0.046083,0.094821,1.120546,-0.231045,0.035952,-0.032989
-5.303026,-5.233898,0.764753,0.020938,-0.039431,0.880862,0.471263,0.210147,0.693673,0.851205,0.648103,-0.161234,-0.097736,0.075648,-0.219774,-0.949928,0.514984,-0.316520,0.000236,-0.148548,0.000979,0.110260,0.161580,0.336020,-0.216994,1.186849,0.189301,0.140644,0.158822,-0.019194,-0.058870,0.108734,1.124965,-0.227037,0.038220,-0.015975
-5.282881,-5.212406,0.763531,0.021425,-0.051701,0.857744,0.511021,0.235525,0.792098,0.841719,0.742131,-0.114208,-0.090145,0.092731,-0.104777,-0.872034,0.440707,-0.313836,-0.022193,-0.158149,0.005185,0.122418,0.168645,0.339700,-0.232792,1.211534,0.190590,0.146117,0.143321,-0.034840,-0.072136,0.113388,1.133508,-0.220918,0.027744,-0.023548
-5.261985,-5.193882,0.762398,0.021949,-0.051611,0.828991,0.556443,0.211813,0.827907,0.749782,0.831866,-0.100671,-0.028799,0.089102,-0.030354,-0.772412,0.401498,-0.316243,-0.037733,-0.150652,-0.008584,0.124551,0.174691,0.345538,-0.244726,1.209903,0.165532,0.134529,0.135589,-0.046924,-0.082996,0.092254,1.113668,-0.221715,0.033870,-0.074422
-5.245953,-5.178535,0.762514,0.024513,-0.048893,0.803905,0.592238,0.121375,0.737656,0.475380,0.854583,-0.095635,-0.032204,0.093973,0.014705,-0.694050,0.378912,-0.313923,-0.050154,-0.141682,-0.021772,0.127363,0.157717,0.342396,-0.253977,1.200201,0.159506,0.127284,0.128475,-0.047714,-0.110040,0.076781,1.082109,-0.190478,0.022013,-0.118799
-5.233786,-5.165785,0.763961,0.030430,-0.045012,0.777131,0.626989,0.090189,0.638826,0.325195,0.872182,-0.136350,-0.076929,0.102523,0.039489,-0.614534,0.369067,-0.308881,-0.057290,-0.131766,-0.030290,0.136621,0.131428,0.319567,-0.246208,1.174600,0.173872,0.132409,0.133265,-0.056294,-0.151572,0.067832,1.061056,-0.163377,0.010148,-0.142197
-5.222144,-5.153796,0.765903,0.032512,-0.039384,0.746482,0.663443,0.065854,0.571474,0.269493,0.896548,-0.164712,-0.093874,0.105643,0.065247,-0.528746,0.353949,-0.295329,-0.061963,-0.120929,-0.032808,0.138126,0.114331,0.289081,-0.245295,1.172811,0.172147,0.131480,0.132794,-0.074267,-0.193753,0.057118,1.052725,-0.154908,0.014267,-0.132252
-5.212096,-5.143717,0.768008,0.031193,-0.032406,0.716198,0.696446,0.031403,0.527978,0.255254,0.909956,-0.200985,-0.091773,0.099608,0.086352,-0.447810,0.346565,-0.279190,-0.063685,-0.117018,-0.029988,0.138833,0.093247,0.263040,-0.241432,1.168777,0.175954,0.131398,0.135443,-0.097159,-0.232147,0.042788,1.047689,-0.140153,0.007640,-0.129915
-5.202440,-5.133127,0.769914,0.032062,-0.029289,0.685470,0.726805,0.010651,0.496884,0.268154,0.900627,-0.231501,-0.100910,0.110582,0.108347,-0.371638,0.332360,-0.259940,-0.060267,-0.119244,-0.025498,0.148245,0.073865,0.247800,-0.236023,1.165234,0.178805,0.131401,0.137517,-0.122384,-0.261705,0.020284,1.045695,-0.110725,0.008641,-0.123223
-5.193135,-5.123766,0.770797,0.024275,-0.024129,0.651660,0.757738,-0.044894,0.489658,0.289018,0.910283,-0.274189,-0.048364,0.101885,0.138691,-0.292253,0.326756,-0.240159,-0.062191,-0.115662,-0.009346,0.150027,0.023940,0.234392,-0.190987,1.004850,0.248912,0.137129,0.161565,-0.151802,-0.284809,0.001883,1.040212,-0.078262,0.012998,-0.121209
-5.183197,-5.112211,0.771659,0.019497,-0.019941,0.607563,0.793782,-0.093705,0.442281,0.274482,0.887547,-0.322679,-0.011004,0.105008,0.166914,-0.189230,0.324166,-0.223281,-0.066450,-0.109002,0.005947,0.148375,0.011915,0.225900,-0.205198,0.962315,0.144275,0.132609,0.264412,-0.191481,-0.297932,0.013375,1.047851,-0.056247,0.012782,-0.135366
-5.174201,-5.101913,0.772782,0.018195,-0.015334,0.568618,0.822257,-0.149804,0.359358,0.231487,0.839845,-0.320208,-0.018022,0.104803,0.180201,-0.107881,0.338774,-0.212349,-0.090590,-0.096362,0.006632,0.158215,-0.021153,0.227671,-0.206852,0.951690,0.182592,0.140728,0.315924,-0.216870,-0.308421,0.027549,1.036339,-0.062625,0.025226,-0.115663
-5.165358,-5.091765,0.773450,0.015307,-0.010635,0.532695,0.846102,-0.231414,0.252667,0.101745,0.792225,-0.310777,-0.031886,0.109934,0.194956,-0.033256,0.340588,-0.200266,-0.102455,-0.094614,0.012014,0.168515,-0.051572,0.240147,-0.224516,0.947780,0.234606,0.124563,0.364350,-0.245245,-0.315516,0.055386,1.024599,-0.066622,0.034850,-0.098260
-5.155703,-5.079643,0.773760,0.012992,-0.007719,0.497023,0.867606,-0.292541,0.164328,0.028226,0.732148,-0.283133,-0.036270,0.127019,0.207038,0.036922,0.337797,-0.189972,-0.116768,-0.094719,0.020590,0.179897,-0.087609,0.260059,-0.250059,0.972603,0.245966,0.145881,0.376053,-0.266990,-0.317293,0.081293,1.013792,-0.072276,0.032733,-0.081157
-5.144438,-5.066394,0.773415,0.009732,-0.003383,0.459300,0.888221,-0.337645,0.105665,-0.004093,0.642866,-0.247396,-0.057496,0.147344,0.216715,0.107830,0.329525,-0.183880,-0.112241,-0.081467,0.025509,0.184771,-0.103550,0.284081,-0.252596,0.979910,0.268564,0.162271,0.365838,-0.278200,-0.310621,0.087053,1.000104,-0.069837,0.033437,-0.064872
-5.131468,-5.051639,0.772497,0.005150,0.001919,0.421320,0.906896,-0.366006,0.068242,-0.000664,0.519482,-0.192747,-0.074735,0.165479,0.214321,0.149870,0.325819,-0.183364,-0.113064,-0.077130,0.032304,0.185110,-0.104029,0.304789,-0.246362,0.994774,0.222896,0.146869,0.384355,-0.294704,-0.295814,0.097494,0.999100,-0.076779,0.035239,-0.056336
-5.115864,-5.034490,0.770384,-0.000597,0.004030,0.386241,0.922389,-0.356803,0.046173,0.012692,0.341995,-0.132299,-0.103127,0.200105,0.219714,0.196417,0.312192,-0.175724,-0.108936,-0.069255,0.042583,0.182560,-0.093315,0.324488,-0.255622,1.008489,0.208713,0.146461,0.385019,-0.296867,-0.280871,0.102575,1.003232,-0.082741,0.034922,-0.054571
-5.097903,-5.016100,0.766513,-0.010257,0.001807,0.353577,0.935348,-0.319994,0.040855,0.036922,0.139375,-0.073482,-0.134421,0.242873,0.232219,0.230739,0.300841,-0.161992,-0.111265,-0.060508,0.061321,0.181755,-0.061167,0.336596,-0.237694,0.998644,0.210074,0.125476,0.332717,-0.289299,-0.269068,0.111672,1.010417,-0.082599,0.033173,-0.054124
-5.077239,-4.996106,0.762116,-0.017357,-0.003458,0.325343,0.945430,-0.338825,0.037443,0.033641,0.118268,-0.090527,-0.149406,0.290897,0.239664,0.259986,0.304052,-0.145964,-0.100300,-0.055717,0.077974,0.182663,-0.028970,0.340672,-0.222139,1.005305,0.199523,0.111148,0.285966,-0.272860,-0.261189,0.120972,1.024135,-0.084536,0.031694,-0.054243
-5.053185,-4.973775,0.758371,-0.019529,-0.009018,0.304907,0.952139,-0.325404,0.026605,0.053529,0.118125,-0.092864,-0.144735,0.335705,0.237931,0.285319,0.327534,-0.117551,-0.069388,-0.058664,0.084953,0.177616,0.008227,0.335466,-0.213924,1.015962,0.162108,0.094962,0.242758,-0.242431,-0.255870,0.120134,1.044861,-0.084998,0.030989,-0.053248
-5.026288,-4.949729,0.755242,-0.011960,-0.009540,0.290483,0.956758,-0.305493,-0.017831,0.010186,0.170975,-0.024898,-0.105028,0.352312,0.220309,0.312679,0.401460,-0.088188,-0.017826,-0.064115,0.069121,0.156368,0.039626,0.322191,-0.212794,1.043862,0.161129,0.098150,0.220620,-0.199497,-0.252738,0.114608,1.074677,-0.079194,0.026272,-0.055548
-4.998995,-4.924742,0.753558,0.002307,-0.008725,0.276018,0.961110,-0.318530,-0.053299,0.021993,0.311451,-0.045550,-0.073631,0.349237,0.201184,0.377203,0.508597,-0.026765,0.068438,-0.061645,0.041938,0.133323,0.066644,0.301709,-0.207675,1.066820,0.145850,0.099739,0.212685,-0.155428,-0.251575,0.098155,1.110810,-0.077562,0.033947,-0.068146
-4.973506,-4.902238,0.754317,0.019141,-0.013861,0.258952,0.965601,-0.285529,-0.080872,0.049498,0.399096,-0.127559,-0.045268,0.335680,0.198579,0.452399,0.644606,0.098313,0.215599,-0.052815,0.016551,0.133274,0.085485,0.275187,-0.203479,1.088556,0.143947,0.105452,0.200299,-0.119981,-0.249145,0.086010,1.155336,-0.065537,0.027309,-0.095728
-4.949745,-4.882727,0.755281,0.025724,-0.022356,0.238357,0.970579,-0.227181,-0.081477,0.078443,0.433335,-0.192396,-0.040827,0.283385,0.225602,0.469780,0.817713,0.276807,0.261800,-0.048775,0.014580,0.143139,0.109389,0.246936,-0.192014,1.099683,0.134707,0.104074,0.189871,-0.108303,-0.247567,0.099464,1.211962,-0.071025,0.032050,-0.101579
-4.928674,-4.864357,0.757433,0.030281,-0.025058,0.221491,0.974370,-0.161412,-0.089263,0.109040,0.412708,-0.224352,-0.037357,0.177212,0.221933,0.424510,1.007641,0.304457,0.261800,-0.055320,0.015684,0.147372,0.122358,0.221090,-0.201650,1.112046,0.128535,0.103609,0.186071,-0.106632,-0.248134,0.126349,1.257171,-0.101003,0.045924,-0.078960
-4.908074,-4.848120,0.760502,0.032299,-0.023449,0.212017,0.976450,-0.099768,-0.100051,0.124698,0.367531,-0.234279,-0.038234,0.031683,0.106671,0.261201,1.142694,0.162453,0.152130,-0.066210,0.017148,0.142099,0.120963,0.206168,-0.207318,1.122168,0.126824,0.101131,0.157430,-0.089991,-0.246995,0.148361,1.268271,-0.132614,0.058566,-0.064094
-4.887432,-4.834252,0.764017,0.032248,-0.026447,0.215902,0.975524,-0.007512,-0.112664,0.113849,0.268383,-0.219859,-0.045728,-0.074609,-0.056628,0.053990,1.210546,0.028777,-0.001970,-0.085941,0.017654,0.145706,0.092209,0.205081,-0.282424,1.150804,0.132153,0.102570,0.192626,-0.055721,-0.241179,0.144682,1.254140,-0.148691,0.054878,-0.068812
-4.865783,-4.821202,0.767188,0.028534,-0.035695,0.226491,0.972941,0.092569,-0.112542,0.083726,0.177744,-0.203560,-0.056090,-0.121402,-0.166315,-0.107295,1.213623,-0.089958,-0.116215,-0.104864,0.023852,0.157167,0.069056,0.211940,-0.298263,1.132722,0.135299,0.113928,0.188063,-0.006710,-0.234055,0.122927,1.228132,-0.147503,0.042938,-0.078608
-4.845109,-4.809382,0.768215,0.021128,-0.040209,0.239849,0.969747,0.156300,-0.099690,0.074592,0.136037,-0.205663,-0.068607,-0.165611,-0.210453,-0.217968,1.170202,-0.167047,-0.167306,-0.122158,0.033735,0.162457,0.045607,0.222667,-0.300236,1.100456,0.179954,0.118948,0.180577,0.033288,-0.226152,0.101876,1.214752,-0.146602,0.038998,-0.085456
-4.825119,-4.798039,0.769175,0.020544,-0.042877,0.252136,0.966523,0.196435,-0.101363,0.038309,0.125664,-0.216216,-0.049055,-0.212221,-0.216832,-0.263637,1.083621,-0.201082,-0.168645,-0.125105,0.028310,0.171059,0.020841,0.236838,-0.280192,1.046595,0.150537,0.104004,0.210335,0.065228,-0.221138,0.082378,1.217227,-0.146750,0.043438,-0.078820
-4.804889,-4.787556,0.767642,0.017126,-0.043842,0.268179,0.962219,0.228722,-0.093306,-0.007700,0.124907,-0.238282,-0.053446,-0.261041,-0.183691,-0.266355,0.964338,-0.194215,-0.133888,-0.132653,0.028195,0.176008,-0.002979,0.253297,-0.264512,0.992678,0.148079,0.085213,0.237930,0.084893,-0.220654,0.078473,1.241993,-0.148916,0.047636,-0.069487
-4.783000,-4.777125,0.765622,0.014905,-0.042694,0.286325,0.957065,0.260392,-0.083261,-0.037300,0.123806,-0.261715,-0.058867,-0.296278,-0.150327,-0.251811,0.818552,-0.171426,-0.089718,-0.138921,0.025965,0.172368,-0.024761,0.270137,-0.257180,0.949723,0.122893,0.066690,0.273894,0.101921,-0.222800,0.081559,1.278267,-0.139427,0.050232,-0.068875
-4.760258,-4.766503,0.763281,0.011853,-0.042189,0.304626,0.951463,0.293691,-0.069089,-0.057577,0.124414,-0.284870,-0.058032,-0.311590,-0.131571,-0.252276,0.664464,-0.140869,-0.055636,-0.142900,0.026962,0.167926,-0.045763,0.284807,-0.257470,0.919912,0.091464,0.048883,0.287405,0.116381,-0.225922,0.081170,1.312533,-0.137384,0.056423,-0.068731
-4.736444,-4.754926,0.761585,0.016117,-0.043905,0.318943,0.946619,0.315294,-0.068640,-0.095936,0.167599,-0.302449,-0.049531,-0.294204,-0.140688,-0.280528,0.512394,-0.118031,-0.007909,-0.140431,0.015012,0.170269,-0.060511,0.295316,-0.256274,0.905889,0.092630,0.044217,0.310038,0.129155,-0.230216,0.073645,1.333235,-0.124858,0.060067,-0.063817
-4.711519,-4.743924,0.760305,0.012322,-0.042752,0.333612,0.941660,0.339503,-0.048811,-0.125690,0.183062,-0.319204,-0.045650,-0.277119,-0.126361,-0.307857,0.375460,-0.078818,0.067316,-0.143800,0.017240,0.164580,-0.062517,0.302569,-0.245627,0.898279,0.092663,0.046077,0.318064,0.135756,-0.232585,0.064764,1.340821,-0.122694,0.064229,-0.063877
-4.684716,-4.732726,0.759343,0.008841,-0.043870,0.344289,0.937797,0.362758,-0.025780,-0.149334,0.215919,-0.335252,-0.037313,-0.250700,-0.104489,-0.311494,0.303841,-0.048654,0.154075,-0.141875,0.017883,0.159084,-0.049838,0.306626,-0.226001,0.899599,0.083943,0.043439,0.306084,0.140007,-0.233358,0.055676,1.335980,-0.115263,0.065347,-0.067672
-4.655621,-4.720521,0.757977,0.002517,-0.047073,0.350555,0.935355,0.376224,0.002799,-0.175538,0.280096,-0.357552,-0.025089,-0.272079,-0.072492,-0.276082,0.408182,-0.077109,0.054873,-0.137402,0.023737,0.147343,-0.020469,0.309338,-0.215147,0.915208,0.063293,0.038451,0.313875,0.142567,-0.234095,0.048208,1.327233,-0.116392,0.057353,-0.069005
-4.625589,-4.708485,0.756604,-0.001349,-0.048657,0.352156,0.934675,0.394962,0.024182,-0.189427,0.333685,-0.360051,-0.010691,-0.264953,-0.056688,-0.287402,0.495684,-0.151758,-0.023521,-0.127298,0.021558,0.131583,0.015007,0.313814,-0.204406,0.938815,0.038398,0.045382,0.315162,0.136073,-0.231769,0.045181,1.313126,-0.113739,0.056503,-0.079196
-4.593849,-4.695984,0.756841,-0.010976,-0.052452,0.360067,0.931386,0.373160,0.056499,-0.209022,0.462144,-0.356773,0.012375,-0.215104,-0.026982,-0.321771,0.504001,-0.189526,-0.031421,-0.129778,0.027454,0.114517,0.053713,0.320010,-0.200831,0.980150,0.006384,0.038092,0.311135,0.129672,-0.224689,0.042142,1.293482,-0.118093,0.054219,-0.086439
-4.563734,-4.682959,0.758331,-0.024080,-0.057284,0.369411,0.927186,0.317735,0.088643,-0.230772,0.640385,-0.316375,0.027022,-0.142243,0.018994,-0.357556,0.460083,-0.213263,-0.029985,-0.130247,0.042743,0.098695,0.089519,0.317594,-0.189653,1.028064,-0.007292,0.052472,0.290805,0.121798,-0.219640,0.028150,1.270541,-0.113486,0.048448,-0.090156
-4.536552,-4.670830,0.759617,-0.038256,-0.058104,0.384164,0.920640,0.235468,0.100473,-0.300112,0.823652,-0.230735,-0.025547,-0.072178,0.068026,-0.391423,0.388388,-0.216469,-0.021144,-0.134642,0.060840,0.082617,0.106026,0.309779,-0.201522,1.097276,-0.044459,0.057175,0.290041,0.108574,-0.215393,0.021008,1.240555,-0.122702,0.047571,-0.100679
-4.513093,-4.659048,0.761329,-0.043092,-0.063519,0.396479,0.914829,0.162198,0.085847,-0.351178,0.996588,-0.099643,-0.112944,0.001725,0.102509,-0.405385,0.329970,-0.211821,-0.016657,-0.129000,0.066828,0.090924,0.121444,0.294843,-0.199323,1.140931,-0.068931,0.073613,0.272062,0.086646,-0.215592,0.017183,1.208389,-0.127931,0.041426,-0.102560
-4.492799,-4.647752,0.762884,-0.043205,-0.068049,0.403306,0.911508,0.084399,0.091768,-0.332925,1.147021,-0.049753,-0.211466,0.071867,0.126948,-0.411484,0.272173,-0.203581,-0.000267,-0.111328,0.067009,0.104121,0.139347,0.278133,-0.205071,1.164273,-0.088824,0.075676,0.263210,0.054649,-0.221014,0.039141,1.191795,-0.130806,0.027304,-0.120526
-4.474523,-4.636423,0.765532,-0.039658,-0.074089,0.404400,0.910713,-0.007307,0.174666,-0.211050,1.266971,-0.152541,-0.120389,0.143326,0.144963,-0.401462,0.216605,-0.181720,0.009942,-0.086454,0.065025,0.122596,0.166084,0.261517,-0.217692,1.164380,-0.083858,0.071252,0.256227,0.011685,-0.232066,0.086652,1.189469,-0.131043,0.019820,-0.131120
-4.457839,-4.624843,0.768363,-0.034534,-0.077609,0.403463,0.911045,-0.086877,0.245142,-0.101634,1.326593,-0.208608,-0.049812,0.203886,0.152261,-0.387991,0.172495,-0.159695,0.028955,-0.060935,0.061220,0.135900,0.194548,0.245880,-0.228140,1.153546,-0.069952,0.070720,0.250063,-0.041244,-0.242545,0.141788,1.204527,-0.146827,0.020848,-0.129736
-4.442372,-4.612885,0.771186,-0.028033,-0.079273,0.403681,0.911028,-0.150991,0.272600,-0.021986,1.327590,-0.267069,0.000579,0.257603,0.150477,-0.378779,0.137369,-0.138787,0.044490,-0.040990,0.054626,0.149740,0.222018,0.230750,-0.229433,1.139061,-0.050751,0.068930,0.253682,-0.091948,-0.251103,0.196182,1.204823,-0.163870,0.030262,-0.116749
-4.427850,-4.600937,0.773332,-0.022219,-0.078952,0.404216,0.910979,-0.208251,0.267022,0.034510,1.264116,-0.298507,0.002280,0.295635,0.143459,-0.370409,0.124946,-0.128946,0.055325,-0.024401,0.048959,0.161733,0.244312,0.216097,-0.221279,1.129857,-0.046172,0.061294,0.261469,-0.139338,-0.257481,0.242083,1.196405,-0.184498,0.031222,-0.101312
-4.413492,-4.588693,0.774140,-0.017538,-0.075798,0.406791,0.910202,-0.265172,0.236332,0.069078,1.153139,-0.308448,0.007915,0.322571,0.134808,-0.373879,0.123049,-0.131129,0.060360,-0.013659,0.042258,0.170187,0.261063,0.204938,-0.209751,1.125730,-0.047740,0.063798,0.262086,-0.177012,-0.261240,0.272369,1.172740,-0.200386,0.023786,-0.096899
-4.399340,-4.575338,0.773480,-0.013604,-0.069885,0.410036,0.909286,-0.307394,0.194326,0.100430,0.989036,-0.289613,0.003722,0.344613,0.124032,-0.383934,0.121386,-0.140496,0.069354,-0.007432,0.034987,0.172131,0.268800,0.199707,-0.209570,1.136806,-0.061025,0.061559,0.265010,-0.208028,-0.261063,0.283176,1.144116,-0.206225,0.018946,-0.105758
-4.384707,-4.560351,0.771593,-0.012894,-0.064802,0.412018,0.908777,-0.313997,0.154191,0.127733,0.758401,-0.248138,-0.037369,0.367998,0.120213,-0.384843,0.119775,-0.149510,0.080291,-0.002341,0.034547,0.169012,0.273027,0.197652,-0.216036,1.157210,-0.064790,0.074761,0.260697,-0.228746,-0.258142,0.281538,1.114822,-0.217285,0.014899,-0.101881
-4.369188,-4.544181,0.768781,-0.013910,-0.061054,0.411231,0.909378,-0.293899,0.120263,0.162115,0.486963,-0.177515,-0.084334,0.393931,0.120220,-0.381955,0.118215,-0.154199,0.092431,0.004178,0.036926,0.164508,0.276636,0.199272,-0.217298,1.173501,-0.066803,0.073850,0.261686,-0.245765,-0.252015,0.286489,1.095214,-0.219279,0.008453,-0.099432
-4.352852,-4.525919,0.765433,-0.016595,-0.059880,0.408319,0.910722,-0.265356,0.092244,0.178926,0.239598,-0.093239,-0.079195,0.425075,0.123763,-0.369556,0.117093,-0.149262,0.106194,0.011640,0.043229,0.159002,0.284418,0.202326,-0.211030,1.179194,-0.074609,0.083039,0.264141,-0.255169,-0.244852,0.296955,1.088077,-0.217427,0.005721,-0.098202
-4.335915,-4.505132,0.761369,-0.022242,-0.063532,0.404130,0.912222,-0.249484,0.096662,0.214207,0.116624,-0.079492,-0.082625,0.464142,0.134821,-0.345219,0.117570,-0.127373,0.091949,0.014124,0.060226,0.152828,0.298223,0.204958,-0.206186,1.180050,-0.091652,0.061869,0.278736,-0.259740,-0.237036,0.312180,1.100156,-0.220843,0.005488,-0.093269
-4.318609,-4.482039,0.758885,-0.019326,-0.063984,0.402798,0.912845,-0.244110,0.093730,0.263576,0.115943,-0.098514,-0.060188,0.506755,0.120057,-0.332347,0.119633,-0.098287,0.127984,0.012066,0.058451,0.144055,0.306731,0.207427,-0.199588,1.182912,-0.086047,0.072141,0.274574,-0.248992,-0.228940,0.320904,1.114562,-0.223016,0.012923,-0.094679
-4.300482,-4.457802,0.758641,-0.009778,-0.058597,0.404421,0.912641,-0.240217,0.079477,0.295689,0.185124,-0.063378,0.003971,0.506619,0.073757,-0.330325,0.202350,-0.080320,0.150692,0.004617,0.037604,0.128444,0.308285,0.212547,-0.194976,1.186139,-0.090118,0.059953,0.283225,-0.226579,-0.217887,0.322871,1.136980,-0.223328,0.007420,-0.100770
-4.281861,-4.431235,0.757945,-0.000596,-0.053530,0.400472,0.914744,-0.285077,0.077206,0.304867,0.365484,-0.079043,0.088568,0.471949,0.013661,-0.315340,0.352616,-0.057243,0.186298,0.007881,0.019927,0.105616,0.311973,0.215359,-0.187764,1.188702,-0.092703,0.055301,0.288953,-0.193436,-0.211034,0.325074,1.164321,-0.222231,0.011667,-0.093565
-4.263977,-4.404205,0.758063,0.009585,-0.048196,0.396400,0.916762,-0.285955,0.056130,0.305080,0.463541,-0.159559,0.139087,0.416271,-0.054894,-0.294715,0.526216,0.007298,0.235014,0.013291,0.003173,0.082354,0.303546,0.216574,-0.183094,1.196233,-0.112359,0.066281,0.288696,-0.154544,-0.205739,0.314355,1.203414,-0.219792,0.016045,-0.095374
-4.247245,-4.379118,0.758156,0.018151,-0.047796,0.392425,0.918362,-0.246894,0.037305,0.315388,0.499361,-0.221464,0.138019,0.341365,-0.116145,-0.261913,0.728177,0.097174,0.211083,0.018688,-0.007975,0.078582,0.284526,0.219053,-0.165246,1.188872,-0.114762,0.080277,0.292612,-0.118721,-0.200588,0.293415,1.236833,-0.218873,0.027830,-0.092950
-4.232411,-4.356113,0.758824,0.029305,-0.049302,0.385951,0.920735,-0.183180,0.010775,0.336597,0.489814,-0.264838,0.138037,0.242324,-0.181738,-0.221491,0.943128,0.224480,0.127436,0.022999,-0.021681,0.088012,0.260407,0.222639,-0.153782,1.171014,-0.116767,0.077426,0.304406,-0.096257,-0.199602,0.295483,1.276564,-0.203577,0.027547,-0.086134
-4.218930,-4.335704,0.760204,0.039264,-0.051069,0.384208,0.920996,-0.114962,-0.022805,0.343241,0.451503,-0.285353,0.136697,0.153006,-0.230592,-0.186615,1.106411,0.280075,0.094414,0.016856,-0.034976,0.103127,0.229082,0.230202,-0.144449,1.143901,-0.100392,0.071390,0.316807,-0.079463,-0.200642,0.307561,1.312405,-0.187235,0.030524,-0.083162
-4.205241,-4.317684,0.762770,0.043303,-0.057172,0.391604,0.917334,-0.044913,-0.045313,0.324159,0.405853,-0.298183,0.129128,0.096541,-0.267721,-0.195292,1.200136,0.150332,0.101400,-0.004275,-0.038873,0.123105,0.192545,0.244535,-0.143252,1.112415,-0.077452,0.069003,0.316575,-0.059046,-0.199283,0.314050,1.335503,-0.176313,0.034667,-0.089027
-4.192022,-4.301472,0.765786,0.041496,-0.060375,0.407465,0.910277,0.005461,-0.058166,0.282958,0.367302,-0.304106,0.124346,0.051401,-0.332921,-0.274439,1.235152,0.033960,0.121890,-0.034456,-0.037091,0.134101,0.149900,0.262901,-0.155362,1.078902,-0.059323,0.068709,0.322336,-0.030450,-0.197713,0.307370,1.336231,-0.183173,0.040124,-0.079222
-4.179487,-4.286861,0.768906,0.041064,-0.063067,0.428245,0.900524,0.053347,-0.070156,0.241995,0.327633,-0.299332,0.116838,0.017250,-0.392913,-0.363075,1.220394,-0.076978,0.076337,-0.063533,-0.039372,0.149126,0.102856,0.279972,-0.156717,1.033397,-0.016926,0.070055,0.320863,0.002313,-0.197973,0.290063,1.319764,-0.183494,0.041279,-0.069399
-4.167085,-4.272481,0.771106,0.040020,-0.067320,0.447568,0.890814,0.103623,-0.075901,0.194151,0.287867,-0.298429,0.110520,-0.011943,-0.424370,-0.431703,1.152903,-0.153245,0.050099,-0.080831,-0.037612,0.166422,0.059954,0.293048,-0.155792,0.978250,-0.014934,0.045907,0.346567,0.034752,-0.201560,0.278948,1.305059,-0.180036,0.037876,-0.068728
-4.155033,-4.258465,0.772237,0.038641,-0.068008,0.466808,0.880893,0.135561,-0.077723,0.154177,0.273439,-0.309435,0.115287,-0.059022,-0.420687,-0.448992,1.050593,-0.178391,0.066357,-0.092873,-0.035437,0.178005,0.018309,0.299315,-0.145531,0.915190,-0.008031,0.040099,0.354239,0.060583,-0.207463,0.274046,1.297468,-0.204310,0.042251,-0.060301
-4.142908,-4.244837,0.772334,0.039763,-0.068890,0.483621,0.871656,0.187800,-0.082758,0.119717,0.220355,-0.305783,0.101275,-0.102273,-0.405197,-0.433562,0.923253,-0.166982,0.087477,-0.095187,-0.035524,0.193475,-0.020592,0.300236,-0.138009,0.855345,-0.007834,0.033181,0.364302,0.077882,-0.215125,0.267910,1.299429,-0.200328,0.043942,-0.062335
-4.130062,-4.231119,0.771737,0.040538,-0.064896,0.500240,0.862499,0.221364,-0.088404,0.080732,0.187463,-0.308350,0.099592,-0.147166,-0.376878,-0.386381,0.770844,-0.146358,0.128266,-0.093692,-0.036717,0.197162,-0.049310,0.293085,-0.121889,0.792705,-0.034850,0.022452,0.370939,0.088958,-0.224942,0.266713,1.312286,-0.198510,0.046674,-0.058667
-4.116398,-4.216733,0.770452,0.042394,-0.060412,0.515032,0.853988,0.256908,-0.092353,0.047230,0.154757,-0.313663,0.100057,-0.170392,-0.349490,-0.328672,0.596263,-0.113288,0.165042,-0.087311,-0.039889,0.197595,-0.065425,0.279261,-0.102636,0.731674,-0.057752,0.019139,0.369795,0.093013,-0.234510,0.268497,1.332383,-0.189252,0.047363,-0.060813
-4.102196,-4.202460,0.767765,0.040345,-0.053452,0.528391,0.846356,0.274068,-0.086717,0.021422,0.144543,-0.325311,0.074346,-0.192078,-0.318423,-0.258200,0.428455,-0.075823,0.162243,-0.083772,-0.037144,0.188944,-0.066746,0.263470,-0.080209,0.673911,-0.061878,0.019776,0.361598,0.086490,-0.244311,0.267605,1.351806,-0.192100,0.054166,-0.059030
-4.087235,-4.187841,0.765239,0.040289,-0.046622,0.541493,0.838444,0.286697,-0.083307,-0.007429,0.148128,-0.346896,0.070762,-0.191382,-0.293665,-0.191944,0.262507,-0.052640,0.181655,-0.081668,-0.038926,0.182230,-0.058976,0.250363,-0.068201,0.630606,-0.068626,0.016447,0.369557,0.077829,-0.253728,0.257638,1.354815,-0.187259,0.051180,-0.065172
-4.070745,-4.172951,0.762689,0.041553,-0.042124,0.554217,0.830266,0.305971,-0.076249,-0.037140,0.152260,-0.367704,0.071228,-0.165620,-0.271278,-0.146226,0.114064,-0.023869,0.233975,-0.081430,-0.043416,0.180566,-0.045311,0.243784,-0.060603,0.606813,-0.076088,0.019984,0.369009,0.066137,-0.260971,0.247586,1.341649,-0.180472,0.046956,-0.075912
-4.052500,-4.158358,0.760351,0.038398,-0.041650,0.563220,0.824363,0.329179,-0.050344,-0.054601,0.156433,-0.380920,0.047313,-0.177825,-0.241809,-0.114464,0.111661,-0.027549,0.261800,-0.078326,-0.039432,0.179701,-0.025791,0.244900,-0.051578,0.609093,-0.088860,0.018349,0.357373,0.046952,-0.265694,0.241377,1.320383,-0.177258,0.045267,-0.081887
-4.033013,-4.143542,0.759939,0.029984,-0.047289,0.566285,0.822305,0.334203,-0.005404,-0.058237,0.211175,-0.416494,0.035828,-0.158403,-0.192189,-0.123273,0.114481,0.008014,0.230007,-0.070149,-0.023315,0.182737,0.000150,0.254067,-0.042039,0.630501,-0.107170,0.017511,0.354823,0.018882,-0.266444,0.238906,1.292899,-0.177742,0.045474,-0.088394
-4.011850,-4.128096,0.758637,0.021057,-0.051723,0.568181,0.821006,0.339364,0.042197,-0.059999,0.263758,-0.437768,0.005513,-0.192000,-0.143402,-0.092063,0.237006,0.003943,0.176378,-0.065988,-0.011294,0.177644,0.034454,0.271335,-0.029381,0.666454,-0.122058,0.015377,0.352970,-0.009647,-0.259881,0.228303,1.255361,-0.187358,0.043985,-0.095109
-3.989641,-4.111704,0.757394,0.013567,-0.056336,0.568917,0.820351,0.347558,0.087273,-0.064749,0.317575,-0.443977,-0.026794,-0.208402,-0.105984,-0.098014,0.335654,-0.028877,0.143656,-0.062883,-0.005087,0.171703,0.070013,0.293374,-0.017148,0.721056,-0.132877,0.019940,0.355728,-0.040156,-0.246783,0.215623,1.205237,-0.200645,0.053759,-0.090119
-3.966815,-4.094515,0.756233,0.005138,-0.061349,0.571135,0.818544,0.343604,0.133885,-0.077700,0.392832,-0.435594,-0.064823,-0.205784,-0.070041,-0.120787,0.406486,-0.082212,0.115230,-0.065283,0.002297,0.157226,0.111216,0.313356,-0.001699,0.787028,-0.151219,0.022816,0.349033,-0.063447,-0.230839,0.207841,1.145737,-0.216833,0.053851,-0.086629
-3.944024,-4.076448,0.756004,-0.002288,-0.068389,0.577103,0.813800,0.326693,0.178361,-0.103649,0.496715,-0.409039,-0.091236,-0.166265,-0.035303,-0.156489,0.422796,-0.126162,0.107819,-0.067144,0.010226,0.145266,0.145590,0.329564,0.008071,0.849179,-0.179127,0.036653,0.339068,-0.075720,-0.216534,0.205972,1.079717,-0.222106,0.042798,-0.094456
-3.922610,-4.058700,0.756729,-0.008772,-0.075660,0.587683,0.805498,0.279492,0.214777,-0.144525,0.643143,-0.356556,-0.099887,-0.106946,-0.002375,-0.200031,0.402541,-0.157906,0.097625,-0.067027,0.019318,0.137814,0.168885,0.339820,0.013445,0.895814,-0.205308,0.044328,0.331985,-0.078366,-0.206054,0.197261,1.010135,-0.230176,0.034301,-0.104273
-3.903232,-4.042518,0.757626,-0.014571,-0.080187,0.602572,0.793892,0.194828,0.236991,-0.195541,0.824573,-0.280013,-0.091525,-0.049854,0.025728,-0.246171,0.370648,-0.178336,0.088308,-0.067419,0.027674,0.133420,0.184641,0.341969,0.021866,0.916072,-0.207779,0.049327,0.323556,-0.079862,-0.201416,0.182757,0.949450,-0.232088,0.024890,-0.103772
-3.886281,-4.027678,0.758327,-0.015288,-0.085690,0.620421,0.779424,0.096804,0.247243,-0.236851,1.020107,-0.196741,-0.077036,0.016304,0.047788,-0.290992,0.330874,-0.195099,0.083542,-0.059603,0.031547,0.144180,0.189459,0.337616,0.029076,0.904658,-0.217084,0.047112,0.324991,-0.082149,-0.206012,0.167614,0.903331,-0.222806,0.023127,-0.095111
-3.872282,-4.015059,0.758176,-0.014420,-0.088193,0.640515,0.762728,-0.013807,0.268473,-0.242375,1.193239,-0.143441,-0.086422,0.069417,0.061257,-0.340760,0.301435,-0.211652,0.078183,-0.050523,0.035918,0.159462,0.185628,0.325658,0.036529,0.872013,-0.217949,0.045088,0.320180,-0.090398,-0.222587,0.162052,0.879292,-0.207234,0.022746,-0.089245
-3.860465,-4.002910,0.758290,-0.010625,-0.089133,0.660898,0.745088,-0.113638,0.305762,-0.204144,1.308546,-0.230126,-0.011290,0.120456,0.067575,-0.391875,0.275010,-0.225717,0.076246,-0.041516,0.039512,0.176380,0.181297,0.308828,0.031826,0.837911,-0.201378,0.031146,0.320706,-0.104494,-0.247339,0.165947,0.888638,-0.184900,0.015495,-0.084814
-3.850441,-3.990872,0.759121,-0.006191,-0.087554,0.681683,0.726364,-0.200977,0.317757,-0.163485,1.362017,-0.299891,0.049253,0.166803,0.070660,-0.442053,0.248011,-0.231476,0.077345,-0.032007,0.042781,0.189930,0.174355,0.289872,0.018309,0.807683,-0.184623,0.025275,0.331769,-0.115823,-0.273282,0.170573,0.916853,-0.169358,0.013968,-0.080699
-3.841870,-3.978483,0.760340,-0.003320,-0.082728,0.702769,0.706583,-0.271157,0.286724,-0.129370,1.347013,-0.362102,0.078570,0.203451,0.071762,-0.492954,0.222958,-0.230637,0.083965,-0.022180,0.046172,0.193178,0.162639,0.268351,0.005247,0.794927,-0.166577,0.027255,0.331074,-0.122671,-0.295936,0.170987,0.961182,-0.157635,0.017988,-0.071162
-3.834487,-3.965831,0.761994,0.003119,-0.078584,0.722588,0.686790,-0.303849,0.238284,-0.077508,1.262632,-0.387162,0.080442,0.244381,0.068773,-0.541094,0.202399,-0.225121,0.098342,-0.012795,0.045753,0.200845,0.154421,0.246315,-0.004111,0.788567,-0.169719,0.027713,0.329847,-0.124363,-0.311969,0.167113,0.998591,-0.148601,0.033885,-0.060342
-3.828245,-3.952848,0.763007,0.006474,-0.073437,0.740689,0.667791,-0.315513,0.195262,-0.002537,1.120700,-0.380162,0.068661,0.269738,0.065695,-0.585123,0.199867,-0.223150,0.108492,-0.004926,0.046692,0.197487,0.153679,0.225762,-0.011768,0.792008,-0.169427,0.024435,0.333002,-0.115338,-0.318958,0.155928,1.006432,-0.169404,0.065130,-0.042544
-3.823129,-3.939152,0.763343,0.009529,-0.069758,0.757338,0.649216,-0.291613,0.154311,0.093258,0.920957,-0.344782,0.036635,0.292486,0.064694,-0.623943,0.208363,-0.224092,0.107871,-0.003983,0.048272,0.194384,0.162775,0.207131,-0.011743,0.798586,-0.169907,0.020727,0.333570,-0.097211,-0.314895,0.130861,0.977910,-0.184787,0.077312,-0.030625
-3.819086,-3.924882,0.762499,0.010846,-0.065010,0.772469,0.631623,-0.251897,0.123039,0.235095,0.726167,-0.356188,0.087658,0.310043,0.061769,-0.660559,0.222008,-0.229609,0.127039,-0.007575,0.047807,0.184312,0.176223,0.190868,-0.006307,0.809851,-0.182478,0.031122,0.336439,-0.076020,-0.302452,0.102018,0.931761,-0.167405,0.063574,-0.023019
-3.816430,-3.909516,0.760849,0.010200,-0.058181,0.784473,0.617343,-0.201614,0.132253,0.484593,0.605708,-0.360545,0.186278,0.316346,0.052136,-0.685911,0.251928,-0.243396,0.157680,-0.011101,0.044181,0.164399,0.199403,0.178988,-0.000752,0.831377,-0.207915,0.026812,0.336826,-0.061313,-0.284036,0.083555,0.889267,-0.132124,0.048645,-0.025424
-3.814816,-3.894814,0.759087,0.012309,-0.052798,0.797742,0.600557,-0.124977,0.138294,0.721779,0.546529,-0.405746,0.238462,0.322858,0.034910,-0.714336,0.299480,-0.256703,0.175318,-0.023459,0.037016,0.153441,0.214947,0.173261,-0.001657,0.872564,-0.230899,0.023300,0.331715,-0.059437,-0.261872,0.072230,0.864690,-0.121376,0.045817,-0.031659
-3.813767,-3.879449,0.758427,0.017356,-0.048036,0.809718,0.584592,-0.096055,0.111037,0.728399,0.524878,-0.422581,0.259010,0.331621,0.011432,-0.733960,0.356586,-0.258037,0.197698,-0.029200,0.026073,0.148304,0.217227,0.174560,-0.015089,0.941440,-0.246733,0.024009,0.325952,-0.061969,-0.235854,0.060983,0.864536,-0.119310,0.044409,-0.041796
-3.812522,-3.865324,0.757506,0.019730,-0.044092,0.821005,0.568874,-0.095018,0.092482,0.648959,0.530315,-0.431480,0.220706,0.315845,-0.023602,-0.748469,0.463882,-0.253314,0.220263,-0.026127,0.017838,0.141964,0.210953,0.181019,-0.033652,1.009184,-0.254235,0.038992,0.317062,-0.068297,-0.208896,0.049283,0.888830,-0.104889,0.042411,-0.052097
-3.812490,-3.851644,0.757685,0.028556,-0.036065,0.828265,0.558445,-0.062324,0.054884,0.622903,0.497665,-0.427429,0.205472,0.279692,-0.099009,-0.739428,0.630741,-0.227161,0.248927,-0.013080,-0.003510,0.141844,0.219926,0.182612,-0.030154,1.032522,-0.258536,0.053041,0.314242,-0.086520,-0.186567,0.061171,0.940435,-0.099018,0.044658,-0.062701
-3.813210,-3.839735,0.757671,0.034936,-0.027536,0.835957,0.546989,-0.030953,0.015533,0.605906,0.452604,-0.418087,0.201163,0.212644,-0.178143,-0.694625,0.821558,-0.169559,0.254855,-0.007907,-0.018058,0.140754,0.239219,0.178734,-0.022107,1.019693,-0.258059,0.046844,0.317564,-0.109292,-0.171776,0.084714,0.983361,-0.116036,0.057332,-0.053349
-3.813439,-3.829212,0.756478,0.042625,-0.024416,0.846952,0.529395,-0.009974,-0.007250,0.569653,0.448023,-0.425740,0.199857,0.144059,-0.225246,-0.614598,0.985859,-0.099987,0.261800,-0.009286,-0.021248,0.151814,0.249363,0.176198,-0.024332,1.000149,-0.246318,0.034617,0.319786,-0.117386,-0.164725,0.094606,0.979178,-0.154050,0.082698,-0.030155
-3.811752,-3.819489,0.754790,0.041515,-0.026048,0.860941,0.506338,-0.027159,0.003443,0.515181,0.498133,-0.450182,0.193132,0.074707,-0.223790,-0.538190,1.097076,-0.028655,0.261800,-0.008695,-0.006855,0.154124,0.240570,0.177231,-0.033819,0.987518,-0.232326,0.032470,0.325170,-0.106252,-0.164549,0.094753,0.950324,-0.140754,0.070343,-0.035041
-3.809026,-3.809602,0.753691,0.037944,-0.029318,0.877648,0.476901,-0.051890,0.015387,0.445884,0.545797,-0.466936,0.184517,0.027229,-0.207375,-0.482541,1.157617,-0.023699,0.261800,-0.004205,0.012767,0.153257,0.217501,0.179765,-0.034966,0.972031,-0.230561,0.037884,0.325632,-0.082503,-0.169548,0.080097,0.922734,-0.112168,0.041365,-0.061920
-3.807157,-3.799854,0.753988,0.042664,-0.030848,0.896497,0.439912,-0.046544,0.002316,0.372866,0.554117,-0.472544,0.182341,0.023050,-0.241560,-0.469384,1.191957,-0.057269,0.261800,-0.008299,0.021024,0.161999,0.193115,0.180645,-0.031981,0.952488,-0.230399,0.032891,0.325818,-0.065404,-0.178007,0.061887,0.924735,-0.089722,0.033732,-0.087405
-3.806104,-3.790221,0.754599,0.050021,-0.024603,0.916243,0.396725,-0.033106,-0.036255,0.295223,0.536034,-0.456204,0.178262,0.034407,-0.324210,-0.475027,1.208693,-0.091303,0.261800,-0.022664,0.011987,0.167188,0.178432,0.180596,-0.027765,0.916705,-0.238193,0.016983,0.330176,-0.055322,-0.188646,0.043555,0.951510,-0.073671,0.040974,-0.090781
-3.803469,-3.781412,0.755255,0.060973,-0.015445,0.935790,0.346901,-0.014960,-0.086066,0.195639,0.511930,-0.429061,0.166442,0.061345,-0.413827,-0.482823,1.200906,-0.145305,0.261800,-0.048481,-0.008144,0.182352,0.164311,0.182891,-0.016714,0.877122,-0.231487,0.006762,0.326711,-0.048099,-0.199224,0.021308,0.978006,-0.055460,0.048903,-0.082741
